plant,hr,mon,cf
Actual_37.95_-121.75_2006_DPV_,15,4,0.3453443078277952
Actual_37.95_-121.75_2006_DPV_,7,5,0.29707182918074815
Actual_37.95_-121.75_2006_DPV_,8,5,0.4925181351226434
Actual_33.65_-117.25_2006_DPV_,10,2,0.6269460415745245
Actual_33.65_-117.25_2006_DPV_,16,2,0.11533613445378152
Actual_33.65_-117.25_2006_DPV_,15,4,0.38385964912280707
Actual_33.65_-117.25_2006_DPV_,11,5,0.7291121541995406
Actual_33.65_-117.25_2006_DPV_,11,9,0.7976780185758515
Actual_33.65_-117.25_2006_DPV_,9,10,0.6085988215320085
Actual_33.65_-117.25_2006_DPV_,13,11,0.570815273477812
Actual_34.55_-118.55_2006_UPV_,16,1,0.0685507004978439
Actual_34.55_-118.55_2006_UPV_,13,3,0.5361794572832271
Actual_34.55_-118.55_2006_UPV_,5,4,0.0003282360210071054
Actual_34.55_-118.55_2006_UPV_,7,5,0.26357112249067166
Actual_34.55_-118.55_2006_UPV_,8,5,0.4339983115731269
Actual_34.55_-118.55_2006_UPV_,13,6,0.6436118098768701
Actual_34.55_-118.55_2006_UPV_,7,9,0.264944025184989
Actual_34.55_-118.55_2006_UPV_,8,9,0.43955161304558893
Actual_34.55_-118.55_2006_UPV_,12,12,0.5897834514235603
Actual_38.65_-121.05_2006_DPV_,13,1,0.37173476222371055
Actual_38.65_-121.05_2006_DPV_,10,2,0.5423882882020858
Actual_38.65_-121.05_2006_DPV_,17,2,0.0027163801443774644
Actual_38.65_-121.05_2006_DPV_,16,4,0.22580933244027684
Actual_38.65_-121.05_2006_DPV_,11,5,0.8098005747250612
Actual_38.65_-121.05_2006_DPV_,12,7,0.7818421450640622
Actual_38.65_-121.05_2006_DPV_,11,9,0.7651038178164768
Actual_38.65_-121.05_2006_DPV_,14,10,0.46509517533435596
Actual_38.65_-121.05_2006_DPV_,7,11,0.04532261665550346
Actual_33.05_-116.85_2006_DPV_,11,1,0.746433993739574
Actual_33.05_-116.85_2006_DPV_,15,1,0.33400186188325126
Actual_33.05_-116.85_2006_DPV_,9,2,0.566662516255776
Actual_33.05_-116.85_2006_DPV_,14,2,0.5739188179629783
Actual_33.05_-116.85_2006_DPV_,12,3,0.6717899695725789
Actual_33.05_-116.85_2006_DPV_,13,3,0.6087983355513487
Actual_33.05_-116.85_2006_DPV_,16,3,0.16930016931891315
Actual_33.05_-116.85_2006_DPV_,8,5,0.4417161815148732
Actual_33.05_-116.85_2006_DPV_,12,6,0.7727096649234941
Actual_33.05_-116.85_2006_DPV_,13,6,0.7255277939182645
Actual_33.05_-116.85_2006_DPV_,16,6,0.3004971269933501
Actual_33.05_-116.85_2006_DPV_,7,8,0.2522351970909636
Actual_33.05_-116.85_2006_DPV_,8,9,0.5201497837174769
Actual_33.25_-114.85_2006_UPV_,11,1,0.7907906703043921
Actual_33.25_-114.85_2006_UPV_,17,2,2.467819631998736e-05
Actual_33.25_-114.85_2006_UPV_,7,2,0.18404011687593774
Actual_33.25_-114.85_2006_UPV_,18,7,8.915993509156726e-06
Actual_33.25_-114.85_2006_UPV_,12,11,0.7173438363736871
Actual_33.25_-114.85_2006_UPV_,15,12,0.23644323186932717
Actual_33.75_-116.15_2006_UPV_,15,2,0.5907439220730162
Actual_33.75_-116.15_2006_UPV_,5,6,0.24550777560914183
Actual_33.75_-116.15_2006_UPV_,11,7,0.7148381410028578
Actual_33.75_-116.15_2006_UPV_,12,7,0.6896783536059046
Actual_33.75_-116.15_2006_UPV_,17,7,0.30681211195577346
Actual_33.75_-116.15_2006_UPV_,7,8,0.6050859815627583
Actual_33.75_-116.15_2006_UPV_,10,8,0.7104065413822449
Actual_33.75_-116.15_2006_UPV_,18,8,0.008701126991122583
Actual_33.75_-116.15_2006_UPV_,8,10,0.6452059718952907
Actual_33.75_-116.15_2006_UPV_,16,11,0.044781165979931946
Actual_33.75_-116.15_2006_UPV_,14,12,0.6051103533296911
Actual_34.05_-117.15_2006_DPV_,16,1,0.05208333333333333
Actual_34.05_-117.15_2006_DPV_,7,3,0.18422873181530683
Actual_34.05_-117.15_2006_DPV_,9,3,0.5044769924098671
Actual_34.05_-117.15_2006_DPV_,17,3,0.006058270082226439
Actual_34.05_-117.15_2006_DPV_,8,5,0.45982566413662246
Actual_34.05_-117.15_2006_DPV_,10,5,0.6520694971537001
Actual_34.05_-117.15_2006_DPV_,7,6,0.31601307189542477
Actual_34.05_-117.15_2006_DPV_,9,6,0.6252348856209149
Actual_34.05_-117.15_2006_DPV_,17,6,0.09006331699346407
Actual_34.05_-117.15_2006_DPV_,6,7,0.11384210942441493
Actual_34.05_-117.15_2006_DPV_,13,8,0.7165757432005058
Actual_34.05_-117.15_2006_DPV_,8,9,0.4972528594771242
Actual_34.05_-117.15_2006_DPV_,10,9,0.7358558006535948
Actual_37.45_-121.95_2006_DPV_,16,1,0.0539451124660785
Actual_37.45_-121.95_2006_DPV_,8,2,0.2328656911550259
Actual_37.45_-121.95_2006_DPV_,15,3,0.33584267238932225
Actual_37.45_-121.95_2006_DPV_,14,4,0.49218585005279825
Actual_37.45_-121.95_2006_DPV_,15,6,0.5533614924322421
Actual_37.45_-121.95_2006_DPV_,9,7,0.6343404752983387
Actual_37.45_-121.95_2006_DPV_,6,10,0.0010100546347734263
Actual_37.95_-121.65_2006_DPV_,13,1,0.3713994753285788
Actual_37.95_-121.65_2006_DPV_,8,4,0.28830200245198195
Actual_37.95_-121.65_2006_DPV_,11,4,0.5672013349679882
Actual_37.95_-121.65_2006_DPV_,6,5,0.10613720553146053
Actual_37.95_-121.65_2006_DPV_,10,8,0.7001430322844301
Actual_37.95_-121.65_2006_DPV_,6,9,0.02504427189756165
Actual_37.95_-121.65_2006_DPV_,16,11,0.010311946601280476
Actual_35.05_-118.15_2006_UPV_,12,1,0.627433547744399
Actual_35.05_-118.15_2006_UPV_,14,1,0.6190463438539363
Actual_35.05_-118.15_2006_UPV_,7,2,0.2946799174592633
Actual_35.05_-118.15_2006_UPV_,10,4,0.7043167856549893
Actual_35.05_-118.15_2006_UPV_,5,6,0.22956444739609283
Actual_35.05_-118.15_2006_UPV_,9,7,0.6665631209396238
Actual_37.95_-121.75_2006_DPV_,14,8,0.6529004723490597
Actual_37.95_-121.75_2006_DPV_,7,9,0.22460454560850865
Actual_37.95_-121.75_2006_DPV_,8,9,0.4169427226230396
Actual_37.95_-121.75_2006_DPV_,13,11,0.3543881041899536
Actual_33.75_-116.25_2006_DPV_,11,1,0.7313936327219064
Actual_33.75_-116.25_2006_DPV_,16,1,0.05150447275684469
Actual_33.75_-116.25_2006_DPV_,9,2,0.5799986661331198
Actual_33.75_-116.25_2006_DPV_,12,2,0.7446645324796588
Actual_33.75_-116.25_2006_DPV_,6,3,0.01924640824071564
Actual_33.75_-116.25_2006_DPV_,7,4,0.3558045440398383
Actual_33.75_-116.25_2006_DPV_,17,4,0.0265172735760971
Actual_33.75_-116.25_2006_DPV_,6,6,0.17248677248677255
Actual_33.75_-116.25_2006_DPV_,10,7,0.7247070871359299
Actual_33.75_-116.25_2006_DPV_,14,12,0.44823951085810676
Actual_35.35_-117.85_2006_UPV_,15,1,0.29444763752185266
Actual_35.35_-117.85_2006_UPV_,8,3,0.4129307660990971
Actual_35.35_-117.85_2006_UPV_,13,3,0.6733781162439831
Actual_35.35_-117.85_2006_UPV_,5,6,0.0025365008661222474
Actual_35.35_-117.85_2006_UPV_,8,6,0.49040460282108383
Actual_35.35_-117.85_2006_UPV_,13,6,0.6807720861172977
Actual_35.35_-117.85_2006_UPV_,18,7,0.00026941590631510885
Actual_35.35_-117.85_2006_UPV_,14,8,0.5960258160308451
Actual_35.35_-117.85_2006_UPV_,11,10,0.7110244988864142
Actual_35.35_-117.85_2006_UPV_,12,11,0.6531799059638703
Actual_35.35_-117.85_2006_UPV_,7,12,0.07640036401082453
Actual_38.65_-121.25_2006_DPV_,13,4,0.5349881796690308
Actual_38.65_-121.25_2006_DPV_,15,4,0.35063399957016983
Actual_38.65_-121.25_2006_DPV_,8,5,0.496308313055053
Actual_38.65_-121.25_2006_DPV_,12,5,0.7645847632120797
Actual_38.65_-121.25_2006_DPV_,18,5,0.002558183066075997
Actual_38.65_-121.25_2006_DPV_,8,9,0.4415860735009672
Actual_38.65_-121.25_2006_DPV_,12,9,0.7391790242854073
Actual_38.65_-121.25_2006_DPV_,18,9,0.0
Actual_38.65_-121.25_2006_DPV_,14,10,0.4533807533121192
Actual_38.65_-121.25_2006_DPV_,7,11,0.034622823984526124
Actual_38.65_-121.25_2006_DPV_,9,12,0.2914872818784967
Actual_38.65_-121.25_2006_DPV_,11,12,0.36850315093280095
Actual_34.15_-117.25_2006_DPV_,13,2,0.6054804963788066
Actual_34.15_-117.25_2006_DPV_,12,3,0.5844419154002849
Actual_34.15_-117.25_2006_DPV_,16,4,0.18176697302104952
Actual_34.15_-117.25_2006_DPV_,12,6,0.7205257436505585
Actual_34.15_-117.25_2006_DPV_,6,7,0.11328098849497431
Actual_34.15_-117.25_2006_DPV_,18,7,0.0005833803544274743
Actual_34.15_-117.25_2006_DPV_,5,8,0.0003063543828441547
Actual_34.15_-117.25_2006_DPV_,15,10,0.2817248931266318
Actual_34.15_-117.25_2006_DPV_,9,11,0.5078960371578218
Actual_34.15_-117.25_2006_DPV_,10,11,0.580917086668643
Actual_34.15_-117.25_2006_DPV_,7,12,0.07062727733519505
Actual_34.95_-118.25_2006_UPV_,5,7,0.10398043788055447
Actual_34.95_-118.25_2006_UPV_,6,7,0.3918793453383426
Actual_34.95_-118.25_2006_UPV_,11,7,0.7156205467029408
Actual_34.95_-118.25_2006_UPV_,12,7,0.7041013516431317
Actual_34.95_-118.25_2006_UPV_,13,7,0.6794381828388825
Actual_34.95_-118.25_2006_UPV_,17,7,0.3650839918815046
Actual_34.95_-118.25_2006_UPV_,7,8,0.5887798505851363
Actual_34.95_-118.25_2006_UPV_,18,8,0.02649486836233824
Actual_34.95_-118.25_2006_UPV_,14,11,0.6317380633645692
Actual_34.95_-118.25_2006_UPV_,9,12,0.6019616098803815
Actual_34.25_-117.65_2006_UPV_,8,1,0.3379951655803523
Actual_34.25_-117.65_2006_UPV_,12,3,0.6087522522655793
Actual_34.25_-117.65_2006_UPV_,9,5,0.5984976020213434
Actual_34.25_-117.65_2006_UPV_,14,5,0.6021663170539036
Actual_34.25_-117.65_2006_UPV_,12,6,0.7444984560824239
Actual_34.25_-117.65_2006_UPV_,13,7,0.6543005328512721
Actual_34.25_-117.65_2006_UPV_,9,9,0.6448714421107341
Actual_34.25_-117.65_2006_UPV_,14,9,0.5672444892842949
Actual_34.25_-117.65_2006_UPV_,11,10,0.6847656608272953
Actual_34.25_-117.65_2006_UPV_,6,11,0.007750160506282675
Actual_34.25_-117.65_2006_UPV_,10,12,0.6049001014813915
Actual_34.25_-117.65_2006_UPV_,16,12,0.013083111188693255
Actual_37.75_-122.05_2006_UPV_,9,1,0.40753244894063756
Actual_37.75_-122.05_2006_UPV_,11,2,0.5756881339814032
Actual_37.75_-122.05_2006_UPV_,15,5,0.7182668448177133
Actual_37.75_-122.05_2006_UPV_,15,9,0.6944773175542406
Actual_32.75_-115.45_2006_UPV_,8,2,0.5904751961339977
Actual_32.75_-115.45_2006_UPV_,10,2,0.6719938549652478
Actual_32.75_-115.45_2006_UPV_,16,3,0.39598811793155003
Actual_32.75_-115.45_2006_UPV_,7,4,0.62198788891209
Actual_32.75_-115.45_2006_UPV_,9,5,0.7602974558632349
Actual_32.75_-115.45_2006_UPV_,6,6,0.46237210273543533
Actual_32.75_-115.45_2006_UPV_,16,6,0.46255307301454723
Actual_32.75_-115.45_2006_UPV_,18,7,0.019513805158326545
Actual_32.75_-115.45_2006_UPV_,17,8,0.23099306879340428
Actual_32.75_-115.45_2006_UPV_,9,9,0.7420338275214031
Actual_32.75_-115.45_2006_UPV_,12,12,0.6758431620851549
Actual_32.75_-115.45_2006_UPV_,13,12,0.658377060333156
Actual_32.75_-115.45_2006_UPV_,14,12,0.620817868906567
Actual_34.45_-114.65_2006_UPV_,15,1,0.3042842741935484
Actual_34.45_-114.65_2006_UPV_,8,5,0.5544378840245775
Actual_34.45_-114.65_2006_UPV_,13,7,0.5908938172043009
Actual_34.45_-114.65_2006_UPV_,12,8,0.7161146313364054
Actual_34.45_-114.65_2006_UPV_,8,9,0.5386979166666668
Actual_34.45_-114.65_2006_UPV_,16,12,0.0005856374807987711
Actual_35.05_-118.15_2006_UPV_,12,11,0.6483756710387958
Actual_35.05_-118.15_2006_UPV_,14,11,0.6169350821849577
Actual_37.95_-121.75_2006_DPV_,13,1,0.3777284632102035
Actual_37.95_-121.75_2006_DPV_,9,2,0.380314863472063
Actual_37.95_-121.75_2006_DPV_,14,5,0.6363076136374809
Actual_33.65_-117.25_2006_DPV_,13,1,0.6119744332367921
Actual_33.65_-117.25_2006_DPV_,7,3,0.19893138919404774
Actual_33.65_-117.25_2006_DPV_,9,4,0.5914035087719298
Actual_33.65_-117.25_2006_DPV_,17,4,0.029876160990712074
Actual_33.65_-117.25_2006_DPV_,7,6,0.3067285861713106
Actual_33.65_-117.25_2006_DPV_,8,7,0.4475581743733147
Actual_33.65_-117.25_2006_DPV_,11,8,0.8058024568061521
Actual_33.65_-117.25_2006_DPV_,15,10,0.28302207130730045
Actual_34.55_-118.55_2006_UPV_,11,2,0.6544403674352038
Actual_34.55_-118.55_2006_UPV_,10,3,0.5715168365770774
Actual_34.55_-118.55_2006_UPV_,14,3,0.4275506848378983
Actual_34.55_-118.55_2006_UPV_,10,6,0.6399076158112301
Actual_34.55_-118.55_2006_UPV_,14,6,0.5651602747988289
Actual_34.55_-118.55_2006_UPV_,18,6,0.0008958912573370402
Actual_34.55_-118.55_2006_UPV_,9,7,0.547003327026646
Actual_34.55_-118.55_2006_UPV_,15,7,0.43667473865686063
Actual_34.55_-118.55_2006_UPV_,7,8,0.26139723730085174
Actual_34.55_-118.55_2006_UPV_,8,8,0.45127834984033977
Actual_34.55_-118.55_2006_UPV_,16,11,0.017781014166556332
Actual_38.65_-121.05_2006_DPV_,7,1,0.0012439001052530856
Actual_38.65_-121.05_2006_DPV_,9,3,0.41092841864183394
Actual_38.65_-121.05_2006_DPV_,15,3,0.2968476546464144
Actual_38.65_-121.05_2006_DPV_,6,3,0.0017626114851764373
Actual_38.65_-121.05_2006_DPV_,14,4,0.4858450546997097
Actual_38.65_-121.05_2006_DPV_,6,6,0.1368385800401875
Actual_38.65_-121.05_2006_DPV_,9,6,0.65324849296718
Actual_38.65_-121.05_2006_DPV_,15,6,0.5125027908015182
Actual_38.65_-121.05_2006_DPV_,11,8,0.812717412440853
Actual_38.65_-121.05_2006_DPV_,16,10,0.08560378540716895
Actual_38.65_-121.05_2006_DPV_,13,11,0.3617325295824961
Actual_33.05_-116.85_2006_DPV_,6,3,0.01688815579839178
Actual_33.05_-116.85_2006_DPV_,7,5,0.2844807657463465
Actual_33.05_-116.85_2006_DPV_,6,6,0.15699528697785528
Actual_33.05_-116.85_2006_DPV_,10,7,0.7240414112825125
Actual_33.05_-116.85_2006_DPV_,8,8,0.4607911129438373
Actual_33.05_-116.85_2006_DPV_,7,9,0.30131060752792305
Actual_33.05_-116.85_2006_DPV_,11,11,0.6918393698753954
Actual_33.05_-116.85_2006_DPV_,15,11,0.23896313512815545
Actual_33.25_-114.85_2006_UPV_,12,1,0.7608329321136255
Actual_33.25_-114.85_2006_UPV_,14,2,0.5919558951275369
Actual_33.25_-114.85_2006_UPV_,8,3,0.48017528843239005
Actual_33.25_-114.85_2006_UPV_,9,3,0.6485716578398332
Actual_33.25_-114.85_2006_UPV_,8,6,0.5083840058964436
Actual_33.25_-114.85_2006_UPV_,9,6,0.6317256311037407
Actual_33.25_-114.85_2006_UPV_,19,6,0.0
Actual_33.25_-114.85_2006_UPV_,10,7,0.713957096239234
Actual_33.25_-114.85_2006_UPV_,16,7,0.23159738939710045
Actual_33.25_-114.85_2006_UPV_,11,11,0.7545098581168234
Actual_33.75_-116.15_2006_UPV_,16,1,0.14996557487920745
Actual_33.75_-116.15_2006_UPV_,13,3,0.7068970069439227
Actual_33.75_-116.15_2006_UPV_,8,4,0.7198724002602362
Actual_33.75_-116.15_2006_UPV_,7,5,0.6463961265138422
Actual_33.75_-116.15_2006_UPV_,10,5,0.785697022379375
Actual_33.75_-116.15_2006_UPV_,18,5,0.017093748032487567
Actual_33.75_-116.15_2006_UPV_,13,6,0.6958614031774016
Actual_33.75_-116.15_2006_UPV_,7,9,0.6167054922453777
Actual_33.75_-116.15_2006_UPV_,10,9,0.7603076664777857
Actual_33.75_-116.15_2006_UPV_,6,11,0.050971412665643846
Actual_34.05_-117.15_2006_DPV_,12,2,0.6854648109243694
Actual_34.05_-117.15_2006_DPV_,13,5,0.6791291113219484
Actual_34.05_-117.15_2006_DPV_,15,7,0.42561076850094864
Actual_34.05_-117.15_2006_DPV_,8,8,0.4798189437065149
Actual_34.05_-117.15_2006_DPV_,10,8,0.7191453194180901
Actual_34.05_-117.15_2006_DPV_,13,9,0.6889603758169933
Actual_34.05_-117.15_2006_DPV_,16,11,0.009752859477124181
Actual_34.05_-117.15_2006_DPV_,14,12,0.4071888836179634
Actual_37.45_-121.95_2006_DPV_,10,2,0.5195479458943026
Actual_37.45_-121.95_2006_DPV_,7,3,0.10407512120902455
Actual_37.45_-121.95_2006_DPV_,13,3,0.5011184158235968
Actual_37.45_-121.95_2006_DPV_,6,4,0.030271031326997534
Actual_37.45_-121.95_2006_DPV_,7,6,0.2915757362431069
Actual_37.45_-121.95_2006_DPV_,13,6,0.740854159333568
Actual_37.45_-121.95_2006_DPV_,12,7,0.8578760318379488
Actual_37.45_-121.95_2006_DPV_,14,10,0.49787103586878756
Actual_37.45_-121.95_2006_DPV_,16,11,0.017599436818021827
Actual_37.45_-121.95_2006_DPV_,11,12,0.4352738131734622
Actual_37.95_-121.65_2006_DPV_,16,1,0.035754775432722104
Actual_37.95_-121.65_2006_DPV_,14,2,0.45148213555957734
Actual_37.95_-121.65_2006_DPV_,17,3,0.016376207864798237
Actual_37.95_-121.65_2006_DPV_,18,4,0.0004393134450347364
Actual_37.95_-121.65_2006_DPV_,10,5,0.7208794178520112
Actual_37.95_-121.65_2006_DPV_,17,6,0.17072946465059252
Actual_37.95_-121.65_2006_DPV_,5,7,0.0010776856453590309
Actual_37.95_-121.65_2006_DPV_,12,7,0.7719821506255191
Actual_37.95_-121.65_2006_DPV_,15,7,0.5300367797302821
Actual_37.95_-121.65_2006_DPV_,6,8,0.05513663867540241
Actual_37.95_-121.65_2006_DPV_,10,9,0.7128184171093854
Actual_37.95_-121.65_2006_DPV_,8,10,0.35795641799702066
Actual_37.95_-121.65_2006_DPV_,11,10,0.6513868199375139
Actual_37.95_-121.65_2006_DPV_,13,11,0.37658016618989243
Actual_37.95_-121.65_2006_DPV_,7,12,0.0018917173102020904
Actual_35.05_-118.15_2006_UPV_,15,3,0.5194175017272499
Actual_35.05_-118.15_2006_UPV_,18,4,0.007969450439980076
Actual_35.05_-118.15_2006_UPV_,15,6,0.6067186894681501
Actual_35.05_-118.15_2006_UPV_,11,7,0.7029987199605813
Actual_35.05_-118.15_2006_UPV_,10,10,0.7083491776148422
Actual_37.95_-121.75_2006_DPV_,18,6,0.014266842800528399
Actual_37.95_-121.75_2006_DPV_,7,8,0.23785610562787024
Actual_37.95_-121.75_2006_DPV_,8,8,0.4277594396058623
Actual_37.95_-121.75_2006_DPV_,14,9,0.5870981946279171
Actual_37.95_-121.75_2006_DPV_,15,10,0.30482412290909333
Actual_37.95_-121.75_2006_DPV_,10,12,0.3750241747003156
Actual_33.75_-116.25_2006_DPV_,15,2,0.3878551420568228
Actual_33.75_-116.25_2006_DPV_,5,4,0.001145912910618793
Actual_33.75_-116.25_2006_DPV_,7,10,0.27514231499051234
Actual_33.75_-116.25_2006_DPV_,11,11,0.7268285091814505
Actual_33.75_-116.25_2006_DPV_,16,11,0.009544558564166408
Actual_33.75_-116.25_2006_DPV_,13,12,0.5860365651637001
Actual_35.35_-117.85_2006_UPV_,12,1,0.6285473094331488
Actual_35.35_-117.85_2006_UPV_,9,3,0.5725746581411499
Actual_35.35_-117.85_2006_UPV_,11,4,0.7175018559762435
Actual_35.35_-117.85_2006_UPV_,14,5,0.5669348851689536
Actual_35.35_-117.85_2006_UPV_,9,6,0.5995236327641674
Actual_35.35_-117.85_2006_UPV_,16,7,0.24767703618554981
Actual_35.35_-117.85_2006_UPV_,17,7,0.07264650238283403
Actual_35.35_-117.85_2006_UPV_,14,9,0.575371195248701
Actual_35.35_-117.85_2006_UPV_,15,11,0.24418460777035392
Actual_35.35_-117.85_2006_UPV_,10,12,0.6098917546758627
Actual_38.65_-121.25_2006_DPV_,7,1,0.0016579165515335727
Actual_38.65_-121.25_2006_DPV_,14,4,0.45682355469589525
Actual_38.65_-121.25_2006_DPV_,8,8,0.48316382770741045
Actual_38.65_-121.25_2006_DPV_,12,8,0.7834903600174706
Actual_38.65_-121.25_2006_DPV_,18,8,0.0016014641958361933
Actual_38.65_-121.25_2006_DPV_,13,10,0.5711403672968532
Actual_38.65_-121.25_2006_DPV_,15,10,0.2921112289677836
Actual_38.65_-121.25_2006_DPV_,10,12,0.35209334248455726
Actual_38.65_-121.25_2006_DPV_,16,12,0.0016638589047648763
Actual_34.15_-117.25_2006_DPV_,9,1,0.4545106777732084
Actual_34.15_-117.25_2006_DPV_,10,1,0.6003079483182386
Actual_34.15_-117.25_2006_DPV_,8,2,0.3218203379780612
Actual_34.15_-117.25_2006_DPV_,15,4,0.35713015120071157
Actual_34.15_-117.25_2006_DPV_,5,5,0.004973078431185027
Actual_34.15_-117.25_2006_DPV_,14,7,0.5583619444736667
Actual_34.15_-117.25_2006_DPV_,17,7,0.08780352514751877
Actual_34.15_-117.25_2006_DPV_,16,10,0.06297638744106422
Actual_34.95_-118.25_2006_UPV_,14,1,0.5932493414518286
Actual_34.95_-118.25_2006_UPV_,8,3,0.5796735328410417
Actual_34.95_-118.25_2006_UPV_,7,5,0.5981020857624045
Actual_34.95_-118.25_2006_UPV_,18,5,0.02807466424839141
Actual_34.95_-118.25_2006_UPV_,8,6,0.6582663989290495
Actual_34.95_-118.25_2006_UPV_,15,7,0.6064580904262208
Actual_34.95_-118.25_2006_UPV_,7,9,0.5954261490406069
Actual_34.25_-117.65_2006_UPV_,15,2,0.3415606451697436
Actual_34.25_-117.65_2006_UPV_,11,4,0.6059738909780183
Actual_34.25_-117.65_2006_UPV_,7,7,0.2911302896805555
Actual_34.25_-117.65_2006_UPV_,9,8,0.6515134928829887
Actual_34.25_-117.65_2006_UPV_,14,8,0.6363179119094182
Actual_34.25_-117.65_2006_UPV_,8,11,0.4186431868904582
Actual_37.75_-122.05_2006_UPV_,13,2,0.5698634298393913
Actual_37.75_-122.05_2006_UPV_,14,3,0.4721201565184196
Actual_37.75_-122.05_2006_UPV_,14,6,0.7313486193293885
Actual_37.75_-122.05_2006_UPV_,15,8,0.7733047814468411
Actual_37.75_-122.05_2006_UPV_,9,11,0.42844551282051285
Actual_37.75_-122.05_2006_UPV_,10,12,0.4384901698797479
Actual_37.75_-122.05_2006_UPV_,12,12,0.47234682191257876
Actual_32.75_-115.45_2006_UPV_,17,5,0.28287944819781896
Actual_32.75_-115.45_2006_UPV_,11,7,0.7014663981301233
Actual_32.75_-115.45_2006_UPV_,9,8,0.7003617160293415
Actual_32.75_-115.45_2006_UPV_,17,9,0.04098280782348438
Actual_32.75_-115.45_2006_UPV_,7,10,0.5781394189641585
Actual_34.45_-114.65_2006_UPV_,12,5,0.7460781490015362
Actual_34.45_-114.65_2006_UPV_,7,7,0.30273857526881714
Actual_34.45_-114.65_2006_UPV_,10,7,0.6278297811059906
Actual_34.45_-114.65_2006_UPV_,8,8,0.4930035522273425
Actual_34.45_-114.65_2006_UPV_,12,9,0.7032217261904762
Actual_34.45_-114.65_2006_UPV_,15,11,0.20305803571428566
Actual_35.05_-118.15_2006_UPV_,11,11,0.6721733355470696
Actual_35.05_-118.15_2006_UPV_,10,12,0.588646746611109
Actual_37.95_-121.75_2006_DPV_,9,3,0.4392387345896528
Actual_37.95_-121.75_2006_DPV_,6,4,0.039443823459675516
Actual_37.95_-121.75_2006_DPV_,11,5,0.7669067200749989
Actual_37.95_-121.75_2006_DPV_,12,5,0.7607245526451218
Actual_37.95_-121.75_2006_DPV_,16,5,0.32537999350970764
Actual_37.95_-121.75_2006_DPV_,17,5,0.1353422645875878
Actual_33.65_-117.25_2006_DPV_,7,2,0.11033834586466162
Actual_33.65_-117.25_2006_DPV_,6,4,0.07999999999999999
Actual_33.65_-117.25_2006_DPV_,12,5,0.7192250074902626
Actual_33.65_-117.25_2006_DPV_,5,6,0.00742002063983488
Actual_33.65_-117.25_2006_DPV_,14,8,0.655148307200639
Actual_33.65_-117.25_2006_DPV_,12,9,0.7923323013415892
Actual_33.65_-117.25_2006_DPV_,8,11,0.38116615067079457
Actual_33.65_-117.25_2006_DPV_,15,12,0.2207030859882153
Actual_34.55_-118.55_2006_UPV_,10,2,0.6125065410779696
Actual_34.55_-118.55_2006_UPV_,14,2,0.4891370820802834
Actual_34.55_-118.55_2006_UPV_,11,3,0.5920342127104663
Actual_34.55_-118.55_2006_UPV_,12,4,0.5854406637539168
Actual_34.55_-118.55_2006_UPV_,17,4,0.027900613442782114
Actual_34.55_-118.55_2006_UPV_,11,6,0.6725627785868752
Actual_34.55_-118.55_2006_UPV_,16,7,0.26929554446072124
Actual_34.55_-118.55_2006_UPV_,9,11,0.5273783779807876
Actual_34.55_-118.55_2006_UPV_,15,11,0.2464818982891272
Actual_38.65_-121.05_2006_DPV_,12,1,0.4186202277294038
Actual_38.65_-121.05_2006_DPV_,9,2,0.4074729690938666
Actual_38.65_-121.05_2006_DPV_,15,2,0.31597454789015406
Actual_38.65_-121.05_2006_DPV_,18,4,0.00025117213663764225
Actual_38.65_-121.05_2006_DPV_,8,5,0.5163234881057839
Actual_38.65_-121.05_2006_DPV_,5,6,0.004152712659075686
Actual_38.65_-121.05_2006_DPV_,13,7,0.7522416438000993
Actual_38.65_-121.05_2006_DPV_,8,9,0.47327528466175484
Actual_38.65_-121.05_2006_DPV_,16,12,0.0017933150400795106
Actual_33.05_-116.85_2006_DPV_,6,2,0.00027116017819097424
Actual_33.05_-116.85_2006_DPV_,11,7,0.7569867481396787
Actual_33.05_-116.85_2006_DPV_,15,7,0.4425284124633715
Actual_33.05_-116.85_2006_DPV_,5,8,0.00024366928454949298
Actual_33.05_-116.85_2006_DPV_,10,11,0.6685325069404093
Actual_33.25_-114.85_2006_UPV_,8,2,0.4271302219063413
Actual_33.25_-114.85_2006_UPV_,9,2,0.5937228539840479
Actual_33.25_-114.85_2006_UPV_,14,3,0.5873366144189447
Actual_33.25_-114.85_2006_UPV_,15,4,0.4531278791229038
Actual_33.25_-114.85_2006_UPV_,13,5,0.7393676777403305
Actual_33.25_-114.85_2006_UPV_,14,6,0.5564169891284317
Actual_33.25_-114.85_2006_UPV_,6,7,0.14476898660817772
Actual_33.25_-114.85_2006_UPV_,11,7,0.7428404572121471
Actual_33.25_-114.85_2006_UPV_,13,9,0.7005850377740924
Actual_33.25_-114.85_2006_UPV_,10,11,0.7200248756218905
Actual_33.25_-114.85_2006_UPV_,16,11,0.005329832319882068
Actual_33.75_-116.15_2006_UPV_,11,1,0.6849461688597873
Actual_33.75_-116.15_2006_UPV_,12,1,0.6761865496280263
Actual_33.75_-116.15_2006_UPV_,13,2,0.7213057986526475
Actual_33.75_-116.15_2006_UPV_,14,4,0.7521312094692437
Actual_33.75_-116.15_2006_UPV_,6,7,0.39927047177647845
Actual_33.75_-116.15_2006_UPV_,9,8,0.7142166609460716
Actual_34.05_-117.15_2006_DPV_,12,3,0.5874347722960152
Actual_34.05_-117.15_2006_DPV_,18,5,4.71342383107089e-05
Actual_34.05_-117.15_2006_DPV_,5,6,0.006607434640522877
Actual_34.05_-117.15_2006_DPV_,12,6,0.7736621732026145
Actual_34.05_-117.15_2006_DPV_,16,7,0.2688369702719797
Actual_34.05_-117.15_2006_DPV_,11,8,0.7629862428842505
Actual_34.05_-117.15_2006_DPV_,14,10,0.484048861480076
Actual_34.05_-117.15_2006_DPV_,15,11,0.20928308823529415
Actual_37.45_-121.95_2006_DPV_,9,1,0.32437465226919193
Actual_37.45_-121.95_2006_DPV_,7,2,0.02544375722834012
Actual_37.45_-121.95_2006_DPV_,13,2,0.5391210338412028
Actual_37.45_-121.95_2006_DPV_,10,3,0.5590148857172054
Actual_37.45_-121.95_2006_DPV_,10,6,0.7301889006218468
Actual_37.45_-121.95_2006_DPV_,16,7,0.4212056181944114
Actual_37.45_-121.95_2006_DPV_,11,10,0.6058066787024105
Actual_37.45_-121.95_2006_DPV_,12,11,0.5216590402440455
Actual_37.45_-121.95_2006_DPV_,14,12,0.32896186031724395
Actual_37.95_-121.65_2006_DPV_,17,2,0.003429855800105085
Actual_37.95_-121.65_2006_DPV_,14,3,0.3916250313089102
Actual_37.95_-121.65_2006_DPV_,14,6,0.6314909412886528
Actual_37.95_-121.65_2006_DPV_,13,7,0.7359900866103325
Actual_37.95_-121.65_2006_DPV_,9,8,0.6032501944448108
Actual_37.95_-121.65_2006_DPV_,7,10,0.14651581264748148
Actual_37.95_-121.65_2006_DPV_,12,11,0.43441969758888443
Actual_37.95_-121.65_2006_DPV_,15,11,0.1507049448304046
Actual_37.95_-121.65_2006_DPV_,8,12,0.15998853105184757
Actual_37.95_-121.65_2006_DPV_,11,12,0.39656195209407175
Actual_35.05_-118.15_2006_UPV_,9,1,0.6112804143257299
Actual_35.05_-118.15_2006_UPV_,15,2,0.5713336970185717
Actual_35.05_-118.15_2006_UPV_,8,5,0.6868402307284441
Actual_35.05_-118.15_2006_UPV_,13,5,0.7196285207778784
Actual_35.05_-118.15_2006_UPV_,12,7,0.6876971608832809
Actual_35.05_-118.15_2006_UPV_,14,7,0.6597237471413346
Actual_35.05_-118.15_2006_UPV_,17,7,0.3604837370724052
Actual_35.05_-118.15_2006_UPV_,16,8,0.5727881829331649
Actual_35.05_-118.15_2006_UPV_,8,9,0.7035419779733247
Actual_35.05_-118.15_2006_UPV_,13,9,0.7016436991532459
Actual_35.05_-118.15_2006_UPV_,6,10,0.11650501036349908
Actual_37.95_-121.75_2006_DPV_,9,6,0.611943230701487
Actual_37.95_-121.75_2006_DPV_,5,8,0.00014516527066064718
Actual_37.95_-121.75_2006_DPV_,11,9,0.7388815499779835
Actual_37.95_-121.75_2006_DPV_,12,9,0.7266063746909192
Actual_37.95_-121.75_2006_DPV_,16,9,0.23645970937912805
Actual_37.95_-121.75_2006_DPV_,17,9,0.035795820207973436
Actual_37.95_-121.75_2006_DPV_,10,10,0.5860799617138305
Actual_37.95_-121.75_2006_DPV_,15,12,0.14582507022955316
Actual_33.75_-116.25_2006_DPV_,10,1,0.674829071413512
Actual_33.75_-116.25_2006_DPV_,15,3,0.3907713623083642
Actual_33.75_-116.25_2006_DPV_,14,4,0.6314970432617494
Actual_33.75_-116.25_2006_DPV_,15,6,0.43840647370059144
Actual_33.75_-116.25_2006_DPV_,18,6,0.0
Actual_33.75_-116.25_2006_DPV_,11,7,0.7586217282611973
Actual_33.75_-116.25_2006_DPV_,16,7,0.24791421945122136
Actual_33.75_-116.25_2006_DPV_,8,8,0.5357067558206079
Actual_33.75_-116.25_2006_DPV_,13,10,0.6255233276106142
Actual_33.75_-116.25_2006_DPV_,7,12,0.10993644769735852
Actual_35.35_-117.85_2006_UPV_,9,2,0.5314389118676425
Actual_35.35_-117.85_2006_UPV_,7,4,0.2984038604305865
Actual_35.35_-117.85_2006_UPV_,15,7,0.41206264817874844
Actual_35.35_-117.85_2006_UPV_,6,8,0.08221376056709054
Actual_35.35_-117.85_2006_UPV_,10,10,0.6832028162942742
Actual_35.35_-117.85_2006_UPV_,16,11,0.018312298935906957
Actual_38.65_-121.25_2006_DPV_,9,4,0.4303460133247368
Actual_38.65_-121.25_2006_DPV_,11,4,0.5589727057812165
Actual_38.65_-121.25_2006_DPV_,17,7,0.1638485056467212
Actual_38.65_-121.25_2006_DPV_,6,10,0.001391292544707998
Actual_38.65_-121.25_2006_DPV_,10,10,0.6127576381522847
Actual_38.65_-121.25_2006_DPV_,16,10,0.07743183378049541
Actual_38.65_-121.25_2006_DPV_,13,12,0.3215615315821219
Actual_38.65_-121.25_2006_DPV_,15,12,0.11917389405378426
Actual_34.15_-117.25_2006_DPV_,8,3,0.3904822929717011
Actual_34.15_-117.25_2006_DPV_,7,4,0.24915505484731687
Actual_34.15_-117.25_2006_DPV_,11,5,0.7321327811941126
Actual_34.15_-117.25_2006_DPV_,8,6,0.4727542247257634
Actual_34.15_-117.25_2006_DPV_,11,9,0.7594525150706591
Actual_34.15_-117.25_2006_DPV_,14,11,0.4149125407648977
Actual_34.15_-117.25_2006_DPV_,16,12,0.005709476583495117
Actual_34.95_-118.25_2006_UPV_,11,1,0.640977890054843
Actual_34.95_-118.25_2006_UPV_,12,1,0.6408645334024267
Actual_34.95_-118.25_2006_UPV_,13,1,0.6537979876495228
Actual_34.95_-118.25_2006_UPV_,8,2,0.48179025626314786
Actual_34.95_-118.25_2006_UPV_,9,4,0.6947791164658633
Actual_34.95_-118.25_2006_UPV_,10,8,0.7025791337392581
Actual_34.95_-118.25_2006_UPV_,16,8,0.5856922312907543
Actual_34.95_-118.25_2006_UPV_,15,11,0.4551372155287818
Actual_34.25_-117.65_2006_UPV_,13,1,0.6134979126786649
Actual_34.25_-117.65_2006_UPV_,15,3,0.2875799202942073
Actual_34.25_-117.65_2006_UPV_,10,4,0.5777186707022534
Actual_34.25_-117.65_2006_UPV_,16,4,0.15852823381943806
Actual_34.25_-117.65_2006_UPV_,15,6,0.4491393805986119
Actual_34.25_-117.65_2006_UPV_,8,7,0.48017562493897803
Actual_34.25_-117.65_2006_UPV_,17,7,0.07527374827289322
Actual_34.25_-117.65_2006_UPV_,7,11,0.18867895686202582
Actual_37.75_-122.05_2006_UPV_,14,2,0.5398747886728656
Actual_37.75_-122.05_2006_UPV_,13,3,0.47825205191830505
Actual_37.75_-122.05_2006_UPV_,18,4,0.0264423076923077
Actual_37.75_-122.05_2006_UPV_,8,5,0.6157782973849971
Actual_37.75_-122.05_2006_UPV_,13,6,0.7372287968441815
Actual_37.75_-122.05_2006_UPV_,9,7,0.6474995228096965
Actual_37.75_-122.05_2006_UPV_,17,7,0.458752863141821
Actual_37.75_-122.05_2006_UPV_,5,8,0.011609784446322909
Actual_37.75_-122.05_2006_UPV_,7,8,0.34710226188203863
Actual_37.75_-122.05_2006_UPV_,16,8,0.643526913533117
Actual_37.75_-122.05_2006_UPV_,8,9,0.5367357001972388
Actual_37.75_-122.05_2006_UPV_,10,10,0.5911135235732011
Actual_37.75_-122.05_2006_UPV_,12,10,0.633124164916969
Actual_32.75_-115.45_2006_UPV_,12,4,0.773327765017053
Actual_32.75_-115.45_2006_UPV_,13,4,0.7607712118048308
Actual_32.75_-115.45_2006_UPV_,14,4,0.7625948353866503
Actual_32.75_-115.45_2006_UPV_,15,5,0.6668103651513214
Actual_32.75_-115.45_2006_UPV_,19,8,0.0
Actual_32.75_-115.45_2006_UPV_,15,9,0.5857520707176167
Actual_32.75_-115.45_2006_UPV_,11,11,0.7085404050950094
Actual_34.45_-114.65_2006_UPV_,13,1,0.6426195276497696
Actual_34.45_-114.65_2006_UPV_,16,4,0.19315972222222222
Actual_34.45_-114.65_2006_UPV_,14,5,0.5667674731182796
Actual_34.45_-114.65_2006_UPV_,17,5,0.02615927419354839
Actual_34.45_-114.65_2006_UPV_,15,7,0.38570708525345626
Actual_34.45_-114.65_2006_UPV_,18,7,5.280337941628263e-05
Actual_34.45_-114.65_2006_UPV_,9,8,0.5940380184331799
Actual_34.45_-114.65_2006_UPV_,11,8,0.7211261520737328
Actual_34.45_-114.65_2006_UPV_,14,9,0.52422123015873
Actual_34.45_-114.65_2006_UPV_,17,9,0.00107390873015873
Actual_34.45_-114.65_2006_UPV_,7,11,0.2455915178571428
Actual_34.45_-114.65_2006_UPV_,10,11,0.6711309523809524
Actual_35.05_-118.15_2006_UPV_,9,12,0.6032092034298631
Actual_37.95_-121.75_2006_DPV_,15,1,0.18527162529378402
Actual_37.95_-121.75_2006_DPV_,11,2,0.5741903407028902
Actual_37.95_-121.75_2006_DPV_,12,2,0.5597028466909576
Actual_37.95_-121.75_2006_DPV_,16,2,0.12827529141928085
Actual_37.95_-121.75_2006_DPV_,17,2,0.00405494989378741
Actual_37.95_-121.75_2006_DPV_,14,3,0.3847170003048471
Actual_37.95_-121.75_2006_DPV_,18,5,0.0036516089697152467
Actual_33.65_-117.25_2006_DPV_,15,1,0.27622091281334255
Actual_33.65_-117.25_2006_DPV_,12,2,0.6998230871295885
Actual_33.65_-117.25_2006_DPV_,7,5,0.2657545191251373
Actual_33.65_-117.25_2006_DPV_,6,7,0.11153500449415757
Actual_33.65_-117.25_2006_DPV_,7,9,0.2943137254901961
Actual_33.65_-117.25_2006_DPV_,13,10,0.5888345151303306
Actual_33.65_-117.25_2006_DPV_,9,11,0.5483384932920539
Actual_34.55_-118.55_2006_UPV_,16,4,0.1745619842005384
Actual_34.55_-118.55_2006_UPV_,10,5,0.6800003986167996
Actual_34.55_-118.55_2006_UPV_,14,5,0.5768639962188348
Actual_34.55_-118.55_2006_UPV_,18,5,0.00028472628550358823
Actual_34.55_-118.55_2006_UPV_,12,7,0.6587526995610942
Actual_34.55_-118.55_2006_UPV_,17,7,0.0893428374967434
Actual_34.55_-118.55_2006_UPV_,13,8,0.6878801985681116
Actual_34.55_-118.55_2006_UPV_,10,9,0.6515571443282286
Actual_34.55_-118.55_2006_UPV_,14,9,0.5346425997028406
Actual_38.65_-121.05_2006_DPV_,16,1,0.029427651621545703
Actual_38.65_-121.05_2006_DPV_,8,2,0.2337575351640991
Actual_38.65_-121.05_2006_DPV_,13,4,0.5425541415494528
Actual_38.65_-121.05_2006_DPV_,6,5,0.1309119979258043
Actual_38.65_-121.05_2006_DPV_,9,5,0.6632456841604908
Actual_38.65_-121.05_2006_DPV_,15,5,0.5315126504332043
Actual_38.65_-121.05_2006_DPV_,18,7,0.010090097876110017
Actual_38.65_-121.05_2006_DPV_,6,9,0.02871176601920072
Actual_38.65_-121.05_2006_DPV_,9,9,0.6322170127260548
Actual_38.65_-121.05_2006_DPV_,15,9,0.4444742129939718
Actual_38.65_-121.05_2006_DPV_,7,10,0.15266944666508217
Actual_38.65_-121.05_2006_DPV_,14,11,0.2754632730520205
Actual_38.65_-121.05_2006_DPV_,12,12,0.36337316077177356
Actual_33.05_-116.85_2006_DPV_,7,3,0.178578345922913
Actual_33.05_-116.85_2006_DPV_,11,4,0.6883982180902575
Actual_33.05_-116.85_2006_DPV_,15,4,0.40056814513525724
Actual_33.05_-116.85_2006_DPV_,6,5,0.12705166413625485
Actual_33.05_-116.85_2006_DPV_,7,6,0.32719994835044225
Actual_33.05_-116.85_2006_DPV_,12,8,0.7772362904787787
Actual_33.05_-116.85_2006_DPV_,13,8,0.7416855666560451
Actual_33.05_-116.85_2006_DPV_,16,8,0.25876428433081544
Actual_33.05_-116.85_2006_DPV_,6,9,0.07838466008134802
Actual_33.25_-114.85_2006_UPV_,13,2,0.7127655373924029
Actual_33.25_-114.85_2006_UPV_,11,4,0.8508568269762301
Actual_33.25_-114.85_2006_UPV_,6,4,0.1394160882828655
Actual_33.25_-114.85_2006_UPV_,8,5,0.5791339003905205
Actual_33.25_-114.85_2006_UPV_,9,5,0.7089507658838423
Actual_33.25_-114.85_2006_UPV_,19,5,0.0
Actual_33.25_-114.85_2006_UPV_,15,7,0.43343319246063594
Actual_33.25_-114.85_2006_UPV_,8,9,0.5655426570849456
Actual_33.25_-114.85_2006_UPV_,9,9,0.6990602542841347
Actual_33.25_-114.85_2006_UPV_,12,10,0.7722855257761371
Actual_33.75_-116.15_2006_UPV_,7,3,0.43122795116710294
Actual_33.75_-116.15_2006_UPV_,10,3,0.7174560749675551
Actual_33.75_-116.15_2006_UPV_,6,4,0.4194232827551471
Actual_33.75_-116.15_2006_UPV_,13,5,0.7918813582385711
Actual_33.75_-116.15_2006_UPV_,7,6,0.6186950408193248
Actual_33.75_-116.15_2006_UPV_,10,6,0.7250981132867428
Actual_33.75_-116.15_2006_UPV_,18,6,0.05233268274255493
Actual_33.75_-116.15_2006_UPV_,14,7,0.613721710979278
Actual_33.75_-116.15_2006_UPV_,5,8,0.0523079047795066
Actual_33.75_-116.15_2006_UPV_,13,9,0.7319146257004346
Actual_33.75_-116.15_2006_UPV_,16,10,0.18845062584666505
Actual_33.75_-116.15_2006_UPV_,8,11,0.610329702617054
Actual_33.75_-116.15_2006_UPV_,11,12,0.6861525713229604
Actual_33.75_-116.15_2006_UPV_,12,12,0.6514451442300857
Actual_34.05_-117.15_2006_DPV_,13,3,0.5571137729285264
Actual_34.05_-117.15_2006_DPV_,16,4,0.16975081699346403
Actual_34.05_-117.15_2006_DPV_,13,6,0.7305044934640522
Actual_34.05_-117.15_2006_DPV_,7,8,0.29879229917773564
Actual_34.05_-117.15_2006_DPV_,9,8,0.625316255534472
Actual_34.05_-117.15_2006_DPV_,17,8,0.05351636622390891
Actual_37.45_-121.95_2006_DPV_,14,1,0.3561898922460287
Actual_37.45_-121.95_2006_DPV_,16,4,0.23549219758301065
Actual_37.45_-121.95_2006_DPV_,7,5,0.31210046439804257
Actual_37.45_-121.95_2006_DPV_,13,5,0.8357575138240738
Actual_37.45_-121.95_2006_DPV_,15,8,0.576194206946668
Actual_37.45_-121.95_2006_DPV_,7,9,0.19571747037428136
Actual_37.45_-121.95_2006_DPV_,13,9,0.7447612343071687
Actual_37.45_-121.95_2006_DPV_,17,10,0.0010950760686769135
Actual_37.45_-121.95_2006_DPV_,9,12,0.3572231495043771
Actual_37.95_-121.65_2006_DPV_,8,1,0.12388441409494179
Actual_37.95_-121.65_2006_DPV_,11,1,0.41319851826462956
Actual_37.95_-121.65_2006_DPV_,10,3,0.5239101203580421
Actual_37.95_-121.65_2006_DPV_,13,4,0.49336602642691746
Actual_37.95_-121.65_2006_DPV_,17,5,0.1244150177307302
Actual_37.95_-121.65_2006_DPV_,10,6,0.7005823457294649
Actual_37.95_-121.65_2006_DPV_,17,9,0.03756300231576081
Actual_37.95_-121.65_2006_DPV_,16,10,0.08753312153130231
Actual_35.05_-118.15_2006_UPV_,10,1,0.6202835367649816
Actual_35.05_-118.15_2006_UPV_,8,2,0.5183759872868291
Actual_35.05_-118.15_2006_UPV_,13,2,0.6539989563814901
Actual_35.05_-118.15_2006_UPV_,12,4,0.6814765620676296
Actual_35.05_-118.15_2006_UPV_,14,4,0.6362001217554929
Actual_35.05_-118.15_2006_UPV_,17,4,0.2005589683989153
Actual_35.05_-118.15_2006_UPV_,15,5,0.6390877978501766
Actual_35.05_-118.15_2006_UPV_,5,8,0.03854360752916291
Actual_35.05_-118.15_2006_UPV_,15,9,0.6116276495655544
Actual_37.95_-121.75_2006_DPV_,14,6,0.6392643024082918
Actual_37.95_-121.75_2006_DPV_,6,7,0.08011577632747788
Actual_37.95_-121.75_2006_DPV_,13,10,0.5774360722585891
Actual_33.75_-116.25_2006_DPV_,7,1,0.057950061745128165
Actual_33.75_-116.25_2006_DPV_,11,4,0.8372237784002492
Actual_33.75_-116.25_2006_DPV_,16,4,0.2292561469032057
Actual_33.75_-116.25_2006_DPV_,14,7,0.5331164723954098
Actual_33.75_-116.25_2006_DPV_,6,8,0.11186410047890127
Actual_33.75_-116.25_2006_DPV_,10,12,0.6672690581608989
Actual_35.35_-117.85_2006_UPV_,14,3,0.565743468161027
Actual_35.35_-117.85_2006_UPV_,15,4,0.4302895322939866
Actual_35.35_-117.85_2006_UPV_,9,5,0.6031922791388271
Actual_35.35_-117.85_2006_UPV_,14,6,0.5812608265280873
Actual_35.35_-117.85_2006_UPV_,7,7,0.27547477069712867
Actual_35.35_-117.85_2006_UPV_,5,8,0.00021996755478566907
Actual_35.35_-117.85_2006_UPV_,8,8,0.47283090260315636
Actual_35.35_-117.85_2006_UPV_,13,8,0.6851905069808657
Actual_35.35_-117.85_2006_UPV_,9,9,0.6401447661469933
Actual_35.35_-117.85_2006_UPV_,12,10,0.6884534329573486
Actual_35.35_-117.85_2006_UPV_,11,11,0.6687329868844343
Actual_38.65_-121.25_2006_DPV_,13,1,0.3473513446059774
Actual_38.65_-121.25_2006_DPV_,15,1,0.1635157338657682
Actual_38.65_-121.25_2006_DPV_,17,4,0.06299161831076724
Actual_38.65_-121.25_2006_DPV_,9,7,0.6184771531374141
Actual_38.65_-121.25_2006_DPV_,11,7,0.7642519914311268
Actual_38.65_-121.25_2006_DPV_,7,10,0.14126162101453796
Actual_38.65_-121.25_2006_DPV_,14,11,0.28572963679346663
Actual_34.15_-117.25_2006_DPV_,16,1,0.04693820950049252
Actual_34.15_-117.25_2006_DPV_,11,2,0.6643725382237093
Actual_34.15_-117.25_2006_DPV_,5,6,0.006749678822017986
Actual_34.15_-117.25_2006_DPV_,7,7,0.2801373334735996
Actual_34.15_-117.25_2006_DPV_,12,8,0.7678815642244388
Actual_34.15_-117.25_2006_DPV_,9,10,0.5511031626866099
Actual_34.15_-117.25_2006_DPV_,10,10,0.6356072415672849
Actual_34.15_-117.25_2006_DPV_,15,11,0.20358731099911065
Actual_34.95_-118.25_2006_UPV_,7,3,0.41193807488016587
Actual_34.95_-118.25_2006_UPV_,8,5,0.6773761713520751
Actual_34.95_-118.25_2006_UPV_,7,6,0.584393128067827
Actual_34.95_-118.25_2006_UPV_,18,6,0.10111557340473006
Actual_34.95_-118.25_2006_UPV_,9,7,0.6750550589454594
Actual_34.95_-118.25_2006_UPV_,8,9,0.7118418116912094
Actual_34.95_-118.25_2006_UPV_,14,10,0.6946657598134475
Actual_34.95_-118.25_2006_UPV_,11,12,0.6227922442458004
Actual_34.95_-118.25_2006_UPV_,12,12,0.5925044263073799
Actual_34.95_-118.25_2006_UPV_,13,12,0.6022638942868246
Actual_34.25_-117.65_2006_UPV_,8,4,0.42831330826378067
Actual_34.25_-117.65_2006_UPV_,17,4,0.02195420220734355
Actual_34.25_-117.65_2006_UPV_,10,7,0.6876000390540634
Actual_34.25_-117.65_2006_UPV_,16,7,0.25422419990946554
Actual_34.25_-117.65_2006_UPV_,12,8,0.7889127881346655
Actual_34.25_-117.65_2006_UPV_,6,10,0.031062773489391786
Actual_34.25_-117.65_2006_UPV_,11,11,0.6690819040631021
Actual_34.25_-117.65_2006_UPV_,13,12,0.5648785625737812
Actual_37.75_-122.05_2006_UPV_,8,2,0.4025517751479291
Actual_37.75_-122.05_2006_UPV_,9,4,0.4536242603550296
Actual_37.75_-122.05_2006_UPV_,17,4,0.23894230769230773
Actual_37.75_-122.05_2006_UPV_,14,5,0.7445003817522429
Actual_37.75_-122.05_2006_UPV_,18,7,0.17568357510975377
Actual_37.75_-122.05_2006_UPV_,14,9,0.7566814595660749
Actual_32.75_-115.45_2006_UPV_,15,2,0.5227530352295439
Actual_32.75_-115.45_2006_UPV_,17,3,0.05752429963828397
Actual_32.75_-115.45_2006_UPV_,17,6,0.29883065358112343
Actual_32.75_-115.45_2006_UPV_,12,7,0.6913558625613805
Actual_32.75_-115.45_2006_UPV_,13,7,0.6780794697525916
Actual_32.75_-115.45_2006_UPV_,14,7,0.6334745620002828
Actual_32.75_-115.45_2006_UPV_,6,8,0.38838332468897135
Actual_32.75_-115.45_2006_UPV_,16,8,0.4790615590836527
Actual_34.45_-114.65_2006_UPV_,14,2,0.5505447491496598
Actual_34.45_-114.65_2006_UPV_,17,2,7.971938775510203e-06
Actual_34.45_-114.65_2006_UPV_,12,3,0.6911602342549924
Actual_34.45_-114.65_2006_UPV_,15,4,0.41586061507936517
Actual_34.45_-114.65_2006_UPV_,18,4,0.0
Actual_34.45_-114.65_2006_UPV_,12,6,0.6810044642857142
Actual_34.45_-114.65_2006_UPV_,16,7,0.21170794930875578
Actual_34.45_-114.65_2006_UPV_,13,12,0.5458621351766512
Actual_35.05_-118.15_2006_UPV_,15,11,0.44650506392163375
Actual_35.05_-118.15_2006_UPV_,16,12,0.047698874743590434
Actual_37.95_-121.75_2006_DPV_,14,4,0.41189242285675565
Actual_33.65_-117.25_2006_DPV_,8,2,0.336499336576736
Actual_33.65_-117.25_2006_DPV_,9,5,0.6087586138020572
Actual_33.65_-117.25_2006_DPV_,17,5,0.06254868670728053
Actual_33.65_-117.25_2006_DPV_,5,7,0.003445520822930189
Actual_33.65_-117.25_2006_DPV_,15,8,0.4830220713073004
Actual_33.65_-117.25_2006_DPV_,18,8,5.1599587203302365e-05
Actual_33.65_-117.25_2006_DPV_,9,9,0.6283384932920537
Actual_33.65_-117.25_2006_DPV_,17,9,0.008898062148836143
Actual_33.65_-117.25_2006_DPV_,11,10,0.6892839308898434
Actual_33.65_-117.25_2006_DPV_,7,11,0.167719298245614
Actual_33.65_-117.25_2006_DPV_,14,12,0.43213822031359234
Actual_34.55_-118.55_2006_UPV_,13,1,0.5567011043108983
Actual_34.55_-118.55_2006_UPV_,9,2,0.43509359258068386
Actual_34.55_-118.55_2006_UPV_,15,2,0.3247842232351698
Actual_34.55_-118.55_2006_UPV_,16,3,0.14467227292722823
Actual_34.55_-118.55_2006_UPV_,16,6,0.26528090383512065
Actual_34.55_-118.55_2006_UPV_,11,7,0.6616426713589557
Actual_34.55_-118.55_2006_UPV_,5,8,0.0002500845874339851
Actual_34.55_-118.55_2006_UPV_,7,10,0.22945094806734911
Actual_34.55_-118.55_2006_UPV_,8,10,0.4135919786910847
Actual_34.55_-118.55_2006_UPV_,10,11,0.6210777174632595
Actual_34.55_-118.55_2006_UPV_,14,11,0.43146799652823753
Actual_38.65_-121.05_2006_DPV_,13,3,0.5074433377265951
Actual_38.65_-121.05_2006_DPV_,14,5,0.6668971328565563
Actual_38.65_-121.05_2006_DPV_,13,6,0.7128376869837016
Actual_38.65_-121.05_2006_DPV_,5,7,0.0012963723181297665
Actual_38.65_-121.05_2006_DPV_,16,8,0.3323466499578677
Actual_38.65_-121.05_2006_DPV_,14,9,0.607747265014512
Actual_38.65_-121.05_2006_DPV_,11,10,0.6610850636302746
Actual_38.65_-121.05_2006_DPV_,9,11,0.34389372627818704
Actual_38.65_-121.05_2006_DPV_,15,11,0.14087966063853538
Actual_33.05_-116.85_2006_DPV_,12,1,0.7174061092263186
Actual_33.05_-116.85_2006_DPV_,13,1,0.6555391026722397
Actual_33.05_-116.85_2006_DPV_,16,1,0.06575946717649779
Actual_33.05_-116.85_2006_DPV_,10,2,0.6738122907501175
Actual_33.05_-116.85_2006_DPV_,11,3,0.6785127426539957
Actual_33.05_-116.85_2006_DPV_,15,3,0.36017444221601597
Actual_33.05_-116.85_2006_DPV_,7,4,0.2940473884692362
Actual_33.05_-116.85_2006_DPV_,11,6,0.7588804958357542
Actual_33.05_-116.85_2006_DPV_,15,6,0.48409193621279617
Actual_33.05_-116.85_2006_DPV_,8,10,0.4571110819541026
Actual_33.05_-116.85_2006_DPV_,6,11,0.003228097359416359
Actual_33.25_-114.85_2006_UPV_,10,2,0.7237127852799495
Actual_33.25_-114.85_2006_UPV_,16,2,0.12365257048092869
Actual_33.25_-114.85_2006_UPV_,11,3,0.7887489077907949
Actual_33.25_-114.85_2006_UPV_,6,6,0.15390178735949878
Actual_33.25_-114.85_2006_UPV_,11,6,0.7203473373871383
Actual_33.25_-114.85_2006_UPV_,14,7,0.5528807575028085
Actual_33.25_-114.85_2006_UPV_,8,11,0.4957112585222037
Actual_33.25_-114.85_2006_UPV_,9,11,0.6446609544868251
Actual_33.75_-116.15_2006_UPV_,6,3,0.12865043371590237
Actual_33.75_-116.15_2006_UPV_,7,4,0.6341874960649752
Actual_33.75_-116.15_2006_UPV_,10,4,0.777367835631388
Actual_33.75_-116.15_2006_UPV_,8,5,0.7469134172669909
Actual_33.75_-116.15_2006_UPV_,6,6,0.4666897521459003
Actual_33.75_-116.15_2006_UPV_,8,9,0.7297026170538731
Actual_33.75_-116.15_2006_UPV_,13,11,0.7059602510021199
Actual_33.75_-116.15_2006_UPV_,9,12,0.6692202862464027
Actual_34.05_-117.15_2006_DPV_,7,1,0.03503518342821
Actual_34.05_-117.15_2006_DPV_,9,1,0.49982210626185963
Actual_34.05_-117.15_2006_DPV_,15,2,0.3448004201680672
Actual_34.05_-117.15_2006_DPV_,16,3,0.130880376344086
Actual_34.05_-117.15_2006_DPV_,13,4,0.6034007352941178
Actual_34.05_-117.15_2006_DPV_,16,6,0.2924121732026145
Actual_34.05_-117.15_2006_DPV_,5,7,0.002856182795698924
Actual_34.05_-117.15_2006_DPV_,12,7,0.7128992726122709
Actual_34.05_-117.15_2006_DPV_,8,10,0.45084203036053133
Actual_34.05_-117.15_2006_DPV_,10,10,0.6383815623023402
Actual_34.05_-117.15_2006_DPV_,11,12,0.6125474383301708
Actual_37.45_-121.95_2006_DPV_,15,1,0.21877803136106092
Actual_37.45_-121.95_2006_DPV_,12,2,0.5882234625634837
Actual_37.45_-121.95_2006_DPV_,16,3,0.1611200054501481
Actual_37.45_-121.95_2006_DPV_,6,5,0.10496077028760885
Actual_37.45_-121.95_2006_DPV_,16,6,0.37766044819899103
Actual_37.45_-121.95_2006_DPV_,10,7,0.7655300836824837
Actual_37.45_-121.95_2006_DPV_,14,8,0.7189313167785084
Actual_37.45_-121.95_2006_DPV_,6,9,0.0154288396104658
Actual_37.45_-121.95_2006_DPV_,7,11,0.049653877742578886
Actual_37.45_-121.95_2006_DPV_,13,11,0.4668543939927255
Actual_37.95_-121.65_2006_DPV_,12,2,0.5709359857551521
Actual_37.95_-121.65_2006_DPV_,15,2,0.33412998423725854
Actual_37.95_-121.65_2006_DPV_,13,3,0.46431113806240687
Actual_37.95_-121.65_2006_DPV_,10,4,0.5186691186486854
Actual_37.95_-121.65_2006_DPV_,18,5,0.003387953649630225
Actual_37.95_-121.65_2006_DPV_,13,6,0.7119602234028062
Actual_37.95_-121.65_2006_DPV_,14,7,0.6579814651251696
Actual_37.95_-121.65_2006_DPV_,8,8,0.4507461407648602
Actual_37.95_-121.65_2006_DPV_,11,8,0.7601506782498648
Actual_37.95_-121.65_2006_DPV_,6,10,0.0014081128622448077
Actual_37.95_-121.65_2006_DPV_,9,12,0.3020452957538527
Actual_35.05_-118.15_2006_UPV_,11,2,0.6585469984108536
Actual_35.05_-118.15_2006_UPV_,12,3,0.7326377916909907
Actual_35.05_-118.15_2006_UPV_,14,3,0.5878701536582883
Actual_35.05_-118.15_2006_UPV_,17,3,0.0974329586049177
Actual_35.05_-118.15_2006_UPV_,18,5,0.027078992892835527
Actual_35.05_-118.15_2006_UPV_,12,6,0.6575405390447728
Actual_35.05_-118.15_2006_UPV_,14,6,0.6664010183186674
Actual_35.05_-118.15_2006_UPV_,17,6,0.3581714538712712
Actual_35.05_-118.15_2006_UPV_,10,8,0.6965181856646298
Actual_37.95_-121.75_2006_DPV_,9,7,0.5935864110321859
Actual_37.95_-121.75_2006_DPV_,15,8,0.5111138062942724
Actual_37.95_-121.75_2006_DPV_,7,10,0.13490957842600576
Actual_37.95_-121.75_2006_DPV_,8,10,0.33796722730118567
Actual_33.75_-116.25_2006_DPV_,11,3,0.7649167193759226
Actual_33.75_-116.25_2006_DPV_,16,3,0.16641065028161803
Actual_33.75_-116.25_2006_DPV_,5,5,0.007590132827324479
Actual_33.75_-116.25_2006_DPV_,11,6,0.7455960161842518
Actual_33.75_-116.25_2006_DPV_,16,6,0.262776221599751
Actual_33.75_-116.25_2006_DPV_,15,7,0.4029396704918527
Actual_33.75_-116.25_2006_DPV_,18,7,0.0
Actual_33.75_-116.25_2006_DPV_,7,8,0.33661636697689834
Actual_33.75_-116.25_2006_DPV_,17,8,0.04286015481461401
Actual_33.75_-116.25_2006_DPV_,5,9,0.0
Actual_33.75_-116.25_2006_DPV_,8,12,0.3719767476883228
Actual_35.35_-117.85_2006_UPV_,8,1,0.328226405153627
Actual_35.35_-117.85_2006_UPV_,13,1,0.5928227602557656
Actual_35.35_-117.85_2006_UPV_,16,2,0.1403780888747481
Actual_35.35_-117.85_2006_UPV_,17,2,0.0019951744617668896
Actual_35.35_-117.85_2006_UPV_,15,3,0.3970950978279091
Actual_35.35_-117.85_2006_UPV_,14,4,0.5877753031427866
Actual_35.35_-117.85_2006_UPV_,11,5,0.7216694206959312
Actual_35.35_-117.85_2006_UPV_,15,6,0.4298007918831973
Actual_35.35_-117.85_2006_UPV_,11,9,0.7535758475624845
Actual_35.35_-117.85_2006_UPV_,9,11,0.5600532046523138
Actual_38.65_-121.25_2006_DPV_,17,3,0.014059607745263204
Actual_38.65_-121.25_2006_DPV_,14,5,0.6194962667165824
Actual_38.65_-121.25_2006_DPV_,17,6,0.156608639587363
Actual_38.65_-121.25_2006_DPV_,13,8,0.7374846613007219
Actual_38.65_-121.25_2006_DPV_,15,8,0.5138204280277032
Actual_38.65_-121.25_2006_DPV_,14,9,0.5921555985385775
Actual_38.65_-121.25_2006_DPV_,8,10,0.35614899856492177
Actual_38.65_-121.25_2006_DPV_,12,10,0.6609055552089182
Actual_34.15_-117.25_2006_DPV_,12,1,0.6363723305566978
Actual_34.15_-117.25_2006_DPV_,14,2,0.5016094193384439
Actual_34.15_-117.25_2006_DPV_,17,2,0.0005336495701156241
Actual_34.15_-117.25_2006_DPV_,5,4,0.0003458839806304971
Actual_34.15_-117.25_2006_DPV_,15,5,0.4465059342214742
Actual_34.15_-117.25_2006_DPV_,8,7,0.44288132513412964
Actual_34.15_-117.25_2006_DPV_,16,8,0.272993315034955
Actual_34.15_-117.25_2006_DPV_,15,9,0.3900681885561816
Actual_34.95_-118.25_2006_UPV_,15,2,0.5604202524383246
Actual_34.95_-118.25_2006_UPV_,7,4,0.5525100401606425
Actual_34.95_-118.25_2006_UPV_,18,4,0.011378848728246318
Actual_34.95_-118.25_2006_UPV_,8,11,0.5797579205711736
Actual_34.95_-118.25_2006_UPV_,10,12,0.6076186466295289
Actual_34.95_-118.25_2006_UPV_,16,12,0.0484788616832923
Actual_34.25_-117.65_2006_UPV_,12,1,0.6307704597432493
Actual_34.25_-117.65_2006_UPV_,7,2,0.10017884985783729
Actual_34.25_-117.65_2006_UPV_,8,3,0.41850866733926445
Actual_34.25_-117.65_2006_UPV_,17,3,0.009154035734467873
Actual_34.25_-117.65_2006_UPV_,11,5,0.7532877899838162
Actual_34.25_-117.65_2006_UPV_,8,6,0.49084961325629023
Actual_34.25_-117.65_2006_UPV_,17,6,0.0683542755816442
Actual_34.25_-117.65_2006_UPV_,15,7,0.4227543173971058
Actual_34.25_-117.65_2006_UPV_,11,9,0.7646947323366657
Actual_34.25_-117.65_2006_UPV_,9,10,0.5684821875009247
Actual_34.25_-117.65_2006_UPV_,14,10,0.5001937909956716
Actual_37.75_-122.05_2006_UPV_,9,3,0.5272594960870396
Actual_37.75_-122.05_2006_UPV_,17,3,0.11206217789654514
Actual_37.75_-122.05_2006_UPV_,9,6,0.6776565581854044
Actual_37.75_-122.05_2006_UPV_,17,6,0.4238966962524655
Actual_37.75_-122.05_2006_UPV_,13,7,0.8083484443596106
Actual_37.75_-122.05_2006_UPV_,15,10,0.5052490933384234
Actual_37.75_-122.05_2006_UPV_,14,11,0.44892751479289944
Actual_37.75_-122.05_2006_UPV_,7,12,0.015383422408856649
Actual_37.75_-122.05_2006_UPV_,16,12,0.028649312845962973
Actual_32.75_-115.45_2006_UPV_,16,1,0.14506362025879202
Actual_32.75_-115.45_2006_UPV_,11,2,0.6918831846791755
Actual_32.75_-115.45_2006_UPV_,17,4,0.17256908192385328
Actual_32.75_-115.45_2006_UPV_,7,8,0.5799985181093771
Actual_32.75_-115.45_2006_UPV_,9,10,0.7438956210132093
Actual_34.45_-114.65_2006_UPV_,10,2,0.6812234268707483
Actual_34.45_-114.65_2006_UPV_,7,2,0.19138499149659868
Actual_34.45_-114.65_2006_UPV_,15,3,0.32592405913978495
Actual_34.45_-114.65_2006_UPV_,18,3,0.0
Actual_34.45_-114.65_2006_UPV_,12,4,0.7962599206349206
Actual_34.45_-114.65_2006_UPV_,19,5,0.0
Actual_34.45_-114.65_2006_UPV_,15,6,0.38003720238095234
Actual_34.45_-114.65_2006_UPV_,18,6,3.224206349206349e-05
Actual_34.45_-114.65_2006_UPV_,8,10,0.506365207373272
Actual_34.45_-114.65_2006_UPV_,9,12,0.5492775537634409
Actual_34.45_-114.65_2006_UPV_,11,12,0.6700700844854071
Actual_35.05_-118.15_2006_UPV_,6,11,0.03047576881214603
Actual_35.05_-118.15_2006_UPV_,12,12,0.6270854198689969
Actual_35.05_-118.15_2006_UPV_,14,12,0.5756214082575933
Actual_37.95_-121.75_2006_DPV_,7,2,0.018827935604685934
Actual_37.95_-121.75_2006_DPV_,8,2,0.20639598182530808
Actual_33.65_-117.25_2006_DPV_,11,2,0.7032176028306061
Actual_33.65_-117.25_2006_DPV_,14,3,0.45649655447917714
Actual_33.65_-117.25_2006_DPV_,10,5,0.6881553979826225
Actual_33.65_-117.25_2006_DPV_,16,5,0.26684310396484573
Actual_33.65_-117.25_2006_DPV_,14,6,0.6060681114551085
Actual_33.65_-117.25_2006_DPV_,15,7,0.4420253670228704
Actual_33.65_-117.25_2006_DPV_,18,7,0.0006691301308299208
Actual_33.65_-117.25_2006_DPV_,5,8,0.0003095975232198143
Actual_33.65_-117.25_2006_DPV_,10,9,0.7379566563467493
Actual_33.65_-117.25_2006_DPV_,16,9,0.17522187822497423
Actual_33.65_-117.25_2006_DPV_,8,10,0.44442225107360445
Actual_34.55_-118.55_2006_UPV_,12,1,0.629324814322871
Actual_34.55_-118.55_2006_UPV_,7,2,0.07824074949720387
Actual_34.55_-118.55_2006_UPV_,8,2,0.26894075517139193
Actual_34.55_-118.55_2006_UPV_,6,5,0.10139103026782775
Actual_34.55_-118.55_2006_UPV_,5,7,0.0012855391790487006
Actual_34.55_-118.55_2006_UPV_,11,8,0.7209411912093605
Actual_34.55_-118.55_2006_UPV_,6,9,0.05484649219588978
Actual_34.55_-118.55_2006_UPV_,9,10,0.5530466424364597
Actual_34.55_-118.55_2006_UPV_,15,10,0.30050723987762457
Actual_34.55_-118.55_2006_UPV_,16,12,0.010933489363337788
Actual_38.65_-121.05_2006_DPV_,11,2,0.5967132331834274
Actual_38.65_-121.05_2006_DPV_,12,4,0.6003795490064744
Actual_38.65_-121.05_2006_DPV_,10,5,0.7668690447896636
Actual_38.65_-121.05_2006_DPV_,17,5,0.13184106475379728
Actual_38.65_-121.05_2006_DPV_,19,6,0.0
Actual_38.65_-121.05_2006_DPV_,16,7,0.3595056500226864
Actual_38.65_-121.05_2006_DPV_,5,8,0.0
Actual_38.65_-121.05_2006_DPV_,10,9,0.7161643223933911
Actual_38.65_-121.05_2006_DPV_,17,9,0.0340477785219915
Actual_38.65_-121.05_2006_DPV_,13,12,0.3245684160490893
Actual_33.05_-116.85_2006_DPV_,8,2,0.36672338894883927
Actual_33.05_-116.85_2006_DPV_,9,5,0.6185263631422092
Actual_33.05_-116.85_2006_DPV_,14,5,0.6537209549336782
Actual_33.05_-116.85_2006_DPV_,5,6,0.00792820711472658
Actual_33.05_-116.85_2006_DPV_,9,9,0.6756601459100006
Actual_33.05_-116.85_2006_DPV_,14,9,0.5880624959648784
Actual_33.05_-116.85_2006_DPV_,10,10,0.6930579245624887
Actual_33.05_-116.85_2006_DPV_,11,12,0.7047790419423566
Actual_33.05_-116.85_2006_DPV_,15,12,0.24328816079673604
Actual_33.25_-114.85_2006_UPV_,15,1,0.33111770894630793
Actual_33.25_-114.85_2006_UPV_,18,4,0.0
Actual_33.25_-114.85_2006_UPV_,7,5,0.3848945237967867
Actual_33.25_-114.85_2006_UPV_,17,5,0.02619964692665704
Actual_33.25_-114.85_2006_UPV_,14,8,0.5810597549884983
Actual_33.25_-114.85_2006_UPV_,7,9,0.3567486640869726
Actual_33.25_-114.85_2006_UPV_,17,9,0.0016030956329463786
Actual_33.25_-114.85_2006_UPV_,10,10,0.7729141033185329
Actual_33.25_-114.85_2006_UPV_,16,10,0.04322919452914638
Actual_33.25_-114.85_2006_UPV_,11,12,0.7217452165694821
Actual_33.75_-116.15_2006_UPV_,14,1,0.6728334006941891
Actual_33.75_-116.15_2006_UPV_,9,3,0.6901231383524279
Actual_33.75_-116.15_2006_UPV_,11,4,0.7979852672668889
Actual_33.75_-116.15_2006_UPV_,12,4,0.7832504354760856
Actual_33.75_-116.15_2006_UPV_,17,4,0.21245986274633255
Actual_33.75_-116.15_2006_UPV_,15,5,0.725519067861154
Actual_33.75_-116.15_2006_UPV_,9,6,0.6940208608785077
Actual_33.75_-116.15_2006_UPV_,15,9,0.6105395706100865
Actual_34.05_-117.15_2006_DPV_,8,2,0.33709733893557425
Actual_34.05_-117.15_2006_DPV_,10,2,0.6254705007002801
Actual_34.05_-117.15_2006_DPV_,11,3,0.6413859898798229
Actual_34.05_-117.15_2006_DPV_,6,4,0.08027982026143789
Actual_34.05_-117.15_2006_DPV_,11,6,0.7737438725490198
Actual_34.05_-117.15_2006_DPV_,5,8,0.0003370098039215688
Actual_34.05_-117.15_2006_DPV_,12,8,0.7625415085388993
Actual_34.05_-117.15_2006_DPV_,15,10,0.29401881720430106
Actual_34.05_-117.15_2006_DPV_,14,11,0.42224264705882353
Actual_34.05_-117.15_2006_DPV_,16,12,0.0064239405439595176
Actual_37.45_-121.95_2006_DPV_,9,4,0.4726152763111581
Actual_37.45_-121.95_2006_DPV_,8,5,0.5161403867334309
Actual_37.45_-121.95_2006_DPV_,14,7,0.7461707031826594
Actual_37.45_-121.95_2006_DPV_,10,8,0.7032734952481519
Actual_37.45_-121.95_2006_DPV_,8,9,0.39887363604364656
Actual_37.45_-121.95_2006_DPV_,12,10,0.6086566520193933
Actual_37.45_-121.95_2006_DPV_,11,11,0.5179396925965035
Actual_37.45_-121.95_2006_DPV_,16,12,0.010741333696676547
Actual_37.95_-121.65_2006_DPV_,9,3,0.42467405776658723
Actual_37.95_-121.65_2006_DPV_,9,6,0.6153895926985424
Actual_37.95_-121.65_2006_DPV_,8,7,0.463160947572406
Actual_37.95_-121.65_2006_DPV_,11,7,0.7688215985340838
Actual_37.95_-121.65_2006_DPV_,14,8,0.656818091936143
Actual_37.95_-121.65_2006_DPV_,12,10,0.6276843270891281
Actual_37.95_-121.65_2006_DPV_,15,10,0.30156412723941095
Actual_37.95_-121.65_2006_DPV_,7,11,0.038370113063615305
Actual_37.95_-121.65_2006_DPV_,13,12,0.3880755895962139
Actual_35.05_-118.15_2006_UPV_,16,3,0.3658823970478757
Actual_35.05_-118.15_2006_UPV_,9,4,0.6999944656594167
Actual_35.05_-118.15_2006_UPV_,7,5,0.5917531184223916
Actual_35.05_-118.15_2006_UPV_,16,6,0.5000664120869999
Actual_35.05_-118.15_2006_UPV_,10,7,0.7037110431517891
Actual_35.05_-118.15_2006_UPV_,7,9,0.6001217554928329
Actual_35.05_-118.15_2006_UPV_,11,10,0.713972781755957
Actual_37.95_-121.75_2006_DPV_,5,6,0.0031704095112285334
Actual_37.95_-121.75_2006_DPV_,15,7,0.527680441602119
Actual_37.95_-121.75_2006_DPV_,9,8,0.5880860520993473
Actual_37.95_-121.75_2006_DPV_,10,11,0.4123429190800392
Actual_33.75_-116.25_2006_DPV_,14,1,0.5293214059817475
Actual_33.75_-116.25_2006_DPV_,8,3,0.4518538598234993
Actual_33.75_-116.25_2006_DPV_,10,4,0.8015250544662311
Actual_33.75_-116.25_2006_DPV_,9,5,0.7246167284117955
Actual_33.75_-116.25_2006_DPV_,12,5,0.80783711333996
Actual_33.75_-116.25_2006_DPV_,8,6,0.5163398692810458
Actual_33.75_-116.25_2006_DPV_,7,7,0.30737025993192973
Actual_33.75_-116.25_2006_DPV_,17,7,0.067799162675823
Actual_33.75_-116.25_2006_DPV_,15,8,0.42947501581277686
Actual_33.75_-116.25_2006_DPV_,18,8,0.0
Actual_33.75_-116.25_2006_DPV_,9,9,0.6799253034547156
Actual_33.75_-116.25_2006_DPV_,12,9,0.7521319638966701
Actual_33.75_-116.25_2006_DPV_,13,11,0.6133831310301899
Actual_33.75_-116.25_2006_DPV_,11,12,0.6965151652058674
Actual_33.75_-116.25_2006_DPV_,16,12,0.00504201680672269
Actual_35.35_-117.85_2006_UPV_,7,1,0.04764470627679191
Actual_35.35_-117.85_2006_UPV_,6,3,0.015272888377996504
Actual_35.35_-117.85_2006_UPV_,18,4,0.0
Actual_35.35_-117.85_2006_UPV_,6,6,0.12903984162336057
Actual_35.35_-117.85_2006_UPV_,16,10,0.07865747060373113
Actual_35.35_-117.85_2006_UPV_,17,10,0.0
Actual_35.35_-117.85_2006_UPV_,10,11,0.6356347438752784
Actual_35.35_-117.85_2006_UPV_,15,12,0.23832531072634536
Actual_38.65_-121.25_2006_DPV_,9,1,0.26426239054928147
Actual_38.65_-121.25_2006_DPV_,11,1,0.3993053389072608
Actual_38.65_-121.25_2006_DPV_,8,2,0.18812747536151794
Actual_38.65_-121.25_2006_DPV_,12,2,0.6084553744128213
Actual_38.65_-121.25_2006_DPV_,13,7,0.7258584472036772
Actual_38.65_-121.25_2006_DPV_,15,7,0.5313741394729726
Actual_38.65_-121.25_2006_DPV_,10,11,0.3400386847195358
Actual_38.65_-121.25_2006_DPV_,16,11,0.00532989469159682
Actual_34.15_-117.25_2006_DPV_,7,1,0.029035127148226425
Actual_34.15_-117.25_2006_DPV_,6,4,0.07549164937246763
Actual_34.15_-117.25_2006_DPV_,13,5,0.6783661524631084
Actual_34.15_-117.25_2006_DPV_,16,7,0.2676663829461664
Actual_34.15_-117.25_2006_DPV_,8,8,0.47980643248567845
Actual_34.15_-117.25_2006_DPV_,13,9,0.6593438086767467
Actual_34.15_-117.25_2006_DPV_,14,10,0.4534682440251332
Actual_34.95_-118.25_2006_UPV_,9,1,0.6119477911646586
Actual_34.95_-118.25_2006_UPV_,10,3,0.6810521656518544
Actual_34.95_-118.25_2006_UPV_,16,3,0.39213304832232143
Actual_34.95_-118.25_2006_UPV_,6,4,0.32372266845158404
Actual_34.95_-118.25_2006_UPV_,11,4,0.7035977242302541
Actual_34.95_-118.25_2006_UPV_,12,4,0.7137327086122268
Actual_34.95_-118.25_2006_UPV_,13,4,0.6863063364569387
Actual_34.95_-118.25_2006_UPV_,17,4,0.23504573850959393
Actual_34.95_-118.25_2006_UPV_,5,4,0.023772172021419007
Actual_34.95_-118.25_2006_UPV_,10,6,0.6897534582775547
Actual_34.95_-118.25_2006_UPV_,16,6,0.542743195002231
Actual_34.95_-118.25_2006_UPV_,15,10,0.5847044090339855
Actual_34.25_-117.65_2006_UPV_,10,1,0.6313207669981331
Actual_34.25_-117.65_2006_UPV_,16,1,0.06235336234774094
Actual_34.25_-117.65_2006_UPV_,9,2,0.4888759319191309
Actual_34.25_-117.65_2006_UPV_,14,2,0.5221465913706581
Actual_34.25_-117.65_2006_UPV_,13,4,0.5743740254975697
Actual_34.25_-117.65_2006_UPV_,15,8,0.4833147432047407
Actual_34.25_-117.65_2006_UPV_,7,10,0.24382753488977577
Actual_34.25_-117.65_2006_UPV_,8,12,0.33460752145754497
Actual_37.75_-122.05_2006_UPV_,15,2,0.4945913461538462
Actual_37.75_-122.05_2006_UPV_,7,3,0.21515317808742127
Actual_37.75_-122.05_2006_UPV_,16,3,0.3102094865432334
Actual_37.75_-122.05_2006_UPV_,6,5,0.2909429280397023
Actual_37.75_-122.05_2006_UPV_,11,5,0.7692605936247374
Actual_37.75_-122.05_2006_UPV_,5,6,0.11351084812623279
Actual_37.75_-122.05_2006_UPV_,7,6,0.41347386587771207
Actual_37.75_-122.05_2006_UPV_,16,6,0.5986193293885602
Actual_37.75_-122.05_2006_UPV_,13,8,0.8253125596487879
Actual_37.75_-122.05_2006_UPV_,6,9,0.11189595660749509
Actual_37.75_-122.05_2006_UPV_,11,9,0.7350776627218935
Actual_37.75_-122.05_2006_UPV_,10,11,0.49217825443786983
Actual_37.75_-122.05_2006_UPV_,12,11,0.523021449704142
Actual_37.75_-122.05_2006_UPV_,9,12,0.42239692689444547
Actual_32.75_-115.45_2006_UPV_,12,1,0.7026249671626511
Actual_32.75_-115.45_2006_UPV_,13,1,0.6924740163950991
Actual_32.75_-115.45_2006_UPV_,14,1,0.6693026357445491
Actual_32.75_-115.45_2006_UPV_,9,2,0.6591146377114221
Actual_32.75_-115.45_2006_UPV_,18,4,0.00043154451172826617
Actual_32.75_-115.45_2006_UPV_,8,5,0.7191278400096996
Actual_32.75_-115.45_2006_UPV_,10,5,0.7776355761523385
Actual_32.75_-115.45_2006_UPV_,19,6,0.0
Actual_32.75_-115.45_2006_UPV_,7,7,0.5395226965020645
Actual_32.75_-115.45_2006_UPV_,8,9,0.7216955523073713
Actual_32.75_-115.45_2006_UPV_,10,9,0.7435233521264007
Actual_32.75_-115.45_2006_UPV_,11,10,0.7449194727163728
Actual_34.45_-114.65_2006_UPV_,16,1,0.041443452380952386
Actual_34.45_-114.65_2006_UPV_,8,2,0.40882493622448973
Actual_34.45_-114.65_2006_UPV_,9,3,0.5891177035330262
Actual_34.45_-114.65_2006_UPV_,11,3,0.6883784562211982
Actual_34.45_-114.65_2006_UPV_,13,4,0.7169270833333333
Actual_34.45_-114.65_2006_UPV_,9,6,0.605766369047619
Actual_34.45_-114.65_2006_UPV_,11,6,0.7210193452380953
Actual_34.45_-114.65_2006_UPV_,7,10,0.2896049347158219
Actual_34.45_-114.65_2006_UPV_,10,10,0.7173819124423962
Actual_34.45_-114.65_2006_UPV_,15,12,0.19783746159754226
Actual_35.05_-118.15_2006_UPV_,9,11,0.6186728651281201
Actual_37.95_-121.75_2006_DPV_,10,4,0.5382481455136674
Actual_37.95_-121.75_2006_DPV_,5,5,0.0017766356028596623
Actual_33.65_-117.25_2006_DPV_,8,1,0.3152901228403076
Actual_33.65_-117.25_2006_DPV_,10,3,0.6052232098272242
Actual_33.65_-117.25_2006_DPV_,16,3,0.149315889343853
Actual_33.65_-117.25_2006_DPV_,14,5,0.624448217317487
Actual_33.65_-117.25_2006_DPV_,10,6,0.6746130030959752
Actual_33.65_-117.25_2006_DPV_,16,6,0.2781320949432404
Actual_33.65_-117.25_2006_DPV_,13,7,0.6772695495855389
Actual_33.65_-117.25_2006_DPV_,12,8,0.8085988215320082
Actual_33.65_-117.25_2006_DPV_,14,9,0.5901547987616098
Actual_33.65_-117.25_2006_DPV_,6,10,0.029311894537101767
Actual_33.65_-117.25_2006_DPV_,9,12,0.49277938679716377
Actual_34.55_-118.55_2006_UPV_,9,1,0.4570355153332221
Actual_34.55_-118.55_2006_UPV_,15,1,0.2953593886357197
Actual_34.55_-118.55_2006_UPV_,13,2,0.5741033206609799
Actual_34.55_-118.55_2006_UPV_,6,3,0.007677644288604257
Actual_34.55_-118.55_2006_UPV_,6,6,0.11274401635847416
Actual_34.55_-118.55_2006_UPV_,12,10,0.687441720088436
Actual_34.55_-118.55_2006_UPV_,17,10,0.0
Actual_38.65_-121.05_2006_DPV_,10,3,0.4730030464749475
Actual_38.65_-121.05_2006_DPV_,17,3,0.014281701704729595
Actual_38.65_-121.05_2006_DPV_,10,6,0.7162089752176825
Actual_38.65_-121.05_2006_DPV_,17,6,0.1584058941728064
Actual_38.65_-121.05_2006_DPV_,7,7,0.30294060454162436
Actual_38.65_-121.05_2006_DPV_,8,8,0.49584080547933357
Actual_38.65_-121.05_2006_DPV_,12,11,0.42750613976334
Actual_38.65_-121.05_2006_DPV_,14,12,0.25175550418080067
Actual_33.05_-116.85_2006_DPV_,10,1,0.6598251829081617
Actual_33.05_-116.85_2006_DPV_,12,2,0.7112282449295811
Actual_33.05_-116.85_2006_DPV_,13,2,0.6765723139924187
Actual_33.05_-116.85_2006_DPV_,16,2,0.1375238648626214
Actual_33.05_-116.85_2006_DPV_,9,3,0.5411832330540507
Actual_33.05_-116.85_2006_DPV_,14,3,0.5321112381523619
Actual_33.05_-116.85_2006_DPV_,17,4,0.026328362063399835
Actual_33.05_-116.85_2006_DPV_,5,5,0.00527325323486595
Actual_33.05_-116.85_2006_DPV_,9,6,0.6261346762218347
Actual_33.05_-116.85_2006_DPV_,14,6,0.6161404867970818
Actual_33.25_-114.85_2006_UPV_,10,1,0.744035200342374
Actual_33.25_-114.85_2006_UPV_,16,1,0.045409154942135196
Actual_33.25_-114.85_2006_UPV_,7,3,0.25502416234240977
Actual_33.25_-114.85_2006_UPV_,17,3,0.0031027657411865405
Actual_33.25_-114.85_2006_UPV_,7,6,0.34479915238621694
Actual_33.25_-114.85_2006_UPV_,17,6,0.038382163257785144
Actual_33.25_-114.85_2006_UPV_,12,7,0.7151919613402521
Actual_33.25_-114.85_2006_UPV_,13,8,0.687703953351522
Actual_33.25_-114.85_2006_UPV_,15,10,0.30095936090158526
Actual_33.75_-116.15_2006_UPV_,15,3,0.5854707711430156
Actual_33.75_-116.15_2006_UPV_,9,5,0.784086454781233
Actual_33.75_-116.15_2006_UPV_,15,6,0.6418308883712146
Actual_33.75_-116.15_2006_UPV_,16,7,0.4922670414502827
Actual_33.75_-116.15_2006_UPV_,9,9,0.7594346156267707
Actual_33.75_-116.15_2006_UPV_,14,10,0.6577878965743452
Actual_33.75_-116.15_2006_UPV_,11,11,0.7070725513651915
Actual_33.75_-116.15_2006_UPV_,12,11,0.7204789187601001
Actual_33.75_-116.15_2006_UPV_,8,12,0.5901582743164228
Actual_34.05_-117.15_2006_DPV_,15,1,0.2821888836179633
Actual_34.05_-117.15_2006_DPV_,7,2,0.11108193277310922
Actual_34.05_-117.15_2006_DPV_,9,2,0.5125393907563024
Actual_34.05_-117.15_2006_DPV_,17,2,0.0005514705882352941
Actual_34.05_-117.15_2006_DPV_,14,4,0.4935968137254902
Actual_34.05_-117.15_2006_DPV_,11,5,0.7180581910183428
Actual_34.05_-117.15_2006_DPV_,18,8,0.0
Actual_34.05_-117.15_2006_DPV_,11,9,0.7839460784313725
Actual_34.05_-117.15_2006_DPV_,6,11,0.0026260504201680674
Actual_37.45_-121.95_2006_DPV_,12,1,0.4801126363956353
Actual_37.45_-121.95_2006_DPV_,15,2,0.3251621662392518
Actual_37.45_-121.95_2006_DPV_,8,3,0.2865074769220288
Actual_37.45_-121.95_2006_DPV_,11,4,0.5891235480464625
Actual_37.45_-121.95_2006_DPV_,8,6,0.45785521529977696
Actual_37.45_-121.95_2006_DPV_,5,7,0.0006699140466214759
Actual_37.45_-121.95_2006_DPV_,17,7,0.20346084409169868
Actual_37.45_-121.95_2006_DPV_,18,7,0.016611597461139306
Actual_37.45_-121.95_2006_DPV_,9,11,0.36816848527513796
Actual_37.95_-121.65_2006_DPV_,12,1,0.38699131260134195
Actual_37.95_-121.65_2006_DPV_,15,1,0.18106107544458655
Actual_37.95_-121.65_2006_DPV_,7,4,0.1792569132270808
Actual_37.95_-121.65_2006_DPV_,9,5,0.6241085199783805
Actual_37.95_-121.65_2006_DPV_,16,7,0.3490943485769277
Actual_37.95_-121.65_2006_DPV_,9,9,0.6150626617627026
Actual_35.05_-118.15_2006_UPV_,11,1,0.6238023062132793
Actual_35.05_-118.15_2006_UPV_,7,3,0.3750354822642237
Actual_35.05_-118.15_2006_UPV_,6,4,0.3366041286180751
Actual_35.05_-118.15_2006_UPV_,16,5,0.5120853930899295
Actual_35.05_-118.15_2006_UPV_,7,6,0.5897005921744426
Actual_35.05_-118.15_2006_UPV_,8,8,0.6729097598988824
Actual_35.05_-118.15_2006_UPV_,13,8,0.692822674371897
Actual_35.05_-118.15_2006_UPV_,16,9,0.4655376611876695
Actual_37.95_-121.75_2006_DPV_,13,7,0.7284992673836581
Actual_37.95_-121.75_2006_DPV_,11,8,0.7677852041000292
Actual_37.95_-121.75_2006_DPV_,12,8,0.7698175178892782
Actual_37.95_-121.75_2006_DPV_,16,8,0.32248230739729444
Actual_37.95_-121.75_2006_DPV_,17,8,0.12192571565307746
Actual_37.95_-121.75_2006_DPV_,6,10,0.001307749742647221
Actual_33.75_-116.25_2006_DPV_,6,2,0.0004001600640256103
Actual_33.75_-116.25_2006_DPV_,9,3,0.6286256438059096
Actual_33.75_-116.25_2006_DPV_,12,3,0.7433209843077018
Actual_33.75_-116.25_2006_DPV_,13,4,0.7564581388110803
Actual_33.75_-116.25_2006_DPV_,8,5,0.588325652841782
Actual_33.75_-116.25_2006_DPV_,9,6,0.6422657952069717
Actual_33.75_-116.25_2006_DPV_,12,6,0.7367880485527549
Actual_33.75_-116.25_2006_DPV_,8,9,0.5420479302832244
Actual_33.75_-116.25_2006_DPV_,14,10,0.4963404716725399
Actual_33.75_-116.25_2006_DPV_,10,11,0.6899159663865547
Actual_35.35_-117.85_2006_UPV_,16,1,0.054152597169336875
Actual_35.35_-117.85_2006_UPV_,8,2,0.35043482871990667
Actual_35.35_-117.85_2006_UPV_,13,2,0.6166679923639834
Actual_35.35_-117.85_2006_UPV_,10,4,0.690961395694135
Actual_35.35_-117.85_2006_UPV_,6,5,0.1280922959024834
Actual_35.35_-117.85_2006_UPV_,12,7,0.7088033144143498
Actual_35.35_-117.85_2006_UPV_,6,9,0.06774313288789906
Actual_35.35_-117.85_2006_UPV_,7,10,0.24678497018463968
Actual_35.35_-117.85_2006_UPV_,11,12,0.6290442321047969
Actual_38.65_-121.25_2006_DPV_,6,4,0.03187191059531485
Actual_38.65_-121.25_2006_DPV_,10,4,0.5079733505265422
Actual_38.65_-121.25_2006_DPV_,16,4,0.22404900064474537
Actual_38.65_-121.25_2006_DPV_,5,7,0.0010191135791684863
Actual_38.65_-121.25_2006_DPV_,7,7,0.28574696865705795
Actual_38.65_-121.25_2006_DPV_,9,10,0.5261121856866539
Actual_38.65_-121.25_2006_DPV_,11,10,0.6547492772612882
Actual_38.65_-121.25_2006_DPV_,14,12,0.24914207275223063
Actual_34.15_-117.25_2006_DPV_,14,1,0.4675267542055985
Actual_34.15_-117.25_2006_DPV_,12,2,0.6839185125577061
Actual_34.15_-117.25_2006_DPV_,13,3,0.5399519906659144
Actual_34.15_-117.25_2006_DPV_,13,6,0.6877260598873405
Actual_34.15_-117.25_2006_DPV_,9,7,0.5702399510343048
Actual_34.15_-117.25_2006_DPV_,10,7,0.6601570345150769
Actual_34.15_-117.25_2006_DPV_,11,8,0.7701672675803101
Actual_34.15_-117.25_2006_DPV_,7,10,0.21921712269158306
Actual_34.15_-117.25_2006_DPV_,6,11,0.001397653636017111
Actual_34.15_-117.25_2006_DPV_,15,12,0.20231821963792165
Actual_34.95_-118.25_2006_UPV_,15,1,0.4975277453901627
Actual_34.95_-118.25_2006_UPV_,10,5,0.7364997624908233
Actual_34.95_-118.25_2006_UPV_,16,5,0.5580601977803685
Actual_34.95_-118.25_2006_UPV_,14,7,0.6542891998099924
Actual_34.95_-118.25_2006_UPV_,10,9,0.7391510486390005
Actual_34.95_-118.25_2006_UPV_,16,9,0.45686635430611333
Actual_34.95_-118.25_2006_UPV_,9,10,0.6935321932892862
Actual_34.95_-118.25_2006_UPV_,6,11,0.024895879815558523
Actual_34.95_-118.25_2006_UPV_,11,11,0.6707663989290494
Actual_34.95_-118.25_2006_UPV_,12,11,0.6563755020080321
Actual_34.95_-118.25_2006_UPV_,13,11,0.6284917447568051
Actual_34.25_-117.65_2006_UPV_,7,1,0.05625560292668783
Actual_34.25_-117.65_2006_UPV_,12,2,0.663906395356455
Actual_34.25_-117.65_2006_UPV_,5,7,0.0008165849588600949
Actual_34.25_-117.65_2006_UPV_,6,7,0.09667655839026251
Actual_34.25_-117.65_2006_UPV_,10,10,0.6819845381413223
Actual_34.25_-117.65_2006_UPV_,16,10,0.06964937143668654
Actual_34.25_-117.65_2006_UPV_,13,11,0.545788620868874
Actual_34.25_-117.65_2006_UPV_,11,12,0.6301787315121911
Actual_37.75_-122.05_2006_UPV_,11,3,0.5489299007444168
Actual_37.75_-122.05_2006_UPV_,6,3,0.034532174556213026
Actual_37.75_-122.05_2006_UPV_,10,4,0.5173754930966471
Actual_37.75_-122.05_2006_UPV_,12,4,0.5396079881656807
Actual_37.75_-122.05_2006_UPV_,5,5,0.04304853025386524
Actual_37.75_-122.05_2006_UPV_,7,5,0.4608584653559841
Actual_37.75_-122.05_2006_UPV_,16,5,0.5844686485970605
Actual_37.75_-122.05_2006_UPV_,6,6,0.2982988165680473
Actual_37.75_-122.05_2006_UPV_,11,6,0.756564349112426
Actual_37.75_-122.05_2006_UPV_,8,8,0.48002958579881655
Actual_37.75_-122.05_2006_UPV_,7,9,0.367689842209073
Actual_37.75_-122.05_2006_UPV_,16,9,0.5152181952662721
Actual_32.75_-115.45_2006_UPV_,11,1,0.6971150283916774
Actual_32.75_-115.45_2006_UPV_,16,2,0.27919637263968017
Actual_32.75_-115.45_2006_UPV_,8,3,0.6354481708754605
Actual_32.75_-115.45_2006_UPV_,10,3,0.7368431688210213
Actual_32.75_-115.45_2006_UPV_,19,5,0.0
Actual_32.75_-115.45_2006_UPV_,8,6,0.6397716990325051
Actual_32.75_-115.45_2006_UPV_,10,6,0.6645994292475811
Actual_32.75_-115.45_2006_UPV_,15,8,0.5948308960723163
Actual_32.75_-115.45_2006_UPV_,12,10,0.7361965256400756
Actual_32.75_-115.45_2006_UPV_,13,10,0.7069426575687562
Actual_32.75_-115.45_2006_UPV_,14,10,0.6544298425828003
Actual_34.45_-114.65_2006_UPV_,10,1,0.6477990591397851
Actual_34.45_-114.65_2006_UPV_,9,5,0.6692012288786482
Actual_34.45_-114.65_2006_UPV_,11,5,0.773492703533026
Actual_34.45_-114.65_2006_UPV_,6,7,0.13024673579109067
Actual_34.45_-114.65_2006_UPV_,14,8,0.5370199692780339
Actual_34.45_-114.65_2006_UPV_,17,8,0.01956845238095238
Actual_34.45_-114.65_2006_UPV_,9,9,0.6615947420634921
Actual_34.45_-114.65_2006_UPV_,11,9,0.74375248015873
Actual_34.45_-114.65_2006_UPV_,16,10,0.03141081029185869
Actual_34.45_-114.65_2006_UPV_,13,11,0.5797966269841268
Actual_37.95_-121.75_2006_DPV_,11,4,0.584056498323341
Actual_37.95_-121.75_2006_DPV_,12,4,0.5661552010297055
Actual_37.95_-121.75_2006_DPV_,16,4,0.21331842969887882
Actual_37.95_-121.75_2006_DPV_,17,4,0.061843308606848904
Actual_37.95_-121.75_2006_DPV_,6,5,0.10474610828298987
Actual_33.65_-117.25_2006_DPV_,10,1,0.6389094177569159
Actual_33.65_-117.25_2006_DPV_,16,1,0.04834714870668131
Actual_33.65_-117.25_2006_DPV_,8,3,0.39742334964546094
Actual_33.65_-117.25_2006_DPV_,12,4,0.6873684210526314
Actual_33.65_-117.25_2006_DPV_,6,5,0.11175471886547488
Actual_33.65_-117.25_2006_DPV_,8,6,0.4567182662538699
Actual_33.65_-117.25_2006_DPV_,7,7,0.28351143513432536
Actual_33.65_-117.25_2006_DPV_,6,9,0.07197110423116614
Actual_33.65_-117.25_2006_DPV_,14,10,0.4766303805053431
Actual_33.65_-117.25_2006_DPV_,11,12,0.6570258663737143
Actual_34.55_-118.55_2006_UPV_,16,2,0.12943926412084758
Actual_34.55_-118.55_2006_UPV_,9,3,0.4784867936830627
Actual_34.55_-118.55_2006_UPV_,15,3,0.31061217575014693
Actual_34.55_-118.55_2006_UPV_,12,5,0.7132564287636185
Actual_34.55_-118.55_2006_UPV_,17,5,0.06434956415523846
Actual_34.55_-118.55_2006_UPV_,9,6,0.5547023257866631
Actual_34.55_-118.55_2006_UPV_,15,6,0.429695338129073
Actual_34.55_-118.55_2006_UPV_,10,7,0.6328112876888624
Actual_34.55_-118.55_2006_UPV_,14,7,0.5498705207216672
Actual_34.55_-118.55_2006_UPV_,18,7,0.0009196659021765901
Actual_34.55_-118.55_2006_UPV_,12,9,0.6855627638760169
Actual_34.55_-118.55_2006_UPV_,17,9,0.01426806125601306
Actual_34.55_-118.55_2006_UPV_,11,11,0.6834914750577401
Actual_34.55_-118.55_2006_UPV_,7,12,0.061116497183345206
Actual_34.55_-118.55_2006_UPV_,8,12,0.3138808335077281
Actual_38.65_-121.05_2006_DPV_,10,1,0.38169522286800767
Actual_38.65_-121.05_2006_DPV_,13,2,0.5663094440723374
Actual_38.65_-121.05_2006_DPV_,8,4,0.32985041303862467
Actual_38.65_-121.05_2006_DPV_,18,5,0.002463107404446556
Actual_38.65_-121.05_2006_DPV_,6,7,0.100079942959618
Actual_38.65_-121.05_2006_DPV_,9,7,0.6464576626407105
Actual_38.65_-121.05_2006_DPV_,15,7,0.5338461206058379
Actual_38.65_-121.05_2006_DPV_,18,9,0.0
Actual_38.65_-121.05_2006_DPV_,11,12,0.3960633493939459
Actual_33.05_-116.85_2006_DPV_,9,1,0.486457610916384
Actual_33.05_-116.85_2006_DPV_,14,1,0.5550661343429989
Actual_33.05_-116.85_2006_DPV_,11,2,0.717536869483412
Actual_33.05_-116.85_2006_DPV_,15,2,0.3869289726349575
Actual_33.05_-116.85_2006_DPV_,10,3,0.6368078074137941
Actual_33.05_-116.85_2006_DPV_,10,6,0.7087481438440182
Actual_33.05_-116.85_2006_DPV_,6,7,0.11543676157272903
Actual_33.05_-116.85_2006_DPV_,17,8,0.05043329397137198
Actual_33.05_-116.85_2006_DPV_,18,8,3.521560755726938e-05
Actual_33.05_-116.85_2006_DPV_,8,12,0.36334214291515937
Actual_33.25_-114.85_2006_UPV_,17,1,0.0
Actual_33.25_-114.85_2006_UPV_,11,2,0.7965381426202321
Actual_33.25_-114.85_2006_UPV_,10,3,0.7552782681574206
Actual_33.25_-114.85_2006_UPV_,16,3,0.15863781451167103
Actual_33.25_-114.85_2006_UPV_,13,4,0.7486871199557765
Actual_33.25_-114.85_2006_UPV_,15,5,0.4399998216801298
Actual_33.25_-114.85_2006_UPV_,10,6,0.7068223696333149
Actual_33.25_-114.85_2006_UPV_,16,6,0.22356274184632388
Actual_33.25_-114.85_2006_UPV_,8,7,0.5132759143351344
Actual_33.25_-114.85_2006_UPV_,9,7,0.6664705148094652
Actual_33.25_-114.85_2006_UPV_,19,7,0.0
Actual_33.25_-114.85_2006_UPV_,15,9,0.35924083287267367
Actual_33.25_-114.85_2006_UPV_,14,11,0.48710152939008644
Actual_33.75_-116.15_2006_UPV_,15,1,0.5315644846488334
Actual_33.75_-116.15_2006_UPV_,6,2,0.02291758483913619
Actual_33.75_-116.15_2006_UPV_,14,5,0.7793583319962711
Actual_33.75_-116.15_2006_UPV_,13,7,0.6726770151897036
Actual_33.75_-116.15_2006_UPV_,14,9,0.6961741064870197
Actual_33.75_-116.15_2006_UPV_,9,10,0.6950848239038293
Actual_34.05_-117.15_2006_DPV_,16,2,0.11131171218487398
Actual_34.05_-117.15_2006_DPV_,15,3,0.3107111796331436
Actual_34.05_-117.15_2006_DPV_,15,6,0.4839971405228759
Actual_34.05_-117.15_2006_DPV_,14,8,0.6176865907653385
Actual_34.05_-117.15_2006_DPV_,11,10,0.6778047912713473
Actual_34.05_-117.15_2006_DPV_,12,11,0.6548304738562092
Actual_34.05_-117.15_2006_DPV_,8,12,0.3346873023402908
Actual_34.05_-117.15_2006_DPV_,10,12,0.5996995572422519
Actual_37.45_-121.95_2006_DPV_,8,1,0.15509077903055488
Actual_37.45_-121.95_2006_DPV_,16,2,0.1424045859103937
Actual_37.45_-121.95_2006_DPV_,12,3,0.5842104665553928
Actual_37.45_-121.95_2006_DPV_,12,6,0.7984043177284993
Actual_37.45_-121.95_2006_DPV_,7,7,0.26503616400404223
Actual_37.45_-121.95_2006_DPV_,13,7,0.8239034415414834
Actual_37.45_-121.95_2006_DPV_,11,8,0.8120266603081604
Actual_37.45_-121.95_2006_DPV_,10,11,0.4487152411122845
Actual_37.95_-121.65_2006_DPV_,13,2,0.5471349757720824
Actual_37.95_-121.65_2006_DPV_,12,3,0.5461427422650513
Actual_37.95_-121.65_2006_DPV_,15,3,0.27482302226557864
Actual_37.95_-121.65_2006_DPV_,5,6,0.0033816918675929706
Actual_37.95_-121.65_2006_DPV_,12,6,0.7564023974935296
Actual_37.95_-121.65_2006_DPV_,15,6,0.506123143985833
Actual_37.95_-121.65_2006_DPV_,17,7,0.16597018073480366
Actual_37.95_-121.65_2006_DPV_,7,8,0.24990112975730652
Actual_37.95_-121.65_2006_DPV_,9,10,0.5093498292840476
Actual_37.95_-121.65_2006_DPV_,14,11,0.2796008718158289
Actual_35.05_-118.15_2006_UPV_,7,1,0.14234145453182154
Actual_35.05_-118.15_2006_UPV_,12,2,0.6903655036645242
Actual_35.05_-118.15_2006_UPV_,14,2,0.6568155404283579
Actual_35.05_-118.15_2006_UPV_,17,2,0.03052188831700703
Actual_35.05_-118.15_2006_UPV_,11,3,0.7079260683508913
Actual_35.05_-118.15_2006_UPV_,8,4,0.6568819525153579
Actual_35.05_-118.15_2006_UPV_,13,4,0.6761857324699763
Actual_35.05_-118.15_2006_UPV_,11,6,0.6800210304942166
Actual_35.05_-118.15_2006_UPV_,15,7,0.6241665015290849
Actual_35.05_-118.15_2006_UPV_,6,8,0.39882064987440613
Actual_35.05_-118.15_2006_UPV_,16,10,0.2746086239308458
Actual_37.95_-121.75_2006_DPV_,18,7,0.015409527618161018
Actual_37.95_-121.75_2006_DPV_,10,8,0.7058914154409957
Actual_37.95_-121.75_2006_DPV_,6,9,0.021054770856620265
Actual_37.95_-121.75_2006_DPV_,9,11,0.31167225552958705
Actual_37.95_-121.75_2006_DPV_,7,12,0.001376728695942911
Actual_37.95_-121.75_2006_DPV_,8,12,0.16089697152466148
Actual_33.75_-116.25_2006_DPV_,9,1,0.5550134032107467
Actual_33.75_-116.25_2006_DPV_,12,1,0.7179603024005305
Actual_33.75_-116.25_2006_DPV_,11,2,0.7495331465919702
Actual_33.75_-116.25_2006_DPV_,16,2,0.12474989995998399
Actual_33.75_-116.25_2006_DPV_,14,5,0.6435950724375774
Actual_33.75_-116.25_2006_DPV_,13,8,0.6987138941598149
Actual_33.75_-116.25_2006_DPV_,14,9,0.5575474634298164
Actual_33.75_-116.25_2006_DPV_,8,10,0.4815818800638535
Actual_33.75_-116.25_2006_DPV_,15,11,0.23084344849050736
Actual_35.35_-117.85_2006_UPV_,15,2,0.38138323258033724
Actual_35.35_-117.85_2006_UPV_,16,3,0.18683693751945785
Actual_35.35_-117.85_2006_UPV_,17,3,0.012261417247407624
Actual_35.35_-117.85_2006_UPV_,7,5,0.3187908614124578
Actual_35.35_-117.85_2006_UPV_,16,6,0.24565082900272214
Actual_35.35_-117.85_2006_UPV_,17,6,0.06875154664686958
Actual_35.35_-117.85_2006_UPV_,9,7,0.5700481356419284
Actual_35.35_-117.85_2006_UPV_,10,8,0.684076921234763
Actual_35.35_-117.85_2006_UPV_,7,9,0.2992947290274685
Actual_35.35_-117.85_2006_UPV_,6,10,0.026899681490528536
Actual_38.65_-121.25_2006_DPV_,17,2,0.0025789813023855573
Actual_38.65_-121.25_2006_DPV_,9,5,0.6366548116719701
Actual_38.65_-121.25_2006_DPV_,11,5,0.7656246750275578
Actual_38.65_-121.25_2006_DPV_,6,8,0.06235311245606374
Actual_38.65_-121.25_2006_DPV_,10,8,0.72714793785487
Actual_38.65_-121.25_2006_DPV_,16,8,0.3235789605041493
Actual_38.65_-121.25_2006_DPV_,9,9,0.6087685364281109
Actual_38.65_-121.25_2006_DPV_,11,9,0.7428325811304536
Actual_38.65_-121.25_2006_DPV_,8,12,0.13787150849607954
Actual_38.65_-121.25_2006_DPV_,12,12,0.34959755412741006
Actual_34.15_-117.25_2006_DPV_,13,1,0.5799661448122185
Actual_34.15_-117.25_2006_DPV_,14,3,0.43057295601694673
Actual_34.15_-117.25_2006_DPV_,17,3,0.006551074471849506
Actual_34.15_-117.25_2006_DPV_,11,4,0.6226801067299141
Actual_34.15_-117.25_2006_DPV_,7,5,0.278052465977449
Actual_34.15_-117.25_2006_DPV_,14,6,0.5922818460322166
Actual_34.15_-117.25_2006_DPV_,17,6,0.08389168890206541
Actual_34.15_-117.25_2006_DPV_,7,9,0.28589781598972225
Actual_34.15_-117.25_2006_DPV_,8,11,0.38882300622591165
Actual_34.95_-118.25_2006_UPV_,15,3,0.5333646413611434
Actual_34.95_-118.25_2006_UPV_,9,5,0.7278900548430279
Actual_34.95_-118.25_2006_UPV_,15,6,0.6239290495314591
Actual_34.95_-118.25_2006_UPV_,8,7,0.6420412834132229
Actual_34.95_-118.25_2006_UPV_,9,9,0.7360385988398037
Actual_34.95_-118.25_2006_UPV_,10,10,0.7121118884138703
Actual_34.95_-118.25_2006_UPV_,16,10,0.2741665587079501
Actual_34.25_-117.65_2006_UPV_,8,2,0.2893371418089386
Actual_34.25_-117.65_2006_UPV_,17,2,0.002439695496652298
Actual_34.25_-117.65_2006_UPV_,7,3,0.21155171852671503
Actual_34.25_-117.65_2006_UPV_,10,5,0.7042631060406574
Actual_34.25_-117.65_2006_UPV_,16,5,0.2601562754258224
Actual_34.25_-117.65_2006_UPV_,7,6,0.3126112079244244
Actual_34.25_-117.65_2006_UPV_,18,8,7.206404528242553e-05
Actual_34.25_-117.65_2006_UPV_,10,9,0.7286954660796722
Actual_34.25_-117.65_2006_UPV_,16,9,0.1747378397382984
Actual_34.25_-117.65_2006_UPV_,15,11,0.24440062368155555
Actual_34.25_-117.65_2006_UPV_,9,12,0.49995709970324836
Actual_34.25_-117.65_2006_UPV_,14,12,0.45147384709150784
Actual_37.75_-122.05_2006_UPV_,11,1,0.4564444550486735
Actual_37.75_-122.05_2006_UPV_,9,2,0.5314745350803044
Actual_37.75_-122.05_2006_UPV_,17,2,0.03671808960270499
Actual_37.75_-122.05_2006_UPV_,8,4,0.4240014792899408
Actual_37.75_-122.05_2006_UPV_,18,5,0.10246468791754153
Actual_37.75_-122.05_2006_UPV_,14,7,0.8024133899599161
Actual_37.75_-122.05_2006_UPV_,10,8,0.7298029204046577
Actual_37.75_-122.05_2006_UPV_,12,8,0.8207434624928422
Actual_37.75_-122.05_2006_UPV_,7,10,0.2964127218934911
Actual_37.75_-122.05_2006_UPV_,16,10,0.26235326398167597
Actual_37.75_-122.05_2006_UPV_,13,11,0.49305966469428014
Actual_37.75_-122.05_2006_UPV_,15,12,0.2779037029967551
Actual_32.75_-115.45_2006_UPV_,8,1,0.5520042570676079
Actual_32.75_-115.45_2006_UPV_,10,1,0.6832862945324971
Actual_32.75_-115.45_2006_UPV_,11,3,0.7449666237816504
Actual_32.75_-115.45_2006_UPV_,15,4,0.6942507134405232
Actual_32.75_-115.45_2006_UPV_,12,5,0.7649519395927493
Actual_32.75_-115.45_2006_UPV_,13,5,0.758121770994012
Actual_32.75_-115.45_2006_UPV_,14,5,0.7313601735159202
Actual_32.75_-115.45_2006_UPV_,11,6,0.6662281617595879
Actual_32.75_-115.45_2006_UPV_,12,9,0.7231850769123687
Actual_32.75_-115.45_2006_UPV_,13,9,0.7018862671399736
Actual_32.75_-115.45_2006_UPV_,14,9,0.6521472819656159
Actual_32.75_-115.45_2006_UPV_,9,12,0.6561474885321874
Actual_34.45_-114.65_2006_UPV_,15,2,0.36762595663265313
Actual_34.45_-114.65_2006_UPV_,7,3,0.2351670506912442
Actual_34.45_-114.65_2006_UPV_,10,3,0.6754608294930874
Actual_34.45_-114.65_2006_UPV_,14,4,0.5978546626984128
Actual_34.45_-114.65_2006_UPV_,17,4,0.011822916666666664
Actual_34.45_-114.65_2006_UPV_,16,5,0.21005184331797241
Actual_34.45_-114.65_2006_UPV_,7,6,0.33654265873015876
Actual_34.45_-114.65_2006_UPV_,10,6,0.6752455357142857
Actual_34.45_-114.65_2006_UPV_,16,9,0.11738839285714284
Actual_34.45_-114.65_2006_UPV_,9,10,0.6521097350230416
Actual_34.45_-114.65_2006_UPV_,11,10,0.717242703533026
Actual_34.45_-114.65_2006_UPV_,8,12,0.39366359447004606
Actual_35.05_-118.15_2006_UPV_,10,11,0.6417842714040625
Actual_35.05_-118.15_2006_UPV_,11,12,0.615891769721444
Actual_37.95_-121.75_2006_DPV_,7,3,0.09901957249296064
Actual_37.95_-121.75_2006_DPV_,8,3,0.2852975209049696
Actual_37.95_-121.75_2006_DPV_,13,4,0.4931951359956644
Actual_33.65_-117.25_2006_DPV_,9,1,0.5094277439328871
Actual_33.65_-117.25_2006_DPV_,14,2,0.539329942503317
Actual_33.65_-117.25_2006_DPV_,11,3,0.6495056426645363
Actual_33.65_-117.25_2006_DPV_,13,4,0.6348503611971104
Actual_33.65_-117.25_2006_DPV_,11,6,0.7304334365325079
Actual_33.65_-117.25_2006_DPV_,7,8,0.2759213023070009
Actual_33.65_-117.25_2006_DPV_,15,11,0.2094736842105263
Actual_33.65_-117.25_2006_DPV_,8,12,0.3246479576550484
Actual_34.55_-118.55_2006_UPV_,7,3,0.16160209786327162
Actual_34.55_-118.55_2006_UPV_,8,3,0.339417934054545
Actual_34.55_-118.55_2006_UPV_,13,5,0.6794651132000529
Actual_34.55_-118.55_2006_UPV_,7,6,0.28825632199126167
Actual_34.55_-118.55_2006_UPV_,8,6,0.44466069405828434
Actual_34.55_-118.55_2006_UPV_,10,8,0.6720124026769966
Actual_34.55_-118.55_2006_UPV_,14,8,0.5964987208671624
Actual_34.55_-118.55_2006_UPV_,18,8,0.00026479544551833714
Actual_34.55_-118.55_2006_UPV_,13,9,0.6254939170601822
Actual_34.55_-118.55_2006_UPV_,16,10,0.07339958913997001
Actual_34.55_-118.55_2006_UPV_,9,12,0.47510566904270735
Actual_34.55_-118.55_2006_UPV_,15,12,0.20968809659054505
Actual_38.65_-121.05_2006_DPV_,14,1,0.31231769764276296
Actual_38.65_-121.05_2006_DPV_,11,3,0.5169716742648489
Actual_38.65_-121.05_2006_DPV_,7,4,0.18662647912480465
Actual_38.65_-121.05_2006_DPV_,11,6,0.7633846840812679
Actual_38.65_-121.05_2006_DPV_,6,8,0.06602856340340944
Actual_38.65_-121.05_2006_DPV_,9,8,0.656266879847892
Actual_38.65_-121.05_2006_DPV_,15,8,0.526413585981894
Actual_38.65_-121.05_2006_DPV_,13,10,0.6017328176652335
Actual_38.65_-121.05_2006_DPV_,16,11,0.006318374637195802
Actual_33.05_-116.85_2006_DPV_,8,3,0.3786120847469276
Actual_33.05_-116.85_2006_DPV_,12,5,0.8001037156441927
Actual_33.05_-116.85_2006_DPV_,13,5,0.7629847612978201
Actual_33.05_-116.85_2006_DPV_,16,5,0.2762584893753944
Actual_33.05_-116.85_2006_DPV_,8,6,0.4971850991025889
Actual_33.05_-116.85_2006_DPV_,17,7,0.07693076668353606
Actual_33.05_-116.85_2006_DPV_,18,7,0.0005060823602181777
Actual_33.05_-116.85_2006_DPV_,6,8,0.08357856460047611
Actual_33.05_-116.85_2006_DPV_,12,9,0.8036800309897346
Actual_33.05_-116.85_2006_DPV_,13,9,0.7335334753696171
Actual_33.05_-116.85_2006_DPV_,16,9,0.1800116211504939
Actual_33.05_-116.85_2006_DPV_,11,10,0.7210111650515766
Actual_33.05_-116.85_2006_DPV_,15,10,0.29780135330171886
Actual_33.05_-116.85_2006_DPV_,10,12,0.6544769545088189
Actual_33.25_-114.85_2006_UPV_,12,4,0.8285655058043118
Actual_33.25_-114.85_2006_UPV_,8,8,0.5270957042743271
Actual_33.25_-114.85_2006_UPV_,9,8,0.6582588847875319
Actual_33.25_-114.85_2006_UPV_,19,8,0.0
Actual_33.25_-114.85_2006_UPV_,11,10,0.8047308261559586
Actual_33.25_-114.85_2006_UPV_,10,12,0.7102212949588969
Actual_33.25_-114.85_2006_UPV_,16,12,0.003878457176483175
Actual_33.75_-116.15_2006_UPV_,8,1,0.568392255464861
Actual_33.75_-116.15_2006_UPV_,9,2,0.682218634478913
Actual_33.75_-116.15_2006_UPV_,16,4,0.5010913135637685
Actual_33.75_-116.15_2006_UPV_,5,5,0.18521324280575907
Actual_33.75_-116.15_2006_UPV_,13,8,0.6959053400572331
Actual_33.75_-116.15_2006_UPV_,5,9,0.02606560473462193
Actual_33.75_-116.15_2006_UPV_,6,10,0.20380686999490222
Actual_34.05_-117.15_2006_DPV_,11,2,0.7056525735294118
Actual_34.05_-117.15_2006_DPV_,8,3,0.3690109108159394
Actual_34.05_-117.15_2006_DPV_,10,3,0.6211752846299811
Actual_34.05_-117.15_2006_DPV_,7,5,0.28586535420619863
Actual_34.05_-117.15_2006_DPV_,9,5,0.57530834914611
Actual_34.05_-117.15_2006_DPV_,17,5,0.061195445920303605
Actual_34.05_-117.15_2006_DPV_,8,6,0.4770016339869282
Actual_34.05_-117.15_2006_DPV_,10,6,0.7178104575163398
Actual_34.05_-117.15_2006_DPV_,14,7,0.5750415085388997
Actual_34.05_-117.15_2006_DPV_,7,9,0.3034415849673202
Actual_34.05_-117.15_2006_DPV_,9,9,0.6359885620915032
Actual_34.05_-117.15_2006_DPV_,17,9,0.0070028011204481795
Actual_34.05_-117.15_2006_DPV_,16,10,0.057548624288425054
Actual_34.05_-117.15_2006_DPV_,15,12,0.2134131878557874
Actual_37.45_-121.95_2006_DPV_,17,4,0.07270913997418749
Actual_37.45_-121.95_2006_DPV_,18,4,0.00040478704681450197
Actual_37.45_-121.95_2006_DPV_,5,4,0.0
Actual_37.45_-121.95_2006_DPV_,15,5,0.5854367498949712
Actual_37.45_-121.95_2006_DPV_,11,7,0.8523577568098467
Actual_37.45_-121.95_2006_DPV_,7,8,0.21450874862326985
Actual_37.45_-121.95_2006_DPV_,13,8,0.805531900398542
Actual_37.45_-121.95_2006_DPV_,15,9,0.5033321600375454
Actual_37.45_-121.95_2006_DPV_,16,10,0.10532411349933578
Actual_37.45_-121.95_2006_DPV_,14,11,0.3683562126011967
Actual_37.45_-121.95_2006_DPV_,12,12,0.43799888726141406
Actual_37.95_-121.65_2006_DPV_,9,2,0.3906715219802674
Actual_37.95_-121.65_2006_DPV_,6,3,0.003059869227625664
Actual_37.95_-121.65_2006_DPV_,16,4,0.20795531943876855
Actual_37.95_-121.65_2006_DPV_,6,6,0.12758820324206513
Actual_37.95_-121.65_2006_DPV_,7,7,0.26800097551972796
Actual_37.95_-121.65_2006_DPV_,17,8,0.12219373294488312
Actual_37.95_-121.65_2006_DPV_,13,10,0.5716084211081377
Actual_37.95_-121.65_2006_DPV_,8,11,0.21182740771012118
Actual_37.95_-121.65_2006_DPV_,11,11,0.4154713254325024
Actual_37.95_-121.65_2006_DPV_,12,12,0.40775406356697463
Actual_37.95_-121.65_2006_DPV_,15,12,0.13270363974320104
Actual_35.05_-118.15_2006_UPV_,16,2,0.3464516970660089
Actual_35.05_-118.15_2006_UPV_,5,5,0.1430377102826263
Actual_35.05_-118.15_2006_UPV_,6,7,0.3978458918232797
Actual_35.05_-118.15_2006_UPV_,15,8,0.666247127945028
Actual_35.05_-118.15_2006_UPV_,12,10,0.7162918489874835
Actual_35.05_-118.15_2006_UPV_,14,10,0.6972090856019667
Actual_35.05_-118.15_2006_UPV_,17,10,0.02042171675244895
Actual_37.95_-121.75_2006_DPV_,7,6,0.31086271720353625
Actual_37.95_-121.75_2006_DPV_,8,6,0.4837719743928462
Actual_37.95_-121.75_2006_DPV_,10,7,0.6942285566310791
Actual_37.95_-121.75_2006_DPV_,18,8,0.002415066219557634
Actual_37.95_-121.75_2006_DPV_,15,11,0.1425871354537141
Actual_33.75_-116.25_2006_DPV_,8,2,0.3910564225690277
Actual_33.75_-116.25_2006_DPV_,6,5,0.1740007831089426
Actual_33.75_-116.25_2006_DPV_,13,7,0.6471793018282584
Actual_33.75_-116.25_2006_DPV_,6,9,0.09396202925614698
Actual_33.75_-116.25_2006_DPV_,11,10,0.7273877292852629
Actual_33.75_-116.25_2006_DPV_,16,10,0.05460678895214001
Actual_33.75_-116.25_2006_DPV_,7,11,0.2083722377840026
Actual_35.35_-117.85_2006_UPV_,11,1,0.6398208683574013
Actual_35.35_-117.85_2006_UPV_,12,4,0.7139136352388021
Actual_35.35_-117.85_2006_UPV_,5,5,0.002364872955432622
Actual_35.35_-117.85_2006_UPV_,8,5,0.4874931149268385
Actual_35.35_-117.85_2006_UPV_,13,5,0.6650741193093376
Actual_35.35_-117.85_2006_UPV_,10,7,0.6657386785449146
Actual_35.35_-117.85_2006_UPV_,9,8,0.6098498455348803
Actual_35.35_-117.85_2006_UPV_,8,9,0.5042192526602326
Actual_35.35_-117.85_2006_UPV_,13,9,0.6692650334075725
Actual_35.35_-117.85_2006_UPV_,15,10,0.3163421701750605
Actual_35.35_-117.85_2006_UPV_,16,12,0.010147999137869101
Actual_38.65_-121.25_2006_DPV_,14,1,0.3006801023273226
Actual_38.65_-121.25_2006_DPV_,8,3,0.2687132131195275
Actual_38.65_-121.25_2006_DPV_,12,3,0.5469728167051434
Actual_38.65_-121.25_2006_DPV_,7,4,0.17195357833655708
Actual_38.65_-121.25_2006_DPV_,5,4,0.00019342359767891682
Actual_38.65_-121.25_2006_DPV_,8,6,0.5056307758435419
Actual_38.65_-121.25_2006_DPV_,12,6,0.7514291854717389
Actual_38.65_-121.25_2006_DPV_,18,6,0.009112400601762305
Actual_38.65_-121.25_2006_DPV_,6,7,0.09702377238410183
Actual_38.65_-121.25_2006_DPV_,10,7,0.7206796863625966
Actual_38.65_-121.25_2006_DPV_,16,7,0.35668975270897035
Actual_38.65_-121.25_2006_DPV_,19,7,0.0
Actual_38.65_-121.25_2006_DPV_,17,10,0.0004029658284977434
Actual_38.65_-121.25_2006_DPV_,13,11,0.3537932516655921
Actual_38.65_-121.25_2006_DPV_,15,11,0.13767461852568236
Actual_34.15_-117.25_2006_DPV_,15,1,0.2696269234815374
Actual_34.15_-117.25_2006_DPV_,9,4,0.5469512797707284
Actual_34.15_-117.25_2006_DPV_,10,4,0.6010080047435518
Actual_34.15_-117.25_2006_DPV_,12,5,0.7106146533668699
Actual_34.15_-117.25_2006_DPV_,12,9,0.7487004644727742
Actual_34.15_-117.25_2006_DPV_,16,11,0.010149224231643444
Actual_34.15_-117.25_2006_DPV_,14,12,0.40535371020341804
Actual_34.95_-118.25_2006_UPV_,10,2,0.6602481353987377
Actual_34.95_-118.25_2006_UPV_,16,2,0.3285523044559188
Actual_34.95_-118.25_2006_UPV_,14,4,0.6840751896474788
Actual_34.95_-118.25_2006_UPV_,8,8,0.6628827136503
Actual_34.95_-118.25_2006_UPV_,15,12,0.43594269551323567
Actual_34.25_-117.65_2006_UPV_,11,1,0.6363504569621263
Actual_34.25_-117.65_2006_UPV_,9,3,0.5581358193808746
Actual_34.25_-117.65_2006_UPV_,14,3,0.4385475438840449
Actual_34.25_-117.65_2006_UPV_,6,4,0.07209025038980096
Actual_34.25_-117.65_2006_UPV_,5,4,0.0002802490649872105
Actual_34.25_-117.65_2006_UPV_,12,5,0.7230978156352351
Actual_34.25_-117.65_2006_UPV_,9,6,0.6053654957351189
Actual_34.25_-117.65_2006_UPV_,14,6,0.5981686997462473
Actual_34.25_-117.65_2006_UPV_,18,7,0.000508886278709914
Actual_34.25_-117.65_2006_UPV_,12,9,0.7267174172246171
Actual_34.25_-117.65_2006_UPV_,8,10,0.4422961422277977
Actual_34.25_-117.65_2006_UPV_,7,12,0.08074723441018007
Actual_37.75_-122.05_2006_UPV_,7,2,0.07691647295012681
Actual_37.75_-122.05_2006_UPV_,16,2,0.3044233410819949
Actual_37.75_-122.05_2006_UPV_,15,3,0.38632730482916594
Actual_37.75_-122.05_2006_UPV_,15,6,0.6939472386587772
Actual_37.75_-122.05_2006_UPV_,10,7,0.7407365432334415
Actual_37.75_-122.05_2006_UPV_,12,7,0.7926011643443404
Actual_37.75_-122.05_2006_UPV_,14,8,0.8197055735827449
Actual_37.75_-122.05_2006_UPV_,9,10,0.5519600591715977
Actual_37.75_-122.05_2006_UPV_,17,10,0.008259368836291914
Actual_32.75_-115.45_2006_UPV_,9,3,0.6996072989849051
Actual_32.75_-115.45_2006_UPV_,6,5,0.4848611401127584
Actual_32.75_-115.45_2006_UPV_,16,5,0.5331438309566952
Actual_32.75_-115.45_2006_UPV_,9,6,0.6654485974803368
Actual_32.75_-115.45_2006_UPV_,6,9,0.41585496173829734
Actual_32.75_-115.45_2006_UPV_,16,9,0.39184937704461625
Actual_32.75_-115.45_2006_UPV_,7,11,0.4440757092145692
Actual_32.75_-115.45_2006_UPV_,11,12,0.6781198849514007
Actual_34.45_-114.65_2006_UPV_,9,2,0.5696774022108843
Actual_34.45_-114.65_2006_UPV_,11,2,0.7280240221088434
Actual_34.45_-114.65_2006_UPV_,8,3,0.42049011136712755
Actual_34.45_-114.65_2006_UPV_,6,4,0.13790509259259257
Actual_34.45_-114.65_2006_UPV_,8,6,0.49758928571428573
Actual_34.45_-114.65_2006_UPV_,15,10,0.2558491743471582
Actual_34.45_-114.65_2006_UPV_,10,12,0.6288954493087558
Actual_35.05_-118.15_2006_UPV_,7,11,0.3577010349216891
Actual_37.95_-121.75_2006_DPV_,9,1,0.278722002419109
Actual_37.95_-121.75_2006_DPV_,13,2,0.5149665394051127
Actual_37.95_-121.75_2006_DPV_,5,4,0.000203231378924906
Actual_37.95_-121.75_2006_DPV_,10,5,0.7293941410360211
Actual_33.65_-117.25_2006_DPV_,13,2,0.626514816452897
Actual_33.65_-117.25_2006_DPV_,14,4,0.5280598555211558
Actual_33.65_-117.25_2006_DPV_,6,8,0.0782382902227105
Actual_33.65_-117.25_2006_DPV_,12,10,0.6431039648457006
Actual_33.65_-117.25_2006_DPV_,10,11,0.6226625386996905
Actual_33.65_-117.25_2006_DPV_,16,11,0.009979360165118677
Actual_34.55_-118.55_2006_UPV_,11,1,0.6137873009229401
Actual_34.55_-118.55_2006_UPV_,13,7,0.6196626278243068
Actual_34.55_-118.55_2006_UPV_,12,8,0.7291754753861245
Actual_34.55_-118.55_2006_UPV_,17,8,0.06573618116564092
Actual_34.55_-118.55_2006_UPV_,6,11,0.0025645929260387098
Actual_38.65_-121.05_2006_DPV_,7,2,0.026624246483590082
Actual_38.65_-121.05_2006_DPV_,12,3,0.5082859797333793
Actual_38.65_-121.05_2006_DPV_,12,6,0.7596338468408128
Actual_38.65_-121.05_2006_DPV_,18,8,0.0015124343711513941
Actual_38.65_-121.05_2006_DPV_,8,10,0.36795367629583214
Actual_38.65_-121.05_2006_DPV_,10,11,0.3935699933020763
Actual_33.05_-116.85_2006_DPV_,5,4,0.0004995055914044262
Actual_33.05_-116.85_2006_DPV_,17,5,0.058336925893297836
Actual_33.05_-116.85_2006_DPV_,18,5,0.0001291238943766544
Actual_33.05_-116.85_2006_DPV_,12,7,0.745877927936371
Actual_33.05_-116.85_2006_DPV_,13,7,0.686153961500253
Actual_33.05_-116.85_2006_DPV_,16,7,0.2548905674995158
Actual_33.05_-116.85_2006_DPV_,17,9,0.007539913118065352
Actual_33.05_-116.85_2006_DPV_,9,11,0.580508748143844
Actual_33.05_-116.85_2006_DPV_,14,11,0.4631028471818709
Actual_33.05_-116.85_2006_DPV_,7,12,0.10256602500421735
Actual_33.25_-114.85_2006_UPV_,14,1,0.5555510975588009
Actual_33.25_-114.85_2006_UPV_,12,2,0.7794756376845929
Actual_33.25_-114.85_2006_UPV_,18,3,0.0
Actual_33.25_-114.85_2006_UPV_,18,6,1.8426386585590565e-05
Actual_33.25_-114.85_2006_UPV_,15,8,0.39858948982685133
Actual_33.25_-114.85_2006_UPV_,13,10,0.6837898322010021
Actual_33.25_-114.85_2006_UPV_,7,11,0.26042900576482664
Actual_33.25_-114.85_2006_UPV_,17,11,0.0
Actual_33.75_-116.15_2006_UPV_,16,2,0.3458099855191085
Actual_33.75_-116.15_2006_UPV_,11,3,0.7300623714135422
Actual_33.75_-116.15_2006_UPV_,12,3,0.7353510448379584
Actual_33.75_-116.15_2006_UPV_,17,3,0.0701521001354664
Actual_33.75_-116.15_2006_UPV_,9,4,0.7552771306847994
Actual_33.75_-116.15_2006_UPV_,11,6,0.7171483137106761
Actual_33.75_-116.15_2006_UPV_,12,6,0.7122730802325338
Actual_33.75_-116.15_2006_UPV_,17,6,0.35163382232575713
Actual_33.75_-116.15_2006_UPV_,5,7,0.14177463020921136
Actual_33.75_-116.15_2006_UPV_,14,8,0.676665861044371
Actual_33.75_-116.15_2006_UPV_,15,11,0.4643497240235892
Actual_33.75_-116.15_2006_UPV_,7,12,0.303266019867052
Actual_33.75_-116.15_2006_UPV_,10,12,0.6894122951502216
Actual_34.05_-117.15_2006_DPV_,12,1,0.6505574003795066
Actual_34.05_-117.15_2006_DPV_,6,3,0.014804712207463632
Actual_34.05_-117.15_2006_DPV_,11,4,0.6493974673202614
Actual_34.05_-117.15_2006_DPV_,14,5,0.610551075268817
Actual_34.05_-117.15_2006_DPV_,6,6,0.1447201797385621
Actual_34.05_-117.15_2006_DPV_,7,7,0.28222841555977235
Actual_34.05_-117.15_2006_DPV_,9,7,0.6053229759645794
Actual_34.05_-117.15_2006_DPV_,17,7,0.08380771663504111
Actual_34.05_-117.15_2006_DPV_,14,9,0.593607026143791
Actual_34.05_-117.15_2006_DPV_,13,12,0.5370611954459202
Actual_37.45_-121.95_2006_DPV_,10,1,0.4232834871864745
Actual_37.45_-121.95_2006_DPV_,17,2,0.004894319572249878
Actual_37.45_-121.95_2006_DPV_,9,3,0.4627175801342099
Actual_37.45_-121.95_2006_DPV_,11,5,0.8517900330415233
Actual_37.45_-121.95_2006_DPV_,9,6,0.6160858852516718
Actual_37.45_-121.95_2006_DPV_,15,7,0.6077937118915421
Actual_37.45_-121.95_2006_DPV_,11,9,0.7913762759591692
Actual_37.45_-121.95_2006_DPV_,8,11,0.26381555790214717
Actual_37.95_-121.65_2006_DPV_,14,1,0.30236497620522834
Actual_37.95_-121.65_2006_DPV_,16,2,0.13299448304045772
Actual_37.95_-121.65_2006_DPV_,9,4,0.43782522817054903
Actual_37.95_-121.65_2006_DPV_,7,5,0.2975434040365424
Actual_37.95_-121.65_2006_DPV_,7,9,0.22995164146574035
Actual_37.95_-121.65_2006_DPV_,10,12,0.37706803590967203
Actual_35.05_-118.15_2006_UPV_,9,3,0.653837708140301
Actual_35.05_-118.15_2006_UPV_,16,4,0.46943383695832647
Actual_35.05_-118.15_2006_UPV_,6,5,0.4278866495637691
Actual_35.05_-118.15_2006_UPV_,9,6,0.6839780840112901
Actual_35.05_-118.15_2006_UPV_,5,7,0.11013159233690209
Actual_35.05_-118.15_2006_UPV_,6,9,0.338557750843987
Actual_35.05_-118.15_2006_UPV_,8,10,0.6516150455511937
Actual_35.05_-118.15_2006_UPV_,13,10,0.7190768719907024
Actual_37.95_-121.75_2006_DPV_,6,8,0.050948795526287324
Actual_37.95_-121.75_2006_DPV_,10,9,0.6894760017613386
Actual_37.95_-121.75_2006_DPV_,11,10,0.6421619885207049
Actual_37.95_-121.75_2006_DPV_,12,10,0.6226583319948469
Actual_37.95_-121.75_2006_DPV_,16,10,0.09160162716220156
Actual_37.95_-121.75_2006_DPV_,17,10,0.0008806693086745927
Actual_37.95_-121.75_2006_DPV_,14,12,0.2978716429945815
Actual_33.75_-116.25_2006_DPV_,15,1,0.31152676124213136
Actual_33.75_-116.25_2006_DPV_,10,3,0.7195265202855339
Actual_33.75_-116.25_2006_DPV_,8,4,0.5663554310613134
Actual_33.75_-116.25_2006_DPV_,13,5,0.7543447486521493
Actual_33.75_-116.25_2006_DPV_,10,6,0.709648303765951
Actual_33.75_-116.25_2006_DPV_,6,7,0.1307490738230776
Actual_33.75_-116.25_2006_DPV_,14,8,0.585645010692449
Actual_33.75_-116.25_2006_DPV_,13,9,0.6844070961718024
Actual_33.75_-116.25_2006_DPV_,9,11,0.5938064114534704
Actual_33.75_-116.25_2006_DPV_,12,11,0.6957360722066606
Actual_35.35_-117.85_2006_UPV_,12,2,0.6701201081769009
Actual_35.35_-117.85_2006_UPV_,6,4,0.08271467458549862
Actual_35.35_-117.85_2006_UPV_,10,5,0.6981883277055343
Actual_35.35_-117.85_2006_UPV_,18,6,0.00030932937391734723
Actual_35.35_-117.85_2006_UPV_,5,7,0.001329118471154537
Actual_35.35_-117.85_2006_UPV_,8,7,0.45190626721268295
Actual_35.35_-117.85_2006_UPV_,13,7,0.6490887755346407
Actual_35.35_-117.85_2006_UPV_,7,8,0.29199894628445533
Actual_35.35_-117.85_2006_UPV_,10,9,0.7181328878990348
Actual_35.35_-117.85_2006_UPV_,14,12,0.4328974782671169
Actual_38.65_-121.25_2006_DPV_,7,2,0.010914617297596022
Actual_38.65_-121.25_2006_DPV_,6,5,0.11436950146627567
Actual_38.65_-121.25_2006_DPV_,10,5,0.7314531727709491
Actual_38.65_-121.25_2006_DPV_,16,5,0.31815062082735385
Actual_38.65_-121.25_2006_DPV_,9,8,0.6342422162600613
Actual_38.65_-121.25_2006_DPV_,11,8,0.779538695118654
Actual_38.65_-121.25_2006_DPV_,6,9,0.027079303675048363
Actual_38.65_-121.25_2006_DPV_,10,9,0.7049860305179454
Actual_38.65_-121.25_2006_DPV_,16,9,0.2219643240919837
Actual_34.15_-117.25_2006_DPV_,8,1,0.2667004580970324
Actual_34.15_-117.25_2006_DPV_,9,2,0.49132819448562104
Actual_34.15_-117.25_2006_DPV_,10,2,0.605808733217568
Actual_34.15_-117.25_2006_DPV_,6,3,0.014546254411216207
Actual_34.15_-117.25_2006_DPV_,6,6,0.14798893171261981
Actual_34.15_-117.25_2006_DPV_,18,6,0.0004545903745429389
Actual_34.15_-117.25_2006_DPV_,12,7,0.6954850186012261
Actual_34.15_-117.25_2006_DPV_,7,8,0.2913841416179719
Actual_34.15_-117.25_2006_DPV_,11,10,0.6451612903225806
Actual_34.15_-117.25_2006_DPV_,13,11,0.543047731989327
Actual_34.95_-118.25_2006_UPV_,14,2,0.6453791355899791
Actual_34.95_-118.25_2006_UPV_,6,3,0.092774323098847
Actual_34.95_-118.25_2006_UPV_,11,3,0.6978397460810982
Actual_34.95_-118.25_2006_UPV_,12,3,0.6980772552575896
Actual_34.95_-118.25_2006_UPV_,13,3,0.6166116077212076
Actual_34.95_-118.25_2006_UPV_,17,3,0.09964049747376605
Actual_34.95_-118.25_2006_UPV_,10,4,0.6963018741633201
Actual_34.95_-118.25_2006_UPV_,16,4,0.4330600178491744
Actual_34.95_-118.25_2006_UPV_,5,6,0.21826751450245424
Actual_34.95_-118.25_2006_UPV_,6,6,0.4703703703703702
Actual_34.95_-118.25_2006_UPV_,11,6,0.7080711735832218
Actual_34.95_-118.25_2006_UPV_,12,6,0.6980477465417224
Actual_34.95_-118.25_2006_UPV_,13,6,0.6887996430165103
Actual_34.95_-118.25_2006_UPV_,17,6,0.37498884426595275
Actual_34.95_-118.25_2006_UPV_,9,8,0.6848793021548558
Actual_34.95_-118.25_2006_UPV_,7,12,0.1697974694476832
Actual_34.25_-117.65_2006_UPV_,15,1,0.30405955152917363
Actual_34.25_-117.65_2006_UPV_,6,2,0.0003974441285273166
Actual_34.25_-117.65_2006_UPV_,13,3,0.5067945194131239
Actual_34.25_-117.65_2006_UPV_,18,5,0.00014110442432922488
Actual_34.25_-117.65_2006_UPV_,13,6,0.6752973187807637
Actual_34.25_-117.65_2006_UPV_,12,7,0.6995174456275718
Actual_34.25_-117.65_2006_UPV_,10,8,0.7276482057320713
Actual_34.25_-117.65_2006_UPV_,16,8,0.272304456009444
Actual_37.75_-122.05_2006_UPV_,13,1,0.43262072914678384
Actual_37.75_-122.05_2006_UPV_,7,4,0.31938486193293886
Actual_37.75_-122.05_2006_UPV_,16,4,0.38212524654832347
Actual_37.75_-122.05_2006_UPV_,5,4,0.006703032544378698
Actual_37.75_-122.05_2006_UPV_,10,5,0.758887669402558
Actual_37.75_-122.05_2006_UPV_,12,5,0.7893622351593816
Actual_37.75_-122.05_2006_UPV_,18,8,0.066370808678501
Actual_37.75_-122.05_2006_UPV_,10,9,0.7046905818540433
Actual_37.75_-122.05_2006_UPV_,12,9,0.7703340729783039
Actual_37.75_-122.05_2006_UPV_,8,10,0.48493868104600113
Actual_37.75_-122.05_2006_UPV_,11,11,0.4922090729783038
Actual_32.75_-115.45_2006_UPV_,18,3,0.0
Actual_32.75_-115.45_2006_UPV_,18,6,0.030305561355885018
Actual_32.75_-115.45_2006_UPV_,6,7,0.37782822193332843
Actual_32.75_-115.45_2006_UPV_,16,7,0.482119642460208
Actual_32.75_-115.45_2006_UPV_,12,8,0.6973844630504046
Actual_32.75_-115.45_2006_UPV_,13,8,0.6927501869202947
Actual_32.75_-115.45_2006_UPV_,14,8,0.6759576718151142
Actual_32.75_-115.45_2006_UPV_,15,10,0.5340666446628363
Actual_32.75_-115.45_2006_UPV_,8,11,0.6391800654277162
Actual_32.75_-115.45_2006_UPV_,10,11,0.6942994362079767
Actual_32.75_-115.45_2006_UPV_,17,12,0.0
Actual_34.45_-114.65_2006_UPV_,13,3,0.6378960253456223
Actual_34.45_-114.65_2006_UPV_,9,4,0.7106770833333333
Actual_34.45_-114.65_2006_UPV_,11,4,0.833578869047619
Actual_34.45_-114.65_2006_UPV_,13,6,0.617078373015873
Actual_34.45_-114.65_2006_UPV_,16,8,0.1954229070660522
Actual_34.45_-114.65_2006_UPV_,14,10,0.4590413786482335
Actual_34.45_-114.65_2006_UPV_,17,10,0.0
Actual_34.45_-114.65_2006_UPV_,12,12,0.6422859062980031
Actual_35.05_-118.15_2006_UPV_,7,12,0.17082902636666975
Actual_37.95_-121.75_2006_DPV_,7,1,0.000658863018772679
Actual_37.95_-121.75_2006_DPV_,8,1,0.12777025675990178
Actual_37.95_-121.75_2006_DPV_,18,4,0.0004674321715272838
Actual_33.65_-117.25_2006_DPV_,11,1,0.6585838410066913
Actual_33.65_-117.25_2006_DPV_,6,2,0.00030959752321981426
Actual_33.65_-117.25_2006_DPV_,9,3,0.5585438929391792
Actual_33.65_-117.25_2006_DPV_,17,3,0.008678717667032857
Actual_33.65_-117.25_2006_DPV_,7,4,0.26898864809081524
Actual_33.65_-117.25_2006_DPV_,9,6,0.606315789473684
Actual_33.65_-117.25_2006_DPV_,17,6,0.08742002063983487
Actual_33.65_-117.25_2006_DPV_,12,7,0.7350344552082294
Actual_33.65_-117.25_2006_DPV_,13,8,0.7687106761210426
Actual_33.65_-117.25_2006_DPV_,10,12,0.6221911515030459
Actual_33.65_-117.25_2006_DPV_,16,12,0.006421651852591631
Actual_34.55_-118.55_2006_UPV_,7,1,0.040670302621332546
Actual_34.55_-118.55_2006_UPV_,8,1,0.2844643373209249
Actual_34.55_-118.55_2006_UPV_,12,2,0.6542086714203752
Actual_34.55_-118.55_2006_UPV_,17,2,0.0013386880856760374
Actual_34.55_-118.55_2006_UPV_,10,4,0.5286052635450225
Actual_34.55_-118.55_2006_UPV_,14,4,0.43991644232608085
Actual_34.55_-118.55_2006_UPV_,18,4,4.4132574253056176e-05
Actual_34.55_-118.55_2006_UPV_,16,5,0.2454653779954985
Actual_34.55_-118.55_2006_UPV_,16,9,0.18685879047324827
Actual_34.55_-118.55_2006_UPV_,13,10,0.5806736339188728
Actual_38.65_-121.05_2006_DPV_,11,1,0.42065121102780717
Actual_38.65_-121.05_2006_DPV_,14,3,0.4061102348594516
Actual_38.65_-121.05_2006_DPV_,6,4,0.03799955347175709
Actual_38.65_-121.05_2006_DPV_,9,4,0.43835677606608614
Actual_38.65_-121.05_2006_DPV_,15,4,0.3726278187095333
Actual_38.65_-121.05_2006_DPV_,13,5,0.7501458418857896
Actual_38.65_-121.05_2006_DPV_,14,6,0.6250055816030363
Actual_38.65_-121.05_2006_DPV_,8,7,0.4875440226433031
Actual_38.65_-121.05_2006_DPV_,7,8,0.28044854482207277
Actual_38.65_-121.05_2006_DPV_,13,9,0.7195579370395175
Actual_38.65_-121.05_2006_DPV_,10,12,0.36648445433528504
Actual_33.05_-116.85_2006_DPV_,8,1,0.3039618126495598
Actual_33.05_-116.85_2006_DPV_,6,4,0.07385886758344631
Actual_33.05_-116.85_2006_DPV_,11,5,0.7902507294458709
Actual_33.05_-116.85_2006_DPV_,15,5,0.4744428408089821
Actual_33.05_-116.85_2006_DPV_,11,9,0.8271999483504422
Actual_33.05_-116.85_2006_DPV_,15,9,0.4178965717606044
Actual_33.05_-116.85_2006_DPV_,12,10,0.7145757967673207
Actual_33.05_-116.85_2006_DPV_,13,10,0.649384891254772
Actual_33.05_-116.85_2006_DPV_,16,10,0.06332277433100286
Actual_33.05_-116.85_2006_DPV_,7,11,0.19712053715540057
Actual_33.05_-116.85_2006_DPV_,9,12,0.5366847231854447
Actual_33.05_-116.85_2006_DPV_,14,12,0.461259707721817
Actual_33.25_-114.85_2006_UPV_,15,2,0.3910161494116718
Actual_33.25_-114.85_2006_UPV_,8,4,0.5821770775750875
Actual_33.25_-114.85_2006_UPV_,9,4,0.7256909894969595
Actual_33.25_-114.85_2006_UPV_,6,5,0.1793006294691417
Actual_33.25_-114.85_2006_UPV_,11,5,0.8305426273649673
Actual_33.25_-114.85_2006_UPV_,13,7,0.6504975124378111
Actual_33.25_-114.85_2006_UPV_,12,8,0.7555189999821679
Actual_33.25_-114.85_2006_UPV_,6,9,0.11234676291743895
Actual_33.25_-114.85_2006_UPV_,11,9,0.8119541182974016
Actual_33.25_-114.85_2006_UPV_,17,12,0.0
Actual_33.75_-116.15_2006_UPV_,14,2,0.691132027954417
Actual_33.75_-116.15_2006_UPV_,8,3,0.6475355066179502
Actual_33.75_-116.15_2006_UPV_,13,4,0.7813952024176792
Actual_33.75_-116.15_2006_UPV_,6,5,0.4636200604013624
Actual_33.75_-116.15_2006_UPV_,8,6,0.6599865684484458
Actual_33.75_-116.15_2006_UPV_,16,8,0.5093760218371033
Actual_33.75_-116.15_2006_UPV_,6,9,0.3875212491342946
Actual_33.75_-116.15_2006_UPV_,7,11,0.4316375999496317
Actual_33.75_-116.15_2006_UPV_,10,11,0.6903061974018343
Actual_33.75_-116.15_2006_UPV_,15,12,0.3998249294741996
Actual_34.05_-117.15_2006_DPV_,8,1,0.293168880455408
Actual_34.05_-117.15_2006_DPV_,10,1,0.6177162397216952
Actual_34.05_-117.15_2006_DPV_,16,5,0.2640239563567362
Actual_34.05_-117.15_2006_DPV_,18,7,0.0005336812144212523
Actual_34.05_-117.15_2006_DPV_,16,9,0.16301062091503268
Actual_34.05_-117.15_2006_DPV_,7,10,0.23323845667299176
Actual_34.05_-117.15_2006_DPV_,9,10,0.5470331277672359
Actual_34.05_-117.15_2006_DPV_,13,11,0.5823733660130717
Actual_37.45_-121.95_2006_DPV_,6,3,0.0019711369236184444
Actual_37.45_-121.95_2006_DPV_,7,4,0.1704212131878447
Actual_37.45_-121.95_2006_DPV_,13,4,0.5496304118268216
Actual_37.45_-121.95_2006_DPV_,16,5,0.37051924015850846
Actual_37.45_-121.95_2006_DPV_,6,6,0.11302358324533615
Actual_37.45_-121.95_2006_DPV_,5,8,0.0
Actual_37.45_-121.95_2006_DPV_,17,8,0.13958056567996277
Actual_37.45_-121.95_2006_DPV_,18,8,0.0027455121436114048
Actual_37.45_-121.95_2006_DPV_,16,9,0.2805936876686612
Actual_37.45_-121.95_2006_DPV_,15,10,0.3428938015918974
Actual_37.45_-121.95_2006_DPV_,8,12,0.1908233130088224
Actual_37.95_-121.65_2006_DPV_,17,4,0.0606184443536303
Actual_37.95_-121.65_2006_DPV_,13,5,0.7095060442675035
Actual_37.95_-121.65_2006_DPV_,18,6,0.01221223266584934
Actual_37.95_-121.65_2006_DPV_,16,8,0.3305001516010388
Actual_37.95_-121.65_2006_DPV_,13,9,0.6920106252554147
Actual_37.95_-121.65_2006_DPV_,10,11,0.40064364527993457
Actual_35.05_-118.15_2006_UPV_,15,4,0.5844042282362057
Actual_35.05_-118.15_2006_UPV_,12,5,0.7427549233315305
Actual_35.05_-118.15_2006_UPV_,14,5,0.6892128560946479
Actual_35.05_-118.15_2006_UPV_,17,5,0.3252264170143483
Actual_35.05_-118.15_2006_UPV_,18,6,0.10188721013891194
Actual_35.05_-118.15_2006_UPV_,8,7,0.6536181197881242
Actual_35.05_-118.15_2006_UPV_,13,7,0.682523445073455
Actual_35.05_-118.15_2006_UPV_,12,9,0.7207095024627815
Actual_35.05_-118.15_2006_UPV_,14,9,0.6809175936687145
Actual_35.05_-118.15_2006_UPV_,17,9,0.14695887984946598
Actual_37.95_-121.75_2006_DPV_,11,7,0.7563747455510356
Actual_37.95_-121.75_2006_DPV_,12,7,0.7643892733167033
Actual_37.95_-121.75_2006_DPV_,16,7,0.3530948533292249
Actual_37.95_-121.75_2006_DPV_,17,7,0.17361204440933423
Actual_37.95_-121.75_2006_DPV_,13,8,0.73761517810608
Actual_37.95_-121.75_2006_DPV_,14,11,0.2774988991633641
Actual_33.75_-116.25_2006_DPV_,14,2,0.5802987861811391
Actual_33.75_-116.25_2006_DPV_,11,5,0.820637932592392
Actual_33.75_-116.25_2006_DPV_,16,5,0.2611969518990392
Actual_33.75_-116.25_2006_DPV_,5,6,0.007220666044195458
Actual_33.75_-116.25_2006_DPV_,11,9,0.8109554933084351
Actual_33.75_-116.25_2006_DPV_,16,9,0.15291005291005283
Actual_33.75_-116.25_2006_DPV_,6,10,0.037559109665371515
Actual_33.75_-116.25_2006_DPV_,9,12,0.5492605644408302
Actual_33.75_-116.25_2006_DPV_,12,12,0.6793168880455409
Actual_35.35_-117.85_2006_UPV_,7,2,0.1184245413087284
Actual_35.35_-117.85_2006_UPV_,11,3,0.7326196805326053
Actual_35.35_-117.85_2006_UPV_,9,4,0.6133815887156643
Actual_35.35_-117.85_2006_UPV_,15,5,0.4153614962760734
Actual_35.35_-117.85_2006_UPV_,11,6,0.7351707498144023
Actual_35.35_-117.85_2006_UPV_,12,8,0.7370081662954714
Actual_35.35_-117.85_2006_UPV_,15,9,0.3855481316505816
Actual_35.35_-117.85_2006_UPV_,8,10,0.4692805996599374
Actual_35.35_-117.85_2006_UPV_,13,10,0.6149986828555689
Actual_35.35_-117.85_2006_UPV_,14,11,0.46679039841623354
Actual_38.65_-121.25_2006_DPV_,8,1,0.12753478505022778
Actual_38.65_-121.25_2006_DPV_,12,1,0.3911732285102224
Actual_38.65_-121.25_2006_DPV_,9,2,0.3610573823339781
Actual_38.65_-121.25_2006_DPV_,11,2,0.5897117067329836
Actual_38.65_-121.25_2006_DPV_,14,3,0.42149705704956225
Actual_38.65_-121.25_2006_DPV_,17,5,0.12720201326927477
Actual_38.65_-121.25_2006_DPV_,14,6,0.6165269718461206
Actual_38.65_-121.25_2006_DPV_,5,8,0.0
Actual_38.65_-121.25_2006_DPV_,7,8,0.27018988789750636
Actual_38.65_-121.25_2006_DPV_,17,9,0.03116269073715883
Actual_34.15_-117.25_2006_DPV_,7,2,0.09535809580280379
Actual_34.15_-117.25_2006_DPV_,15,3,0.3068771936535868
Actual_34.15_-117.25_2006_DPV_,15,6,0.443383733570511
Actual_34.15_-117.25_2006_DPV_,11,7,0.6925202987672504
Actual_34.15_-117.25_2006_DPV_,9,8,0.6263974828572249
Actual_34.15_-117.25_2006_DPV_,10,8,0.7159320218432906
Actual_34.15_-117.25_2006_DPV_,12,10,0.6286736226007289
Actual_34.15_-117.25_2006_DPV_,13,12,0.5384218126870881
Actual_34.95_-118.25_2006_UPV_,9,2,0.6123003920443678
Actual_34.95_-118.25_2006_UPV_,8,4,0.6649431057563586
Actual_34.95_-118.25_2006_UPV_,14,8,0.7192425616444272
Actual_34.95_-118.25_2006_UPV_,7,11,0.3661311914323962
Actual_34.25_-117.65_2006_UPV_,9,1,0.5138982168269758
Actual_34.25_-117.65_2006_UPV_,14,1,0.5063211368282774
Actual_34.25_-117.65_2006_UPV_,10,2,0.6120235583915304
Actual_34.25_-117.65_2006_UPV_,16,2,0.13160204923939675
Actual_34.25_-117.65_2006_UPV_,11,3,0.6286195276233533
Actual_34.25_-117.65_2006_UPV_,8,5,0.4818916368090465
Actual_34.25_-117.65_2006_UPV_,17,5,0.058669854109404625
Actual_34.25_-117.65_2006_UPV_,11,6,0.7274205876058576
Actual_34.25_-117.65_2006_UPV_,5,8,0.00025375278975205595
Actual_34.25_-117.65_2006_UPV_,6,8,0.08486270425718875
Actual_34.25_-117.65_2006_UPV_,8,9,0.5053104650096305
Actual_34.25_-117.65_2006_UPV_,17,9,0.008585448303874423
Actual_34.25_-117.65_2006_UPV_,12,10,0.6716943842032232
Actual_37.75_-122.05_2006_UPV_,15,1,0.3679435483870968
Actual_37.75_-122.05_2006_UPV_,14,4,0.49640039447731765
Actual_37.75_-122.05_2006_UPV_,9,5,0.7106735541133804
Actual_37.75_-122.05_2006_UPV_,17,5,0.3879736113762167
Actual_37.75_-122.05_2006_UPV_,8,7,0.5409667875548768
Actual_37.75_-122.05_2006_UPV_,9,9,0.6414817554240632
Actual_37.75_-122.05_2006_UPV_,17,9,0.19122904339250496
Actual_37.75_-122.05_2006_UPV_,11,12,0.46656088948272567
Actual_32.75_-115.45_2006_UPV_,9,1,0.6569355849089649
Actual_32.75_-115.45_2006_UPV_,12,2,0.6855740834650839
Actual_32.75_-115.45_2006_UPV_,13,2,0.6871849178176179
Actual_32.75_-115.45_2006_UPV_,14,2,0.6304104644572384
Actual_32.75_-115.45_2006_UPV_,15,7,0.5802612169016362
Actual_32.75_-115.45_2006_UPV_,16,10,0.16437534942307302
Actual_32.75_-115.45_2006_UPV_,17,11,0.0
Actual_32.75_-115.45_2006_UPV_,8,12,0.5861483641948283
Actual_32.75_-115.45_2006_UPV_,10,12,0.6733441556254589
Actual_34.45_-114.65_2006_UPV_,8,1,0.348223886328725
Actual_34.45_-114.65_2006_UPV_,16,2,0.11399872448979595
Actual_34.45_-114.65_2006_UPV_,15,5,0.40332421274961605
Actual_34.45_-114.65_2006_UPV_,18,5,7.200460829493087e-06
Actual_34.45_-114.65_2006_UPV_,19,6,0.0
Actual_34.45_-114.65_2006_UPV_,14,7,0.5153777841781876
Actual_34.45_-114.65_2006_UPV_,17,7,0.036436731950844854
Actual_34.45_-114.65_2006_UPV_,6,8,0.11712269585253454
Actual_34.45_-114.65_2006_UPV_,15,9,0.34986359126984123
Actual_34.45_-114.65_2006_UPV_,18,9,0.0
Actual_34.45_-114.65_2006_UPV_,12,11,0.6847420634920635
Actual_35.05_-118.15_2006_UPV_,8,11,0.545055066688804
Actual_35.05_-118.15_2006_UPV_,13,11,0.6373512645968233
Actual_37.95_-121.75_2006_DPV_,6,3,0.0018290824103241537
Actual_37.95_-121.75_2006_DPV_,9,4,0.41716966432950575
Actual_33.65_-117.25_2006_DPV_,14,1,0.4853989813242785
Actual_33.65_-117.25_2006_DPV_,9,2,0.5075077399380804
Actual_33.65_-117.25_2006_DPV_,17,2,0.0006879944960440316
Actual_33.65_-117.25_2006_DPV_,6,3,0.018256266853090983
Actual_33.65_-117.25_2006_DPV_,5,4,0.0003747759491608277
Actual_33.65_-117.25_2006_DPV_,8,5,0.42797363427544194
Actual_33.65_-117.25_2006_DPV_,6,6,0.13480908152734775
Actual_33.65_-117.25_2006_DPV_,8,9,0.48992776057791537
Actual_33.65_-117.25_2006_DPV_,10,10,0.6623189853190852
Actual_33.65_-117.25_2006_DPV_,16,10,0.058533905922301004
Actual_33.65_-117.25_2006_DPV_,12,11,0.6493704850361197
Actual_34.55_-118.55_2006_UPV_,12,3,0.5870543499770083
Actual_34.55_-118.55_2006_UPV_,17,3,0.00922370801888874
Actual_34.55_-118.55_2006_UPV_,11,4,0.5796592965267661
Actual_34.55_-118.55_2006_UPV_,9,5,0.5727368887104604
Actual_34.55_-118.55_2006_UPV_,15,5,0.44230520095269416
Actual_34.55_-118.55_2006_UPV_,12,6,0.6734777939597217
Actual_34.55_-118.55_2006_UPV_,17,6,0.0844565073480736
Actual_34.55_-118.55_2006_UPV_,9,9,0.57696720949733
Actual_34.55_-118.55_2006_UPV_,15,9,0.3934021801491681
Actual_34.55_-118.55_2006_UPV_,6,10,0.020023376028039837
Actual_34.55_-118.55_2006_UPV_,13,12,0.5382394519588457
Actual_38.65_-121.05_2006_DPV_,14,2,0.4772988230791312
Actual_38.65_-121.05_2006_DPV_,5,4,0.0001339584728734092
Actual_38.65_-121.05_2006_DPV_,18,6,0.009332440276847511
Actual_38.65_-121.05_2006_DPV_,12,8,0.8080720783008878
Actual_38.65_-121.05_2006_DPV_,10,10,0.6080850420240692
Actual_38.65_-121.05_2006_DPV_,17,10,0.0004186202277294039
Actual_38.65_-121.05_2006_DPV_,8,11,0.22641214556820716
Actual_33.05_-116.85_2006_DPV_,10,5,0.7031358362542406
Actual_33.05_-116.85_2006_DPV_,7,7,0.29547087527256594
Actual_33.05_-116.85_2006_DPV_,10,9,0.7908709406675705
Actual_33.05_-116.85_2006_DPV_,9,10,0.6263112843870469
Actual_33.05_-116.85_2006_DPV_,14,10,0.4941238214841334
Actual_33.05_-116.85_2006_DPV_,12,12,0.6916521402285494
Actual_33.05_-116.85_2006_DPV_,13,12,0.6080923194191923
Actual_33.05_-116.85_2006_DPV_,16,12,0.010102903413244362
Actual_33.25_-114.85_2006_UPV_,15,3,0.3960484316767417
Actual_33.25_-114.85_2006_UPV_,14,4,0.658770960014741
Actual_33.25_-114.85_2006_UPV_,10,5,0.8051677098379071
Actual_33.25_-114.85_2006_UPV_,16,5,0.2226189839333797
Actual_33.25_-114.85_2006_UPV_,15,6,0.39999078680670724
Actual_33.25_-114.85_2006_UPV_,18,8,0.0
Actual_33.25_-114.85_2006_UPV_,10,9,0.7854477611940297
Actual_33.25_-114.85_2006_UPV_,16,9,0.1338769117376083
Actual_33.25_-114.85_2006_UPV_,7,10,0.33387720893739187
Actual_33.25_-114.85_2006_UPV_,17,10,0.0
Actual_33.25_-114.85_2006_UPV_,13,11,0.6410954486825133
Actual_33.75_-116.15_2006_UPV_,9,1,0.6663261389231333
Actual_33.75_-116.15_2006_UPV_,8,2,0.5935703942220344
Actual_33.75_-116.15_2006_UPV_,14,3,0.6833518491062671
Actual_33.75_-116.15_2006_UPV_,14,6,0.6821612205922476
Actual_33.75_-116.15_2006_UPV_,7,7,0.5437788018433178
Actual_33.75_-116.15_2006_UPV_,10,7,0.7254886031524882
Actual_33.75_-116.15_2006_UPV_,18,7,0.03501410516011235
Actual_33.75_-116.15_2006_UPV_,11,8,0.7262908404806926
Actual_33.75_-116.15_2006_UPV_,12,8,0.7213047831623589
Actual_33.75_-116.15_2006_UPV_,17,8,0.2639543598044572
Actual_33.75_-116.15_2006_UPV_,15,10,0.5161391871609533
Actual_34.05_-117.15_2006_DPV_,11,1,0.6604502688172043
Actual_34.05_-117.15_2006_DPV_,12,4,0.6564542483660131
Actual_34.05_-117.15_2006_DPV_,5,4,0.0005276416122004358
Actual_34.05_-117.15_2006_DPV_,15,5,0.46326494307400384
Actual_34.05_-117.15_2006_DPV_,13,7,0.683556688804554
Actual_34.05_-117.15_2006_DPV_,6,8,0.09115077482605949
Actual_34.05_-117.15_2006_DPV_,15,9,0.39927491830065365
Actual_34.05_-117.15_2006_DPV_,7,12,0.07275853889943072
Actual_34.05_-117.15_2006_DPV_,9,12,0.5004743833017079
Actual_37.45_-121.95_2006_DPV_,10,4,0.525577848175525
Actual_37.45_-121.95_2006_DPV_,12,5,0.8666076233947608
Actual_37.45_-121.95_2006_DPV_,9,8,0.5757854458334752
Actual_37.45_-121.95_2006_DPV_,12,9,0.7965857092573041
Actual_37.45_-121.95_2006_DPV_,8,10,0.36319560354713815
Actual_37.45_-121.95_2006_DPV_,15,12,0.17451828638257771
Actual_37.95_-121.65_2006_DPV_,9,1,0.2649195196224475
Actual_37.95_-121.65_2006_DPV_,14,4,0.43079961858057486
Actual_37.95_-121.65_2006_DPV_,5,5,0.0017170465481102602
Actual_37.95_-121.65_2006_DPV_,12,5,0.7582424825658804
Actual_37.95_-121.65_2006_DPV_,15,5,0.4986949127964459
Actual_37.95_-121.65_2006_DPV_,10,7,0.709957551709137
Actual_37.95_-121.65_2006_DPV_,12,9,0.750875221359488
Actual_37.95_-121.65_2006_DPV_,15,9,0.4519547745538755
Actual_35.05_-118.15_2006_UPV_,16,1,0.18647335750590474
Actual_35.05_-118.15_2006_UPV_,11,5,0.721845827553518
Actual_35.05_-118.15_2006_UPV_,9,8,0.6894967142084376
Actual_35.05_-118.15_2006_UPV_,11,9,0.7367480214732414
Actual_35.05_-118.15_2006_UPV_,7,10,0.4863774884448326
Actual_37.95_-121.75_2006_DPV_,6,6,0.1277817294990346
Actual_37.95_-121.75_2006_DPV_,14,7,0.6489538500873566
Actual_37.95_-121.75_2006_DPV_,11,11,0.4471971005656607
Actual_37.95_-121.75_2006_DPV_,12,11,0.4146529824204857
Actual_37.95_-121.75_2006_DPV_,16,11,0.009687362395420514
Actual_33.75_-116.25_2006_DPV_,8,1,0.33953796572392414
Actual_33.75_-116.25_2006_DPV_,14,3,0.5907352188187105
Actual_33.75_-116.25_2006_DPV_,15,4,0.461531279178338
Actual_33.75_-116.25_2006_DPV_,14,6,0.5664488017429192
Actual_33.75_-116.25_2006_DPV_,10,8,0.7489533447787722
Actual_33.75_-116.25_2006_DPV_,9,10,0.6229029246107045
Actual_33.75_-116.25_2006_DPV_,12,10,0.7066955814583902
Actual_35.35_-117.85_2006_UPV_,11,2,0.6537875172340651
Actual_35.35_-117.85_2006_UPV_,7,3,0.2013075651986493
Actual_35.35_-117.85_2006_UPV_,16,5,0.24026510525181408
Actual_35.35_-117.85_2006_UPV_,17,5,0.053368297530952895
Actual_35.35_-117.85_2006_UPV_,7,6,0.3234347933679782
Actual_35.35_-117.85_2006_UPV_,14,7,0.5522307637042893
Actual_35.35_-117.85_2006_UPV_,18,8,2.062195826115648e-05
Actual_35.35_-117.85_2006_UPV_,16,9,0.17074981440237566
Actual_35.35_-117.85_2006_UPV_,17,9,0.009230388517693644
Actual_35.35_-117.85_2006_UPV_,8,12,0.3542280336231052
Actual_35.35_-117.85_2006_UPV_,13,12,0.5650968699858707
Actual_38.65_-121.25_2006_DPV_,14,2,0.4518052869116698
Actual_38.65_-121.25_2006_DPV_,9,3,0.39653917347808915
Actual_38.65_-121.25_2006_DPV_,11,3,0.5503837274599115
Actual_38.65_-121.25_2006_DPV_,9,6,0.6358478401031592
Actual_38.65_-121.25_2006_DPV_,11,6,0.7470449172576834
Actual_34.15_-117.25_2006_DPV_,15,2,0.33535216636313586
Actual_34.15_-117.25_2006_DPV_,7,3,0.17930816828132318
Actual_34.15_-117.25_2006_DPV_,8,4,0.41981421089040416
Actual_34.15_-117.25_2006_DPV_,14,5,0.5818310492239127
Actual_34.15_-117.25_2006_DPV_,17,5,0.06233562541243078
Actual_34.15_-117.25_2006_DPV_,7,6,0.3285403696017393
Actual_34.15_-117.25_2006_DPV_,5,7,0.0030412287329169975
Actual_34.15_-117.25_2006_DPV_,6,8,0.09067260885781778
Actual_34.15_-117.25_2006_DPV_,18,8,2.1176570242683496e-05
Actual_34.15_-117.25_2006_DPV_,14,9,0.5489079948611522
Actual_34.15_-117.25_2006_DPV_,17,9,0.00799415526661302
Actual_34.15_-117.25_2006_DPV_,13,10,0.5733863795032659
Actual_34.15_-117.25_2006_DPV_,11,11,0.6228382251210592
Actual_34.15_-117.25_2006_DPV_,12,12,0.5878752522402763
Actual_34.95_-118.25_2006_UPV_,10,1,0.6344571835730017
Actual_34.95_-118.25_2006_UPV_,16,1,0.20656281038131014
Actual_34.95_-118.25_2006_UPV_,9,3,0.6161473852398844
Actual_34.95_-118.25_2006_UPV_,15,5,0.6793464179297837
Actual_34.95_-118.25_2006_UPV_,9,6,0.7011044176706827
Actual_34.95_-118.25_2006_UPV_,7,7,0.5661301118452302
Actual_34.95_-118.25_2006_UPV_,18,7,0.08872587122684282
Actual_34.95_-118.25_2006_UPV_,5,8,0.035648767911150764
Actual_34.95_-118.25_2006_UPV_,6,8,0.3922140173597616
Actual_34.95_-118.25_2006_UPV_,11,8,0.7281437578270068
Actual_34.95_-118.25_2006_UPV_,12,8,0.7397493198600855
Actual_34.95_-118.25_2006_UPV_,13,8,0.7296227922442456
Actual_34.95_-118.25_2006_UPV_,17,8,0.3469307336874379
Actual_34.95_-118.25_2006_UPV_,15,9,0.6356704596162428
Actual_34.25_-117.65_2006_UPV_,11,2,0.6952673576079977
Actual_34.25_-117.65_2006_UPV_,10,3,0.6199595849618188
Actual_34.25_-117.65_2006_UPV_,16,3,0.13563298648196853
Actual_34.25_-117.65_2006_UPV_,15,4,0.34230334158794207
Actual_34.25_-117.65_2006_UPV_,7,5,0.2948552188950659
Actual_34.25_-117.65_2006_UPV_,10,6,0.6751872573297868
Actual_34.25_-117.65_2006_UPV_,16,6,0.26803937754134943
Actual_34.25_-117.65_2006_UPV_,13,8,0.734299231049164
Actual_34.25_-117.65_2006_UPV_,7,9,0.3035769971567459
Actual_34.25_-117.65_2006_UPV_,12,12,0.6306817005085904
Actual_37.75_-122.05_2006_UPV_,7,1,0.011106604313800344
Actual_37.75_-122.05_2006_UPV_,16,1,0.14325849398740215
Actual_37.75_-122.05_2006_UPV_,13,4,0.5138436883629193
Actual_37.75_-122.05_2006_UPV_,18,6,0.1688486193293886
Actual_37.75_-122.05_2006_UPV_,6,10,0.014406997684589659
Actual_37.75_-122.05_2006_UPV_,11,10,0.6288771712158809
Actual_37.75_-122.05_2006_UPV_,8,11,0.4017320019723866
Actual_32.75_-115.45_2006_UPV_,12,3,0.7603176634626395
Actual_32.75_-115.45_2006_UPV_,13,3,0.7482874059504646
Actual_32.75_-115.45_2006_UPV_,14,3,0.7217278844664184
Actual_32.75_-115.45_2006_UPV_,11,5,0.7752847587549426
Actual_32.75_-115.45_2006_UPV_,12,6,0.6643766965963667
Actual_32.75_-115.45_2006_UPV_,13,6,0.659267766409132
Actual_32.75_-115.45_2006_UPV_,14,6,0.6281617595879446
Actual_32.75_-115.45_2006_UPV_,17,7,0.26952896085788
Actual_32.75_-115.45_2006_UPV_,18,8,0.0011855124984002318
Actual_32.75_-115.45_2006_UPV_,11,9,0.7281478387972435
Actual_32.75_-115.45_2006_UPV_,8,10,0.7007389245515597
Actual_32.75_-115.45_2006_UPV_,10,10,0.7472298749149598
Actual_32.75_-115.45_2006_UPV_,15,11,0.4587109347810955
Actual_32.75_-115.45_2006_UPV_,16,12,0.023218531715827266
Actual_34.45_-114.65_2006_UPV_,9,1,0.536350326420891
Actual_34.45_-114.65_2006_UPV_,11,1,0.6988743279569893
Actual_34.45_-114.65_2006_UPV_,16,3,0.1327044930875576
Actual_34.45_-114.65_2006_UPV_,7,5,0.38460061443932425
Actual_34.45_-114.65_2006_UPV_,10,5,0.7414410522273426
Actual_34.45_-114.65_2006_UPV_,16,6,0.21183779761904764
Actual_34.45_-114.65_2006_UPV_,12,7,0.6238983294930877
Actual_34.45_-114.65_2006_UPV_,13,8,0.6393697196620584
Actual_34.45_-114.65_2006_UPV_,7,9,0.3391517857142856
Actual_34.45_-114.65_2006_UPV_,10,9,0.7228323412698414
Actual_34.45_-114.65_2006_UPV_,14,11,0.4443824404761906
Actual_34.45_-114.65_2006_UPV_,17,11,0.0
Actual_35.05_-118.15_2006_UPV_,16,11,0.07949526813880127
Actual_35.05_-118.15_2006_UPV_,15,12,0.438737527649387
Actual_37.95_-121.75_2006_DPV_,11,1,0.41416916062162573
Actual_37.95_-121.75_2006_DPV_,12,1,0.3887816278833451
Actual_37.95_-121.75_2006_DPV_,16,1,0.033543011299009086
Actual_37.95_-121.75_2006_DPV_,15,2,0.3130561644432186
Actual_37.95_-121.75_2006_DPV_,10,3,0.5087045310763725
Actual_33.65_-117.25_2006_DPV_,12,1,0.6828423050034956
Actual_33.65_-117.25_2006_DPV_,15,2,0.35699911543564805
Actual_33.65_-117.25_2006_DPV_,10,4,0.6660887512899897
Actual_33.65_-117.25_2006_DPV_,16,4,0.20745098039215684
Actual_33.65_-117.25_2006_DPV_,11,7,0.7231299310895837
Actual_33.65_-117.25_2006_DPV_,8,8,0.4737840806950964
Actual_33.65_-117.25_2006_DPV_,14,11,0.4352837977296181
Actual_33.65_-117.25_2006_DPV_,7,12,0.07514231499051233
Actual_34.55_-118.55_2006_UPV_,6,4,0.06202391985524515
Actual_34.55_-118.55_2006_UPV_,7,7,0.2586296978057569
Actual_34.55_-118.55_2006_UPV_,8,7,0.4233395830753002
Actual_34.55_-118.55_2006_UPV_,9,8,0.5862969780575689
Actual_34.55_-118.55_2006_UPV_,15,8,0.4555891058028639
Actual_34.55_-118.55_2006_UPV_,11,10,0.6893977896698457
Actual_34.55_-118.55_2006_UPV_,10,12,0.5646563567278685
Actual_34.55_-118.55_2006_UPV_,14,12,0.4061008301194852
Actual_38.65_-121.05_2006_DPV_,8,1,0.13341831774085514
Actual_38.65_-121.05_2006_DPV_,16,2,0.12462922208401113
Actual_38.65_-121.05_2006_DPV_,10,4,0.5183746371958026
Actual_38.65_-121.05_2006_DPV_,17,4,0.06472426881000222
Actual_38.65_-121.05_2006_DPV_,12,5,0.7916945746818485
Actual_38.65_-121.05_2006_DPV_,11,7,0.7812155651102997
Actual_38.65_-121.05_2006_DPV_,12,9,0.767358785443179
Actual_38.65_-121.05_2006_DPV_,9,12,0.2887669338634056
Actual_38.65_-121.05_2006_DPV_,15,12,0.12384676879199703
Actual_33.05_-116.85_2006_DPV_,17,3,0.007160128207531255
Actual_33.05_-116.85_2006_DPV_,9,4,0.5675188843695526
Actual_33.05_-116.85_2006_DPV_,14,4,0.5582155077797146
Actual_33.05_-116.85_2006_DPV_,17,6,0.08702950480986506
Actual_33.05_-116.85_2006_DPV_,18,6,0.0004777584091936213
Actual_33.05_-116.85_2006_DPV_,8,7,0.47997225918914344
Actual_33.05_-116.85_2006_DPV_,10,8,0.7379742960144452
Actual_33.25_-114.85_2006_UPV_,13,1,0.6956168975908986
Actual_33.25_-114.85_2006_UPV_,7,4,0.37984613967201036
Actual_33.25_-114.85_2006_UPV_,17,4,0.012723419937350284
Actual_33.25_-114.85_2006_UPV_,18,5,0.0
Actual_33.25_-114.85_2006_UPV_,10,8,0.730799407978031
Actual_33.25_-114.85_2006_UPV_,16,8,0.20118493553736685
Actual_33.25_-114.85_2006_UPV_,18,9,0.0
Actual_33.25_-114.85_2006_UPV_,14,10,0.5302697979635871
Actual_33.25_-114.85_2006_UPV_,8,12,0.45085950177428263
Actual_33.25_-114.85_2006_UPV_,9,12,0.6143654487419535
Actual_33.75_-116.15_2006_UPV_,15,4,0.6773006778736177
Actual_33.75_-116.15_2006_UPV_,11,5,0.7885403951882007
Actual_33.75_-116.15_2006_UPV_,12,5,0.7869562303375693
Actual_33.75_-116.15_2006_UPV_,17,5,0.32236536122005066
Actual_33.75_-116.15_2006_UPV_,11,9,0.7629436084702725
Actual_33.75_-116.15_2006_UPV_,12,9,0.7573002581376316
Actual_33.75_-116.15_2006_UPV_,17,9,0.08424604923503118
Actual_33.75_-116.15_2006_UPV_,9,11,0.6882012214317194
Actual_33.75_-116.15_2006_UPV_,13,12,0.6398279353254545
Actual_34.05_-117.15_2006_DPV_,14,3,0.4820722643896268
Actual_34.05_-117.15_2006_DPV_,6,5,0.1325110689437065
Actual_34.05_-117.15_2006_DPV_,14,6,0.6443423202614381
Actual_34.05_-117.15_2006_DPV_,8,7,0.4632550600885515
Actual_34.05_-117.15_2006_DPV_,10,7,0.677953036053131
Actual_34.05_-117.15_2006_DPV_,15,8,0.4682953826691968
Actual_34.05_-117.15_2006_DPV_,6,9,0.07822712418300654
Actual_34.05_-117.15_2006_DPV_,12,10,0.6833392631246046
Actual_34.05_-117.15_2006_DPV_,11,11,0.6403492647058823
Actual_37.45_-121.95_2006_DPV_,14,2,0.4653165384421985
Actual_37.45_-121.95_2006_DPV_,11,3,0.5891610178151718
Actual_37.45_-121.95_2006_DPV_,8,4,0.32528452422855797
Actual_37.45_-121.95_2006_DPV_,9,5,0.6730592362979868
Actual_37.45_-121.95_2006_DPV_,11,6,0.7901795142555438
Actual_37.45_-121.95_2006_DPV_,12,8,0.8412644343768095
Actual_37.45_-121.95_2006_DPV_,9,9,0.5605889944855097
Actual_37.45_-121.95_2006_DPV_,10,10,0.560195751155318
Actual_37.45_-121.95_2006_DPV_,7,12,0.0022254771718272772
Actual_37.45_-121.95_2006_DPV_,13,12,0.41340509361764943
Actual_37.95_-121.65_2006_DPV_,8,2,0.203310175725378
Actual_37.95_-121.65_2006_DPV_,11,2,0.5888405627882538
Actual_37.95_-121.65_2006_DPV_,7,3,0.11051386160802561
Actual_37.95_-121.65_2006_DPV_,7,6,0.3128320392317123
Actual_37.95_-121.65_2006_DPV_,6,7,0.08437256943986712
Actual_37.95_-121.65_2006_DPV_,5,8,0.0001532488761749081
Actual_37.95_-121.65_2006_DPV_,12,8,0.7767509919981016
Actual_37.95_-121.65_2006_DPV_,15,8,0.521491095086808
Actual_37.95_-121.65_2006_DPV_,14,10,0.4751011772150231
Actual_37.95_-121.65_2006_DPV_,9,11,0.32111088407573907
Actual_35.05_-118.15_2006_UPV_,8,1,0.5047907751468833
Actual_35.05_-118.15_2006_UPV_,13,1,0.6489585620712003
Actual_35.05_-118.15_2006_UPV_,10,2,0.6761936386708094
Actual_35.05_-118.15_2006_UPV_,6,3,0.0684419403041031
Actual_35.05_-118.15_2006_UPV_,7,4,0.5262825834301844
Actual_35.05_-118.15_2006_UPV_,9,5,0.7288298083154361
Actual_35.05_-118.15_2006_UPV_,6,6,0.46884719685649456
Actual_35.05_-118.15_2006_UPV_,11,8,0.6976375506793852
Actual_35.05_-118.15_2006_UPV_,9,9,0.7244507166971057
Actual_37.95_-121.75_2006_DPV_,10,6,0.694699048199709
Actual_37.95_-121.75_2006_DPV_,7,7,0.2562419895696411
Actual_37.95_-121.75_2006_DPV_,8,7,0.44186435288834397
Actual_37.95_-121.75_2006_DPV_,9,10,0.505075867584923
Actual_33.75_-116.25_2006_DPV_,7,2,0.13415366146458585
Actual_33.75_-116.25_2006_DPV_,17,2,0.00015561780267662624
Actual_33.75_-116.25_2006_DPV_,13,3,0.6911538809072019
Actual_33.75_-116.25_2006_DPV_,9,4,0.7071584189231251
Actual_33.75_-116.25_2006_DPV_,12,4,0.8186430127606601
Actual_33.75_-116.25_2006_DPV_,10,5,0.793349597903678
Actual_33.75_-116.25_2006_DPV_,13,6,0.6665110488639904
Actual_33.75_-116.25_2006_DPV_,10,9,0.7782446311858081
Actual_33.75_-116.25_2006_DPV_,15,10,0.28812385169121413
Actual_33.75_-116.25_2006_DPV_,8,11,0.4488639900404607
Actual_35.35_-117.85_2006_UPV_,10,3,0.7011399286347199
Actual_35.35_-117.85_2006_UPV_,18,5,4.789616112268602e-05
Actual_35.35_-117.85_2006_UPV_,10,6,0.6947475872308835
Actual_35.35_-117.85_2006_UPV_,16,8,0.2539155111717796
Actual_35.35_-117.85_2006_UPV_,17,8,0.05013530665517159
Actual_35.35_-117.85_2006_UPV_,6,11,0.005691660480079189
Actual_35.35_-117.85_2006_UPV_,9,12,0.5006286371147352
Actual_38.65_-121.25_2006_DPV_,13,2,0.5422768720641061
Actual_38.65_-121.25_2006_DPV_,15,2,0.31394492032789906
Actual_38.65_-121.25_2006_DPV_,10,3,0.47709074270501856
Actual_38.65_-121.25_2006_DPV_,16,3,0.1286370915746345
Actual_38.65_-121.25_2006_DPV_,6,3,0.0022057076928297535
Actual_38.65_-121.25_2006_DPV_,6,6,0.13197936814958092
Actual_38.65_-121.25_2006_DPV_,10,6,0.7202020202020201
Actual_38.65_-121.25_2006_DPV_,16,6,0.32914248871695684
Actual_38.65_-121.25_2006_DPV_,19,6,0.0
Actual_38.65_-121.25_2006_DPV_,8,7,0.4754476820365633
Actual_38.65_-121.25_2006_DPV_,12,7,0.7564942492876606
Actual_38.65_-121.25_2006_DPV_,18,7,0.010669495226804772
Actual_34.15_-117.25_2006_DPV_,11,1,0.6494075342138231
Actual_34.15_-117.25_2006_DPV_,16,2,0.10904874846469866
Actual_34.15_-117.25_2006_DPV_,13,4,0.5695918569028561
Actual_34.15_-117.25_2006_DPV_,6,5,0.12508248615667106
Actual_34.15_-117.25_2006_DPV_,18,5,0.00012543045451435608
Actual_34.15_-117.25_2006_DPV_,14,8,0.6449317636257568
Actual_34.15_-117.25_2006_DPV_,17,8,0.05962912311238199
Actual_34.15_-117.25_2006_DPV_,6,9,0.07031327206245676
Actual_34.15_-117.25_2006_DPV_,8,10,0.4081080305653051
Actual_34.95_-118.25_2006_UPV_,5,5,0.13580666753033638
Actual_34.95_-118.25_2006_UPV_,6,5,0.4244235004534265
Actual_34.95_-118.25_2006_UPV_,11,5,0.7621237638726951
Actual_34.95_-118.25_2006_UPV_,12,5,0.7656594118409118
Actual_34.95_-118.25_2006_UPV_,13,5,0.7696430884829641
Actual_34.95_-118.25_2006_UPV_,17,5,0.33881223820011225
Actual_34.95_-118.25_2006_UPV_,15,8,0.690914194412057
Actual_34.95_-118.25_2006_UPV_,6,9,0.33939089692101737
Actual_34.95_-118.25_2006_UPV_,11,9,0.7456604194556001
Actual_34.95_-118.25_2006_UPV_,12,9,0.7362003569834895
Actual_34.95_-118.25_2006_UPV_,13,9,0.7112226684515843
Actual_34.95_-118.25_2006_UPV_,17,9,0.1312416331994645
Actual_34.95_-118.25_2006_UPV_,10,11,0.6587628290941543
Actual_34.95_-118.25_2006_UPV_,16,11,0.07140227576974566
Actual_34.95_-118.25_2006_UPV_,8,12,0.5512911862503777
Actual_34.25_-117.65_2006_UPV_,13,5,0.6630581106709311
Actual_34.25_-117.65_2006_UPV_,18,6,0.00019260753920939192
Actual_34.25_-117.65_2006_UPV_,9,7,0.5959265428573963
Actual_34.25_-117.65_2006_UPV_,14,7,0.5461030258023096
Actual_34.25_-117.65_2006_UPV_,7,8,0.30587911583967714
Actual_34.25_-117.65_2006_UPV_,13,9,0.7043535418386375
Actual_34.25_-117.65_2006_UPV_,15,10,0.3078170257963923
Actual_37.75_-122.05_2006_UPV_,8,1,0.3016081313227715
Actual_37.75_-122.05_2006_UPV_,10,3,0.5657389291849589
Actual_37.75_-122.05_2006_UPV_,12,3,0.5602870299675511
Actual_37.75_-122.05_2006_UPV_,6,4,0.17639299802761346
Actual_37.75_-122.05_2006_UPV_,11,4,0.5256286982248521
Actual_37.75_-122.05_2006_UPV_,10,6,0.7288399901380671
Actual_37.75_-122.05_2006_UPV_,12,6,0.7478427021696255
Actual_37.75_-122.05_2006_UPV_,15,7,0.7669581504103837
Actual_37.75_-122.05_2006_UPV_,13,10,0.6108393777438442
Actual_37.75_-122.05_2006_UPV_,7,11,0.1269045857988166
Actual_37.75_-122.05_2006_UPV_,16,11,0.0510293392504931
Actual_37.75_-122.05_2006_UPV_,14,12,0.41464258446268376
Actual_32.75_-115.45_2006_UPV_,15,1,0.5262395678268075
Actual_32.75_-115.45_2006_UPV_,7,2,0.33773826924797895
Actual_32.75_-115.45_2006_UPV_,8,4,0.7356302637989838
Actual_32.75_-115.45_2006_UPV_,10,4,0.7852996450198371
Actual_32.75_-115.45_2006_UPV_,18,5,0.006149846085451203
Actual_32.75_-115.45_2006_UPV_,9,7,0.6866676994995251
Actual_32.75_-115.45_2006_UPV_,11,8,0.700388659495214
Actual_32.75_-115.45_2006_UPV_,18,9,0.0
Actual_34.45_-114.65_2006_UPV_,14,1,0.5269369239631337
Actual_34.45_-114.65_2006_UPV_,17,1,0.0
Actual_34.45_-114.65_2006_UPV_,13,5,0.6676411290322579
Actual_34.45_-114.65_2006_UPV_,8,7,0.4795242895545314
Actual_34.45_-114.65_2006_UPV_,7,8,0.3124087941628264
Actual_34.45_-114.65_2006_UPV_,10,8,0.6903633832565286
Actual_34.45_-114.65_2006_UPV_,13,9,0.6530183531746032
Actual_34.45_-114.65_2006_UPV_,9,11,0.6048710317460319
Actual_34.45_-114.65_2006_UPV_,11,11,0.7015873015873015
Actual_35.05_-118.15_2006_UPV_,8,12,0.5308896541751243
Actual_35.05_-118.15_2006_UPV_,13,12,0.6142636024272549
Actual_37.95_-121.75_2006_DPV_,13,3,0.48580494376718864
Actual_37.95_-121.75_2006_DPV_,7,4,0.18039155912339533
Actual_37.95_-121.75_2006_DPV_,8,4,0.29163025437794265
Actual_37.95_-121.75_2006_DPV_,15,5,0.5181318447181148
Actual_33.65_-117.25_2006_DPV_,7,1,0.039458703685209234
Actual_33.65_-117.25_2006_DPV_,13,3,0.5669529611505044
Actual_33.65_-117.25_2006_DPV_,11,4,0.693498452012384
Actual_33.65_-117.25_2006_DPV_,15,5,0.4549086187955657
Actual_33.65_-117.25_2006_DPV_,18,5,0.00012114685691210121
Actual_33.65_-117.25_2006_DPV_,13,6,0.6871413828689371
Actual_33.65_-117.25_2006_DPV_,10,7,0.687236592429841
Actual_33.65_-117.25_2006_DPV_,16,7,0.272355937281534
Actual_33.65_-117.25_2006_DPV_,9,8,0.6256766203934884
Actual_33.65_-117.25_2006_DPV_,17,8,0.058903425546789165
Actual_33.65_-117.25_2006_DPV_,15,9,0.40530443756449946
Actual_33.65_-117.25_2006_DPV_,12,12,0.6408069509637472
Actual_34.55_-118.55_2006_UPV_,10,1,0.5645424662136671
Actual_34.55_-118.55_2006_UPV_,14,1,0.462089406900911
Actual_34.55_-118.55_2006_UPV_,7,4,0.24068729128970096
Actual_34.55_-118.55_2006_UPV_,8,4,0.38869176339055855
Actual_34.55_-118.55_2006_UPV_,5,5,0.0021012799870164813
Actual_34.55_-118.55_2006_UPV_,6,7,0.0874408659095795
Actual_34.55_-118.55_2006_UPV_,13,11,0.5587595804463275
Actual_38.65_-121.05_2006_DPV_,9,1,0.3050580126612363
Actual_38.65_-121.05_2006_DPV_,15,1,0.17360585960287794
Actual_38.65_-121.05_2006_DPV_,12,2,0.601521385513348
Actual_38.65_-121.05_2006_DPV_,7,3,0.10883045610699392
Actual_38.65_-121.05_2006_DPV_,11,4,0.5752846617548558
Actual_38.65_-121.05_2006_DPV_,16,5,0.34055700797268973
Actual_38.65_-121.05_2006_DPV_,7,6,0.3317928108952891
Actual_38.65_-121.05_2006_DPV_,10,7,0.7503186915282068
Actual_38.65_-121.05_2006_DPV_,17,7,0.16610850636302749
Actual_38.65_-121.05_2006_DPV_,14,8,0.6714560421753125
Actual_38.65_-121.05_2006_DPV_,16,9,0.23016298280866268
Actual_38.65_-121.05_2006_DPV_,8,12,0.15787654214290345
Actual_33.05_-116.85_2006_DPV_,8,4,0.4484279165859642
Actual_33.05_-116.85_2006_DPV_,9,7,0.6334276770819665
Actual_33.05_-116.85_2006_DPV_,14,7,0.6066615433637607
Actual_33.05_-116.85_2006_DPV_,7,10,0.25130425546537705
Actual_33.05_-116.85_2006_DPV_,12,11,0.6706759635870617
Actual_33.05_-116.85_2006_DPV_,13,11,0.5976241203434695
Actual_33.05_-116.85_2006_DPV_,16,11,0.01274452837497579
Actual_33.25_-114.85_2006_UPV_,8,1,0.39369015139356967
Actual_33.25_-114.85_2006_UPV_,9,1,0.6095953922145545
Actual_33.25_-114.85_2006_UPV_,12,3,0.7590987713760944
Actual_33.25_-114.85_2006_UPV_,12,6,0.7308089183711074
Actual_33.25_-114.85_2006_UPV_,7,7,0.3162146257957524
Actual_33.25_-114.85_2006_UPV_,17,7,0.042997378697908296
Actual_33.25_-114.85_2006_UPV_,13,12,0.621070275860839
Actual_33.75_-116.15_2006_UPV_,13,1,0.6690070332857407
Actual_33.75_-116.15_2006_UPV_,11,2,0.7401309576276525
Actual_33.75_-116.15_2006_UPV_,12,2,0.7234914238943705
Actual_33.75_-116.15_2006_UPV_,17,2,0.01918193456315977
Actual_33.75_-116.15_2006_UPV_,16,3,0.3986693015254695
Actual_33.75_-116.15_2006_UPV_,16,6,0.5367143067010851
Actual_33.75_-116.15_2006_UPV_,15,7,0.5678073330584741
Actual_33.75_-116.15_2006_UPV_,8,8,0.6785181153312629
Actual_33.75_-116.15_2006_UPV_,7,10,0.5265093739908565
Actual_33.75_-116.15_2006_UPV_,10,10,0.7216094302490185
Actual_34.05_-117.15_2006_DPV_,6,2,0.0
Actual_34.05_-117.15_2006_DPV_,8,4,0.4380514705882354
Actual_34.05_-117.15_2006_DPV_,10,4,0.6021650326797388
Actual_34.05_-117.15_2006_DPV_,13,10,0.5976438962681846
Actual_34.05_-117.15_2006_DPV_,7,11,0.17275326797385618
Actual_34.05_-117.15_2006_DPV_,9,11,0.5247038398692812
Actual_37.45_-121.95_2006_DPV_,7,1,0.0007948132756525984
Actual_37.45_-121.95_2006_DPV_,13,1,0.4326622838391751
Actual_37.45_-121.95_2006_DPV_,9,2,0.4110474179111983
Actual_37.45_-121.95_2006_DPV_,17,3,0.02374220799127976
Actual_37.45_-121.95_2006_DPV_,14,5,0.733237955740255
Actual_37.45_-121.95_2006_DPV_,5,6,0.002592983691188549
Actual_37.45_-121.95_2006_DPV_,17,6,0.18118033556259533
Actual_37.45_-121.95_2006_DPV_,18,6,0.013563299307755485
Actual_37.45_-121.95_2006_DPV_,8,7,0.46608985931805025
Actual_37.45_-121.95_2006_DPV_,6,8,0.03698152626857877
Actual_37.45_-121.95_2006_DPV_,14,9,0.6482693887128944
Actual_37.45_-121.95_2006_DPV_,15,11,0.20157221635574324
Actual_37.95_-121.65_2006_DPV_,16,3,0.1325685170781866
Actual_37.95_-121.65_2006_DPV_,6,4,0.03617354583844163
Actual_37.95_-121.65_2006_DPV_,8,5,0.4901162714054075
Actual_37.95_-121.65_2006_DPV_,11,5,0.7737947717415665
Actual_37.95_-121.65_2006_DPV_,16,6,0.3529287563002316
Actual_37.95_-121.65_2006_DPV_,18,8,0.002199972755755347
Actual_37.95_-121.65_2006_DPV_,8,9,0.44790219316169455
Actual_37.95_-121.65_2006_DPV_,11,9,0.7667994823593517
Actual_37.95_-121.65_2006_DPV_,10,10,0.5994074376787902
Actual_35.05_-118.15_2006_UPV_,15,1,0.4868113093357184
Actual_35.05_-118.15_2006_UPV_,9,2,0.6350300040321625
Actual_35.05_-118.15_2006_UPV_,10,5,0.7341802659696969
Actual_35.05_-118.15_2006_UPV_,7,7,0.5594254283311821
Actual_35.05_-118.15_2006_UPV_,18,8,0.023982142527717826
Actual_35.05_-118.15_2006_UPV_,10,9,0.7382422934307377
Actual_37.95_-121.75_2006_DPV_,13,6,0.6992615926565728
Actual_37.95_-121.75_2006_DPV_,15,9,0.43927785116688683
Actual_37.95_-121.75_2006_DPV_,14,10,0.4743912072927285
Actual_37.95_-121.75_2006_DPV_,11,12,0.3869984364295525
Actual_37.95_-121.75_2006_DPV_,12,12,0.39171209325042367
Actual_37.95_-121.75_2006_DPV_,16,12,0.0069295344362459875
Actual_33.75_-116.25_2006_DPV_,10,2,0.7070161397892492
Actual_33.75_-116.25_2006_DPV_,7,5,0.3886328725038404
Actual_33.75_-116.25_2006_DPV_,17,5,0.05066112466491973
Actual_33.75_-116.25_2006_DPV_,9,7,0.6451914098972924
Actual_33.75_-116.25_2006_DPV_,12,7,0.7316647088943107
Actual_33.75_-116.25_2006_DPV_,5,8,0.0002710761724044457
Actual_33.75_-116.25_2006_DPV_,7,9,0.34089635854341743
Actual_33.75_-116.25_2006_DPV_,17,9,0.004631185807656396
Actual_33.75_-116.25_2006_DPV_,6,11,0.0037348272642390274
Actual_35.35_-117.85_2006_UPV_,9,1,0.511249610843691
Actual_35.35_-117.85_2006_UPV_,12,3,0.7244414110209065
Actual_35.35_-117.85_2006_UPV_,12,6,0.7141363523880229
Actual_35.35_-117.85_2006_UPV_,11,8,0.7386007136528007
Actual_35.35_-117.85_2006_UPV_,14,10,0.5125547812342841
Actual_35.35_-117.85_2006_UPV_,8,11,0.3915429349170997
Actual_35.35_-117.85_2006_UPV_,13,11,0.5932504330611235
Actual_38.65_-121.25_2006_DPV_,7,3,0.10798444291924046
Actual_38.65_-121.25_2006_DPV_,8,4,0.3225445948850204
Actual_38.65_-121.25_2006_DPV_,12,4,0.5720180528691168
Actual_38.65_-121.25_2006_DPV_,18,4,0.00018805071996561362
Actual_38.65_-121.25_2006_DPV_,13,5,0.7306420415548763
Actual_38.65_-121.25_2006_DPV_,15,5,0.4975354089973171
Actual_38.65_-121.25_2006_DPV_,5,6,0.003589082312486567
Actual_38.65_-121.25_2006_DPV_,7,6,0.3222652052439287
Actual_38.65_-121.25_2006_DPV_,14,8,0.6482186310600861
Actual_38.65_-121.25_2006_DPV_,13,9,0.6976359338061469
Actual_38.65_-121.25_2006_DPV_,15,9,0.428755641521599
Actual_34.15_-117.25_2006_DPV_,6,2,0.0001976479889317126
Actual_34.15_-117.25_2006_DPV_,9,3,0.5199736044298652
Actual_34.15_-117.25_2006_DPV_,10,3,0.5712250031081739
Actual_34.15_-117.25_2006_DPV_,16,5,0.25949905798418177
Actual_34.15_-117.25_2006_DPV_,9,6,0.6097835754521197
Actual_34.15_-117.25_2006_DPV_,10,6,0.6965213953948018
Actual_34.15_-117.25_2006_DPV_,13,7,0.6489962988820138
Actual_34.15_-117.25_2006_DPV_,15,8,0.4820538813920795
Actual_34.15_-117.25_2006_DPV_,16,9,0.16408736041110786
Actual_34.15_-117.25_2006_DPV_,12,11,0.6138155944263267
Actual_34.15_-117.25_2006_DPV_,11,12,0.5938429463576982
Actual_34.95_-118.25_2006_UPV_,8,1,0.5481819752126786
Actual_34.95_-118.25_2006_UPV_,11,2,0.6646765633964428
Actual_34.95_-118.25_2006_UPV_,12,2,0.6460066456301395
Actual_34.95_-118.25_2006_UPV_,13,2,0.662303977816026
Actual_34.95_-118.25_2006_UPV_,17,2,0.02631358768406961
Actual_34.95_-118.25_2006_UPV_,14,3,0.5971628449280995
Actual_34.95_-118.25_2006_UPV_,14,6,0.6643964747880411
Actual_34.95_-118.25_2006_UPV_,7,10,0.5130252191561946
Actual_34.25_-117.65_2006_UPV_,13,2,0.608793778907509
Actual_34.25_-117.65_2006_UPV_,6,3,0.016319864612580733
Actual_34.25_-117.65_2006_UPV_,9,4,0.5535632394753736
Actual_34.25_-117.65_2006_UPV_,14,4,0.4586444097954693
Actual_34.25_-117.65_2006_UPV_,5,6,0.0028126815249625483
Actual_34.25_-117.65_2006_UPV_,6,6,0.13147451771683633
Actual_34.25_-117.65_2006_UPV_,11,8,0.7892293627382816
Actual_34.25_-117.65_2006_UPV_,12,11,0.6423889449387018
Actual_37.75_-122.05_2006_UPV_,14,1,0.4191937869822485
Actual_37.75_-122.05_2006_UPV_,15,4,0.4422275641025641
Actual_37.75_-122.05_2006_UPV_,6,7,0.2441782782973851
Actual_37.75_-122.05_2006_UPV_,11,7,0.7905074918877649
Actual_37.75_-122.05_2006_UPV_,8,12,0.33050200419927467
Actual_32.75_-115.45_2006_UPV_,9,4,0.7539221827799821
Actual_32.75_-115.45_2006_UPV_,7,5,0.6377518372075792
Actual_32.75_-115.45_2006_UPV_,8,7,0.6383917445220565
Actual_32.75_-115.45_2006_UPV_,10,7,0.7073198660909746
Actual_32.75_-115.45_2006_UPV_,7,9,0.6331941254263243
Actual_32.75_-115.45_2006_UPV_,17,10,0.0
Actual_32.75_-115.45_2006_UPV_,16,11,0.04183197605624
Actual_32.75_-115.45_2006_UPV_,15,12,0.4288389386968793
Actual_34.45_-114.65_2006_UPV_,13,2,0.6390040391156463
Actual_34.45_-114.65_2006_UPV_,8,4,0.5711359126984127
Actual_34.45_-114.65_2006_UPV_,6,6,0.15457589285714288
Actual_34.45_-114.65_2006_UPV_,19,8,0.0
Actual_34.45_-114.65_2006_UPV_,12,10,0.6809763824884792
Actual_34.45_-114.65_2006_UPV_,14,12,0.44492127496159756
Actual_34.45_-114.65_2006_UPV_,17,12,0.0
Actual_37.95_-121.75_2006_DPV_,10,1,0.34850575767608194
Actual_37.95_-121.75_2006_DPV_,14,2,0.4378148271807453
Actual_37.95_-121.75_2006_DPV_,11,3,0.5119857344683697
Actual_37.95_-121.75_2006_DPV_,12,3,0.5254940653159429
Actual_37.95_-121.75_2006_DPV_,16,3,0.15228258339861866
Actual_37.95_-121.75_2006_DPV_,17,3,0.020169075395563653
Actual_37.95_-121.75_2006_DPV_,9,5,0.6256314103929905
Actual_33.65_-117.25_2006_DPV_,12,3,0.6132228103465495
Actual_33.65_-117.25_2006_DPV_,8,4,0.43990712074303406
Actual_33.65_-117.25_2006_DPV_,5,5,0.004823729152102267
Actual_33.65_-117.25_2006_DPV_,12,6,0.7247987616099071
Actual_33.65_-117.25_2006_DPV_,9,7,0.5876660341555976
Actual_33.65_-117.25_2006_DPV_,17,7,0.08473983821032659
Actual_33.65_-117.25_2006_DPV_,10,8,0.7328772595625687
Actual_33.65_-117.25_2006_DPV_,16,8,0.27079796264855677
Actual_33.65_-117.25_2006_DPV_,5,9,0.0
Actual_33.65_-117.25_2006_DPV_,6,11,0.00218539428155163
Actual_33.65_-117.25_2006_DPV_,13,12,0.5657944671926496
Actual_34.55_-118.55_2006_UPV_,9,4,0.49107639348603205
Actual_34.55_-118.55_2006_UPV_,15,4,0.30567103579151766
Actual_34.55_-118.55_2006_UPV_,11,5,0.7239180045243006
Actual_34.55_-118.55_2006_UPV_,6,8,0.0677975994726869
Actual_34.55_-118.55_2006_UPV_,11,9,0.6842255468761491
Actual_34.55_-118.55_2006_UPV_,12,11,0.632219721376348
Actual_38.65_-121.05_2006_DPV_,8,3,0.3040425210120347
Actual_38.65_-121.05_2006_DPV_,5,5,0.00233347017263358
Actual_38.65_-121.05_2006_DPV_,8,6,0.526523777628935
Actual_38.65_-121.05_2006_DPV_,14,7,0.6651470302270811
Actual_38.65_-121.05_2006_DPV_,10,8,0.7556338180325388
Actual_38.65_-121.05_2006_DPV_,17,8,0.11896376639370827
Actual_38.65_-121.05_2006_DPV_,12,10,0.6617764621999437
Actual_38.65_-121.05_2006_DPV_,7,12,0.0031575925748732166
Actual_33.05_-116.85_2006_DPV_,7,2,0.1321421654077087
Actual_33.05_-116.85_2006_DPV_,10,4,0.6777906901672154
Actual_33.05_-116.85_2006_DPV_,9,8,0.6279294983536703
Actual_33.05_-116.85_2006_DPV_,14,8,0.6360767995601456
Actual_33.25_-114.85_2006_UPV_,13,3,0.7334920380177963
Actual_33.25_-114.85_2006_UPV_,10,4,0.8056845402616548
Actual_33.25_-114.85_2006_UPV_,16,4,0.2085866961488852
Actual_33.25_-114.85_2006_UPV_,14,5,0.6147354624725831
Actual_33.25_-114.85_2006_UPV_,13,6,0.6508476137829373
Actual_33.25_-114.85_2006_UPV_,7,8,0.3399846644911641
Actual_33.25_-114.85_2006_UPV_,17,8,0.021068492662137332
Actual_33.25_-114.85_2006_UPV_,14,9,0.5525750875253362
Actual_33.25_-114.85_2006_UPV_,15,11,0.23343007186290768
Actual_33.25_-114.85_2006_UPV_,12,12,0.6775932167121385
Actual_33.75_-116.15_2006_UPV_,7,2,0.3689299430658116
Actual_33.75_-116.15_2006_UPV_,10,2,0.7377047337224887
Actual_33.75_-116.15_2006_UPV_,8,7,0.64844944787793
Actual_33.75_-116.15_2006_UPV_,15,8,0.6184762365117503
Actual_33.75_-116.15_2006_UPV_,11,10,0.7198181053794586
Actual_33.75_-116.15_2006_UPV_,12,10,0.7315287393906651
Actual_33.75_-116.15_2006_UPV_,14,11,0.6452958089361793
Actual_33.75_-116.15_2006_UPV_,16,12,0.022977397217150412
Actual_34.05_-117.15_2006_DPV_,14,1,0.4877945129664769
Actual_34.05_-117.15_2006_DPV_,13,2,0.6118259803921567
Actual_34.05_-117.15_2006_DPV_,15,4,0.3672181372549019
Actual_34.05_-117.15_2006_DPV_,5,5,0.004724067046173308
Actual_34.05_-117.15_2006_DPV_,12,5,0.7190464895635674
Actual_34.05_-117.15_2006_DPV_,18,6,0.0005106209150326798
Actual_34.05_-117.15_2006_DPV_,12,9,0.7712826797385621
Actual_34.05_-117.15_2006_DPV_,6,10,0.026259092346616067
Actual_37.45_-121.95_2006_DPV_,11,1,0.4741856002543402
Actual_37.45_-121.95_2006_DPV_,12,4,0.5806875513316907
Actual_37.45_-121.95_2006_DPV_,10,5,0.78436715831545
Actual_37.45_-121.95_2006_DPV_,6,7,0.07977654392478796
Actual_37.45_-121.95_2006_DPV_,8,8,0.4024253159382771
Actual_37.45_-121.95_2006_DPV_,10,9,0.6640150181860848
Actual_37.45_-121.95_2006_DPV_,9,10,0.48506318765541445
Actual_37.95_-121.65_2006_DPV_,7,1,0.00035263719894011107
Actual_37.95_-121.65_2006_DPV_,10,2,0.5277562905014888
Actual_37.95_-121.65_2006_DPV_,12,4,0.5473300640239749
Actual_37.95_-121.65_2006_DPV_,15,4,0.34938700449530036
Actual_37.95_-121.65_2006_DPV_,5,4,0.0002043318348998774
Actual_37.95_-121.65_2006_DPV_,14,5,0.6312469515008502
Actual_37.95_-121.65_2006_DPV_,18,7,0.013377143836429073
Actual_37.95_-121.65_2006_DPV_,14,9,0.6059903282931479
Actual_37.95_-121.65_2006_DPV_,16,12,0.004353586353269969
Actual_35.05_-118.15_2006_UPV_,8,3,0.5624675303808518
Actual_35.05_-118.15_2006_UPV_,13,3,0.6339944192423668
Actual_35.05_-118.15_2006_UPV_,11,4,0.6896729204715258
Actual_35.05_-118.15_2006_UPV_,8,6,0.6480768166472965
Actual_35.05_-118.15_2006_UPV_,13,6,0.6738115003597323
Actual_35.05_-118.15_2006_UPV_,18,7,0.07960881138431714
Actual_35.05_-118.15_2006_UPV_,7,8,0.59786410158907
Actual_35.05_-118.15_2006_UPV_,9,10,0.681163068452652
Actual_37.95_-121.75_2006_DPV_,11,6,0.7485824611319991
Actual_37.95_-121.75_2006_DPV_,12,6,0.7560749246350301
Actual_37.95_-121.75_2006_DPV_,16,6,0.3569386579954612
Actual_37.95_-121.75_2006_DPV_,17,6,0.1749483453578566
Actual_37.95_-121.75_2006_DPV_,9,9,0.5902821528977408
Actual_37.95_-121.75_2006_DPV_,13,12,0.3766991946137128
Actual_33.75_-116.25_2006_DPV_,13,1,0.6516068793108644
Actual_33.75_-116.25_2006_DPV_,15,5,0.4706484744435409
Actual_33.75_-116.25_2006_DPV_,18,5,0.0
Actual_33.75_-116.25_2006_DPV_,5,7,0.003313153218276558
Actual_33.75_-116.25_2006_DPV_,9,8,0.6630221981265626
Actual_33.75_-116.25_2006_DPV_,12,8,0.7587422065600438
Actual_33.75_-116.25_2006_DPV_,15,9,0.37401182695300367
Actual_33.75_-116.25_2006_DPV_,10,10,0.7077196469985847
Actual_33.75_-116.25_2006_DPV_,14,11,0.4640834111422347
Actual_35.35_-117.85_2006_UPV_,10,1,0.6033060325214934
Actual_35.35_-117.85_2006_UPV_,14,2,0.5599811750981016
Actual_35.35_-117.85_2006_UPV_,16,4,0.23160727542687454
Actual_35.35_-117.85_2006_UPV_,17,4,0.034354120267260584
Actual_35.35_-117.85_2006_UPV_,11,7,0.7002478626338098
Actual_35.35_-117.85_2006_UPV_,7,11,0.16504578074733975
Actual_35.35_-117.85_2006_UPV_,12,12,0.633863783317767
Actual_38.65_-121.25_2006_DPV_,10,1,0.32124955803747846
Actual_38.65_-121.25_2006_DPV_,16,1,0.023086042303612653
Actual_38.65_-121.25_2006_DPV_,14,7,0.6467211580457977
Actual_38.65_-121.25_2006_DPV_,9,11,0.3090049430474963
Actual_38.65_-121.25_2006_DPV_,11,11,0.3921555985385773
Actual_38.65_-121.25_2006_DPV_,7,12,0.0019802892143317677
Actual_34.15_-117.25_2006_DPV_,11,3,0.605529680670983
Actual_34.15_-117.25_2006_DPV_,14,4,0.4886352406364266
Actual_34.15_-117.25_2006_DPV_,17,4,0.025832592153374842
Actual_34.15_-117.25_2006_DPV_,8,5,0.4325143693275824
Actual_34.15_-117.25_2006_DPV_,11,6,0.7367032315446191
Actual_34.15_-117.25_2006_DPV_,15,7,0.4422023086560256
Actual_34.15_-117.25_2006_DPV_,13,8,0.7341602670160573
Actual_34.15_-117.25_2006_DPV_,8,9,0.4875185294989623
Actual_34.15_-117.25_2006_DPV_,6,10,0.02280921549687747
Actual_34.15_-117.25_2006_DPV_,7,11,0.1599268702440953
Actual_34.15_-117.25_2006_DPV_,9,12,0.4815757007736964
Actual_34.15_-117.25_2006_DPV_,10,12,0.5570612931916644
Actual_34.95_-118.25_2006_UPV_,7,2,0.2511833046471601
Actual_34.95_-118.25_2006_UPV_,15,4,0.5976238286479251
Actual_34.95_-118.25_2006_UPV_,6,10,0.11111111111111109
Actual_34.95_-118.25_2006_UPV_,11,10,0.7459785378071425
Actual_34.95_-118.25_2006_UPV_,12,10,0.7479703761281685
Actual_34.95_-118.25_2006_UPV_,13,10,0.7115397072159604
Actual_34.95_-118.25_2006_UPV_,17,10,0.0
Actual_34.95_-118.25_2006_UPV_,9,11,0.6450133868808569
Actual_34.95_-118.25_2006_UPV_,14,12,0.5707345511076564
Actual_34.25_-117.65_2006_UPV_,7,4,0.26516860802837144
Actual_34.25_-117.65_2006_UPV_,15,5,0.4519058087001802
Actual_34.25_-117.65_2006_UPV_,11,7,0.728429286997068
Actual_34.25_-117.65_2006_UPV_,15,9,0.39576263413739327
Actual_34.25_-117.65_2006_UPV_,13,10,0.603334980310243
Actual_34.25_-117.65_2006_UPV_,10,11,0.6382066098015837
Actual_34.25_-117.65_2006_UPV_,16,11,0.0191690360451252
Actual_37.75_-122.05_2006_UPV_,10,1,0.42742531971750336
Actual_37.75_-122.05_2006_UPV_,12,1,0.4762538175224279
Actual_37.75_-122.05_2006_UPV_,8,3,0.4178158999809125
Actual_37.75_-122.05_2006_UPV_,13,5,0.7629795762550104
Actual_37.75_-122.05_2006_UPV_,8,6,0.527724358974359
Actual_37.75_-122.05_2006_UPV_,6,8,0.20179781446840997
Actual_37.75_-122.05_2006_UPV_,11,8,0.796824298530254
Actual_37.75_-122.05_2006_UPV_,13,9,0.781650641025641
Actual_32.75_-115.45_2006_UPV_,17,2,0.0037959013214807743
Actual_32.75_-115.45_2006_UPV_,15,3,0.6209458503694623
Actual_32.75_-115.45_2006_UPV_,11,4,0.7859260806013783
Actual_32.75_-115.45_2006_UPV_,15,6,0.5823553977865944
Actual_32.75_-115.45_2006_UPV_,8,8,0.6778235068268008
Actual_32.75_-115.45_2006_UPV_,10,8,0.7004694898928324
Actual_32.75_-115.45_2006_UPV_,12,11,0.7212709681909933
Actual_32.75_-115.45_2006_UPV_,13,11,0.709417414909167
Actual_32.75_-115.45_2006_UPV_,14,11,0.6558989350595114
Actual_34.45_-114.65_2006_UPV_,12,2,0.6983737244897961
Actual_34.45_-114.65_2006_UPV_,14,3,0.5154065860215054
Actual_34.45_-114.65_2006_UPV_,17,3,0.0018577188940092167
Actual_34.45_-114.65_2006_UPV_,7,4,0.3635565476190476
Actual_34.45_-114.65_2006_UPV_,10,4,0.795716765873016
Actual_34.45_-114.65_2006_UPV_,14,6,0.5303348214285716
Actual_34.45_-114.65_2006_UPV_,17,6,0.03743055555555556
Actual_34.45_-114.65_2006_UPV_,19,7,0.0
Actual_34.45_-114.65_2006_UPV_,13,10,0.5817900345622121
Actual_34.45_-114.65_2006_UPV_,16,11,0.0025520833333333316
Actual_37.95_-121.75_2006_DPV_,14,1,0.3282645679202546
Actual_37.95_-121.75_2006_DPV_,10,2,0.5123862267191198
Actual_37.95_-121.75_2006_DPV_,15,3,0.30056609772806986
Actual_37.95_-121.75_2006_DPV_,13,5,0.7404702511874284
Actual_33.65_-117.25_2006_DPV_,15,3,0.3270748027564167
Actual_33.65_-117.25_2006_DPV_,13,5,0.6989513632278038
Actual_33.65_-117.25_2006_DPV_,15,6,0.44781217750257996
Actual_33.65_-117.25_2006_DPV_,18,6,0.000567595459236326
Actual_33.65_-117.25_2006_DPV_,14,7,0.585329072206132
Actual_33.65_-117.25_2006_DPV_,13,9,0.7205366357069142
Actual_33.65_-117.25_2006_DPV_,7,10,0.24704883651253365
Actual_33.65_-117.25_2006_DPV_,11,11,0.6592156862745097
Actual_34.55_-118.55_2006_UPV_,13,4,0.501406358032864
Actual_34.55_-118.55_2006_UPV_,5,6,0.00253762301955073
Actual_34.55_-118.55_2006_UPV_,16,8,0.26839723302995744
Actual_34.55_-118.55_2006_UPV_,10,10,0.6315684574526392
Actual_34.55_-118.55_2006_UPV_,14,10,0.478116649511908
Actual_34.55_-118.55_2006_UPV_,7,11,0.1484928725892581
Actual_34.55_-118.55_2006_UPV_,8,11,0.3724274386924988
Actual_34.55_-118.55_2006_UPV_,11,12,0.6045877946383192
Actual_38.65_-121.05_2006_DPV_,16,3,0.13635676166194932
Actual_38.65_-121.05_2006_DPV_,7,5,0.3302508480435581
Actual_38.65_-121.05_2006_DPV_,16,6,0.34271042643447186
Actual_38.65_-121.05_2006_DPV_,19,7,0.0
Actual_38.65_-121.05_2006_DPV_,13,8,0.7618131927489573
Actual_38.65_-121.05_2006_DPV_,7,9,0.24512167894619336
Actual_38.65_-121.05_2006_DPV_,6,10,0.002150386011915253
Actual_38.65_-121.05_2006_DPV_,9,10,0.5255277315645053
Actual_38.65_-121.05_2006_DPV_,15,10,0.3010176522697318
Actual_38.65_-121.05_2006_DPV_,11,11,0.42636749274391605
Actual_33.05_-116.85_2006_DPV_,7,1,0.05311365610141641
Actual_33.05_-116.85_2006_DPV_,17,2,0.0010459035444509005
Actual_33.05_-116.85_2006_DPV_,12,4,0.6540512621860674
Actual_33.05_-116.85_2006_DPV_,13,4,0.6329717864290788
Actual_33.05_-116.85_2006_DPV_,16,4,0.20846407127638972
Actual_33.05_-116.85_2006_DPV_,5,7,0.0029177834842208515
Actual_33.05_-116.85_2006_DPV_,11,8,0.7872017394238159
Actual_33.05_-116.85_2006_DPV_,15,8,0.4600663530205619
Actual_33.05_-116.85_2006_DPV_,6,10,0.032026891092325656
Actual_33.05_-116.85_2006_DPV_,8,11,0.43133191297049517
Actual_33.25_-114.85_2006_UPV_,12,5,0.8108338237129763
Actual_33.25_-114.85_2006_UPV_,6,8,0.11657215713546959
Actual_33.25_-114.85_2006_UPV_,11,8,0.7642522156243872
Actual_33.25_-114.85_2006_UPV_,12,9,0.775290215588723
Actual_33.25_-114.85_2006_UPV_,8,10,0.5474642914459956
Actual_33.25_-114.85_2006_UPV_,9,10,0.6857156867989798
Actual_33.25_-114.85_2006_UPV_,14,12,0.46922644840314554
Actual_33.75_-116.15_2006_UPV_,7,1,0.21133165303540205
Actual_33.75_-116.15_2006_UPV_,10,1,0.6924729828808648
Actual_33.75_-116.15_2006_UPV_,5,4,0.03718383863822384
Actual_33.75_-116.15_2006_UPV_,16,5,0.5730310151044027
Actual_33.75_-116.15_2006_UPV_,9,7,0.6981556665373612
Actual_33.75_-116.15_2006_UPV_,6,8,0.41928781635061224
Actual_33.75_-116.15_2006_UPV_,16,9,0.4196436441478309
Actual_33.75_-116.15_2006_UPV_,13,10,0.6913315717961789
Actual_34.05_-117.15_2006_DPV_,13,1,0.6130020556609741
Actual_34.05_-117.15_2006_DPV_,14,2,0.5336134453781513
Actual_34.05_-117.15_2006_DPV_,7,4,0.28460988562091505
Actual_34.05_-117.15_2006_DPV_,9,4,0.5487234477124183
Actual_34.05_-117.15_2006_DPV_,17,4,0.02449959150326797
Actual_34.05_-117.15_2006_DPV_,11,7,0.7315287001897532
Actual_34.05_-117.15_2006_DPV_,16,8,0.26559535104364324
Actual_34.05_-117.15_2006_DPV_,8,11,0.40287990196078444
Actual_34.05_-117.15_2006_DPV_,10,11,0.6096303104575165
Actual_34.05_-117.15_2006_DPV_,12,12,0.5926727545857052
Actual_37.45_-121.95_2006_DPV_,11,2,0.5842510182531303
Actual_37.45_-121.95_2006_DPV_,14,3,0.4492057544481157
Actual_37.45_-121.95_2006_DPV_,15,4,0.37790684031444327
Actual_37.45_-121.95_2006_DPV_,5,5,0.0013284736178764858
Actual_37.45_-121.95_2006_DPV_,17,5,0.1490047802341293
Actual_37.45_-121.95_2006_DPV_,18,5,0.004076256656561184
Actual_37.45_-121.95_2006_DPV_,14,6,0.6809574093629004
Actual_37.45_-121.95_2006_DPV_,16,8,0.36612505819168617
Actual_37.45_-121.95_2006_DPV_,17,9,0.04439751261292971
Actual_37.45_-121.95_2006_DPV_,7,10,0.14648408670277394
Actual_37.45_-121.95_2006_DPV_,13,10,0.5749679236070897
Actual_37.45_-121.95_2006_DPV_,10,12,0.4066037628731363
Actual_37.95_-121.65_2006_DPV_,10,1,0.3533886127845815
Actual_37.95_-121.65_2006_DPV_,7,2,0.018484733492906767
Actual_37.95_-121.65_2006_DPV_,8,3,0.29676232911926387
Actual_37.95_-121.65_2006_DPV_,11,3,0.5275913890609965
Actual_37.95_-121.65_2006_DPV_,16,5,0.32044834359386737
Actual_37.95_-121.65_2006_DPV_,8,6,0.48472619534123423
Actual_37.95_-121.65_2006_DPV_,11,6,0.7561299550469964
Actual_37.95_-121.65_2006_DPV_,9,7,0.6050891809589096
Actual_37.95_-121.65_2006_DPV_,13,8,0.7417014909632599
Actual_37.95_-121.65_2006_DPV_,16,9,0.24163261136085
Actual_37.95_-121.65_2006_DPV_,17,10,0.0007605684965717658
Actual_37.95_-121.65_2006_DPV_,14,12,0.27958197661389195
Actual_35.05_-118.15_2006_UPV_,10,3,0.7005404015788941
Actual_35.05_-118.15_2006_UPV_,5,4,0.025693176158060767
Actual_35.05_-118.15_2006_UPV_,10,6,0.6856826609109524
Actual_35.05_-118.15_2006_UPV_,16,7,0.5463036853352471
Actual_35.05_-118.15_2006_UPV_,12,8,0.7069513102997649
Actual_35.05_-118.15_2006_UPV_,14,8,0.6888111700845684
Actual_35.05_-118.15_2006_UPV_,17,8,0.33504362310069474
Actual_35.05_-118.15_2006_UPV_,15,10,0.5865097770374852
Actual_37.95_-121.75_2006_DPV_,15,6,0.5171764387088034
Actual_37.95_-121.75_2006_DPV_,5,7,0.0011276063604865752
Actual_37.95_-121.75_2006_DPV_,13,9,0.6817328862242998
Actual_37.95_-121.75_2006_DPV_,7,11,0.04725806997933814
Actual_37.95_-121.75_2006_DPV_,8,11,0.22386613826508142
Actual_37.95_-121.75_2006_DPV_,9,12,0.32094823827895796
Actual_33.75_-116.25_2006_DPV_,13,2,0.7031145791649996
Actual_33.75_-116.25_2006_DPV_,7,3,0.21454173067076293
Actual_33.75_-116.25_2006_DPV_,17,3,0.005782958344628173
Actual_33.75_-116.25_2006_DPV_,6,4,0.12287581699346402
Actual_33.75_-116.25_2006_DPV_,7,6,0.3597261126672893
Actual_33.75_-116.25_2006_DPV_,17,6,0.0695300342359166
Actual_33.75_-116.25_2006_DPV_,8,7,0.4925454052588777
Actual_33.75_-116.25_2006_DPV_,11,8,0.7817535616397101
Actual_33.75_-116.25_2006_DPV_,16,8,0.24336616366976901
Actual_33.75_-116.25_2006_DPV_,15,12,0.2230956898888588
Actual_35.35_-117.85_2006_UPV_,14,1,0.4946835261153819
Actual_35.35_-117.85_2006_UPV_,10,2,0.6184179128221444
Actual_35.35_-117.85_2006_UPV_,8,4,0.5008599356594903
Actual_35.35_-117.85_2006_UPV_,13,4,0.6875958921059144
Actual_35.35_-117.85_2006_UPV_,5,4,0.0006495916852264292
Actual_35.35_-117.85_2006_UPV_,12,5,0.723980410470101
Actual_35.35_-117.85_2006_UPV_,6,7,0.09652273870249302
Actual_35.35_-117.85_2006_UPV_,15,8,0.44913427688770746
Actual_35.35_-117.85_2006_UPV_,12,9,0.7328445929225439
Actual_35.35_-117.85_2006_UPV_,9,10,0.6281880882247287
Actual_38.65_-121.25_2006_DPV_,10,2,0.5227733259648153
Actual_38.65_-121.25_2006_DPV_,16,2,0.1226858248134844
Actual_38.65_-121.25_2006_DPV_,13,3,0.47357584076870285
Actual_38.65_-121.25_2006_DPV_,15,3,0.28770200287015674
Actual_38.65_-121.25_2006_DPV_,5,5,0.002038227158336973
Actual_38.65_-121.25_2006_DPV_,7,5,0.31461492065472846
Actual_38.65_-121.25_2006_DPV_,13,6,0.7152804642166346
Actual_38.65_-121.25_2006_DPV_,15,6,0.48596604341285193
Actual_38.65_-121.25_2006_DPV_,17,8,0.11682369335080386
Actual_38.65_-121.25_2006_DPV_,7,9,0.23088330109606708
Actual_38.65_-121.25_2006_DPV_,8,11,0.19733505265420165
Actual_38.65_-121.25_2006_DPV_,12,11,0.4122286696754783
Actual_34.15_-117.25_2006_DPV_,16,3,0.1270143358549391
Actual_34.15_-117.25_2006_DPV_,12,4,0.6214942187963239
Actual_34.15_-117.25_2006_DPV_,9,5,0.567017013666402
Actual_34.15_-117.25_2006_DPV_,10,5,0.6806805466560831
Actual_34.15_-117.25_2006_DPV_,16,6,0.265895839509833
Actual_34.15_-117.25_2006_DPV_,9,9,0.6371874691175017
Actual_34.15_-117.25_2006_DPV_,10,9,0.7298250815297952
Actual_34.15_-117.25_2006_DPV_,8,12,0.30299436703231547
Actual_34.95_-118.25_2006_UPV_,7,1,0.14045429027939713
Actual_34.95_-118.25_2006_UPV_,14,5,0.7222276201580514
Actual_34.95_-118.25_2006_UPV_,10,7,0.697818154337781
Actual_34.95_-118.25_2006_UPV_,16,7,0.5351621539923133
Actual_34.95_-118.25_2006_UPV_,14,9,0.6943328871039713
Actual_34.95_-118.25_2006_UPV_,8,10,0.6708176793194283
Actual_34.25_-117.65_2006_UPV_,12,4,0.6289675624445871
Actual_34.25_-117.65_2006_UPV_,5,5,0.0020947179379454607
Actual_34.25_-117.65_2006_UPV_,6,5,0.11980721494232126
Actual_34.25_-117.65_2006_UPV_,8,8,0.4872231081708794
Actual_34.25_-117.65_2006_UPV_,17,8,0.05584139316494721
Actual_34.25_-117.65_2006_UPV_,6,9,0.07268030205753767
Actual_34.25_-117.65_2006_UPV_,9,11,0.5502675104711242
Actual_34.25_-117.65_2006_UPV_,14,11,0.4254089088630038
Actual_34.25_-117.65_2006_UPV_,15,12,0.2406558715713048
Actual_37.75_-122.05_2006_UPV_,10,2,0.5880705832628909
Actual_37.75_-122.05_2006_UPV_,12,2,0.5807203613693999
Actual_37.75_-122.05_2006_UPV_,5,7,0.03437559648787936
Actual_37.75_-122.05_2006_UPV_,7,7,0.42478287841191076
Actual_37.75_-122.05_2006_UPV_,16,7,0.6547289559076158
Actual_37.75_-122.05_2006_UPV_,9,8,0.5981819049436915
Actual_37.75_-122.05_2006_UPV_,17,8,0.40233107463256346
Actual_37.75_-122.05_2006_UPV_,14,10,0.6471058408093147
Actual_37.75_-122.05_2006_UPV_,15,11,0.3285318047337278
Actual_37.75_-122.05_2006_UPV_,13,12,0.4342073869058981
Actual_32.75_-115.45_2006_UPV_,17,1,6.7358664681831345e-06
Actual_32.75_-115.45_2006_UPV_,7,3,0.4344633871978122
Actual_32.75_-115.45_2006_UPV_,16,4,0.48448527876383385
Actual_32.75_-115.45_2006_UPV_,6,4,0.3985058351314355
Actual_32.75_-115.45_2006_UPV_,7,6,0.5681422704809633
Actual_32.75_-115.45_2006_UPV_,19,7,0.0
Actual_32.75_-115.45_2006_UPV_,9,11,0.6969235052550985
Actual_34.45_-114.65_2006_UPV_,12,1,0.7081725230414748
Actual_34.45_-114.65_2006_UPV_,6,5,0.17547043010752691
Actual_34.45_-114.65_2006_UPV_,9,7,0.5907738095238095
Actual_34.45_-114.65_2006_UPV_,11,7,0.6386760752688171
Actual_34.45_-114.65_2006_UPV_,15,8,0.38226046466973895
Actual_34.45_-114.65_2006_UPV_,18,8,0.0
Actual_34.45_-114.65_2006_UPV_,6,9,0.11113007703081232
Actual_34.45_-114.65_2006_UPV_,8,11,0.4694940476190476
