Source,Location ID,City,State,Country,Latitude,Longitude,Time Zone,Elevation,Local Time Zone,Clearsky DHI Units,Clearsky DNI Units,Clearsky GHI Units,Dew Point Units,DHI Units,DNI Units,GHI Units,Solar Zenith Angle Units,Temperature Units,Pressure Units,Relative Humidity Units,Precipitable Water Units,Wind Direction Units,Wind Speed Units,Cloud Type -15,Cloud Type 0,Cloud Type 1,Cloud Type 2,Cloud Type 3,Cloud Type 4,Cloud Type 5,Cloud Type 6,Cloud Type 7,Cloud Type 8,Cloud Type 9,Cloud Type 10,Cloud Type 11,Cloud Type 12,Fill Flag 0,Fill Flag 1,Fill Flag 2,Fill Flag 3,Fill Flag 4,Fill Flag 5,Surface Albedo Units,Version
NSRDB,145533,-,-,-,39.77,-121.86,-8,65,-8,w/m2,w/m2,w/m2,c,w/m2,w/m2,w/m2,Degree,c,mbar,%,cm,Degrees,m/s,N/A,Clear,Probably Clear,Fog,Water,Super-Cooled Water,Mixed,Opaque Ice,Cirrus,Overlapping,Overshooting,Unknown,Dust,Smoke,N/A,Missing Image,Low Irradiance,Exceeds Clearsky,Missing CLoud Properties,Rayleigh Violation,N/A,4.0.1
Year,Month,Day,Hour,Minute,GHI,DNI,Cloud Type,Temperature
2006,1,1,0,30,0,0,1,8.6
2006,1,1,1,30,0,0,7,8.700000000000001
2006,1,1,2,30,0,0,7,8.8
2006,1,1,3,30,0,0,7,8.8
2006,1,1,4,30,0,0,7,8.8
2006,1,1,5,30,0,0,7,8.700000000000001
2006,1,1,6,30,0,0,7,8.700000000000001
2006,1,1,7,30,0,0,7,9
2006,1,1,8,30,6,0,7,9.4
2006,1,1,9,30,77,4,7,9.5
2006,1,1,10,30,6,0,8,9.4
2006,1,1,11,30,46,0,7,9.3
2006,1,1,12,30,136,10,7,9
2006,1,1,13,30,19,0,7,8.5
2006,1,1,14,30,52,0,7,8.1
2006,1,1,15,30,18,0,6,7.6000000000000005
2006,1,1,16,30,12,0,6,7
2006,1,1,17,30,0,0,7,7
2006,1,1,18,30,0,0,7,7.2
2006,1,1,19,30,0,0,6,7.5
2006,1,1,20,30,0,0,6,7.6000000000000005
2006,1,1,21,30,0,0,7,7.5
2006,1,1,22,30,0,0,7,7.5
2006,1,1,23,30,0,0,7,7.4
2006,1,2,0,30,0,0,7,7.300000000000001
2006,1,2,1,30,0,0,6,7.4
2006,1,2,2,30,0,0,6,7.5
2006,1,2,3,30,0,0,6,7.6000000000000005
2006,1,2,4,30,0,0,6,7.6000000000000005
2006,1,2,5,30,0,0,7,7.7
2006,1,2,6,30,0,0,6,7.9
2006,1,2,7,30,0,0,7,8.3
2006,1,2,8,30,10,0,6,8.9
2006,1,2,9,30,51,1,6,9.4
2006,1,2,10,30,30,0,7,9.600000000000001
2006,1,2,11,30,202,32,7,9.700000000000001
2006,1,2,12,30,49,0,6,10
2006,1,2,13,30,66,0,6,10.100000000000001
2006,1,2,14,30,130,13,7,10
2006,1,2,15,30,102,25,8,9.4
2006,1,2,16,30,22,1,7,8.700000000000001
2006,1,2,17,30,0,0,7,8.3
2006,1,2,18,30,0,0,7,8.200000000000001
2006,1,2,19,30,0,0,0,8
2006,1,2,20,30,0,0,0,7.4
2006,1,2,21,30,0,0,0,6.2
2006,1,2,22,30,0,0,0,5.6000000000000005
2006,1,2,23,30,0,0,0,5.9
2006,1,3,0,30,0,0,7,6.4
2006,1,3,1,30,0,0,1,6.7
2006,1,3,2,30,0,0,4,6.800000000000001
2006,1,3,3,30,0,0,8,7
2006,1,3,4,30,0,0,7,7
2006,1,3,5,30,0,0,7,7.1000000000000005
2006,1,3,6,30,0,0,6,7.2
2006,1,3,7,30,0,0,7,7.300000000000001
2006,1,3,8,30,22,0,6,7.7
2006,1,3,9,30,27,0,6,8.200000000000001
2006,1,3,10,30,100,3,7,8.9
2006,1,3,11,30,49,0,6,9.4
2006,1,3,12,30,35,0,6,9.600000000000001
2006,1,3,13,30,9,0,7,9.600000000000001
2006,1,3,14,30,51,0,6,9.3
2006,1,3,15,30,26,0,6,9.1
2006,1,3,16,30,13,0,6,8.8
2006,1,3,17,30,0,0,7,8.700000000000001
2006,1,3,18,30,0,0,7,8.5
2006,1,3,19,30,0,0,8,8.4
2006,1,3,20,30,0,0,8,8.4
2006,1,3,21,30,0,0,8,8.3
2006,1,3,22,30,0,0,7,8.4
2006,1,3,23,30,0,0,7,8.5
2006,1,4,0,30,0,0,7,8.8
2006,1,4,1,30,0,0,7,9.1
2006,1,4,2,30,0,0,1,9.4
2006,1,4,3,30,0,0,0,9.5
2006,1,4,4,30,0,0,8,9.600000000000001
2006,1,4,5,30,0,0,1,9.700000000000001
2006,1,4,6,30,0,0,4,9.8
2006,1,4,7,30,0,0,6,10.100000000000001
2006,1,4,8,30,40,1,6,11.200000000000001
2006,1,4,9,30,231,428,7,12.700000000000001
2006,1,4,10,30,271,130,2,14.100000000000001
2006,1,4,11,30,334,296,8,15.100000000000001
2006,1,4,12,30,456,835,0,15.8
2006,1,4,13,30,412,815,0,16
2006,1,4,14,30,318,761,0,15.600000000000001
2006,1,4,15,30,184,636,0,14.100000000000001
2006,1,4,16,30,42,318,0,12
2006,1,4,17,30,0,0,0,10.700000000000001
2006,1,4,18,30,0,0,0,10
2006,1,4,19,30,0,0,0,9.600000000000001
2006,1,4,20,30,0,0,7,9.3
2006,1,4,21,30,0,0,7,8.9
2006,1,4,22,30,0,0,7,8.700000000000001
2006,1,4,23,30,0,0,1,8.5
2006,1,5,0,30,0,0,0,8.3
2006,1,5,1,30,0,0,0,8.200000000000001
2006,1,5,2,30,0,0,3,8.1
2006,1,5,3,30,0,0,1,8.200000000000001
2006,1,5,4,30,0,0,7,8.200000000000001
2006,1,5,5,30,0,0,4,8.3
2006,1,5,6,30,0,0,4,8.4
2006,1,5,7,30,0,0,7,9.4
2006,1,5,8,30,82,25,7,11.5
2006,1,5,9,30,185,133,7,13.600000000000001
2006,1,5,10,30,299,359,8,15.3
2006,1,5,11,30,352,238,3,16.3
2006,1,5,12,30,473,865,1,16.900000000000002
2006,1,5,13,30,426,836,1,17
2006,1,5,14,30,261,328,8,16.400000000000002
2006,1,5,15,30,142,116,8,14.700000000000001
2006,1,5,16,30,29,3,7,13
2006,1,5,17,30,0,0,8,12.100000000000001
2006,1,5,18,30,0,0,7,11.8
2006,1,5,19,30,0,0,7,11.5
2006,1,5,20,30,0,0,7,11.3
2006,1,5,21,30,0,0,7,11
2006,1,5,22,30,0,0,8,10.9
2006,1,5,23,30,0,0,7,10.9
2006,1,6,0,30,0,0,7,10.9
2006,1,6,1,30,0,0,7,10.9
2006,1,6,2,30,0,0,7,10.9
2006,1,6,3,30,0,0,7,10.8
2006,1,6,4,30,0,0,7,10.700000000000001
2006,1,6,5,30,0,0,7,10.700000000000001
2006,1,6,6,30,0,0,7,10.8
2006,1,6,7,30,0,0,7,11.3
2006,1,6,8,30,69,11,7,12.700000000000001
2006,1,6,9,30,117,17,7,14.600000000000001
2006,1,6,10,30,168,20,7,16
2006,1,6,11,30,289,132,7,16.5
2006,1,6,12,30,378,430,8,16.7
2006,1,6,13,30,272,61,4,16.900000000000002
2006,1,6,14,30,186,20,4,16.400000000000002
2006,1,6,15,30,180,401,7,14.5
2006,1,6,16,30,31,5,7,12.4
2006,1,6,17,30,0,0,7,11.200000000000001
2006,1,6,18,30,0,0,7,10.5
2006,1,6,19,30,0,0,7,9.8
2006,1,6,20,30,0,0,7,9.600000000000001
2006,1,6,21,30,0,0,7,9.700000000000001
2006,1,6,22,30,0,0,7,10
2006,1,6,23,30,0,0,6,10.3
2006,1,7,0,30,0,0,7,10.600000000000001
2006,1,7,1,30,0,0,6,10.4
2006,1,7,2,30,0,0,8,9.9
2006,1,7,3,30,0,0,4,9.3
2006,1,7,4,30,0,0,0,8.6
2006,1,7,5,30,0,0,3,8.1
2006,1,7,6,30,0,0,1,7.9
2006,1,7,7,30,0,0,3,8.8
2006,1,7,8,30,35,0,3,10.200000000000001
2006,1,7,9,30,61,0,2,11.200000000000001
2006,1,7,10,30,63,1,7,12.200000000000001
2006,1,7,11,30,237,63,8,12.9
2006,1,7,12,30,208,36,8,13.200000000000001
2006,1,7,13,30,231,78,7,13.200000000000001
2006,1,7,14,30,125,2,4,12.9
2006,1,7,15,30,185,554,0,12
2006,1,7,16,30,17,0,4,10.8
2006,1,7,17,30,0,0,4,10
2006,1,7,18,30,0,0,1,9.5
2006,1,7,19,30,0,0,0,8.9
2006,1,7,20,30,0,0,0,8.3
2006,1,7,21,30,0,0,0,7.800000000000001
2006,1,7,22,30,0,0,0,7.4
2006,1,7,23,30,0,0,0,7.2
2006,1,8,0,30,0,0,8,7.1000000000000005
2006,1,8,1,30,0,0,7,7.2
2006,1,8,2,30,0,0,0,7
2006,1,8,3,30,0,0,0,6.4
2006,1,8,4,30,0,0,0,5.800000000000001
2006,1,8,5,30,0,0,4,5.4
2006,1,8,6,30,0,0,1,5.2
2006,1,8,7,30,0,0,4,6.2
2006,1,8,8,30,63,1,4,8.6
2006,1,8,9,30,197,96,3,10.8
2006,1,8,10,30,390,795,0,12.4
2006,1,8,11,30,461,838,0,13
2006,1,8,12,30,367,234,2,12.600000000000001
2006,1,8,13,30,299,177,7,12
2006,1,8,14,30,206,71,7,11.600000000000001
2006,1,8,15,30,106,22,8,10.4
2006,1,8,16,30,49,305,0,8.3
2006,1,8,17,30,0,0,3,7.4
2006,1,8,18,30,0,0,0,7.1000000000000005
2006,1,8,19,30,0,0,0,6.800000000000001
2006,1,8,20,30,0,0,0,6.5
2006,1,8,21,30,0,0,0,6.1000000000000005
2006,1,8,22,30,0,0,0,5.9
2006,1,8,23,30,0,0,0,5.800000000000001
2006,1,9,0,30,0,0,0,5.6000000000000005
2006,1,9,1,30,0,0,0,5.4
2006,1,9,2,30,0,0,0,5.2
2006,1,9,3,30,0,0,0,4.9
2006,1,9,4,30,0,0,0,4.7
2006,1,9,5,30,0,0,0,4.5
2006,1,9,6,30,0,0,0,4.7
2006,1,9,7,30,0,0,4,6
2006,1,9,8,30,64,1,4,8.3
2006,1,9,9,30,272,680,1,10.200000000000001
2006,1,9,10,30,392,774,0,11.4
2006,1,9,11,30,463,809,0,12
2006,1,9,12,30,476,809,0,12.100000000000001
2006,1,9,13,30,369,424,8,12.200000000000001
2006,1,9,14,30,267,266,7,11.9
2006,1,9,15,30,163,184,8,10.4
2006,1,9,16,30,35,4,7,8.4
2006,1,9,17,30,0,0,7,7.9
2006,1,9,18,30,0,0,7,7.9
2006,1,9,19,30,0,0,7,7.6000000000000005
2006,1,9,20,30,0,0,7,7.300000000000001
2006,1,9,21,30,0,0,7,6.9
2006,1,9,22,30,0,0,0,6.6000000000000005
2006,1,9,23,30,0,0,7,6.5
2006,1,10,0,30,0,0,1,6.7
2006,1,10,1,30,0,0,4,7
2006,1,10,2,30,0,0,7,6.9
2006,1,10,3,30,0,0,7,6.800000000000001
2006,1,10,4,30,0,0,4,6.800000000000001
2006,1,10,5,30,0,0,7,6.9
2006,1,10,6,30,0,0,7,7
2006,1,10,7,30,0,0,8,7.6000000000000005
2006,1,10,8,30,34,0,4,8.8
2006,1,10,9,30,169,30,4,10
2006,1,10,10,30,77,0,4,10.9
2006,1,10,11,30,40,0,4,11.4
2006,1,10,12,30,213,33,7,11.700000000000001
2006,1,10,13,30,64,0,8,11.9
2006,1,10,14,30,55,0,6,11.700000000000001
2006,1,10,15,30,32,0,7,10.9
2006,1,10,16,30,9,0,7,10.3
2006,1,10,17,30,0,0,6,10
2006,1,10,18,30,0,0,7,9.9
2006,1,10,19,30,0,0,6,9.9
2006,1,10,20,30,0,0,6,10.100000000000001
2006,1,10,21,30,0,0,6,10.3
2006,1,10,22,30,0,0,7,10.5
2006,1,10,23,30,0,0,7,10.4
2006,1,11,0,30,0,0,7,10.5
2006,1,11,1,30,0,0,7,10.5
2006,1,11,2,30,0,0,7,10.5
2006,1,11,3,30,0,0,8,10.600000000000001
2006,1,11,4,30,0,0,7,10.700000000000001
2006,1,11,5,30,0,0,6,10.8
2006,1,11,6,30,0,0,7,10.9
2006,1,11,7,30,0,0,7,10.9
2006,1,11,8,30,9,0,6,11.200000000000001
2006,1,11,9,30,79,4,7,11.700000000000001
2006,1,11,10,30,179,36,7,12.3
2006,1,11,11,30,32,0,4,12.700000000000001
2006,1,11,12,30,125,4,7,13
2006,1,11,13,30,17,0,4,13.3
2006,1,11,14,30,92,0,4,13.3
2006,1,11,15,30,29,0,7,12.5
2006,1,11,16,30,28,1,7,11.3
2006,1,11,17,30,0,0,8,10.200000000000001
2006,1,11,18,30,0,0,4,9.3
2006,1,11,19,30,0,0,7,8.5
2006,1,11,20,30,0,0,0,7.9
2006,1,11,21,30,0,0,0,7.4
2006,1,11,22,30,0,0,0,7.1000000000000005
2006,1,11,23,30,0,0,4,7
2006,1,12,0,30,0,0,8,6.800000000000001
2006,1,12,1,30,0,0,7,6.5
2006,1,12,2,30,0,0,4,6.1000000000000005
2006,1,12,3,30,0,0,0,5.6000000000000005
2006,1,12,4,30,0,0,0,5.2
2006,1,12,5,30,0,0,4,5.2
2006,1,12,6,30,0,0,1,5.7
2006,1,12,7,30,0,0,4,7.300000000000001
2006,1,12,8,30,21,0,4,9.600000000000001
2006,1,12,9,30,269,677,0,11.700000000000001
2006,1,12,10,30,128,1,4,13.4
2006,1,12,11,30,285,122,8,14.600000000000001
2006,1,12,12,30,370,337,7,15
2006,1,12,13,30,286,131,7,14.8
2006,1,12,14,30,228,99,7,14.100000000000001
2006,1,12,15,30,130,17,4,12.8
2006,1,12,16,30,27,1,7,11.4
2006,1,12,17,30,0,0,7,10.600000000000001
2006,1,12,18,30,0,0,6,10.4
2006,1,12,19,30,0,0,7,10.3
2006,1,12,20,30,0,0,7,9.9
2006,1,12,21,30,0,0,4,9.4
2006,1,12,22,30,0,0,4,9.1
2006,1,12,23,30,0,0,4,8.8
2006,1,13,0,30,0,0,4,8.6
2006,1,13,1,30,0,0,8,8.5
2006,1,13,2,30,0,0,4,8.4
2006,1,13,3,30,0,0,8,8.200000000000001
2006,1,13,4,30,0,0,7,8.1
2006,1,13,5,30,0,0,7,8.200000000000001
2006,1,13,6,30,0,0,8,8.4
2006,1,13,7,30,0,0,8,9.3
2006,1,13,8,30,61,5,8,10.600000000000001
2006,1,13,9,30,11,0,8,11.8
2006,1,13,10,30,38,0,8,12.9
2006,1,13,11,30,30,0,7,13.5
2006,1,13,12,30,77,1,7,13.700000000000001
2006,1,13,13,30,63,0,7,13.600000000000001
2006,1,13,14,30,81,1,7,13
2006,1,13,15,30,40,0,6,12.100000000000001
2006,1,13,16,30,11,0,6,11.3
2006,1,13,17,30,0,0,6,11.100000000000001
2006,1,13,18,30,0,0,6,11.100000000000001
2006,1,13,19,30,0,0,7,10.9
2006,1,13,20,30,0,0,6,10.700000000000001
2006,1,13,21,30,0,0,6,10.600000000000001
2006,1,13,22,30,0,0,6,10.5
2006,1,13,23,30,0,0,7,10.700000000000001
2006,1,14,0,30,0,0,7,10.9
2006,1,14,1,30,0,0,6,10.9
2006,1,14,2,30,0,0,6,10.4
2006,1,14,3,30,0,0,6,9.5
2006,1,14,4,30,0,0,6,8.4
2006,1,14,5,30,0,0,6,7.6000000000000005
2006,1,14,6,30,0,0,6,7.2
2006,1,14,7,30,0,0,8,7.2
2006,1,14,8,30,5,0,4,7.5
2006,1,14,9,30,14,0,6,7.800000000000001
2006,1,14,10,30,49,0,6,7.9
2006,1,14,11,30,60,0,6,8
2006,1,14,12,30,130,4,6,8.200000000000001
2006,1,14,13,30,9,0,6,8.6
2006,1,14,14,30,121,7,8,8.8
2006,1,14,15,30,41,1,7,8.200000000000001
2006,1,14,16,30,35,4,7,7.300000000000001
2006,1,14,17,30,0,0,8,6.7
2006,1,14,18,30,0,0,7,6.2
2006,1,14,19,30,0,0,7,5.800000000000001
2006,1,14,20,30,0,0,1,5.300000000000001
2006,1,14,21,30,0,0,1,4.4
2006,1,14,22,30,0,0,1,3.3000000000000003
2006,1,14,23,30,0,0,1,2.5
2006,1,15,0,30,0,0,0,1.9000000000000001
2006,1,15,1,30,0,0,0,1.4000000000000001
2006,1,15,2,30,0,0,0,0.9
2006,1,15,3,30,0,0,0,0.5
2006,1,15,4,30,0,0,0,0.2
2006,1,15,5,30,0,0,0,-0.1
2006,1,15,6,30,0,0,1,-0.2
2006,1,15,7,30,0,0,1,1
2006,1,15,8,30,145,659,0,3.4000000000000004
2006,1,15,9,30,304,830,0,5.5
2006,1,15,10,30,430,898,0,7.4
2006,1,15,11,30,507,932,0,8.8
2006,1,15,12,30,524,938,0,9.4
2006,1,15,13,30,481,922,0,9.600000000000001
2006,1,15,14,30,378,857,0,9.200000000000001
2006,1,15,15,30,178,173,10,7.6000000000000005
2006,1,15,16,30,45,2,4,5.5
2006,1,15,17,30,0,0,4,4.4
2006,1,15,18,30,0,0,1,4
2006,1,15,19,30,0,0,0,3.6
2006,1,15,20,30,0,0,0,3.2
2006,1,15,21,30,0,0,0,2.8000000000000003
2006,1,15,22,30,0,0,4,2.9000000000000004
2006,1,15,23,30,0,0,4,3.2
2006,1,16,0,30,0,0,4,2.9000000000000004
2006,1,16,1,30,0,0,8,2.6
2006,1,16,2,30,0,0,7,2.5
2006,1,16,3,30,0,0,7,2.6
2006,1,16,4,30,0,0,8,2.8000000000000003
2006,1,16,5,30,0,0,7,2.9000000000000004
2006,1,16,6,30,0,0,8,2.9000000000000004
2006,1,16,7,30,0,0,7,3.9000000000000004
2006,1,16,8,30,6,0,7,5.9
2006,1,16,9,30,120,16,7,7.2
2006,1,16,10,30,27,0,6,7.800000000000001
2006,1,16,11,30,145,6,6,8.1
2006,1,16,12,30,232,32,6,8.6
2006,1,16,13,30,268,97,7,8.8
2006,1,16,14,30,243,76,4,8.4
2006,1,16,15,30,75,5,7,7.800000000000001
2006,1,16,16,30,24,0,6,7.300000000000001
2006,1,16,17,30,0,0,7,7.1000000000000005
2006,1,16,18,30,0,0,7,7
2006,1,16,19,30,0,0,7,7.2
2006,1,16,20,30,0,0,7,7.300000000000001
2006,1,16,21,30,0,0,6,7.5
2006,1,16,22,30,0,0,7,7.5
2006,1,16,23,30,0,0,7,7.5
2006,1,17,0,30,0,0,7,7.4
2006,1,17,1,30,0,0,7,7.300000000000001
2006,1,17,2,30,0,0,7,7.300000000000001
2006,1,17,3,30,0,0,6,7.2
2006,1,17,4,30,0,0,7,7.2
2006,1,17,5,30,0,0,7,7.300000000000001
2006,1,17,6,30,0,0,7,7.300000000000001
2006,1,17,7,30,0,0,7,7.4
2006,1,17,8,30,68,9,7,7.7
2006,1,17,9,30,199,157,7,8.1
2006,1,17,10,30,66,0,6,8.6
2006,1,17,11,30,117,2,6,9
2006,1,17,12,30,86,1,6,9.600000000000001
2006,1,17,13,30,30,0,6,10.100000000000001
2006,1,17,14,30,40,0,7,10.100000000000001
2006,1,17,15,30,4,0,6,9.700000000000001
2006,1,17,16,30,22,0,7,9.1
2006,1,17,17,30,0,0,6,8.9
2006,1,17,18,30,0,0,7,8.9
2006,1,17,19,30,0,0,7,8.9
2006,1,17,20,30,0,0,7,8.9
2006,1,17,21,30,0,0,7,8.8
2006,1,17,22,30,0,0,7,8.5
2006,1,17,23,30,0,0,7,8.200000000000001
2006,1,18,0,30,0,0,4,8
2006,1,18,1,30,0,0,3,7.7
2006,1,18,2,30,0,0,4,7.5
2006,1,18,3,30,0,0,7,7.4
2006,1,18,4,30,0,0,7,7.300000000000001
2006,1,18,5,30,0,0,7,7.2
2006,1,18,6,30,0,0,6,7
2006,1,18,7,30,0,0,7,7.1000000000000005
2006,1,18,8,30,17,0,7,7.5
2006,1,18,9,30,288,704,1,8.3
2006,1,18,10,30,198,39,7,9.200000000000001
2006,1,18,11,30,420,485,7,9.9
2006,1,18,12,30,359,225,7,10.200000000000001
2006,1,18,13,30,143,7,7,10.3
2006,1,18,14,30,193,56,8,10
2006,1,18,15,30,231,666,0,9.1
2006,1,18,16,30,53,12,8,7.7
2006,1,18,17,30,0,0,8,6.7
2006,1,18,18,30,0,0,8,6.2
2006,1,18,19,30,0,0,8,5.9
2006,1,18,20,30,0,0,8,5.6000000000000005
2006,1,18,21,30,0,0,8,5.1000000000000005
2006,1,18,22,30,0,0,7,4.800000000000001
2006,1,18,23,30,0,0,7,4.6000000000000005
2006,1,19,0,30,0,0,1,4.3
2006,1,19,1,30,0,0,0,3.8000000000000003
2006,1,19,2,30,0,0,0,3.4000000000000004
2006,1,19,3,30,0,0,0,2.8000000000000003
2006,1,19,4,30,0,0,0,2
2006,1,19,5,30,0,0,0,1.4000000000000001
2006,1,19,6,30,0,0,0,1.2000000000000002
2006,1,19,7,30,0,0,1,2.5
2006,1,19,8,30,150,656,0,4.7
2006,1,19,9,30,312,828,0,6.7
2006,1,19,10,30,434,874,0,8.8
2006,1,19,11,30,512,912,0,10.200000000000001
2006,1,19,12,30,530,920,0,10.8
2006,1,19,13,30,490,910,0,11.100000000000001
2006,1,19,14,30,391,859,0,10.8
2006,1,19,15,30,248,751,0,9.600000000000001
2006,1,19,16,30,85,495,0,7.800000000000001
2006,1,19,17,30,0,0,1,6.4
2006,1,19,18,30,0,0,0,5.4
2006,1,19,19,30,0,0,0,4.5
2006,1,19,20,30,0,0,0,3.8000000000000003
2006,1,19,21,30,0,0,0,3.4000000000000004
2006,1,19,22,30,0,0,0,3.1
2006,1,19,23,30,0,0,0,2.7
2006,1,20,0,30,0,0,0,2.2
2006,1,20,1,30,0,0,7,1.9000000000000001
2006,1,20,2,30,0,0,7,1.8
2006,1,20,3,30,0,0,7,1.9000000000000001
2006,1,20,4,30,0,0,0,1.8
2006,1,20,5,30,0,0,7,1.7000000000000002
2006,1,20,6,30,0,0,7,1.8
2006,1,20,7,30,0,0,7,3.3000000000000003
2006,1,20,8,30,10,0,6,5.5
2006,1,20,9,30,232,252,7,7
2006,1,20,10,30,334,382,7,8
2006,1,20,11,30,494,845,1,9
2006,1,20,12,30,512,858,0,9.700000000000001
2006,1,20,13,30,343,279,7,9.700000000000001
2006,1,20,14,30,191,16,4,9.200000000000001
2006,1,20,15,30,61,0,4,8.4
2006,1,20,16,30,15,0,8,7.300000000000001
2006,1,20,17,30,0,0,8,6.6000000000000005
2006,1,20,18,30,0,0,4,6.4
2006,1,20,19,30,0,0,8,6.300000000000001
2006,1,20,20,30,0,0,4,6.300000000000001
2006,1,20,21,30,0,0,1,6.2
2006,1,20,22,30,0,0,1,6.2
2006,1,20,23,30,0,0,1,6.1000000000000005
2006,1,21,0,30,0,0,1,6.1000000000000005
2006,1,21,1,30,0,0,1,6.1000000000000005
2006,1,21,2,30,0,0,1,6.1000000000000005
2006,1,21,3,30,0,0,4,6.1000000000000005
2006,1,21,4,30,0,0,7,6.2
2006,1,21,5,30,0,0,4,6.2
2006,1,21,6,30,0,0,7,6.2
2006,1,21,7,30,0,0,7,6.800000000000001
2006,1,21,8,30,67,8,7,7.800000000000001
2006,1,21,9,30,70,2,8,9
2006,1,21,10,30,200,40,8,10.200000000000001
2006,1,21,11,30,433,392,4,11.200000000000001
2006,1,21,12,30,404,360,8,11.8
2006,1,21,13,30,472,813,1,12.100000000000001
2006,1,21,14,30,376,752,1,11.8
2006,1,21,15,30,238,631,0,10.700000000000001
2006,1,21,16,30,82,377,0,9.4
2006,1,21,17,30,0,0,0,8.5
2006,1,21,18,30,0,0,1,8
2006,1,21,19,30,0,0,0,7.6000000000000005
2006,1,21,20,30,0,0,7,7
2006,1,21,21,30,0,0,0,5.9
2006,1,21,22,30,0,0,0,4.7
2006,1,21,23,30,0,0,0,3.9000000000000004
2006,1,22,0,30,0,0,0,3.4000000000000004
2006,1,22,1,30,0,0,0,2.9000000000000004
2006,1,22,2,30,0,0,0,2.5
2006,1,22,3,30,0,0,0,2.1
2006,1,22,4,30,0,0,0,1.8
2006,1,22,5,30,0,0,0,1.5
2006,1,22,6,30,0,0,0,1.4000000000000001
2006,1,22,7,30,0,0,0,2.6
2006,1,22,8,30,157,643,0,5
2006,1,22,9,30,319,813,0,7.7
2006,1,22,10,30,451,897,0,10.3
2006,1,22,11,30,526,924,0,12
2006,1,22,12,30,542,923,0,13
2006,1,22,13,30,501,909,0,13.4
2006,1,22,14,30,400,845,0,13
2006,1,22,15,30,257,735,0,11.100000000000001
2006,1,22,16,30,93,490,0,8.3
2006,1,22,17,30,0,0,0,6.6000000000000005
2006,1,22,18,30,0,0,0,5.6000000000000005
2006,1,22,19,30,0,0,0,4.7
2006,1,22,20,30,0,0,0,4
2006,1,22,21,30,0,0,0,3.5
2006,1,22,22,30,0,0,0,3.2
2006,1,22,23,30,0,0,1,3
2006,1,23,0,30,0,0,0,3
2006,1,23,1,30,0,0,0,3
2006,1,23,2,30,0,0,8,2.9000000000000004
2006,1,23,3,30,0,0,8,2.9000000000000004
2006,1,23,4,30,0,0,0,2.9000000000000004
2006,1,23,5,30,0,0,0,2.9000000000000004
2006,1,23,6,30,0,0,1,3.1
2006,1,23,7,30,0,0,1,4.9
2006,1,23,8,30,154,618,0,8
2006,1,23,9,30,315,795,0,10.9
2006,1,23,10,30,442,874,0,13.5
2006,1,23,11,30,520,908,0,15.600000000000001
2006,1,23,12,30,540,915,0,16.7
2006,1,23,13,30,497,897,0,16.8
2006,1,23,14,30,401,850,0,16
2006,1,23,15,30,259,748,0,14
2006,1,23,16,30,96,518,0,11.3
2006,1,23,17,30,0,0,0,9.5
2006,1,23,18,30,0,0,0,8.6
2006,1,23,19,30,0,0,0,7.9
2006,1,23,20,30,0,0,0,7.4
2006,1,23,21,30,0,0,0,7
2006,1,23,22,30,0,0,0,6.7
2006,1,23,23,30,0,0,0,6.5
2006,1,24,0,30,0,0,0,6.300000000000001
2006,1,24,1,30,0,0,0,6.2
2006,1,24,2,30,0,0,0,6.1000000000000005
2006,1,24,3,30,0,0,0,6.1000000000000005
2006,1,24,4,30,0,0,0,6
2006,1,24,5,30,0,0,0,6
2006,1,24,6,30,0,0,1,6.1000000000000005
2006,1,24,7,30,0,0,0,7
2006,1,24,8,30,159,649,0,9.3
2006,1,24,9,30,322,818,0,12
2006,1,24,10,30,451,894,0,14.3
2006,1,24,11,30,530,926,0,15.8
2006,1,24,12,30,547,928,0,16.6
2006,1,24,13,30,507,910,0,16.8
2006,1,24,14,30,409,861,0,16.5
2006,1,24,15,30,266,760,0,14.8
2006,1,24,16,30,101,531,0,12.4
2006,1,24,17,30,0,0,0,10.700000000000001
2006,1,24,18,30,0,0,0,9.700000000000001
2006,1,24,19,30,0,0,0,8.700000000000001
2006,1,24,20,30,0,0,0,7.9
2006,1,24,21,30,0,0,1,7.4
2006,1,24,22,30,0,0,0,7
2006,1,24,23,30,0,0,0,6.7
2006,1,25,0,30,0,0,0,6.5
2006,1,25,1,30,0,0,0,6.300000000000001
2006,1,25,2,30,0,0,0,6.2
2006,1,25,3,30,0,0,0,6
2006,1,25,4,30,0,0,0,5.800000000000001
2006,1,25,5,30,0,0,1,5.5
2006,1,25,6,30,0,0,1,5.5
2006,1,25,7,30,13,104,1,7.4
2006,1,25,8,30,153,564,1,10.600000000000001
2006,1,25,9,30,253,330,7,12.700000000000001
2006,1,25,10,30,386,512,7,13.4
2006,1,25,11,30,381,249,7,13.200000000000001
2006,1,25,12,30,378,206,7,12.600000000000001
2006,1,25,13,30,381,279,7,12.100000000000001
2006,1,25,14,30,392,731,0,11.8
2006,1,25,15,30,251,610,0,10.700000000000001
2006,1,25,16,30,91,338,0,9.1
2006,1,25,17,30,0,0,7,8.3
2006,1,25,18,30,0,0,7,8.5
2006,1,25,19,30,0,0,7,8.8
2006,1,25,20,30,0,0,7,8.8
2006,1,25,21,30,0,0,7,8.6
2006,1,25,22,30,0,0,4,8.3
2006,1,25,23,30,0,0,4,7.800000000000001
2006,1,26,0,30,0,0,4,7.4
2006,1,26,1,30,0,0,4,6.9
2006,1,26,2,30,0,0,4,6.5
2006,1,26,3,30,0,0,4,6.300000000000001
2006,1,26,4,30,0,0,1,6.2
2006,1,26,5,30,0,0,4,6
2006,1,26,6,30,0,0,4,6
2006,1,26,7,30,2,0,4,6.5
2006,1,26,8,30,16,0,4,7.4
2006,1,26,9,30,119,2,4,8.3
2006,1,26,10,30,157,1,4,9.200000000000001
2006,1,26,11,30,309,50,3,9.8
2006,1,26,12,30,419,339,8,9.700000000000001
2006,1,26,13,30,378,325,7,9.5
2006,1,26,14,30,183,23,8,9.4
2006,1,26,15,30,103,9,7,8.9
2006,1,26,16,30,13,0,6,7.800000000000001
2006,1,26,17,30,0,0,6,7.1000000000000005
2006,1,26,18,30,0,0,7,7
2006,1,26,19,30,0,0,4,6.6000000000000005
2006,1,26,20,30,0,0,4,6.2
2006,1,26,21,30,0,0,4,6.1000000000000005
2006,1,26,22,30,0,0,1,6
2006,1,26,23,30,0,0,4,5.800000000000001
2006,1,27,0,30,0,0,4,5.800000000000001
2006,1,27,1,30,0,0,1,5.9
2006,1,27,2,30,0,0,4,6
2006,1,27,3,30,0,0,7,6
2006,1,27,4,30,0,0,7,5.800000000000001
2006,1,27,5,30,0,0,7,5.6000000000000005
2006,1,27,6,30,0,0,7,5.5
2006,1,27,7,30,3,0,4,5.9
2006,1,27,8,30,5,0,4,6.6000000000000005
2006,1,27,9,30,119,11,8,7.4
2006,1,27,10,30,234,23,4,8.3
2006,1,27,11,30,137,0,4,9.200000000000001
2006,1,27,12,30,127,0,4,9.9
2006,1,27,13,30,494,799,1,10.200000000000001
2006,1,27,14,30,262,57,2,9.8
2006,1,27,15,30,172,33,3,9
2006,1,27,16,30,79,49,7,8.1
2006,1,27,17,30,0,0,8,7.800000000000001
2006,1,27,18,30,0,0,7,7.800000000000001
2006,1,27,19,30,0,0,8,7.800000000000001
2006,1,27,20,30,0,0,6,7.7
2006,1,27,21,30,0,0,6,7.6000000000000005
2006,1,27,22,30,0,0,8,7.6000000000000005
2006,1,27,23,30,0,0,7,7.5
2006,1,28,0,30,0,0,7,7.4
2006,1,28,1,30,0,0,7,7.300000000000001
2006,1,28,2,30,0,0,7,7.2
2006,1,28,3,30,0,0,6,7.2
2006,1,28,4,30,0,0,6,7.2
2006,1,28,5,30,0,0,6,7.2
2006,1,28,6,30,0,0,6,7.1000000000000005
2006,1,28,7,30,5,0,6,7.1000000000000005
2006,1,28,8,30,22,0,6,7.300000000000001
2006,1,28,9,30,71,2,7,7.5
2006,1,28,10,30,41,0,7,7.7
2006,1,28,11,30,48,0,4,7.9
2006,1,28,12,30,103,0,4,8.1
2006,1,28,13,30,120,0,4,8.4
2006,1,28,14,30,61,0,4,8.8
2006,1,28,15,30,30,0,8,9.1
2006,1,28,16,30,20,0,8,9.4
2006,1,28,17,30,0,0,7,9.600000000000001
2006,1,28,18,30,0,0,8,9.700000000000001
2006,1,28,19,30,0,0,7,9.600000000000001
2006,1,28,20,30,0,0,8,9.3
2006,1,28,21,30,0,0,7,9
2006,1,28,22,30,0,0,7,8.6
2006,1,28,23,30,0,0,7,8.200000000000001
2006,1,29,0,30,0,0,7,7.9
2006,1,29,1,30,0,0,1,7.7
2006,1,29,2,30,0,0,4,7.5
2006,1,29,3,30,0,0,1,7.4
2006,1,29,4,30,0,0,3,7.300000000000001
2006,1,29,5,30,0,0,4,7.2
2006,1,29,6,30,0,0,4,7.2
2006,1,29,7,30,7,0,7,8
2006,1,29,8,30,53,3,8,9.3
2006,1,29,9,30,217,127,8,10.3
2006,1,29,10,30,192,8,4,11.100000000000001
2006,1,29,11,30,121,2,8,11.700000000000001
2006,1,29,12,30,190,16,8,12
2006,1,29,13,30,197,3,4,12
2006,1,29,14,30,59,0,8,11.700000000000001
2006,1,29,15,30,66,0,4,11.200000000000001
2006,1,29,16,30,105,404,1,10.100000000000001
2006,1,29,17,30,0,0,1,9.3
2006,1,29,18,30,0,0,4,9.1
2006,1,29,19,30,0,0,8,9.200000000000001
2006,1,29,20,30,0,0,7,9.4
2006,1,29,21,30,0,0,7,9.600000000000001
2006,1,29,22,30,0,0,7,9.700000000000001
2006,1,29,23,30,0,0,7,9.8
2006,1,30,0,30,0,0,4,9.700000000000001
2006,1,30,1,30,0,0,7,9.600000000000001
2006,1,30,2,30,0,0,7,9.5
2006,1,30,3,30,0,0,7,9.4
2006,1,30,4,30,0,0,7,9.200000000000001
2006,1,30,5,30,0,0,7,9.1
2006,1,30,6,30,0,0,6,9
2006,1,30,7,30,5,0,6,9
2006,1,30,8,30,7,0,6,9.1
2006,1,30,9,30,131,14,7,9.600000000000001
2006,1,30,10,30,93,1,8,10.200000000000001
2006,1,30,11,30,48,0,7,11.200000000000001
2006,1,30,12,30,104,0,4,12
2006,1,30,13,30,132,0,3,12.600000000000001
2006,1,30,14,30,36,0,3,12.9
2006,1,30,15,30,169,68,7,12.3
2006,1,30,16,30,4,0,4,11
2006,1,30,17,30,0,0,7,9.8
2006,1,30,18,30,0,0,0,8.5
2006,1,30,19,30,0,0,0,7.2
2006,1,30,20,30,0,0,0,6.2
2006,1,30,21,30,0,0,0,5.5
2006,1,30,22,30,0,0,0,4.800000000000001
2006,1,30,23,30,0,0,1,4.2
2006,1,31,0,30,0,0,0,3.8000000000000003
2006,1,31,1,30,0,0,0,3.4000000000000004
2006,1,31,2,30,0,0,0,3.2
2006,1,31,3,30,0,0,0,3.2
2006,1,31,4,30,0,0,7,2.9000000000000004
2006,1,31,5,30,0,0,6,3
2006,1,31,6,30,0,0,6,3.7
2006,1,31,7,30,7,0,6,5.2
2006,1,31,8,30,69,6,6,7.2
2006,1,31,9,30,243,185,7,9.200000000000001
2006,1,31,10,30,281,131,7,10.3
2006,1,31,11,30,293,70,7,10.3
2006,1,31,12,30,161,5,7,10.8
2006,1,31,13,30,94,1,8,11
2006,1,31,14,30,113,3,7,10.4
2006,1,31,15,30,55,1,8,9.5
2006,1,31,16,30,12,0,7,8.5
2006,1,31,17,30,0,0,8,7.7
2006,1,31,18,30,0,0,1,7.6000000000000005
2006,1,31,19,30,0,0,8,7.6000000000000005
2006,1,31,20,30,0,0,6,7.5
2006,1,31,21,30,0,0,7,7.6000000000000005
2006,1,31,22,30,0,0,7,7.5
2006,1,31,23,30,0,0,6,7.6000000000000005
2006,2,1,0,30,0,0,7,7.6000000000000005
2006,2,1,1,30,0,0,8,7.7
2006,2,1,2,30,0,0,8,7.800000000000001
2006,2,1,3,30,0,0,4,7.9
2006,2,1,4,30,0,0,7,8
2006,2,1,5,30,0,0,7,8.1
2006,2,1,6,30,0,0,7,8.200000000000001
2006,2,1,7,30,7,0,7,8.4
2006,2,1,8,30,37,1,7,8.8
2006,2,1,9,30,51,0,7,9.200000000000001
2006,2,1,10,30,177,18,7,9.600000000000001
2006,2,1,11,30,98,1,7,10
2006,2,1,12,30,165,8,7,10.200000000000001
2006,2,1,13,30,54,0,7,10.4
2006,2,1,14,30,47,0,7,10.5
2006,2,1,15,30,26,0,7,10.5
2006,2,1,16,30,9,0,6,10.600000000000001
2006,2,1,17,30,0,0,7,10.700000000000001
2006,2,1,18,30,0,0,7,10.9
2006,2,1,19,30,0,0,7,11
2006,2,1,20,30,0,0,7,11
2006,2,1,21,30,0,0,6,11.100000000000001
2006,2,1,22,30,0,0,7,11
2006,2,1,23,30,0,0,7,11
2006,2,2,0,30,0,0,6,11
2006,2,2,1,30,0,0,7,11.100000000000001
2006,2,2,2,30,0,0,7,11.200000000000001
2006,2,2,3,30,0,0,7,11.200000000000001
2006,2,2,4,30,0,0,7,11.200000000000001
2006,2,2,5,30,0,0,8,11.200000000000001
2006,2,2,6,30,0,0,7,11.200000000000001
2006,2,2,7,30,5,0,7,11.4
2006,2,2,8,30,26,0,4,12
2006,2,2,9,30,36,0,3,13.100000000000001
2006,2,2,10,30,99,0,3,14.4
2006,2,2,11,30,184,1,4,15.4
2006,2,2,12,30,140,0,4,16
2006,2,2,13,30,132,0,4,16.2
2006,2,2,14,30,168,3,4,16
2006,2,2,15,30,133,6,4,15.4
2006,2,2,16,30,62,6,8,13.9
2006,2,2,17,30,0,0,7,12.700000000000001
2006,2,2,18,30,0,0,4,12.100000000000001
2006,2,2,19,30,0,0,1,11.5
2006,2,2,20,30,0,0,4,11.100000000000001
2006,2,2,21,30,0,0,4,10.700000000000001
2006,2,2,22,30,0,0,4,10.4
2006,2,2,23,30,0,0,4,10.200000000000001
2006,2,3,0,30,0,0,7,10.200000000000001
2006,2,3,1,30,0,0,3,10.3
2006,2,3,2,30,0,0,3,10.5
2006,2,3,3,30,0,0,3,10.5
2006,2,3,4,30,0,0,4,10.4
2006,2,3,5,30,0,0,3,10.3
2006,2,3,6,30,0,0,3,10.5
2006,2,3,7,30,12,0,3,11.8
2006,2,3,8,30,181,634,0,13.9
2006,2,3,9,30,344,786,1,15.700000000000001
2006,2,3,10,30,343,170,4,16.900000000000002
2006,2,3,11,30,447,338,3,17.6
2006,2,3,12,30,446,281,3,18
2006,2,3,13,30,414,234,2,18.1
2006,2,3,14,30,426,748,1,17.7
2006,2,3,15,30,244,235,2,16.5
2006,2,3,16,30,78,3,3,14.4
2006,2,3,17,30,0,0,7,13
2006,2,3,18,30,0,0,7,12.8
2006,2,3,19,30,0,0,7,12.8
2006,2,3,20,30,0,0,3,12.9
2006,2,3,21,30,0,0,3,12.9
2006,2,3,22,30,0,0,3,12.700000000000001
2006,2,3,23,30,0,0,4,12.5
2006,2,4,0,30,0,0,7,12.3
2006,2,4,1,30,0,0,7,12.100000000000001
2006,2,4,2,30,0,0,7,11.700000000000001
2006,2,4,3,30,0,0,7,11.4
2006,2,4,4,30,0,0,7,11
2006,2,4,5,30,0,0,8,10.4
2006,2,4,6,30,0,0,3,9.700000000000001
2006,2,4,7,30,19,2,8,10.3
2006,2,4,8,30,150,195,8,11.4
2006,2,4,9,30,360,809,0,12.200000000000001
2006,2,4,10,30,491,868,1,12.9
2006,2,4,11,30,575,914,0,13.5
2006,2,4,12,30,597,922,0,13.700000000000001
2006,2,4,13,30,558,908,0,13.600000000000001
2006,2,4,14,30,460,862,0,13.200000000000001
2006,2,4,15,30,314,764,0,12.3
2006,2,4,16,30,139,544,0,10.3
2006,2,4,17,30,0,0,0,8.4
2006,2,4,18,30,0,0,0,7.4
2006,2,4,19,30,0,0,0,6.6000000000000005
2006,2,4,20,30,0,0,0,5.9
2006,2,4,21,30,0,0,0,5.300000000000001
2006,2,4,22,30,0,0,0,4.7
2006,2,4,23,30,0,0,0,4.2
2006,2,5,0,30,0,0,0,3.8000000000000003
2006,2,5,1,30,0,0,0,3.5
2006,2,5,2,30,0,0,0,3.2
2006,2,5,3,30,0,0,0,3
2006,2,5,4,30,0,0,0,2.7
2006,2,5,5,30,0,0,0,2.5
2006,2,5,6,30,0,0,0,2.8000000000000003
2006,2,5,7,30,35,312,0,4.4
2006,2,5,8,30,207,713,0,7.300000000000001
2006,2,5,9,30,384,865,0,10.600000000000001
2006,2,5,10,30,525,951,0,13.700000000000001
2006,2,5,11,30,604,971,0,15.9
2006,2,5,12,30,622,972,0,17.1
2006,2,5,13,30,582,959,0,17.5
2006,2,5,14,30,478,910,0,17.1
2006,2,5,15,30,330,822,0,15.100000000000001
2006,2,5,16,30,153,635,1,12.100000000000001
2006,2,5,17,30,0,0,3,10
2006,2,5,18,30,0,0,3,8.9
2006,2,5,19,30,0,0,3,8.1
2006,2,5,20,30,0,0,4,7.4
2006,2,5,21,30,0,0,1,6.800000000000001
2006,2,5,22,30,0,0,1,6.4
2006,2,5,23,30,0,0,4,6.1000000000000005
2006,2,6,0,30,0,0,4,5.800000000000001
2006,2,6,1,30,0,0,4,5.7
2006,2,6,2,30,0,0,7,5.6000000000000005
2006,2,6,3,30,0,0,7,5.7
2006,2,6,4,30,0,0,7,5.800000000000001
2006,2,6,5,30,0,0,7,6.1000000000000005
2006,2,6,6,30,0,0,7,6.6000000000000005
2006,2,6,7,30,21,1,7,7.9
2006,2,6,8,30,74,1,4,10.200000000000001
2006,2,6,9,30,314,409,8,12.8
2006,2,6,10,30,406,437,7,15.3
2006,2,6,11,30,447,359,7,17.1
2006,2,6,12,30,479,452,8,18.2
2006,2,6,13,30,473,481,8,18.8
2006,2,6,14,30,459,817,1,18.8
2006,2,6,15,30,314,723,0,17.3
2006,2,6,16,30,142,517,0,14.200000000000001
2006,2,6,17,30,0,0,3,12
2006,2,6,18,30,0,0,3,11.5
2006,2,6,19,30,0,0,3,11.3
2006,2,6,20,30,0,0,8,11
2006,2,6,21,30,0,0,4,10.4
2006,2,6,22,30,0,0,1,9.9
2006,2,6,23,30,0,0,0,9.5
2006,2,7,0,30,0,0,0,9.1
2006,2,7,1,30,0,0,0,8.8
2006,2,7,2,30,0,0,0,8.5
2006,2,7,3,30,0,0,0,8.1
2006,2,7,4,30,0,0,0,7.9
2006,2,7,5,30,0,0,0,7.7
2006,2,7,6,30,0,0,1,7.800000000000001
2006,2,7,7,30,34,252,1,9
2006,2,7,8,30,200,649,0,11.4
2006,2,7,9,30,371,805,0,14.4
2006,2,7,10,30,509,898,0,17.400000000000002
2006,2,7,11,30,593,932,0,19.8
2006,2,7,12,30,613,935,0,21.1
2006,2,7,13,30,574,927,0,21.8
2006,2,7,14,30,476,887,0,21.8
2006,2,7,15,30,328,799,0,20.1
2006,2,7,16,30,155,626,0,16.6
2006,2,7,17,30,0,0,0,14.100000000000001
2006,2,7,18,30,0,0,0,13.100000000000001
2006,2,7,19,30,0,0,0,12
2006,2,7,20,30,0,0,0,10.9
2006,2,7,21,30,0,0,0,10
2006,2,7,22,30,0,0,0,9.3
2006,2,7,23,30,0,0,0,8.700000000000001
2006,2,8,0,30,0,0,0,8.3
2006,2,8,1,30,0,0,0,7.9
2006,2,8,2,30,0,0,0,7.5
2006,2,8,3,30,0,0,0,7.2
2006,2,8,4,30,0,0,0,6.9
2006,2,8,5,30,0,0,0,6.800000000000001
2006,2,8,6,30,0,0,0,7.1000000000000005
2006,2,8,7,30,41,351,1,8.200000000000001
2006,2,8,8,30,216,726,0,10.5
2006,2,8,9,30,389,859,0,13.700000000000001
2006,2,8,10,30,524,916,0,16.7
2006,2,8,11,30,609,950,0,18.900000000000002
2006,2,8,12,30,628,953,0,20.3
2006,2,8,13,30,586,941,0,21
2006,2,8,14,30,487,902,0,21.1
2006,2,8,15,30,339,820,0,19.8
2006,2,8,16,30,162,651,0,16.7
2006,2,8,17,30,0,0,0,13.9
2006,2,8,18,30,0,0,1,12.3
2006,2,8,19,30,0,0,1,11.200000000000001
2006,2,8,20,30,0,0,0,10.3
2006,2,8,21,30,0,0,0,9.600000000000001
2006,2,8,22,30,0,0,0,9
2006,2,8,23,30,0,0,0,8.5
2006,2,9,0,30,0,0,0,8.1
2006,2,9,1,30,0,0,0,7.800000000000001
2006,2,9,2,30,0,0,0,7.7
2006,2,9,3,30,0,0,0,7.7
2006,2,9,4,30,0,0,0,7.5
2006,2,9,5,30,0,0,1,7.300000000000001
2006,2,9,6,30,0,0,1,7.4
2006,2,9,7,30,43,353,1,8.8
2006,2,9,8,30,217,716,0,11.5
2006,2,9,9,30,391,857,1,14.700000000000001
2006,2,9,10,30,529,928,0,17.900000000000002
2006,2,9,11,30,613,959,0,20.1
2006,2,9,12,30,632,962,0,21.5
2006,2,9,13,30,593,956,0,22.200000000000003
2006,2,9,14,30,494,918,0,22
2006,2,9,15,30,346,838,0,20.1
2006,2,9,16,30,167,668,0,16.7
2006,2,9,17,30,0,0,0,14.200000000000001
2006,2,9,18,30,0,0,1,12.9
2006,2,9,19,30,0,0,0,11.9
2006,2,9,20,30,0,0,0,11.100000000000001
2006,2,9,21,30,0,0,0,10.600000000000001
2006,2,9,22,30,0,0,0,10.200000000000001
2006,2,9,23,30,0,0,0,9.8
2006,2,10,0,30,0,0,0,9.5
2006,2,10,1,30,0,0,0,9.200000000000001
2006,2,10,2,30,0,0,0,8.9
2006,2,10,3,30,0,0,0,8.6
2006,2,10,4,30,0,0,0,8.3
2006,2,10,5,30,0,0,0,8.200000000000001
2006,2,10,6,30,0,0,1,8.5
2006,2,10,7,30,46,365,1,10
2006,2,10,8,30,221,722,0,12.5
2006,2,10,9,30,396,859,0,15.5
2006,2,10,10,30,531,925,0,18.3
2006,2,10,11,30,615,954,0,20.400000000000002
2006,2,10,12,30,638,962,0,21.5
2006,2,10,13,30,598,945,0,21.900000000000002
2006,2,10,14,30,498,905,0,22
2006,2,10,15,30,349,825,0,20.8
2006,2,10,16,30,170,650,0,17.900000000000002
2006,2,10,17,30,0,0,0,15
2006,2,10,18,30,0,0,0,13.100000000000001
2006,2,10,19,30,0,0,1,11.9
2006,2,10,20,30,0,0,0,11.100000000000001
2006,2,10,21,30,0,0,0,10.3
2006,2,10,22,30,0,0,3,9.700000000000001
2006,2,10,23,30,0,0,0,9.3
2006,2,11,0,30,0,0,3,8.9
2006,2,11,1,30,0,0,8,8.700000000000001
2006,2,11,2,30,0,0,7,8.5
2006,2,11,3,30,0,0,7,8.3
2006,2,11,4,30,0,0,7,8.1
2006,2,11,5,30,0,0,7,8
2006,2,11,6,30,0,0,7,8.200000000000001
2006,2,11,7,30,30,5,7,9.8
2006,2,11,8,30,217,679,0,12.600000000000001
2006,2,11,9,30,386,811,0,15.5
2006,2,11,10,30,519,879,0,17.900000000000002
2006,2,11,11,30,602,910,0,19.5
2006,2,11,12,30,625,920,0,20.3
2006,2,11,13,30,587,914,0,20.5
2006,2,11,14,30,489,878,0,20.400000000000002
2006,2,11,15,30,345,801,0,19.400000000000002
2006,2,11,16,30,169,628,1,17.3
2006,2,11,17,30,15,166,0,15.200000000000001
2006,2,11,18,30,0,0,3,13.700000000000001
2006,2,11,19,30,0,0,1,12.600000000000001
2006,2,11,20,30,0,0,0,11.9
2006,2,11,21,30,0,0,1,11.600000000000001
2006,2,11,22,30,0,0,0,11.200000000000001
2006,2,11,23,30,0,0,4,10.600000000000001
2006,2,12,0,30,0,0,1,10.100000000000001
2006,2,12,1,30,0,0,0,9.8
2006,2,12,2,30,0,0,0,9.5
2006,2,12,3,30,0,0,0,9
2006,2,12,4,30,0,0,0,8.5
2006,2,12,5,30,0,0,0,8
2006,2,12,6,30,0,0,1,8
2006,2,12,7,30,51,377,1,9.3
2006,2,12,8,30,228,717,0,11.8
2006,2,12,9,30,402,852,0,15
2006,2,12,10,30,541,924,0,18
2006,2,12,11,30,622,949,0,20
2006,2,12,12,30,645,957,0,21.1
2006,2,12,13,30,605,941,0,21.700000000000003
2006,2,12,14,30,503,899,0,21.6
2006,2,12,15,30,355,820,0,19.8
2006,2,12,16,30,176,651,0,16.6
2006,2,12,17,30,17,194,0,14.100000000000001
2006,2,12,18,30,0,0,0,13
2006,2,12,19,30,0,0,0,12
2006,2,12,20,30,0,0,0,11.100000000000001
2006,2,12,21,30,0,0,0,10.4
2006,2,12,22,30,0,0,0,9.8
2006,2,12,23,30,0,0,0,9.3
2006,2,13,0,30,0,0,0,8.9
2006,2,13,1,30,0,0,0,8.700000000000001
2006,2,13,2,30,0,0,0,8.5
2006,2,13,3,30,0,0,0,8.3
2006,2,13,4,30,0,0,0,8
2006,2,13,5,30,0,0,0,7.800000000000001
2006,2,13,6,30,0,0,0,8.1
2006,2,13,7,30,55,393,1,9.8
2006,2,13,8,30,234,729,0,12.700000000000001
2006,2,13,9,30,411,862,0,16.1
2006,2,13,10,30,549,930,0,19
2006,2,13,11,30,631,954,0,21.1
2006,2,13,12,30,654,962,0,22.200000000000003
2006,2,13,13,30,612,948,0,22.700000000000003
2006,2,13,14,30,510,907,0,22.6
2006,2,13,15,30,361,830,0,21.200000000000003
2006,2,13,16,30,180,664,0,18.3
2006,2,13,17,30,19,219,0,15.600000000000001
2006,2,13,18,30,0,0,0,14.200000000000001
2006,2,13,19,30,0,0,0,13.4
2006,2,13,20,30,0,0,0,12.5
2006,2,13,21,30,0,0,0,11.4
2006,2,13,22,30,0,0,0,10.5
2006,2,13,23,30,0,0,0,9.700000000000001
2006,2,14,0,30,0,0,0,9.1
2006,2,14,1,30,0,0,0,8.9
2006,2,14,2,30,0,0,8,8.9
2006,2,14,3,30,0,0,1,8.8
2006,2,14,4,30,0,0,0,8
2006,2,14,5,30,0,0,0,7.1000000000000005
2006,2,14,6,30,0,0,0,6.9
2006,2,14,7,30,61,443,1,8.200000000000001
2006,2,14,8,30,247,768,0,10.700000000000001
2006,2,14,9,30,422,883,0,13.3
2006,2,14,10,30,558,941,0,14.9
2006,2,14,11,30,644,969,0,15.5
2006,2,14,12,30,663,970,0,15.5
2006,2,14,13,30,623,963,0,15.200000000000001
2006,2,14,14,30,523,929,0,14.600000000000001
2006,2,14,15,30,373,855,0,13.200000000000001
2006,2,14,16,30,190,698,0,10.5
2006,2,14,17,30,22,260,0,8.1
2006,2,14,18,30,0,0,0,6.9
2006,2,14,19,30,0,0,0,6.1000000000000005
2006,2,14,20,30,0,0,0,5.300000000000001
2006,2,14,21,30,0,0,0,4.4
2006,2,14,22,30,0,0,0,3.7
2006,2,14,23,30,0,0,0,3.1
2006,2,15,0,30,0,0,0,2.6
2006,2,15,1,30,0,0,0,2
2006,2,15,2,30,0,0,0,1.5
2006,2,15,3,30,0,0,0,1.2000000000000002
2006,2,15,4,30,0,0,0,0.8
2006,2,15,5,30,0,0,8,0.5
2006,2,15,6,30,0,0,1,1.2000000000000002
2006,2,15,7,30,41,11,8,3.4000000000000004
2006,2,15,8,30,140,13,4,6.1000000000000005
2006,2,15,9,30,347,384,8,8.3
2006,2,15,10,30,567,943,0,9.700000000000001
2006,2,15,11,30,652,972,0,10.4
2006,2,15,12,30,676,978,0,10.700000000000001
2006,2,15,13,30,634,961,0,10.600000000000001
2006,2,15,14,30,533,926,0,10.200000000000001
2006,2,15,15,30,377,844,0,9.200000000000001
2006,2,15,16,30,192,677,0,7.2
2006,2,15,17,30,24,236,0,5.6000000000000005
2006,2,15,18,30,0,0,1,5.2
2006,2,15,19,30,0,0,0,4.7
2006,2,15,20,30,0,0,0,4.1000000000000005
2006,2,15,21,30,0,0,0,3.4000000000000004
2006,2,15,22,30,0,0,0,2.6
2006,2,15,23,30,0,0,0,1.9000000000000001
2006,2,16,0,30,0,0,0,1.4000000000000001
2006,2,16,1,30,0,0,0,1
2006,2,16,2,30,0,0,0,0.5
2006,2,16,3,30,0,0,1,0.2
2006,2,16,4,30,0,0,0,-0.1
2006,2,16,5,30,0,0,1,-0.30000000000000004
2006,2,16,6,30,0,0,1,0.5
2006,2,16,7,30,63,389,1,3.1
2006,2,16,8,30,246,713,1,5.9
2006,2,16,9,30,424,849,0,7.9
2006,2,16,10,30,561,914,0,9.1
2006,2,16,11,30,646,943,0,9.600000000000001
2006,2,16,12,30,668,948,0,9.600000000000001
2006,2,16,13,30,624,929,0,9.4
2006,2,16,14,30,523,890,0,8.9
2006,2,16,15,30,369,795,0,8.1
2006,2,16,16,30,186,604,0,6.2
2006,2,16,17,30,23,162,0,4.7
2006,2,16,18,30,0,0,7,4.5
2006,2,16,19,30,0,0,1,4.5
2006,2,16,20,30,0,0,7,4.3
2006,2,16,21,30,0,0,7,4
2006,2,16,22,30,0,0,7,3.6
2006,2,16,23,30,0,0,0,3.1
2006,2,17,0,30,0,0,0,2.7
2006,2,17,1,30,0,0,0,2.2
2006,2,17,2,30,0,0,0,1.7000000000000002
2006,2,17,3,30,0,0,0,1.4000000000000001
2006,2,17,4,30,0,0,1,1.3
2006,2,17,5,30,0,0,7,1.3
2006,2,17,6,30,0,0,7,2.2
2006,2,17,7,30,35,3,7,4.4
2006,2,17,8,30,203,327,8,6.5
2006,2,17,9,30,301,241,8,7.800000000000001
2006,2,17,10,30,390,253,7,8.4
2006,2,17,11,30,348,107,7,8.3
2006,2,17,12,30,360,96,7,8
2006,2,17,13,30,270,29,6,7.7
2006,2,17,14,30,233,25,6,7.2
2006,2,17,15,30,127,8,6,6.5
2006,2,17,16,30,63,3,6,5.5
2006,2,17,17,30,12,0,7,4.800000000000001
2006,2,17,18,30,0,0,7,4.6000000000000005
2006,2,17,19,30,0,0,7,4.3
2006,2,17,20,30,0,0,7,4.1000000000000005
2006,2,17,21,30,0,0,7,3.9000000000000004
2006,2,17,22,30,0,0,7,3.6
2006,2,17,23,30,0,0,7,3.4000000000000004
2006,2,18,0,30,0,0,4,3.2
2006,2,18,1,30,0,0,7,3
2006,2,18,2,30,0,0,4,2.8000000000000003
2006,2,18,3,30,0,0,4,2.7
2006,2,18,4,30,0,0,4,2.6
2006,2,18,5,30,0,0,4,2.4000000000000004
2006,2,18,6,30,0,0,4,2.6
2006,2,18,7,30,26,0,4,3.4000000000000004
2006,2,18,8,30,236,564,1,4.1000000000000005
2006,2,18,9,30,16,0,4,4.800000000000001
2006,2,18,10,30,78,0,4,5.800000000000001
2006,2,18,11,30,72,0,4,7
2006,2,18,12,30,29,0,4,7.7
2006,2,18,13,30,126,0,4,8
2006,2,18,14,30,55,0,4,7.9
2006,2,18,15,30,381,803,1,7.4
2006,2,18,16,30,197,634,0,6
2006,2,18,17,30,29,232,0,4.4
2006,2,18,18,30,0,0,0,3.3000000000000003
2006,2,18,19,30,0,0,4,2.7
2006,2,18,20,30,0,0,0,2.2
2006,2,18,21,30,0,0,0,1.8
2006,2,18,22,30,0,0,1,1.4000000000000001
2006,2,18,23,30,0,0,1,1.2000000000000002
2006,2,19,0,30,0,0,7,1
2006,2,19,1,30,0,0,1,0.8
2006,2,19,2,30,0,0,0,0.7000000000000001
2006,2,19,3,30,0,0,8,0.6000000000000001
2006,2,19,4,30,0,0,7,0.6000000000000001
2006,2,19,5,30,0,0,7,0.7000000000000001
2006,2,19,6,30,0,0,7,1.5
2006,2,19,7,30,17,0,4,3.6
2006,2,19,8,30,82,0,4,6.1000000000000005
2006,2,19,9,30,314,150,2,8.200000000000001
2006,2,19,10,30,574,918,0,9.5
2006,2,19,11,30,659,947,0,10
2006,2,19,12,30,682,952,0,10.200000000000001
2006,2,19,13,30,637,916,0,10.100000000000001
2006,2,19,14,30,532,867,0,9.8
2006,2,19,15,30,381,784,0,9.1
2006,2,19,16,30,200,631,0,7.7
2006,2,19,17,30,31,230,0,6.4
2006,2,19,18,30,0,0,0,5.7
2006,2,19,19,30,0,0,0,5.2
2006,2,19,20,30,0,0,7,4.5
2006,2,19,21,30,0,0,0,3.5
2006,2,19,22,30,0,0,0,2.4000000000000004
2006,2,19,23,30,0,0,0,1.5
2006,2,20,0,30,0,0,0,0.8
2006,2,20,1,30,0,0,0,0.4
2006,2,20,2,30,0,0,0,0.1
2006,2,20,3,30,0,0,0,-0.2
2006,2,20,4,30,0,0,0,-0.5
2006,2,20,5,30,0,0,0,-0.7000000000000001
2006,2,20,6,30,0,0,0,0.30000000000000004
2006,2,20,7,30,81,470,0,3.1
2006,2,20,8,30,273,763,0,6.300000000000001
2006,2,20,9,30,455,886,0,9.200000000000001
2006,2,20,10,30,591,934,0,11.200000000000001
2006,2,20,11,30,677,962,0,12.3
2006,2,20,12,30,700,967,0,12.9
2006,2,20,13,30,654,949,0,13.200000000000001
2006,2,20,14,30,552,913,0,13
2006,2,20,15,30,398,839,0,11.8
2006,2,20,16,30,212,690,0,9.1
2006,2,20,17,30,35,293,0,6.800000000000001
2006,2,20,18,30,0,0,0,6.2
2006,2,20,19,30,0,0,0,5.9
2006,2,20,20,30,0,0,0,5.4
2006,2,20,21,30,0,0,0,4.800000000000001
2006,2,20,22,30,0,0,0,4.2
2006,2,20,23,30,0,0,0,3.6
2006,2,21,0,30,0,0,0,3
2006,2,21,1,30,0,0,0,2.5
2006,2,21,2,30,0,0,0,2.4000000000000004
2006,2,21,3,30,0,0,0,2.5
2006,2,21,4,30,0,0,0,2.6
2006,2,21,5,30,0,0,0,2.6
2006,2,21,6,30,0,0,1,3.3000000000000003
2006,2,21,7,30,80,439,0,5.6000000000000005
2006,2,21,8,30,267,728,0,8.5
2006,2,21,9,30,444,851,0,11
2006,2,21,10,30,583,917,0,12.600000000000001
2006,2,21,11,30,668,945,0,13.600000000000001
2006,2,21,12,30,691,951,0,14.200000000000001
2006,2,21,13,30,649,938,0,14.5
2006,2,21,14,30,548,900,0,14.3
2006,2,21,15,30,396,823,0,13.100000000000001
2006,2,21,16,30,211,666,0,10.5
2006,2,21,17,30,36,271,0,8.1
2006,2,21,18,30,0,0,0,7.2
2006,2,21,19,30,0,0,0,6.800000000000001
2006,2,21,20,30,0,0,0,6.300000000000001
2006,2,21,21,30,0,0,0,5.6000000000000005
2006,2,21,22,30,0,0,0,5
2006,2,21,23,30,0,0,0,4.5
2006,2,22,0,30,0,0,0,4.1000000000000005
2006,2,22,1,30,0,0,0,3.8000000000000003
2006,2,22,2,30,0,0,0,3.6
2006,2,22,3,30,0,0,0,3.3000000000000003
2006,2,22,4,30,0,0,0,3
2006,2,22,5,30,0,0,1,3
2006,2,22,6,30,0,0,1,4.2
2006,2,22,7,30,83,427,0,7.1000000000000005
2006,2,22,8,30,270,713,0,10.3
2006,2,22,9,30,446,832,0,13.4
2006,2,22,10,30,586,900,0,16
2006,2,22,11,30,667,924,0,17.6
2006,2,22,12,30,687,926,0,18.5
2006,2,22,13,30,643,909,0,18.8
2006,2,22,14,30,542,869,0,18.5
2006,2,22,15,30,392,794,0,17.3
2006,2,22,16,30,209,641,0,14.600000000000001
2006,2,22,17,30,37,268,0,11.700000000000001
2006,2,22,18,30,0,0,0,10.3
2006,2,22,19,30,0,0,0,9.5
2006,2,22,20,30,0,0,0,8.9
2006,2,22,21,30,0,0,0,8.5
2006,2,22,22,30,0,0,0,8.1
2006,2,22,23,30,0,0,0,7.7
2006,2,23,0,30,0,0,0,7.4
2006,2,23,1,30,0,0,0,7.1000000000000005
2006,2,23,2,30,0,0,0,7
2006,2,23,3,30,0,0,0,6.800000000000001
2006,2,23,4,30,0,0,0,6.5
2006,2,23,5,30,0,0,0,6.300000000000001
2006,2,23,6,30,0,0,1,7.300000000000001
2006,2,23,7,30,89,480,0,10.3
2006,2,23,8,30,278,748,0,13.600000000000001
2006,2,23,9,30,456,863,0,16.2
2006,2,23,10,30,594,922,0,17.900000000000002
2006,2,23,11,30,676,946,0,18.900000000000002
2006,2,23,12,30,698,951,0,19.3
2006,2,23,13,30,657,940,0,19.5
2006,2,23,14,30,554,900,0,19.200000000000003
2006,2,23,15,30,403,830,0,18.3
2006,2,23,16,30,219,686,0,16.6
2006,2,23,17,30,41,323,0,15.200000000000001
2006,2,23,18,30,0,0,0,14.200000000000001
2006,2,23,19,30,0,0,0,12.700000000000001
2006,2,23,20,30,0,0,0,11.4
2006,2,23,21,30,0,0,0,10.700000000000001
2006,2,23,22,30,0,0,0,10.3
2006,2,23,23,30,0,0,0,10
2006,2,24,0,30,0,0,0,9.8
2006,2,24,1,30,0,0,0,9.5
2006,2,24,2,30,0,0,0,9.4
2006,2,24,3,30,0,0,0,9.4
2006,2,24,4,30,0,0,0,9.200000000000001
2006,2,24,5,30,0,0,1,8.700000000000001
2006,2,24,6,30,0,0,1,9
2006,2,24,7,30,92,476,0,11.600000000000001
2006,2,24,8,30,283,747,0,14.9
2006,2,24,9,30,461,861,0,16.900000000000002
2006,2,24,10,30,596,910,0,18.2
2006,2,24,11,30,680,936,0,18.900000000000002
2006,2,24,12,30,703,943,0,19.200000000000003
2006,2,24,13,30,663,938,0,19.3
2006,2,24,14,30,562,907,0,18.900000000000002
2006,2,24,15,30,409,836,0,17.8
2006,2,24,16,30,196,312,2,15.600000000000001
2006,2,24,17,30,28,1,3,13.600000000000001
2006,2,24,18,30,0,0,7,12.4
2006,2,24,19,30,0,0,7,11.100000000000001
2006,2,24,20,30,0,0,8,10.100000000000001
2006,2,24,21,30,0,0,0,9.4
2006,2,24,22,30,0,0,7,9
2006,2,24,23,30,0,0,7,8.700000000000001
2006,2,25,0,30,0,0,7,8.6
2006,2,25,1,30,0,0,7,8.700000000000001
2006,2,25,2,30,0,0,7,9
2006,2,25,3,30,0,0,7,9.200000000000001
2006,2,25,4,30,0,0,7,8.6
2006,2,25,5,30,0,0,7,7.800000000000001
2006,2,25,6,30,0,0,7,8.700000000000001
2006,2,25,7,30,54,7,7,11.3
2006,2,25,8,30,202,138,7,13.9
2006,2,25,9,30,393,531,7,15.9
2006,2,25,10,30,595,866,0,17.1
2006,2,25,11,30,677,894,0,17.6
2006,2,25,12,30,701,909,1,17.8
2006,2,25,13,30,544,498,8,17.400000000000002
2006,2,25,14,30,548,816,2,16.5
2006,2,25,15,30,292,201,8,15.4
2006,2,25,16,30,178,171,7,13.700000000000001
2006,2,25,17,30,26,1,7,11.8
2006,2,25,18,30,0,0,7,10.5
2006,2,25,19,30,0,0,7,10
2006,2,25,20,30,0,0,7,9.9
2006,2,25,21,30,0,0,7,9.8
2006,2,25,22,30,0,0,7,9.8
2006,2,25,23,30,0,0,8,9.9
2006,2,26,0,30,0,0,8,9.9
2006,2,26,1,30,0,0,4,9.8
2006,2,26,2,30,0,0,4,9.5
2006,2,26,3,30,0,0,7,9.3
2006,2,26,4,30,0,0,7,9.1
2006,2,26,5,30,0,0,7,9.1
2006,2,26,6,30,0,0,7,9.9
2006,2,26,7,30,72,22,7,11.5
2006,2,26,8,30,232,300,8,13.3
2006,2,26,9,30,403,528,7,14.9
2006,2,26,10,30,444,330,8,15.600000000000001
2006,2,26,11,30,368,121,8,15.5
2006,2,26,12,30,144,2,7,15.200000000000001
2006,2,26,13,30,65,0,8,14
2006,2,26,14,30,185,10,6,12.100000000000001
2006,2,26,15,30,37,0,8,10.8
2006,2,26,16,30,37,0,6,10.3
2006,2,26,17,30,15,0,7,10.100000000000001
2006,2,26,18,30,0,0,6,9.600000000000001
2006,2,26,19,30,0,0,4,9.1
2006,2,26,20,30,0,0,4,9.1
2006,2,26,21,30,0,0,4,9.3
2006,2,26,22,30,0,0,4,9.8
2006,2,26,23,30,0,0,6,10.100000000000001
2006,2,27,0,30,0,0,6,10.200000000000001
2006,2,27,1,30,0,0,6,10.200000000000001
2006,2,27,2,30,0,0,6,9.9
2006,2,27,3,30,0,0,7,9.5
2006,2,27,4,30,0,0,6,9.200000000000001
2006,2,27,5,30,0,0,6,9
2006,2,27,6,30,0,0,6,8.9
2006,2,27,7,30,25,0,6,9.200000000000001
2006,2,27,8,30,11,0,6,9.700000000000001
2006,2,27,9,30,27,0,6,10.4
2006,2,27,10,30,191,11,7,11.100000000000001
2006,2,27,11,30,82,0,6,11.9
2006,2,27,12,30,73,0,7,12.700000000000001
2006,2,27,13,30,188,6,7,13.3
2006,2,27,14,30,43,0,6,13.8
2006,2,27,15,30,36,0,6,14.100000000000001
2006,2,27,16,30,12,0,6,14
2006,2,27,17,30,7,0,7,13.600000000000001
2006,2,27,18,30,0,0,8,13.3
2006,2,27,19,30,0,0,8,13.5
2006,2,27,20,30,0,0,8,13.700000000000001
2006,2,27,21,30,0,0,4,13.5
2006,2,27,22,30,0,0,7,12.8
2006,2,27,23,30,0,0,3,11.600000000000001
2006,2,28,0,30,0,0,4,10.600000000000001
2006,2,28,1,30,0,0,7,10.100000000000001
2006,2,28,2,30,0,0,7,9.5
2006,2,28,3,30,0,0,8,8.700000000000001
2006,2,28,4,30,0,0,8,7.9
2006,2,28,5,30,0,0,0,7.4
2006,2,28,6,30,0,0,0,7.300000000000001
2006,2,28,7,30,58,7,7,7.6000000000000005
2006,2,28,8,30,39,0,6,8.3
2006,2,28,9,30,72,0,6,9.1
2006,2,28,10,30,494,424,7,9.5
2006,2,28,11,30,459,205,7,9.9
2006,2,28,12,30,277,2,4,10.200000000000001
2006,2,28,13,30,357,67,7,10.4
2006,2,28,14,30,339,109,8,10.600000000000001
2006,2,28,15,30,284,159,7,10.5
2006,2,28,16,30,116,4,4,9.9
2006,2,28,17,30,30,0,4,9.1
2006,2,28,18,30,0,0,0,8.5
2006,2,28,19,30,0,0,0,8
2006,2,28,20,30,0,0,4,7.6000000000000005
2006,2,28,21,30,0,0,4,7.2
2006,2,28,22,30,0,0,1,7
2006,2,28,23,30,0,0,0,6.800000000000001
2006,3,1,0,30,0,0,0,6.6000000000000005
2006,3,1,1,30,0,0,0,6.4
2006,3,1,2,30,0,0,0,6.2
2006,3,1,3,30,0,0,0,5.9
2006,3,1,4,30,0,0,0,5.6000000000000005
2006,3,1,5,30,0,0,0,5.4
2006,3,1,6,30,0,0,0,6.300000000000001
2006,3,1,7,30,110,425,0,7.9
2006,3,1,8,30,298,674,0,9.3
2006,3,1,9,30,477,803,0,10.4
2006,3,1,10,30,611,843,0,11.3
2006,3,1,11,30,696,885,1,11.9
2006,3,1,12,30,460,102,2,12.100000000000001
2006,3,1,13,30,201,0,2,12
2006,3,1,14,30,568,811,1,11.700000000000001
2006,3,1,15,30,416,735,0,11.200000000000001
2006,3,1,16,30,227,537,0,10.5
2006,3,1,17,30,51,192,0,9.8
2006,3,1,18,30,0,0,1,9.3
2006,3,1,19,30,0,0,7,8.8
2006,3,1,20,30,0,0,8,8.3
2006,3,1,21,30,0,0,7,7.9
2006,3,1,22,30,0,0,7,7.2
2006,3,1,23,30,0,0,7,6.6000000000000005
2006,3,2,0,30,0,0,8,6.300000000000001
2006,3,2,1,30,0,0,8,6.1000000000000005
2006,3,2,2,30,0,0,8,5.800000000000001
2006,3,2,3,30,0,0,7,5.5
2006,3,2,4,30,0,0,7,5.1000000000000005
2006,3,2,5,30,0,0,1,4.800000000000001
2006,3,2,6,30,0,0,0,5
2006,3,2,7,30,110,360,0,5.6000000000000005
2006,3,2,8,30,298,617,1,6.6000000000000005
2006,3,2,9,30,479,766,0,7.5
2006,3,2,10,30,614,816,1,8.4
2006,3,2,11,30,699,869,0,8.9
2006,3,2,12,30,722,880,1,9.1
2006,3,2,13,30,587,521,8,9.200000000000001
2006,3,2,14,30,575,823,1,9.200000000000001
2006,3,2,15,30,320,255,8,8.9
2006,3,2,16,30,42,0,4,7.800000000000001
2006,3,2,17,30,57,290,0,6.4
2006,3,2,18,30,0,0,0,5.7
2006,3,2,19,30,0,0,0,5.4
2006,3,2,20,30,0,0,0,5.1000000000000005
2006,3,2,21,30,0,0,8,4.7
2006,3,2,22,30,0,0,8,4.3
2006,3,2,23,30,0,0,7,4.1000000000000005
2006,3,3,0,30,0,0,8,4.1000000000000005
2006,3,3,1,30,0,0,8,4.2
2006,3,3,2,30,0,0,6,4.2
2006,3,3,3,30,0,0,6,4.2
2006,3,3,4,30,0,0,6,4.4
2006,3,3,5,30,0,0,6,4.6000000000000005
2006,3,3,6,30,0,0,6,5.1000000000000005
2006,3,3,7,30,6,0,6,6
2006,3,3,8,30,55,0,6,6.5
2006,3,3,9,30,81,0,6,6.2
2006,3,3,10,30,81,0,6,5.7
2006,3,3,11,30,104,0,6,5.5
2006,3,3,12,30,211,4,6,5.5
2006,3,3,13,30,90,0,7,5.7
2006,3,3,14,30,439,343,8,6.1000000000000005
2006,3,3,15,30,312,205,7,6.4
2006,3,3,16,30,141,31,7,6.2
2006,3,3,17,30,29,1,7,5.6000000000000005
2006,3,3,18,30,0,0,0,5.2
2006,3,3,19,30,0,0,1,4.7
2006,3,3,20,30,0,0,1,4.2
2006,3,3,21,30,0,0,0,3.8000000000000003
2006,3,3,22,30,0,0,0,3.5
2006,3,3,23,30,0,0,0,3.1
2006,3,4,0,30,0,0,1,2.8000000000000003
2006,3,4,1,30,0,0,1,2.5
2006,3,4,2,30,0,0,4,2.4000000000000004
2006,3,4,3,30,0,0,4,2.4000000000000004
2006,3,4,4,30,0,0,1,2.6
2006,3,4,5,30,0,0,0,2.9000000000000004
2006,3,4,6,30,0,0,0,3.5
2006,3,4,7,30,123,418,0,4.6000000000000005
2006,3,4,8,30,316,674,0,5.9
2006,3,4,9,30,498,803,0,7.1000000000000005
2006,3,4,10,30,522,408,7,8
2006,3,4,11,30,543,306,7,8.3
2006,3,4,12,30,475,148,7,8.200000000000001
2006,3,4,13,30,92,0,7,8.200000000000001
2006,3,4,14,30,433,295,7,8.4
2006,3,4,15,30,311,103,4,8.5
2006,3,4,16,30,206,238,8,7.800000000000001
2006,3,4,17,30,21,0,8,6.800000000000001
2006,3,4,18,30,0,0,7,6.4
2006,3,4,19,30,0,0,7,6.4
2006,3,4,20,30,0,0,6,6.300000000000001
2006,3,4,21,30,0,0,7,6.2
2006,3,4,22,30,0,0,7,6.1000000000000005
2006,3,4,23,30,0,0,7,6.1000000000000005
2006,3,5,0,30,0,0,7,6.1000000000000005
2006,3,5,1,30,0,0,7,6.300000000000001
2006,3,5,2,30,0,0,6,6.5
2006,3,5,3,30,0,0,6,6.7
2006,3,5,4,30,0,0,6,6.800000000000001
2006,3,5,5,30,0,0,6,6.9
2006,3,5,6,30,0,0,7,7
2006,3,5,7,30,3,0,7,7.300000000000001
2006,3,5,8,30,6,0,7,7.6000000000000005
2006,3,5,9,30,90,1,7,7.800000000000001
2006,3,5,10,30,31,0,6,7.9
2006,3,5,11,30,69,0,6,7.9
2006,3,5,12,30,74,0,6,7.9
2006,3,5,13,30,82,0,6,8
2006,3,5,14,30,64,0,6,7.9
2006,3,5,15,30,29,0,6,7.6000000000000005
2006,3,5,16,30,38,0,6,7.300000000000001
2006,3,5,17,30,8,0,7,7.1000000000000005
2006,3,5,18,30,0,0,6,6.9
2006,3,5,19,30,0,0,7,6.6000000000000005
2006,3,5,20,30,0,0,7,6.300000000000001
2006,3,5,21,30,0,0,6,6
2006,3,5,22,30,0,0,6,5.7
2006,3,5,23,30,0,0,6,5.2
2006,3,6,0,30,0,0,6,4.7
2006,3,6,1,30,0,0,6,4.4
2006,3,6,2,30,0,0,6,4.2
2006,3,6,3,30,0,0,6,4.1000000000000005
2006,3,6,4,30,0,0,6,4.1000000000000005
2006,3,6,5,30,0,0,7,4.2
2006,3,6,6,30,0,0,7,4.4
2006,3,6,7,30,117,143,7,4.9
2006,3,6,8,30,323,676,0,5.5
2006,3,6,9,30,228,38,7,6.300000000000001
2006,3,6,10,30,34,0,8,7.1000000000000005
2006,3,6,11,30,142,1,7,7.7
2006,3,6,12,30,97,0,7,8
2006,3,6,13,30,105,0,7,8.200000000000001
2006,3,6,14,30,215,22,7,8.4
2006,3,6,15,30,433,749,0,8.5
2006,3,6,16,30,188,117,7,8.200000000000001
2006,3,6,17,30,41,3,7,7.6000000000000005
2006,3,6,18,30,0,0,6,7.300000000000001
2006,3,6,19,30,0,0,7,7.2
2006,3,6,20,30,0,0,7,7
2006,3,6,21,30,0,0,7,6.800000000000001
2006,3,6,22,30,0,0,6,6.7
2006,3,6,23,30,0,0,7,6.7
2006,3,7,0,30,0,0,7,6.6000000000000005
2006,3,7,1,30,0,0,7,6.5
2006,3,7,2,30,0,0,8,6.4
2006,3,7,3,30,0,0,7,6.300000000000001
2006,3,7,4,30,0,0,7,6.300000000000001
2006,3,7,5,30,0,0,7,6.2
2006,3,7,6,30,0,0,7,6.4
2006,3,7,7,30,22,0,8,6.9
2006,3,7,8,30,208,73,7,7.800000000000001
2006,3,7,9,30,351,189,8,9.1
2006,3,7,10,30,502,365,7,10.4
2006,3,7,11,30,595,470,7,11.200000000000001
2006,3,7,12,30,547,186,2,11.700000000000001
2006,3,7,13,30,378,43,2,11.8
2006,3,7,14,30,440,258,7,11.600000000000001
2006,3,7,15,30,447,772,0,11.100000000000001
2006,3,7,16,30,261,649,0,9.700000000000001
2006,3,7,17,30,73,356,0,7.5
2006,3,7,18,30,0,0,0,6.1000000000000005
2006,3,7,19,30,0,0,0,5.4
2006,3,7,20,30,0,0,0,4.7
2006,3,7,21,30,0,0,0,4.1000000000000005
2006,3,7,22,30,0,0,7,3.5
2006,3,7,23,30,0,0,4,3.1
2006,3,8,0,30,0,0,1,2.9000000000000004
2006,3,8,1,30,0,0,1,2.8000000000000003
2006,3,8,2,30,0,0,0,2.5
2006,3,8,3,30,0,0,0,2
2006,3,8,4,30,0,0,4,1.4000000000000001
2006,3,8,5,30,0,0,0,1.5
2006,3,8,6,30,0,0,7,2.7
2006,3,8,7,30,152,596,0,4.6000000000000005
2006,3,8,8,30,350,799,0,7.300000000000001
2006,3,8,9,30,527,888,1,9.700000000000001
2006,3,8,10,30,500,382,7,11.4
2006,3,8,11,30,521,325,7,12.3
2006,3,8,12,30,547,345,7,12.4
2006,3,8,13,30,367,61,7,12.100000000000001
2006,3,8,14,30,191,7,6,11.4
2006,3,8,15,30,209,35,6,10.5
2006,3,8,16,30,10,0,6,9.4
2006,3,8,17,30,13,0,7,8.3
2006,3,8,18,30,0,0,6,7.800000000000001
2006,3,8,19,30,0,0,6,7.7
2006,3,8,20,30,0,0,6,7.7
2006,3,8,21,30,0,0,8,7.7
2006,3,8,22,30,0,0,7,7.6000000000000005
2006,3,8,23,30,0,0,4,7.5
2006,3,9,0,30,0,0,1,7.2
2006,3,9,1,30,0,0,1,6.9
2006,3,9,2,30,0,0,8,6.5
2006,3,9,3,30,0,0,7,5.800000000000001
2006,3,9,4,30,0,0,1,4.800000000000001
2006,3,9,5,30,0,0,4,3.8000000000000003
2006,3,9,6,30,0,0,2,3.8000000000000003
2006,3,9,7,30,164,622,0,5.1000000000000005
2006,3,9,8,30,368,811,0,7
2006,3,9,9,30,550,891,0,8.6
2006,3,9,10,30,681,909,0,9.700000000000001
2006,3,9,11,30,761,928,0,10.5
2006,3,9,12,30,777,925,0,10.8
2006,3,9,13,30,726,895,0,10.700000000000001
2006,3,9,14,30,469,348,7,10.200000000000001
2006,3,9,15,30,355,318,7,9.200000000000001
2006,3,9,16,30,44,0,6,7.800000000000001
2006,3,9,17,30,38,2,7,6.4
2006,3,9,18,30,0,0,6,5.4
2006,3,9,19,30,0,0,6,4.7
2006,3,9,20,30,0,0,7,4.4
2006,3,9,21,30,0,0,7,4
2006,3,9,22,30,0,0,1,3.5
2006,3,9,23,30,0,0,0,2.8000000000000003
2006,3,10,0,30,0,0,0,2.1
2006,3,10,1,30,0,0,0,1.6
2006,3,10,2,30,0,0,0,1.5
2006,3,10,3,30,0,0,0,1.3
2006,3,10,4,30,0,0,7,0.7000000000000001
2006,3,10,5,30,0,0,8,0.5
2006,3,10,6,30,0,0,7,1.4000000000000001
2006,3,10,7,30,155,501,1,2.6
2006,3,10,8,30,212,68,7,3.4000000000000004
2006,3,10,9,30,326,109,7,4.5
2006,3,10,10,30,485,271,7,5.4
2006,3,10,11,30,437,124,7,5.9
2006,3,10,12,30,403,71,6,6
2006,3,10,13,30,377,66,6,6
2006,3,10,14,30,42,0,6,6
2006,3,10,15,30,10,0,9,5.9
2006,3,10,16,30,190,109,7,5.6000000000000005
2006,3,10,17,30,31,1,7,5
2006,3,10,18,30,0,0,7,4.4
2006,3,10,19,30,0,0,4,3.8000000000000003
2006,3,10,20,30,0,0,4,3.2
2006,3,10,21,30,0,0,4,2.8000000000000003
2006,3,10,22,30,0,0,4,2.4000000000000004
2006,3,10,23,30,0,0,4,2.1
2006,3,11,0,30,0,0,4,1.8
2006,3,11,1,30,0,0,4,1.7000000000000002
2006,3,11,2,30,0,0,7,1.6
2006,3,11,3,30,0,0,4,1.6
2006,3,11,4,30,0,0,4,1.6
2006,3,11,5,30,0,0,4,1.6
2006,3,11,6,30,0,0,4,2
2006,3,11,7,30,157,468,1,2.7
2006,3,11,8,30,356,697,1,3.8000000000000003
2006,3,11,9,30,127,0,4,4.9
2006,3,11,10,30,523,226,2,5.9
2006,3,11,11,30,470,98,2,6.5
2006,3,11,12,30,792,952,1,7
2006,3,11,13,30,514,259,7,7.300000000000001
2006,3,11,14,30,640,914,0,7.4
2006,3,11,15,30,482,854,0,7.300000000000001
2006,3,11,16,30,166,17,4,6.2
2006,3,11,17,30,61,18,7,4.3
2006,3,11,18,30,0,0,7,3
2006,3,11,19,30,0,0,7,2.5
2006,3,11,20,30,0,0,7,2.1
2006,3,11,21,30,0,0,7,1.8
2006,3,11,22,30,0,0,8,1.6
2006,3,11,23,30,0,0,7,1.5
2006,3,12,0,30,0,0,4,1.6
2006,3,12,1,30,0,0,4,1.8
2006,3,12,2,30,0,0,7,1.9000000000000001
2006,3,12,3,30,0,0,7,1.8
2006,3,12,4,30,0,0,7,1.5
2006,3,12,5,30,0,0,7,1.3
2006,3,12,6,30,0,0,7,1.8
2006,3,12,7,30,13,0,4,2.8000000000000003
2006,3,12,8,30,64,0,4,3.6
2006,3,12,9,30,58,0,4,4.5
2006,3,12,10,30,132,1,7,5.2
2006,3,12,11,30,149,1,8,5.9
2006,3,12,12,30,69,0,8,6.4
2006,3,12,13,30,490,114,4,6.7
2006,3,12,14,30,257,3,4,7
2006,3,12,15,30,172,1,4,7
2006,3,12,16,30,126,3,4,6.2
2006,3,12,17,30,52,1,4,5
2006,3,12,18,30,0,0,0,4.1000000000000005
2006,3,12,19,30,0,0,4,3.7
2006,3,12,20,30,0,0,1,3.4000000000000004
2006,3,12,21,30,0,0,1,3
2006,3,12,22,30,0,0,0,2.7
2006,3,12,23,30,0,0,0,2.7
2006,3,13,0,30,0,0,4,2.9000000000000004
2006,3,13,1,30,0,0,4,3.1
2006,3,13,2,30,0,0,4,3.1
2006,3,13,3,30,0,0,4,3
2006,3,13,4,30,0,0,7,2.8000000000000003
2006,3,13,5,30,0,0,8,2.9000000000000004
2006,3,13,6,30,3,0,7,3.5
2006,3,13,7,30,20,0,4,4.2
2006,3,13,8,30,109,0,4,4.9
2006,3,13,9,30,93,0,4,5.5
2006,3,13,10,30,415,65,4,6.300000000000001
2006,3,13,11,30,321,4,4,7.1000000000000005
2006,3,13,12,30,439,58,4,8
2006,3,13,13,30,430,74,4,8.6
2006,3,13,14,30,313,24,4,8.8
2006,3,13,15,30,220,11,4,8.5
2006,3,13,16,30,110,10,8,7.7
2006,3,13,17,30,34,1,8,7
2006,3,13,18,30,0,0,8,6.6000000000000005
2006,3,13,19,30,0,0,8,6.300000000000001
2006,3,13,20,30,0,0,7,6
2006,3,13,21,30,0,0,7,5.800000000000001
2006,3,13,22,30,0,0,8,5.5
2006,3,13,23,30,0,0,4,5.1000000000000005
2006,3,14,0,30,0,0,4,4.9
2006,3,14,1,30,0,0,4,4.800000000000001
2006,3,14,2,30,0,0,7,4.800000000000001
2006,3,14,3,30,0,0,7,4.9
2006,3,14,4,30,0,0,7,5
2006,3,14,5,30,0,0,7,4.9
2006,3,14,6,30,6,0,7,4.800000000000001
2006,3,14,7,30,56,1,7,4.800000000000001
2006,3,14,8,30,182,31,7,5.1000000000000005
2006,3,14,9,30,321,119,7,5.6000000000000005
2006,3,14,10,30,197,2,7,6.4
2006,3,14,11,30,422,67,6,7.2
2006,3,14,12,30,600,366,7,7.9
2006,3,14,13,30,728,824,0,8.4
2006,3,14,14,30,286,37,7,8.700000000000001
2006,3,14,15,30,10,0,8,8.700000000000001
2006,3,14,16,30,6,0,8,8
2006,3,14,17,30,56,7,7,6.9
2006,3,14,18,30,0,0,7,6
2006,3,14,19,30,0,0,8,5.6000000000000005
2006,3,14,20,30,0,0,0,5.2
2006,3,14,21,30,0,0,0,5.1000000000000005
2006,3,14,22,30,0,0,4,5.2
2006,3,14,23,30,0,0,4,5.300000000000001
2006,3,15,0,30,0,0,4,5.4
2006,3,15,1,30,0,0,4,5.5
2006,3,15,2,30,0,0,1,5.6000000000000005
2006,3,15,3,30,0,0,7,5.6000000000000005
2006,3,15,4,30,0,0,7,5.6000000000000005
2006,3,15,5,30,0,0,0,5.6000000000000005
2006,3,15,6,30,5,0,4,5.800000000000001
2006,3,15,7,30,28,0,4,6.2
2006,3,15,8,30,67,0,4,6.800000000000001
2006,3,15,9,30,286,23,4,7.6000000000000005
2006,3,15,10,30,455,102,4,8.4
2006,3,15,11,30,492,182,7,9.1
2006,3,15,12,30,601,344,8,9.700000000000001
2006,3,15,13,30,519,143,4,10.3
2006,3,15,14,30,483,322,8,10.5
2006,3,15,15,30,244,22,4,10.200000000000001
2006,3,15,16,30,93,0,4,9.600000000000001
2006,3,15,17,30,50,4,7,8.700000000000001
2006,3,15,18,30,0,0,6,8.200000000000001
2006,3,15,19,30,0,0,7,7.9
2006,3,15,20,30,0,0,6,7.6000000000000005
2006,3,15,21,30,0,0,6,7.300000000000001
2006,3,15,22,30,0,0,6,7
2006,3,15,23,30,0,0,6,6.800000000000001
2006,3,16,0,30,0,0,7,6.7
2006,3,16,1,30,0,0,7,6.6000000000000005
2006,3,16,2,30,0,0,7,6.5
2006,3,16,3,30,0,0,7,6.4
2006,3,16,4,30,0,0,7,6.4
2006,3,16,5,30,0,0,7,6.4
2006,3,16,6,30,9,0,7,6.7
2006,3,16,7,30,13,0,7,7.300000000000001
2006,3,16,8,30,44,0,4,8
2006,3,16,9,30,32,0,4,8.8
2006,3,16,10,30,103,0,4,9.5
2006,3,16,11,30,102,0,4,9.9
2006,3,16,12,30,113,0,4,10.100000000000001
2006,3,16,13,30,86,0,4,10.200000000000001
2006,3,16,14,30,124,1,7,10.3
2006,3,16,15,30,32,0,7,10.100000000000001
2006,3,16,16,30,44,0,7,9.8
2006,3,16,17,30,18,0,6,9.5
2006,3,16,18,30,0,0,6,9.200000000000001
2006,3,16,19,30,0,0,6,9
2006,3,16,20,30,0,0,7,8.700000000000001
2006,3,16,21,30,0,0,6,8.4
2006,3,16,22,30,0,0,6,8
2006,3,16,23,30,0,0,6,7.6000000000000005
2006,3,17,0,30,0,0,6,7.300000000000001
2006,3,17,1,30,0,0,6,7.1000000000000005
2006,3,17,2,30,0,0,6,6.9
2006,3,17,3,30,0,0,6,6.7
2006,3,17,4,30,0,0,8,6.5
2006,3,17,5,30,0,0,2,6.4
2006,3,17,6,30,12,0,7,6.800000000000001
2006,3,17,7,30,159,139,8,7.6000000000000005
2006,3,17,8,30,381,686,0,8.6
2006,3,17,9,30,460,433,7,9.8
2006,3,17,10,30,704,883,1,10.8
2006,3,17,11,30,394,33,4,11.3
2006,3,17,12,30,212,0,2,11.5
2006,3,17,13,30,599,281,2,11.700000000000001
2006,3,17,14,30,649,870,0,11.9
2006,3,17,15,30,493,817,1,11.8
2006,3,17,16,30,303,709,1,11.200000000000001
2006,3,17,17,30,104,448,0,9.8
2006,3,17,18,30,0,0,0,8.700000000000001
2006,3,17,19,30,0,0,0,7.800000000000001
2006,3,17,20,30,0,0,0,6.800000000000001
2006,3,17,21,30,0,0,0,5.7
2006,3,17,22,30,0,0,0,4.800000000000001
2006,3,17,23,30,0,0,0,4.2
2006,3,18,0,30,0,0,0,3.7
2006,3,18,1,30,0,0,0,3.2
2006,3,18,2,30,0,0,0,2.8000000000000003
2006,3,18,3,30,0,0,0,2.4000000000000004
2006,3,18,4,30,0,0,1,2
2006,3,18,5,30,0,0,0,2.3000000000000003
2006,3,18,6,30,27,221,1,3.8000000000000003
2006,3,18,7,30,207,653,0,6.4
2006,3,18,8,30,411,813,0,9
2006,3,18,9,30,592,893,0,11.200000000000001
2006,3,18,10,30,730,940,0,12.700000000000001
2006,3,18,11,30,811,962,0,13.5
2006,3,18,12,30,825,960,0,13.8
2006,3,18,13,30,775,942,0,13.9
2006,3,18,14,30,669,911,0,13.600000000000001
2006,3,18,15,30,387,207,2,12.9
2006,3,18,16,30,283,370,2,11.4
2006,3,18,17,30,111,474,0,9
2006,3,18,18,30,0,0,0,7.1000000000000005
2006,3,18,19,30,0,0,0,6
2006,3,18,20,30,0,0,0,5
2006,3,18,21,30,0,0,0,4
2006,3,18,22,30,0,0,0,3.1
2006,3,18,23,30,0,0,0,2.4000000000000004
2006,3,19,0,30,0,0,0,1.9000000000000001
2006,3,19,1,30,0,0,0,1.5
2006,3,19,2,30,0,0,0,1.2000000000000002
2006,3,19,3,30,0,0,0,1
2006,3,19,4,30,0,0,0,0.8
2006,3,19,5,30,0,0,0,1
2006,3,19,6,30,18,0,4,2.5
2006,3,19,7,30,105,3,4,5.4
2006,3,19,8,30,420,818,0,8.4
2006,3,19,9,30,602,896,0,10.8
2006,3,19,10,30,739,936,0,12.200000000000001
2006,3,19,11,30,815,948,0,13.100000000000001
2006,3,19,12,30,831,949,0,13.700000000000001
2006,3,19,13,30,786,947,0,13.9
2006,3,19,14,30,676,916,0,13.8
2006,3,19,15,30,516,857,0,13.200000000000001
2006,3,19,16,30,320,750,0,11.600000000000001
2006,3,19,17,30,40,0,2,9
2006,3,19,18,30,0,0,4,7
2006,3,19,19,30,0,0,4,6.1000000000000005
2006,3,19,20,30,0,0,7,5.4
2006,3,19,21,30,0,0,7,4.7
2006,3,19,22,30,0,0,7,4.1000000000000005
2006,3,19,23,30,0,0,7,3.7
2006,3,20,0,30,0,0,6,3.7
2006,3,20,1,30,0,0,6,4
2006,3,20,2,30,0,0,6,4.2
2006,3,20,3,30,0,0,6,4.4
2006,3,20,4,30,0,0,6,4.7
2006,3,20,5,30,0,0,7,5
2006,3,20,6,30,8,0,7,5.6000000000000005
2006,3,20,7,30,35,0,4,6.300000000000001
2006,3,20,8,30,36,0,7,6.9
2006,3,20,9,30,313,84,8,7.6000000000000005
2006,3,20,10,30,94,0,7,8.4
2006,3,20,11,30,80,0,7,8.700000000000001
2006,3,20,12,30,127,0,6,8.700000000000001
2006,3,20,13,30,164,1,6,8.6
2006,3,20,14,30,103,0,6,8.6
2006,3,20,15,30,210,17,7,8.5
2006,3,20,16,30,70,1,7,8.200000000000001
2006,3,20,17,30,18,0,6,7.4
2006,3,20,18,30,0,0,7,6.800000000000001
2006,3,20,19,30,0,0,7,6.5
2006,3,20,20,30,0,0,7,6
2006,3,20,21,30,0,0,4,5.5
2006,3,20,22,30,0,0,4,5.2
2006,3,20,23,30,0,0,1,5.1000000000000005
2006,3,21,0,30,0,0,1,5
2006,3,21,1,30,0,0,1,5
2006,3,21,2,30,0,0,4,4.9
2006,3,21,3,30,0,0,4,4.7
2006,3,21,4,30,0,0,4,4.6000000000000005
2006,3,21,5,30,0,0,4,4.7
2006,3,21,6,30,33,118,1,5.2
2006,3,21,7,30,7,0,4,6
2006,3,21,8,30,94,0,4,6.800000000000001
2006,3,21,9,30,145,0,4,7.6000000000000005
2006,3,21,10,30,722,847,0,8.6
2006,3,21,11,30,229,0,4,9.700000000000001
2006,3,21,12,30,482,95,4,10.700000000000001
2006,3,21,13,30,449,82,2,11
2006,3,21,14,30,518,340,8,11
2006,3,21,15,30,388,312,8,10.700000000000001
2006,3,21,16,30,144,5,4,9.700000000000001
2006,3,21,17,30,93,64,7,8
2006,3,21,18,30,0,0,7,6.5
2006,3,21,19,30,0,0,7,6
2006,3,21,20,30,0,0,7,5.800000000000001
2006,3,21,21,30,0,0,7,5.6000000000000005
2006,3,21,22,30,0,0,4,5.5
2006,3,21,23,30,0,0,4,5.300000000000001
2006,3,22,0,30,0,0,4,5.1000000000000005
2006,3,22,1,30,0,0,4,5.1000000000000005
2006,3,22,2,30,0,0,7,5.1000000000000005
2006,3,22,3,30,0,0,7,5.300000000000001
2006,3,22,4,30,0,0,7,5.300000000000001
2006,3,22,5,30,0,0,7,5.5
2006,3,22,6,30,23,0,4,6.800000000000001
2006,3,22,7,30,209,492,1,9
2006,3,22,8,30,410,683,1,10.9
2006,3,22,9,30,429,129,4,12.3
2006,3,22,10,30,563,202,4,13
2006,3,22,11,30,664,458,7,13.200000000000001
2006,3,22,12,30,661,417,7,13
2006,3,22,13,30,618,412,7,12.8
2006,3,22,14,30,491,227,7,12.5
2006,3,22,15,30,377,188,7,12
2006,3,22,16,30,220,89,7,11.200000000000001
2006,3,22,17,30,87,23,7,10.100000000000001
2006,3,22,18,30,0,0,7,9.4
2006,3,22,19,30,0,0,7,9
2006,3,22,20,30,0,0,7,8.8
2006,3,22,21,30,0,0,7,8.6
2006,3,22,22,30,0,0,7,8.6
2006,3,22,23,30,0,0,7,8.6
2006,3,23,0,30,0,0,7,8.5
2006,3,23,1,30,0,0,7,8.4
2006,3,23,2,30,0,0,4,8.1
2006,3,23,3,30,0,0,4,7.6000000000000005
2006,3,23,4,30,0,0,7,7.1000000000000005
2006,3,23,5,30,0,0,7,7.2
2006,3,23,6,30,30,2,7,9
2006,3,23,7,30,117,4,4,11.600000000000001
2006,3,23,8,30,326,259,8,13.200000000000001
2006,3,23,9,30,424,123,4,14.100000000000001
2006,3,23,10,30,548,189,4,14.9
2006,3,23,11,30,708,559,8,15.9
2006,3,23,12,30,707,550,8,16.400000000000002
2006,3,23,13,30,625,404,8,16.5
2006,3,23,14,30,479,128,3,16.2
2006,3,23,15,30,363,153,7,15.700000000000001
2006,3,23,16,30,220,71,7,14.8
2006,3,23,17,30,24,0,7,13.600000000000001
2006,3,23,18,30,0,0,7,12.700000000000001
2006,3,23,19,30,0,0,7,12.3
2006,3,23,20,30,0,0,8,11.8
2006,3,23,21,30,0,0,7,11.3
2006,3,23,22,30,0,0,8,10.9
2006,3,23,23,30,0,0,6,10.600000000000001
2006,3,24,0,30,0,0,6,10.4
2006,3,24,1,30,0,0,6,10.200000000000001
2006,3,24,2,30,0,0,7,10.100000000000001
2006,3,24,3,30,0,0,7,10
2006,3,24,4,30,0,0,7,9.8
2006,3,24,5,30,0,0,1,9.9
2006,3,24,6,30,13,0,4,10.100000000000001
2006,3,24,7,30,70,0,4,10.600000000000001
2006,3,24,8,30,415,708,1,11.3
2006,3,24,9,30,207,1,4,12.100000000000001
2006,3,24,10,30,719,827,1,13
2006,3,24,11,30,128,0,4,13.700000000000001
2006,3,24,12,30,129,0,4,14.200000000000001
2006,3,24,13,30,111,0,4,14.5
2006,3,24,14,30,151,0,4,14.600000000000001
2006,3,24,15,30,164,10,8,14.600000000000001
2006,3,24,16,30,307,615,0,14.3
2006,3,24,17,30,45,0,3,13.9
2006,3,24,18,30,0,0,3,13.700000000000001
2006,3,24,19,30,0,0,7,13.600000000000001
2006,3,24,20,30,0,0,7,13.5
2006,3,24,21,30,0,0,4,13.3
2006,3,24,22,30,0,0,4,12.9
2006,3,24,23,30,0,0,4,12.4
2006,3,25,0,30,0,0,4,12
2006,3,25,1,30,0,0,4,11.8
2006,3,25,2,30,0,0,4,11.700000000000001
2006,3,25,3,30,0,0,1,11.8
2006,3,25,4,30,0,0,4,11.700000000000001
2006,3,25,5,30,0,0,4,11.4
2006,3,25,6,30,19,0,7,11
2006,3,25,7,30,229,575,0,10.8
2006,3,25,8,30,57,0,4,10.9
2006,3,25,9,30,459,189,2,11.3
2006,3,25,10,30,585,381,7,11.9
2006,3,25,11,30,508,165,8,12.3
2006,3,25,12,30,134,0,4,12.3
2006,3,25,13,30,514,114,4,12.100000000000001
2006,3,25,14,30,271,21,8,11.9
2006,3,25,15,30,511,753,0,11.9
2006,3,25,16,30,255,152,2,11.4
2006,3,25,17,30,127,467,1,10.100000000000001
2006,3,25,18,30,0,0,0,9
2006,3,25,19,30,0,0,1,8.6
2006,3,25,20,30,0,0,4,8.3
2006,3,25,21,30,0,0,4,8
2006,3,25,22,30,0,0,4,7.7
2006,3,25,23,30,0,0,1,7.2
2006,3,26,0,30,0,0,0,6.5
2006,3,26,1,30,0,0,0,6
2006,3,26,2,30,0,0,7,5.9
2006,3,26,3,30,0,0,1,5.9
2006,3,26,4,30,0,0,0,5.800000000000001
2006,3,26,5,30,0,0,0,5.800000000000001
2006,3,26,6,30,51,245,0,7.4
2006,3,26,7,30,242,618,0,9.9
2006,3,26,8,30,447,780,0,12.100000000000001
2006,3,26,9,30,629,866,0,14.200000000000001
2006,3,26,10,30,763,915,0,16
2006,3,26,11,30,841,936,0,17.400000000000002
2006,3,26,12,30,855,936,0,18.400000000000002
2006,3,26,13,30,802,922,0,18.900000000000002
2006,3,26,14,30,575,465,8,18.8
2006,3,26,15,30,459,481,8,18.1
2006,3,26,16,30,199,23,4,16.6
2006,3,26,17,30,124,210,7,14.5
2006,3,26,18,30,0,0,3,12.9
2006,3,26,19,30,0,0,7,11.700000000000001
2006,3,26,20,30,0,0,4,10.3
2006,3,26,21,30,0,0,0,9.200000000000001
2006,3,26,22,30,0,0,0,8.700000000000001
2006,3,26,23,30,0,0,0,8.5
2006,3,27,0,30,0,0,0,8.4
2006,3,27,1,30,0,0,0,8.1
2006,3,27,2,30,0,0,4,7.5
2006,3,27,3,30,0,0,1,6.9
2006,3,27,4,30,0,0,0,6.5
2006,3,27,5,30,0,0,0,6.9
2006,3,27,6,30,54,214,1,8.9
2006,3,27,7,30,240,565,0,11.5
2006,3,27,8,30,444,738,0,13.4
2006,3,27,9,30,621,828,0,14.8
2006,3,27,10,30,749,858,0,15.5
2006,3,27,11,30,823,871,0,15.5
2006,3,27,12,30,547,210,7,15.100000000000001
2006,3,27,13,30,564,244,7,14.600000000000001
2006,3,27,14,30,379,51,6,14.100000000000001
2006,3,27,15,30,75,0,6,13.5
2006,3,27,16,30,29,0,6,12.5
2006,3,27,17,30,31,0,6,11.3
2006,3,27,18,30,0,0,7,10
2006,3,27,19,30,0,0,7,9.3
2006,3,27,20,30,0,0,7,9
2006,3,27,21,30,0,0,6,8.9
2006,3,27,22,30,0,0,6,8.8
2006,3,27,23,30,0,0,6,8.700000000000001
2006,3,28,0,30,0,0,7,8.6
2006,3,28,1,30,0,0,7,8.6
2006,3,28,2,30,0,0,6,8.6
2006,3,28,3,30,0,0,6,8.6
2006,3,28,4,30,0,0,6,8.700000000000001
2006,3,28,5,30,0,0,6,8.9
2006,3,28,6,30,21,0,6,9.200000000000001
2006,3,28,7,30,24,0,6,9.4
2006,3,28,8,30,52,0,6,9.8
2006,3,28,9,30,208,8,7,10.5
2006,3,28,10,30,143,1,6,11.3
2006,3,28,11,30,461,83,8,12
2006,3,28,12,30,119,0,4,12.3
2006,3,28,13,30,187,0,4,12.3
2006,3,28,14,30,211,1,4,11.700000000000001
2006,3,28,15,30,84,0,8,10.8
2006,3,28,16,30,167,27,7,9.9
2006,3,28,17,30,18,0,7,9
2006,3,28,18,30,0,0,6,8.3
2006,3,28,19,30,0,0,7,7.800000000000001
2006,3,28,20,30,0,0,7,7.4
2006,3,28,21,30,0,0,7,6.9
2006,3,28,22,30,0,0,7,6.5
2006,3,28,23,30,0,0,8,6.300000000000001
2006,3,29,0,30,0,0,8,6.2
2006,3,29,1,30,0,0,8,6.2
2006,3,29,2,30,0,0,6,6.2
2006,3,29,3,30,0,0,9,6.2
2006,3,29,4,30,0,0,6,6.2
2006,3,29,5,30,0,0,6,6.2
2006,3,29,6,30,16,0,7,6.300000000000001
2006,3,29,7,30,13,0,4,6.800000000000001
2006,3,29,8,30,79,0,4,7.6000000000000005
2006,3,29,9,30,193,0,4,8.700000000000001
2006,3,29,10,30,169,0,4,9.4
2006,3,29,11,30,185,0,4,9.8
2006,3,29,12,30,152,0,4,10
2006,3,29,13,30,340,5,4,10.100000000000001
2006,3,29,14,30,353,33,4,10.3
2006,3,29,15,30,141,0,4,10.4
2006,3,29,16,30,202,23,4,10.200000000000001
2006,3,29,17,30,139,476,0,9.3
2006,3,29,18,30,0,0,2,8.3
2006,3,29,19,30,0,0,0,7.4
2006,3,29,20,30,0,0,4,6.4
2006,3,29,21,30,0,0,7,6
2006,3,29,22,30,0,0,7,6.1000000000000005
2006,3,29,23,30,0,0,7,6.1000000000000005
2006,3,30,0,30,0,0,7,6.2
2006,3,30,1,30,0,0,7,6.4
2006,3,30,2,30,0,0,7,6.7
2006,3,30,3,30,0,0,7,7
2006,3,30,4,30,0,0,7,7.300000000000001
2006,3,30,5,30,0,0,7,7.800000000000001
2006,3,30,6,30,40,3,7,8.700000000000001
2006,3,30,7,30,109,10,7,9.700000000000001
2006,3,30,8,30,113,2,7,10.700000000000001
2006,3,30,9,30,427,111,4,11.700000000000001
2006,3,30,10,30,282,2,4,12.8
2006,3,30,11,30,411,62,7,13.4
2006,3,30,12,30,368,31,7,13.100000000000001
2006,3,30,13,30,327,32,8,12.4
2006,3,30,14,30,341,48,7,11.9
2006,3,30,15,30,124,2,6,11.5
2006,3,30,16,30,68,1,6,11
2006,3,30,17,30,3,0,6,10.600000000000001
2006,3,30,18,30,0,0,7,10.200000000000001
2006,3,30,19,30,0,0,7,9.8
2006,3,30,20,30,0,0,7,9.3
2006,3,30,21,30,0,0,4,8.9
2006,3,30,22,30,0,0,4,8.5
2006,3,30,23,30,0,0,4,8.3
2006,3,31,0,30,0,0,8,8
2006,3,31,1,30,0,0,8,7.800000000000001
2006,3,31,2,30,0,0,4,7.800000000000001
2006,3,31,3,30,0,0,4,7.800000000000001
2006,3,31,4,30,0,0,4,7.800000000000001
2006,3,31,5,30,0,0,4,7.9
2006,3,31,6,30,20,0,4,8.3
2006,3,31,7,30,262,608,1,9.1
2006,3,31,8,30,124,0,4,9.9
2006,3,31,9,30,201,7,8,10.5
2006,3,31,10,30,328,5,4,11.100000000000001
2006,3,31,11,30,368,31,7,11.600000000000001
2006,3,31,12,30,201,2,7,11.8
2006,3,31,13,30,145,1,7,11.600000000000001
2006,3,31,14,30,101,0,6,11.100000000000001
2006,3,31,15,30,32,0,6,10.4
2006,3,31,16,30,27,0,6,9.600000000000001
2006,3,31,17,30,10,0,7,8.8
2006,3,31,18,30,0,0,6,8.1
2006,3,31,19,30,0,0,7,7.7
2006,3,31,20,30,0,0,4,7.4
2006,3,31,21,30,0,0,4,7
2006,3,31,22,30,0,0,7,6.5
2006,3,31,23,30,0,0,1,6
2006,4,1,0,30,0,0,4,5.6000000000000005
2006,4,1,1,30,0,0,4,5.4
2006,4,1,2,30,0,0,1,5.300000000000001
2006,4,1,3,30,0,0,1,5.300000000000001
2006,4,1,4,30,0,0,3,5.300000000000001
2006,4,1,5,30,0,0,1,5.5
2006,4,1,6,30,44,0,2,5.800000000000001
2006,4,1,7,30,219,198,8,6.4
2006,4,1,8,30,326,152,7,7.1000000000000005
2006,4,1,9,30,395,156,7,8.1
2006,4,1,10,30,557,294,7,9
2006,4,1,11,30,203,2,8,9.700000000000001
2006,4,1,12,30,515,99,4,10.200000000000001
2006,4,1,13,30,582,262,8,10.600000000000001
2006,4,1,14,30,111,0,4,10.8
2006,4,1,15,30,523,699,0,10.8
2006,4,1,16,30,285,274,7,10.4
2006,4,1,17,30,126,107,8,9.600000000000001
2006,4,1,18,30,0,0,7,9.1
2006,4,1,19,30,0,0,7,8.9
2006,4,1,20,30,0,0,8,8.8
2006,4,1,21,30,0,0,7,8.700000000000001
2006,4,1,22,30,0,0,7,8.6
2006,4,1,23,30,0,0,8,8.4
2006,4,2,0,30,0,0,8,8.200000000000001
2006,4,2,1,30,0,0,8,8.200000000000001
2006,4,2,2,30,0,0,7,8
2006,4,2,3,30,0,0,7,7.9
2006,4,2,4,30,0,0,7,7.9
2006,4,2,5,30,0,0,7,8
2006,4,2,6,30,21,0,7,8.4
2006,4,2,7,30,45,0,7,9.3
2006,4,2,8,30,272,91,7,10.100000000000001
2006,4,2,9,30,162,2,7,10.700000000000001
2006,4,2,10,30,212,5,7,10.8
2006,4,2,11,30,446,92,8,11
2006,4,2,12,30,524,161,8,11.200000000000001
2006,4,2,13,30,334,21,8,11.3
2006,4,2,14,30,195,3,8,11.100000000000001
2006,4,2,15,30,130,2,8,10.700000000000001
2006,4,2,16,30,36,0,7,10.200000000000001
2006,4,2,17,30,10,0,8,9.600000000000001
2006,4,2,18,30,0,0,7,9.3
2006,4,2,19,30,0,0,6,9.4
2006,4,2,20,30,0,0,6,9.600000000000001
2006,4,2,21,30,0,0,7,9.5
2006,4,2,22,30,0,0,8,9.200000000000001
2006,4,2,23,30,0,0,8,9
2006,4,3,0,30,0,0,7,9.3
2006,4,3,1,30,0,0,7,9.600000000000001
2006,4,3,2,30,0,0,7,9.8
2006,4,3,3,30,0,0,6,9.9
2006,4,3,4,30,0,0,8,9.9
2006,4,3,5,30,0,0,8,9.9
2006,4,3,6,30,17,0,7,10
2006,4,3,7,30,6,0,7,10.3
2006,4,3,8,30,10,0,6,10.5
2006,4,3,9,30,93,0,6,10.700000000000001
2006,4,3,10,30,186,2,6,11
2006,4,3,11,30,142,1,6,11.5
2006,4,3,12,30,205,2,6,11.9
2006,4,3,13,30,173,1,6,12
2006,4,3,14,30,295,22,6,11.9
2006,4,3,15,30,205,13,6,11.700000000000001
2006,4,3,16,30,154,14,6,11.3
2006,4,3,17,30,30,0,6,10.4
2006,4,3,18,30,0,0,6,9.5
2006,4,3,19,30,0,0,6,9.200000000000001
2006,4,3,20,30,0,0,6,8.9
2006,4,3,21,30,0,0,7,8.5
2006,4,3,22,30,0,0,7,8.1
2006,4,3,23,30,0,0,4,7.800000000000001
2006,4,4,0,30,0,0,8,7.4
2006,4,4,1,30,0,0,7,7
2006,4,4,2,30,0,0,7,6.6000000000000005
2006,4,4,3,30,0,0,7,6.2
2006,4,4,4,30,0,0,7,6
2006,4,4,5,30,0,0,7,6.6000000000000005
2006,4,4,6,30,21,0,8,8.8
2006,4,4,7,30,29,0,4,11.200000000000001
2006,4,4,8,30,245,43,7,12.600000000000001
2006,4,4,9,30,539,386,7,13.3
2006,4,4,10,30,424,100,7,13.5
2006,4,4,11,30,74,0,6,13.100000000000001
2006,4,4,12,30,140,0,6,12.5
2006,4,4,13,30,107,0,6,12.200000000000001
2006,4,4,14,30,84,0,6,11.8
2006,4,4,15,30,80,0,6,11.100000000000001
2006,4,4,16,30,32,0,6,10.200000000000001
2006,4,4,17,30,10,0,6,9.4
2006,4,4,18,30,0,0,6,8.700000000000001
2006,4,4,19,30,0,0,6,8.200000000000001
2006,4,4,20,30,0,0,6,7.7
2006,4,4,21,30,0,0,6,7.300000000000001
2006,4,4,22,30,0,0,6,7.2
2006,4,4,23,30,0,0,7,7.2
2006,4,5,0,30,0,0,6,7.1000000000000005
2006,4,5,1,30,0,0,7,7
2006,4,5,2,30,0,0,7,7
2006,4,5,3,30,0,0,7,7
2006,4,5,4,30,0,0,4,7
2006,4,5,5,30,0,0,7,7.1000000000000005
2006,4,5,6,30,18,0,4,7.6000000000000005
2006,4,5,7,30,77,0,4,8.5
2006,4,5,8,30,101,0,4,9.700000000000001
2006,4,5,9,30,107,0,4,10.9
2006,4,5,10,30,542,146,4,12
2006,4,5,11,30,427,28,3,12.8
2006,4,5,12,30,660,232,2,13.3
2006,4,5,13,30,550,143,2,13.600000000000001
2006,4,5,14,30,491,140,2,13.5
2006,4,5,15,30,229,4,2,13.100000000000001
2006,4,5,16,30,368,752,0,12.4
2006,4,5,17,30,162,546,1,11.100000000000001
2006,4,5,18,30,0,0,1,10.100000000000001
2006,4,5,19,30,0,0,4,9.600000000000001
2006,4,5,20,30,0,0,4,9.200000000000001
2006,4,5,21,30,0,0,4,8.8
2006,4,5,22,30,0,0,4,8.4
2006,4,5,23,30,0,0,4,8
2006,4,6,0,30,0,0,4,7.6000000000000005
2006,4,6,1,30,0,0,4,7.300000000000001
2006,4,6,2,30,0,0,4,7.2
2006,4,6,3,30,0,0,7,7.1000000000000005
2006,4,6,4,30,0,0,7,7.1000000000000005
2006,4,6,5,30,0,0,0,7.2
2006,4,6,6,30,59,1,2,7.7
2006,4,6,7,30,213,62,4,8.5
2006,4,6,8,30,457,496,7,9.600000000000001
2006,4,6,9,30,659,791,0,10.8
2006,4,6,10,30,708,570,7,12
2006,4,6,11,30,860,864,0,13.200000000000001
2006,4,6,12,30,739,518,8,14.100000000000001
2006,4,6,13,30,816,851,0,14.5
2006,4,6,14,30,703,807,0,14.200000000000001
2006,4,6,15,30,543,734,0,13.600000000000001
2006,4,6,16,30,352,620,1,12.8
2006,4,6,17,30,154,409,0,11.8
2006,4,6,18,30,0,0,1,10.8
2006,4,6,19,30,0,0,6,10.200000000000001
2006,4,6,20,30,0,0,7,10
2006,4,6,21,30,0,0,7,10.100000000000001
2006,4,6,22,30,0,0,7,10.3
2006,4,6,23,30,0,0,7,10.100000000000001
2006,4,7,0,30,0,0,7,9.8
2006,4,7,1,30,0,0,7,9.600000000000001
2006,4,7,2,30,0,0,7,9.5
2006,4,7,3,30,0,0,7,9.200000000000001
2006,4,7,4,30,0,0,7,8.8
2006,4,7,5,30,0,0,7,9
2006,4,7,6,30,44,2,7,10.9
2006,4,7,7,30,144,19,7,13.3
2006,4,7,8,30,447,540,7,14.700000000000001
2006,4,7,9,30,502,183,2,15.600000000000001
2006,4,7,10,30,799,878,0,16.3
2006,4,7,11,30,672,420,7,16.6
2006,4,7,12,30,581,215,7,16.400000000000002
2006,4,7,13,30,589,277,7,15.600000000000001
2006,4,7,14,30,331,33,6,14.700000000000001
2006,4,7,15,30,376,160,7,13.9
2006,4,7,16,30,25,0,6,13.200000000000001
2006,4,7,17,30,42,1,6,12.3
2006,4,7,18,30,2,0,6,11.4
2006,4,7,19,30,0,0,8,10.3
2006,4,7,20,30,0,0,7,9.5
2006,4,7,21,30,0,0,7,9.200000000000001
2006,4,7,22,30,0,0,4,9.200000000000001
2006,4,7,23,30,0,0,4,9
2006,4,8,0,30,0,0,4,8.6
2006,4,8,1,30,0,0,3,8.3
2006,4,8,2,30,0,0,1,8
2006,4,8,3,30,0,0,7,7.9
2006,4,8,4,30,0,0,7,7.800000000000001
2006,4,8,5,30,0,0,7,8.1
2006,4,8,6,30,68,10,8,8.8
2006,4,8,7,30,108,6,7,9.700000000000001
2006,4,8,8,30,358,160,7,10.700000000000001
2006,4,8,9,30,367,45,7,11.8
2006,4,8,10,30,400,50,7,12.600000000000001
2006,4,8,11,30,566,181,7,12.8
2006,4,8,12,30,642,278,7,12.8
2006,4,8,13,30,662,366,8,13.200000000000001
2006,4,8,14,30,543,321,7,13.4
2006,4,8,15,30,419,279,8,13.200000000000001
2006,4,8,16,30,293,270,8,12.5
2006,4,8,17,30,115,34,7,11.5
2006,4,8,18,30,6,0,7,10.600000000000001
2006,4,8,19,30,0,0,7,10.200000000000001
2006,4,8,20,30,0,0,7,10.100000000000001
2006,4,8,21,30,0,0,7,9.9
2006,4,8,22,30,0,0,7,9.700000000000001
2006,4,8,23,30,0,0,7,9.5
2006,4,9,0,30,0,0,7,9.200000000000001
2006,4,9,1,30,0,0,8,8.9
2006,4,9,2,30,0,0,7,8.700000000000001
2006,4,9,3,30,0,0,7,8.6
2006,4,9,4,30,0,0,8,8.5
2006,4,9,5,30,0,0,8,8.700000000000001
2006,4,9,6,30,29,0,8,9.5
2006,4,9,7,30,128,7,7,10.4
2006,4,9,8,30,205,15,8,11.200000000000001
2006,4,9,9,30,335,43,8,11.9
2006,4,9,10,30,630,383,7,12.5
2006,4,9,11,30,616,159,4,13.100000000000001
2006,4,9,12,30,496,73,4,13.5
2006,4,9,13,30,434,44,4,13.600000000000001
2006,4,9,14,30,110,0,4,13.5
2006,4,9,15,30,190,11,8,13.200000000000001
2006,4,9,16,30,50,0,8,12.700000000000001
2006,4,9,17,30,29,0,8,11.9
2006,4,9,18,30,5,0,4,11.3
2006,4,9,19,30,0,0,4,11
2006,4,9,20,30,0,0,4,10.600000000000001
2006,4,9,21,30,0,0,7,10.200000000000001
2006,4,9,22,30,0,0,4,9.600000000000001
2006,4,9,23,30,0,0,7,9
2006,4,10,0,30,0,0,8,8.6
2006,4,10,1,30,0,0,7,8.200000000000001
2006,4,10,2,30,0,0,7,8
2006,4,10,3,30,0,0,7,7.7
2006,4,10,4,30,0,0,7,7.4
2006,4,10,5,30,0,0,1,7.7
2006,4,10,6,30,28,0,4,8.8
2006,4,10,7,30,128,2,4,10
2006,4,10,8,30,279,35,4,11.100000000000001
2006,4,10,9,30,400,72,4,12
2006,4,10,10,30,531,114,4,12.8
2006,4,10,11,30,340,2,3,13.3
2006,4,10,12,30,114,0,4,13.4
2006,4,10,13,30,324,2,4,13.3
2006,4,10,14,30,582,240,3,13.100000000000001
2006,4,10,15,30,546,684,0,12.700000000000001
2006,4,10,16,30,357,566,0,12.200000000000001
2006,4,10,17,30,48,0,4,11.4
2006,4,10,18,30,9,0,7,10.600000000000001
2006,4,10,19,30,0,0,7,10.3
2006,4,10,20,30,0,0,7,10.100000000000001
2006,4,10,21,30,0,0,7,9.9
2006,4,10,22,30,0,0,7,9.5
2006,4,10,23,30,0,0,8,9.3
2006,4,11,0,30,0,0,4,9.3
2006,4,11,1,30,0,0,7,9.4
2006,4,11,2,30,0,0,7,9.5
2006,4,11,3,30,0,0,6,9.5
2006,4,11,4,30,0,0,6,9.5
2006,4,11,5,30,0,0,7,9.600000000000001
2006,4,11,6,30,83,87,7,9.8
2006,4,11,7,30,32,0,4,10.3
2006,4,11,8,30,116,2,7,10.8
2006,4,11,9,30,38,0,6,11.100000000000001
2006,4,11,10,30,148,1,6,11.100000000000001
2006,4,11,11,30,112,0,6,11.4
2006,4,11,12,30,178,1,6,11.9
2006,4,11,13,30,114,0,7,12.5
2006,4,11,14,30,174,2,7,12.700000000000001
2006,4,11,15,30,90,1,7,12.700000000000001
2006,4,11,16,30,66,0,6,12.5
2006,4,11,17,30,73,5,7,12.200000000000001
2006,4,11,18,30,7,0,7,12
2006,4,11,19,30,0,0,8,11.600000000000001
2006,4,11,20,30,0,0,6,11.3
2006,4,11,21,30,0,0,6,11
2006,4,11,22,30,0,0,6,10.8
2006,4,11,23,30,0,0,6,10.700000000000001
2006,4,12,0,30,0,0,6,10.600000000000001
2006,4,12,1,30,0,0,6,10.700000000000001
2006,4,12,2,30,0,0,7,10.700000000000001
2006,4,12,3,30,0,0,7,10.700000000000001
2006,4,12,4,30,0,0,6,10.8
2006,4,12,5,30,0,0,6,10.8
2006,4,12,6,30,21,0,7,11.100000000000001
2006,4,12,7,30,62,0,7,11.600000000000001
2006,4,12,8,30,67,0,7,12.200000000000001
2006,4,12,9,30,172,2,7,13.200000000000001
2006,4,12,10,30,170,1,7,14.600000000000001
2006,4,12,11,30,299,8,7,16.2
2006,4,12,12,30,577,182,7,17
2006,4,12,13,30,243,4,6,16.8
2006,4,12,14,30,136,1,6,16.3
2006,4,12,15,30,90,1,6,15.9
2006,4,12,16,30,55,0,6,15.100000000000001
2006,4,12,17,30,61,3,6,13.8
2006,4,12,18,30,7,0,7,12.5
2006,4,12,19,30,0,0,7,11.700000000000001
2006,4,12,20,30,0,0,7,11.5
2006,4,12,21,30,0,0,7,11.600000000000001
2006,4,12,22,30,0,0,7,11.600000000000001
2006,4,12,23,30,0,0,1,11.100000000000001
2006,4,13,0,30,0,0,0,10.600000000000001
2006,4,13,1,30,0,0,0,10.4
2006,4,13,2,30,0,0,4,10.4
2006,4,13,3,30,0,0,1,10.600000000000001
2006,4,13,4,30,0,0,1,10.600000000000001
2006,4,13,5,30,0,0,1,11.200000000000001
2006,4,13,6,30,134,531,0,13.4
2006,4,13,7,30,337,750,0,16.1
2006,4,13,8,30,537,852,0,18
2006,4,13,9,30,706,903,0,19.3
2006,4,13,10,30,822,903,0,20.200000000000003
2006,4,13,11,30,697,433,8,20.8
2006,4,13,12,30,722,332,3,21.200000000000003
2006,4,13,13,30,700,383,2,21.5
2006,4,13,14,30,729,881,0,21.5
2006,4,13,15,30,571,826,0,21.3
2006,4,13,16,30,380,735,0,20.8
2006,4,13,17,30,92,0,3,19.6
2006,4,13,18,30,8,0,4,18.2
2006,4,13,19,30,0,0,0,17.1
2006,4,13,20,30,0,0,0,15.9
2006,4,13,21,30,0,0,0,14.8
2006,4,13,22,30,0,0,0,13.9
2006,4,13,23,30,0,0,0,13.3
2006,4,14,0,30,0,0,0,13
2006,4,14,1,30,0,0,0,12.9
2006,4,14,2,30,0,0,7,13
2006,4,14,3,30,0,0,7,13
2006,4,14,4,30,0,0,7,13
2006,4,14,5,30,0,0,7,13.600000000000001
2006,4,14,6,30,42,1,8,15.700000000000001
2006,4,14,7,30,215,39,4,18.1
2006,4,14,8,30,257,19,4,19.400000000000002
2006,4,14,9,30,618,574,7,20.1
2006,4,14,10,30,515,177,8,20.6
2006,4,14,11,30,544,206,7,20.8
2006,4,14,12,30,332,18,8,20.700000000000003
2006,4,14,13,30,342,4,4,20.400000000000002
2006,4,14,14,30,215,0,4,20
2006,4,14,15,30,551,716,1,19.6
2006,4,14,16,30,363,612,0,19
2006,4,14,17,30,170,426,0,17.5
2006,4,14,18,30,17,42,0,15.600000000000001
2006,4,14,19,30,0,0,0,14.200000000000001
2006,4,14,20,30,0,0,1,13.200000000000001
2006,4,14,21,30,0,0,7,12.3
2006,4,14,22,30,0,0,7,11.8
2006,4,14,23,30,0,0,7,11.4
2006,4,15,0,30,0,0,7,10.9
2006,4,15,1,30,0,0,8,10.4
2006,4,15,2,30,0,0,7,9.9
2006,4,15,3,30,0,0,3,9.3
2006,4,15,4,30,0,0,7,8.8
2006,4,15,5,30,0,0,7,8.8
2006,4,15,6,30,36,0,6,9.3
2006,4,15,7,30,160,26,7,10.200000000000001
2006,4,15,8,30,93,1,6,11
2006,4,15,9,30,85,0,6,11.8
2006,4,15,10,30,201,2,6,12.5
2006,4,15,11,30,205,1,7,13
2006,4,15,12,30,172,1,7,13.100000000000001
2006,4,15,13,30,432,65,6,13
2006,4,15,14,30,118,0,7,12.8
2006,4,15,15,30,150,3,7,12.4
2006,4,15,16,30,20,0,7,11.8
2006,4,15,17,30,111,29,8,11.200000000000001
2006,4,15,18,30,10,0,7,10.600000000000001
2006,4,15,19,30,0,0,8,10.200000000000001
2006,4,15,20,30,0,0,7,10
2006,4,15,21,30,0,0,4,9.700000000000001
2006,4,15,22,30,0,0,8,9.4
2006,4,15,23,30,0,0,8,9.1
2006,4,16,0,30,0,0,8,8.8
2006,4,16,1,30,0,0,7,8.4
2006,4,16,2,30,0,0,7,7.800000000000001
2006,4,16,3,30,0,0,6,7.2
2006,4,16,4,30,0,0,6,6.800000000000001
2006,4,16,5,30,0,0,8,6.800000000000001
2006,4,16,6,30,38,1,7,7
2006,4,16,7,30,67,1,8,7.300000000000001
2006,4,16,8,30,101,1,7,8.1
2006,4,16,9,30,592,502,7,9.1
2006,4,16,10,30,263,1,4,9.8
2006,4,16,11,30,589,206,8,10.3
2006,4,16,12,30,375,4,4,10.700000000000001
2006,4,16,13,30,551,197,8,11
2006,4,16,14,30,348,43,7,11.100000000000001
2006,4,16,15,30,331,104,7,10.9
2006,4,16,16,30,16,0,8,10.100000000000001
2006,4,16,17,30,118,42,8,9
2006,4,16,18,30,12,0,7,8
2006,4,16,19,30,0,0,7,7.4
2006,4,16,20,30,0,0,4,6.9
2006,4,16,21,30,0,0,2,6.6000000000000005
2006,4,16,22,30,0,0,4,6.300000000000001
2006,4,16,23,30,0,0,4,6
2006,4,17,0,30,0,0,4,5.5
2006,4,17,1,30,0,0,0,4.6000000000000005
2006,4,17,2,30,0,0,0,4.1000000000000005
2006,4,17,3,30,0,0,0,4
2006,4,17,4,30,0,0,1,3.9000000000000004
2006,4,17,5,30,0,0,4,4.3
2006,4,17,6,30,150,489,1,5.800000000000001
2006,4,17,7,30,356,708,0,7.9
2006,4,17,8,30,558,815,0,9.9
2006,4,17,9,30,229,1,3,11.4
2006,4,17,10,30,607,167,2,12.4
2006,4,17,11,30,780,372,2,13.200000000000001
2006,4,17,12,30,936,933,0,13.8
2006,4,17,13,30,879,915,1,14.3
2006,4,17,14,30,767,892,0,14.3
2006,4,17,15,30,605,845,0,14.100000000000001
2006,4,17,16,30,409,756,0,13.3
2006,4,17,17,30,199,572,0,11.600000000000001
2006,4,17,18,30,26,142,0,9.600000000000001
2006,4,17,19,30,0,0,0,8.700000000000001
2006,4,17,20,30,0,0,0,8
2006,4,17,21,30,0,0,0,7
2006,4,17,22,30,0,0,0,5.9
2006,4,17,23,30,0,0,0,5.2
2006,4,18,0,30,0,0,0,4.7
2006,4,18,1,30,0,0,0,4.3
2006,4,18,2,30,0,0,0,4
2006,4,18,3,30,0,0,0,3.8000000000000003
2006,4,18,4,30,0,0,0,3.7
2006,4,18,5,30,0,0,0,4.7
2006,4,18,6,30,162,567,0,7.300000000000001
2006,4,18,7,30,372,773,0,10.600000000000001
2006,4,18,8,30,576,873,0,13.700000000000001
2006,4,18,9,30,746,923,0,16.1
2006,4,18,10,30,871,956,0,17.900000000000002
2006,4,18,11,30,937,965,0,19.3
2006,4,18,12,30,944,965,0,20.3
2006,4,18,13,30,886,952,0,20.700000000000003
2006,4,18,14,30,769,920,0,20.700000000000003
2006,4,18,15,30,607,870,0,20.200000000000003
2006,4,18,16,30,412,782,0,19.3
2006,4,18,17,30,203,609,0,17.2
2006,4,18,18,30,29,193,0,14.600000000000001
2006,4,18,19,30,0,0,0,13
2006,4,18,20,30,0,0,0,12
2006,4,18,21,30,0,0,0,11
2006,4,18,22,30,0,0,0,10
2006,4,18,23,30,0,0,0,9.1
2006,4,19,0,30,0,0,0,8.3
2006,4,19,1,30,0,0,0,7.6000000000000005
2006,4,19,2,30,0,0,0,7.2
2006,4,19,3,30,0,0,0,6.800000000000001
2006,4,19,4,30,0,0,0,6.6000000000000005
2006,4,19,5,30,0,0,0,7.6000000000000005
2006,4,19,6,30,160,529,1,10.200000000000001
2006,4,19,7,30,366,732,0,13.200000000000001
2006,4,19,8,30,567,836,0,16.400000000000002
2006,4,19,9,30,739,896,0,19.200000000000003
2006,4,19,10,30,866,940,0,21
2006,4,19,11,30,936,955,0,22.1
2006,4,19,12,30,943,958,0,22.6
2006,4,19,13,30,885,943,0,22.8
2006,4,19,14,30,771,915,0,22.6
2006,4,19,15,30,607,863,0,22
2006,4,19,16,30,412,774,0,21.200000000000003
2006,4,19,17,30,205,601,0,19.5
2006,4,19,18,30,30,192,0,17.3
2006,4,19,19,30,0,0,0,15.700000000000001
2006,4,19,20,30,0,0,0,14.200000000000001
2006,4,19,21,30,0,0,0,13.100000000000001
2006,4,19,22,30,0,0,0,12.5
2006,4,19,23,30,0,0,4,12.100000000000001
2006,4,20,0,30,0,0,0,11.700000000000001
2006,4,20,1,30,0,0,0,11.600000000000001
2006,4,20,2,30,0,0,4,11.700000000000001
2006,4,20,3,30,0,0,7,11.8
2006,4,20,4,30,0,0,0,11.8
2006,4,20,5,30,0,0,0,12.200000000000001
2006,4,20,6,30,157,456,1,13.9
2006,4,20,7,30,286,156,3,16
2006,4,20,8,30,464,456,7,18.2
2006,4,20,9,30,641,602,7,20
2006,4,20,10,30,657,381,8,21
2006,4,20,11,30,807,603,7,21.6
2006,4,20,12,30,926,915,0,21.900000000000002
2006,4,20,13,30,872,907,0,22
2006,4,20,14,30,758,873,0,21.700000000000003
2006,4,20,15,30,597,813,0,21.1
2006,4,20,16,30,403,712,0,20.200000000000003
2006,4,20,17,30,150,50,3,18.3
2006,4,20,18,30,30,142,0,16.1
2006,4,20,19,30,0,0,0,14.9
2006,4,20,20,30,0,0,0,14.3
2006,4,20,21,30,0,0,0,13.700000000000001
2006,4,20,22,30,0,0,0,13.3
2006,4,20,23,30,0,0,0,12.8
2006,4,21,0,30,0,0,0,12.600000000000001
2006,4,21,1,30,0,0,0,12.4
2006,4,21,2,30,0,0,0,12.200000000000001
2006,4,21,3,30,0,0,0,12.4
2006,4,21,4,30,0,0,4,12.700000000000001
2006,4,21,5,30,7,0,8,13.8
2006,4,21,6,30,159,448,7,16.1
2006,4,21,7,30,274,166,7,18.5
2006,4,21,8,30,508,591,7,20
2006,4,21,9,30,406,87,6,20.8
2006,4,21,10,30,460,76,6,21.200000000000003
2006,4,21,11,30,538,108,7,21.1
2006,4,21,12,30,540,99,7,21
2006,4,21,13,30,417,19,4,21
2006,4,21,14,30,661,544,7,20.900000000000002
2006,4,21,15,30,589,772,0,20.5
2006,4,21,16,30,397,668,0,19.700000000000003
2006,4,21,17,30,196,479,0,18.400000000000002
2006,4,21,18,30,25,2,7,17.2
2006,4,21,19,30,0,0,7,16.2
2006,4,21,20,30,0,0,7,14.9
2006,4,21,21,30,0,0,6,14.3
2006,4,21,22,30,0,0,7,13.9
2006,4,21,23,30,0,0,7,13.5
2006,4,22,0,30,0,0,4,13
2006,4,22,1,30,0,0,7,12.600000000000001
2006,4,22,2,30,0,0,7,12.3
2006,4,22,3,30,0,0,7,12.100000000000001
2006,4,22,4,30,0,0,6,11.8
2006,4,22,5,30,5,0,8,11.700000000000001
2006,4,22,6,30,22,0,7,12
2006,4,22,7,30,55,0,7,12.200000000000001
2006,4,22,8,30,105,1,7,12.3
2006,4,22,9,30,260,13,7,12.5
2006,4,22,10,30,231,0,4,13
2006,4,22,11,30,419,24,7,13.600000000000001
2006,4,22,12,30,303,5,8,14.200000000000001
2006,4,22,13,30,162,1,7,14.5
2006,4,22,14,30,173,1,7,14.600000000000001
2006,4,22,15,30,156,0,4,14.600000000000001
2006,4,22,16,30,340,286,8,14.3
2006,4,22,17,30,129,9,4,13.5
2006,4,22,18,30,11,0,4,12.4
2006,4,22,19,30,0,0,4,11.600000000000001
2006,4,22,20,30,0,0,4,11.100000000000001
2006,4,22,21,30,0,0,4,10.8
2006,4,22,22,30,0,0,4,10.5
2006,4,22,23,30,0,0,0,10.100000000000001
2006,4,23,0,30,0,0,0,9.700000000000001
2006,4,23,1,30,0,0,0,9.5
2006,4,23,2,30,0,0,0,9.3
2006,4,23,3,30,0,0,4,9.200000000000001
2006,4,23,4,30,0,0,0,9.200000000000001
2006,4,23,5,30,8,0,3,10.4
2006,4,23,6,30,59,0,4,12.700000000000001
2006,4,23,7,30,359,601,0,15
2006,4,23,8,30,549,698,0,16.900000000000002
2006,4,23,9,30,710,752,0,18.2
2006,4,23,10,30,619,176,2,18.8
2006,4,23,11,30,619,146,2,19.1
2006,4,23,12,30,909,845,0,19.1
2006,4,23,13,30,849,815,1,19
2006,4,23,14,30,397,69,7,18.900000000000002
2006,4,23,15,30,497,457,8,18.5
2006,4,23,16,30,237,57,7,17.7
2006,4,23,17,30,71,0,4,16.400000000000002
2006,4,23,18,30,13,0,4,15
2006,4,23,19,30,0,0,4,14.200000000000001
2006,4,23,20,30,0,0,1,13.8
2006,4,23,21,30,0,0,0,13.4
2006,4,23,22,30,0,0,4,13
2006,4,23,23,30,0,0,4,12.600000000000001
2006,4,24,0,30,0,0,1,12.200000000000001
2006,4,24,1,30,0,0,4,11.9
2006,4,24,2,30,0,0,3,11.600000000000001
2006,4,24,3,30,0,0,4,11.4
2006,4,24,4,30,0,0,3,11.200000000000001
2006,4,24,5,30,5,0,4,11.3
2006,4,24,6,30,27,0,4,11.8
2006,4,24,7,30,81,0,4,12.4
2006,4,24,8,30,260,9,3,13.100000000000001
2006,4,24,9,30,281,1,3,13.9
2006,4,24,10,30,280,1,4,14.8
2006,4,24,11,30,540,84,4,15.700000000000001
2006,4,24,12,30,541,84,3,16.5
2006,4,24,13,30,326,1,3,16.8
2006,4,24,14,30,230,0,4,16.5
2006,4,24,15,30,230,1,3,16.1
2006,4,24,16,30,134,0,3,15.5
2006,4,24,17,30,60,0,3,14.600000000000001
2006,4,24,18,30,21,0,3,13.8
2006,4,24,19,30,0,0,3,13.3
2006,4,24,20,30,0,0,4,13.100000000000001
2006,4,24,21,30,0,0,4,12.8
2006,4,24,22,30,0,0,1,12.5
2006,4,24,23,30,0,0,7,12
2006,4,25,0,30,0,0,7,11.5
2006,4,25,1,30,0,0,3,11.3
2006,4,25,2,30,0,0,7,11.3
2006,4,25,3,30,0,0,7,11.200000000000001
2006,4,25,4,30,0,0,4,11.100000000000001
2006,4,25,5,30,6,0,8,11.700000000000001
2006,4,25,6,30,33,0,4,13.3
2006,4,25,7,30,347,395,7,14.9
2006,4,25,8,30,470,355,7,16.5
2006,4,25,9,30,620,493,7,17.6
2006,4,25,10,30,759,541,7,18.3
2006,4,25,11,30,749,442,7,18.6
2006,4,25,12,30,816,519,7,18.7
2006,4,25,13,30,744,472,7,18.6
2006,4,25,14,30,730,715,0,18.5
2006,4,25,15,30,525,299,10,18.2
2006,4,25,16,30,374,315,7,17.7
2006,4,25,17,30,162,73,8,16.900000000000002
2006,4,25,18,30,26,0,7,15.8
2006,4,25,19,30,0,0,6,15
2006,4,25,20,30,0,0,7,14.5
2006,4,25,21,30,0,0,7,14.100000000000001
2006,4,25,22,30,0,0,0,13.5
2006,4,25,23,30,0,0,0,12.8
2006,4,26,0,30,0,0,0,12.200000000000001
2006,4,26,1,30,0,0,0,11.600000000000001
2006,4,26,2,30,0,0,0,11
2006,4,26,3,30,0,0,0,10.5
2006,4,26,4,30,0,0,0,10.3
2006,4,26,5,30,16,30,0,11.5
2006,4,26,6,30,170,383,0,14.100000000000001
2006,4,26,7,30,371,610,0,17
2006,4,26,8,30,569,741,0,20
2006,4,26,9,30,735,814,0,22.5
2006,4,26,10,30,868,899,0,24.3
2006,4,26,11,30,933,916,0,25.5
2006,4,26,12,30,937,919,0,26.3
2006,4,26,13,30,881,907,0,26.6
2006,4,26,14,30,767,877,0,26.3
2006,4,26,15,30,607,823,0,25.900000000000002
2006,4,26,16,30,416,729,0,24.900000000000002
2006,4,26,17,30,213,552,0,22.900000000000002
2006,4,26,18,30,41,190,0,20.900000000000002
2006,4,26,19,30,0,0,0,19.6
2006,4,26,20,30,0,0,0,18.7
2006,4,26,21,30,0,0,0,17.6
2006,4,26,22,30,0,0,0,16.3
2006,4,26,23,30,0,0,1,15.3
2006,4,27,0,30,0,0,1,14.4
2006,4,27,1,30,0,0,0,13.600000000000001
2006,4,27,2,30,0,0,0,13
2006,4,27,3,30,0,0,0,12.700000000000001
2006,4,27,4,30,0,0,0,12.600000000000001
2006,4,27,5,30,24,148,0,13.600000000000001
2006,4,27,6,30,190,567,0,15.700000000000001
2006,4,27,7,30,396,749,0,18.400000000000002
2006,4,27,8,30,591,841,0,21.6
2006,4,27,9,30,756,892,0,24.5
2006,4,27,10,30,877,927,0,26.400000000000002
2006,4,27,11,30,937,933,0,27.700000000000003
2006,4,27,12,30,940,930,0,28.6
2006,4,27,13,30,886,925,0,29.1
2006,4,27,14,30,772,893,0,29.3
2006,4,27,15,30,614,843,0,29.5
2006,4,27,16,30,423,757,0,28.6
2006,4,27,17,30,221,600,0,25.6
2006,4,27,18,30,45,253,0,22.400000000000002
2006,4,27,19,30,0,0,0,20.6
2006,4,27,20,30,0,0,0,19.6
2006,4,27,21,30,0,0,0,18.900000000000002
2006,4,27,22,30,0,0,0,18.3
2006,4,27,23,30,0,0,0,17.8
2006,4,28,0,30,0,0,0,17.400000000000002
2006,4,28,1,30,0,0,0,16.8
2006,4,28,2,30,0,0,0,16.3
2006,4,28,3,30,0,0,0,15.9
2006,4,28,4,30,0,0,0,15.600000000000001
2006,4,28,5,30,26,150,0,16.5
2006,4,28,6,30,190,553,0,18.900000000000002
2006,4,28,7,30,392,730,0,21.6
2006,4,28,8,30,586,824,0,24.200000000000003
2006,4,28,9,30,749,874,0,26.200000000000003
2006,4,28,10,30,872,919,0,27.200000000000003
2006,4,28,11,30,936,931,0,27.8
2006,4,28,12,30,939,931,0,28.1
2006,4,28,13,30,881,914,0,28.1
2006,4,28,14,30,770,886,0,27.8
2006,4,28,15,30,611,834,0,27.3
2006,4,28,16,30,422,750,0,26.6
2006,4,28,17,30,221,593,0,25.1
2006,4,28,18,30,47,257,0,22.6
2006,4,28,19,30,0,0,0,20.8
2006,4,28,20,30,0,0,0,20
2006,4,28,21,30,0,0,0,19.3
2006,4,28,22,30,0,0,0,18.8
2006,4,28,23,30,0,0,0,18.3
2006,4,29,0,30,0,0,0,17.7
2006,4,29,1,30,0,0,0,17.1
2006,4,29,2,30,0,0,0,16.400000000000002
2006,4,29,3,30,0,0,0,15.700000000000001
2006,4,29,4,30,0,0,0,15.200000000000001
2006,4,29,5,30,26,127,0,16
2006,4,29,6,30,185,501,0,17.900000000000002
2006,4,29,7,30,382,678,0,19.700000000000003
2006,4,29,8,30,574,777,0,21
2006,4,29,9,30,735,832,0,22
2006,4,29,10,30,852,857,0,22.8
2006,4,29,11,30,913,867,0,23.400000000000002
2006,4,29,12,30,918,867,0,23.900000000000002
2006,4,29,13,30,870,884,0,24.400000000000002
2006,4,29,14,30,759,853,0,24.5
2006,4,29,15,30,603,796,0,24.400000000000002
2006,4,29,16,30,413,692,0,23.8
2006,4,29,17,30,214,511,0,22.5
2006,4,29,18,30,44,168,0,20.700000000000003
2006,4,29,19,30,0,0,0,19.6
2006,4,29,20,30,0,0,0,19.1
2006,4,29,21,30,0,0,0,18.6
2006,4,29,22,30,0,0,0,18
2006,4,29,23,30,0,0,0,17.400000000000002
2006,4,30,0,30,0,0,0,16.7
2006,4,30,1,30,0,0,0,15.9
2006,4,30,2,30,0,0,0,15.200000000000001
2006,4,30,3,30,0,0,0,14.600000000000001
2006,4,30,4,30,0,0,0,14.100000000000001
2006,4,30,5,30,27,92,0,14.700000000000001
2006,4,30,6,30,192,482,0,16.7
2006,4,30,7,30,395,673,0,19.400000000000002
2006,4,30,8,30,591,776,0,22.3
2006,4,30,9,30,755,828,0,24.6
2006,4,30,10,30,880,875,0,26
2006,4,30,11,30,945,886,0,26.6
2006,4,30,12,30,948,887,0,26.900000000000002
2006,4,30,13,30,893,877,0,26.900000000000002
2006,4,30,14,30,784,856,0,26.8
2006,4,30,15,30,626,813,0,26.5
2006,4,30,16,30,436,733,0,25.700000000000003
2006,4,30,17,30,231,575,0,23.3
2006,4,30,18,30,50,225,0,20.6
2006,4,30,19,30,0,0,0,19
2006,4,30,20,30,0,0,0,18.1
2006,4,30,21,30,0,0,0,17.5
2006,4,30,22,30,0,0,0,17.1
2006,4,30,23,30,0,0,0,16.5
2006,5,1,0,30,0,0,0,15.8
2006,5,1,1,30,0,0,0,15.100000000000001
2006,5,1,2,30,0,0,0,14.700000000000001
2006,5,1,3,30,0,0,0,14.3
2006,5,1,4,30,0,0,0,13.9
2006,5,1,5,30,33,182,0,15.3
2006,5,1,6,30,207,578,0,18.5
2006,5,1,7,30,413,749,0,21.700000000000003
2006,5,1,8,30,612,841,0,23.8
2006,5,1,9,30,777,891,0,25.1
2006,5,1,10,30,899,919,0,25.900000000000002
2006,5,1,11,30,964,932,0,26.5
2006,5,1,12,30,968,930,0,26.900000000000002
2006,5,1,13,30,914,929,0,27
2006,5,1,14,30,799,897,0,27
2006,5,1,15,30,637,842,0,27
2006,5,1,16,30,444,755,0,26.200000000000003
2006,5,1,17,30,236,591,0,23.700000000000003
2006,5,1,18,30,53,239,0,20.700000000000003
2006,5,1,19,30,0,0,0,18.8
2006,5,1,20,30,0,0,0,17.6
2006,5,1,21,30,0,0,0,16.6
2006,5,1,22,30,0,0,0,15.600000000000001
2006,5,1,23,30,0,0,0,14.600000000000001
2006,5,2,0,30,0,0,0,13.9
2006,5,2,1,30,0,0,0,13.200000000000001
2006,5,2,2,30,0,0,0,12.5
2006,5,2,3,30,0,0,0,11.8
2006,5,2,4,30,0,0,0,11.3
2006,5,2,5,30,35,171,0,12.100000000000001
2006,5,2,6,30,210,570,0,14.4
2006,5,2,7,30,420,753,0,17.400000000000002
2006,5,2,8,30,620,848,0,20.400000000000002
2006,5,2,9,30,785,897,0,23
2006,5,2,10,30,908,938,0,24.8
2006,5,2,11,30,973,951,0,25.8
2006,5,2,12,30,975,950,0,26.200000000000003
2006,5,2,13,30,916,938,0,26.400000000000002
2006,5,2,14,30,803,912,0,26.3
2006,5,2,15,30,642,864,0,26.200000000000003
2006,5,2,16,30,447,779,0,25.5
2006,5,2,17,30,240,625,0,23.5
2006,5,2,18,30,57,290,0,21.6
2006,5,2,19,30,0,0,0,20.700000000000003
2006,5,2,20,30,0,0,0,19.3
2006,5,2,21,30,0,0,0,17.400000000000002
2006,5,2,22,30,0,0,0,15.8
2006,5,2,23,30,0,0,0,14.8
2006,5,3,0,30,0,0,0,14.100000000000001
2006,5,3,1,30,0,0,3,13.700000000000001
2006,5,3,2,30,0,0,7,13.600000000000001
2006,5,3,3,30,0,0,7,13.700000000000001
2006,5,3,4,30,0,0,8,13.700000000000001
2006,5,3,5,30,37,195,1,14.9
2006,5,3,6,30,206,551,0,17
2006,5,3,7,30,406,707,0,19.200000000000003
2006,5,3,8,30,598,798,0,21.1
2006,5,3,9,30,759,847,0,22.200000000000003
2006,5,3,10,30,882,891,0,23.1
2006,5,3,11,30,943,901,0,23.700000000000003
2006,5,3,12,30,947,901,0,24.1
2006,5,3,13,30,891,892,0,24.200000000000003
2006,5,3,14,30,777,860,0,24
2006,5,3,15,30,618,805,0,23.400000000000002
2006,5,3,16,30,430,719,0,22.3
2006,5,3,17,30,171,53,2,20.6
2006,5,3,18,30,33,2,8,18.400000000000002
2006,5,3,19,30,0,0,7,17
2006,5,3,20,30,0,0,0,16.400000000000002
2006,5,3,21,30,0,0,0,15.9
2006,5,3,22,30,0,0,0,15.200000000000001
2006,5,3,23,30,0,0,0,14.5
2006,5,4,0,30,0,0,0,13.9
2006,5,4,1,30,0,0,0,13.5
2006,5,4,2,30,0,0,0,13
2006,5,4,3,30,0,0,0,12.4
2006,5,4,4,30,0,0,0,12.100000000000001
2006,5,4,5,30,37,167,0,13.600000000000001
2006,5,4,6,30,205,518,0,16.1
2006,5,4,7,30,407,694,0,18.1
2006,5,4,8,30,601,791,0,19.8
2006,5,4,9,30,765,850,0,21.3
2006,5,4,10,30,891,905,0,22.5
2006,5,4,11,30,952,914,0,23.3
2006,5,4,12,30,953,909,0,23.8
2006,5,4,13,30,900,904,0,24.1
2006,5,4,14,30,789,881,0,24.200000000000003
2006,5,4,15,30,632,836,0,23.900000000000002
2006,5,4,16,30,442,753,0,23.200000000000003
2006,5,4,17,30,240,604,0,21.5
2006,5,4,18,30,59,281,0,18.900000000000002
2006,5,4,19,30,0,0,0,17.3
2006,5,4,20,30,0,0,0,16.7
2006,5,4,21,30,0,0,0,16.1
2006,5,4,22,30,0,0,0,15.600000000000001
2006,5,4,23,30,0,0,0,15.200000000000001
2006,5,5,0,30,0,0,0,14.700000000000001
2006,5,5,1,30,0,0,0,14.200000000000001
2006,5,5,2,30,0,0,0,13.5
2006,5,5,3,30,0,0,0,12.8
2006,5,5,4,30,0,0,0,12.5
2006,5,5,5,30,39,143,0,13.5
2006,5,5,6,30,207,490,0,15.600000000000001
2006,5,5,7,30,408,675,0,17.7
2006,5,5,8,30,601,780,0,19.700000000000003
2006,5,5,9,30,767,844,0,21.200000000000003
2006,5,5,10,30,891,896,0,22.3
2006,5,5,11,30,952,907,0,22.900000000000002
2006,5,5,12,30,957,907,0,23.400000000000002
2006,5,5,13,30,902,901,0,23.6
2006,5,5,14,30,789,871,0,23.700000000000003
2006,5,5,15,30,631,822,0,23.400000000000002
2006,5,5,16,30,441,734,0,22.700000000000003
2006,5,5,17,30,240,580,0,21.1
2006,5,5,18,30,61,265,0,18.8
2006,5,5,19,30,0,0,3,17.2
2006,5,5,20,30,0,0,0,16.6
2006,5,5,21,30,0,0,0,16
2006,5,5,22,30,0,0,0,15.4
2006,5,5,23,30,0,0,0,14.8
2006,5,6,0,30,0,0,0,14.100000000000001
2006,5,6,1,30,0,0,0,13.4
2006,5,6,2,30,0,0,0,12.9
2006,5,6,3,30,0,0,0,12.5
2006,5,6,4,30,0,0,0,12.4
2006,5,6,5,30,39,105,0,13.100000000000001
2006,5,6,6,30,22,0,3,14.3
2006,5,6,7,30,397,580,0,15.600000000000001
2006,5,6,8,30,586,687,1,17
2006,5,6,9,30,749,758,0,18.400000000000002
2006,5,6,10,30,873,820,0,19.700000000000003
2006,5,6,11,30,938,843,0,20.700000000000003
2006,5,6,12,30,945,854,0,21.5
2006,5,6,13,30,894,866,0,22
2006,5,6,14,30,787,844,0,22.3
2006,5,6,15,30,630,797,0,22.200000000000003
2006,5,6,16,30,442,713,1,21.6
2006,5,6,17,30,240,557,1,20.200000000000003
2006,5,6,18,30,62,242,1,18.1
2006,5,6,19,30,0,0,0,16.7
2006,5,6,20,30,0,0,7,16.400000000000002
2006,5,6,21,30,0,0,7,16.2
2006,5,6,22,30,0,0,4,16.2
2006,5,6,23,30,0,0,7,16.3
2006,5,7,0,30,0,0,8,16.5
2006,5,7,1,30,0,0,0,16.5
2006,5,7,2,30,0,0,1,16.3
2006,5,7,3,30,0,0,3,15.9
2006,5,7,4,30,0,0,0,15.600000000000001
2006,5,7,5,30,26,0,3,16.3
2006,5,7,6,30,38,0,4,18
2006,5,7,7,30,308,127,4,20.700000000000003
2006,5,7,8,30,450,179,2,22.900000000000002
2006,5,7,9,30,755,841,0,24.1
2006,5,7,10,30,873,885,0,24.8
2006,5,7,11,30,933,893,0,25.3
2006,5,7,12,30,934,885,0,25.8
2006,5,7,13,30,883,883,0,26.3
2006,5,7,14,30,775,858,0,26.6
2006,5,7,15,30,619,801,0,26.6
2006,5,7,16,30,434,711,0,26.3
2006,5,7,17,30,174,51,2,25.1
2006,5,7,18,30,48,7,7,22.900000000000002
2006,5,7,19,30,0,0,7,21.3
2006,5,7,20,30,0,0,0,20.3
2006,5,7,21,30,0,0,0,19.400000000000002
2006,5,7,22,30,0,0,0,18.6
2006,5,7,23,30,0,0,0,17.7
2006,5,8,0,30,0,0,0,17
2006,5,8,1,30,0,0,0,16.400000000000002
2006,5,8,2,30,0,0,0,15.700000000000001
2006,5,8,3,30,0,0,0,15
2006,5,8,4,30,0,0,0,14.700000000000001
2006,5,8,5,30,45,154,0,15.700000000000001
2006,5,8,6,30,214,480,0,17.8
2006,5,8,7,30,413,641,0,20
2006,5,8,8,30,613,773,0,22
2006,5,8,9,30,779,838,0,23.400000000000002
2006,5,8,10,30,904,895,0,24.400000000000002
2006,5,8,11,30,969,914,0,24.8
2006,5,8,12,30,973,914,0,25.1
2006,5,8,13,30,920,915,0,25.1
2006,5,8,14,30,804,882,0,25.1
2006,5,8,15,30,645,829,0,25
2006,5,8,16,30,451,735,0,24.400000000000002
2006,5,8,17,30,248,577,0,22.200000000000003
2006,5,8,18,30,66,268,0,19.3
2006,5,8,19,30,0,0,0,17.400000000000002
2006,5,8,20,30,0,0,0,16.3
2006,5,8,21,30,0,0,0,15.4
2006,5,8,22,30,0,0,0,14.600000000000001
2006,5,8,23,30,0,0,0,13.9
2006,5,9,0,30,0,0,0,13.200000000000001
2006,5,9,1,30,0,0,0,12.4
2006,5,9,2,30,0,0,0,11.700000000000001
2006,5,9,3,30,0,0,0,11.200000000000001
2006,5,9,4,30,0,0,0,11.100000000000001
2006,5,9,5,30,50,207,0,12.5
2006,5,9,6,30,229,555,0,15.100000000000001
2006,5,9,7,30,435,721,0,18.2
2006,5,9,8,30,629,811,0,21.3
2006,5,9,9,30,792,862,0,23.6
2006,5,9,10,30,915,915,0,25.200000000000003
2006,5,9,11,30,978,931,0,26.200000000000003
2006,5,9,12,30,979,933,0,26.8
2006,5,9,13,30,924,927,0,27.200000000000003
2006,5,9,14,30,812,900,0,27.3
2006,5,9,15,30,654,857,0,27.5
2006,5,9,16,30,464,783,0,27
2006,5,9,17,30,259,642,0,24.400000000000002
2006,5,9,18,30,73,345,0,20.900000000000002
2006,5,9,19,30,0,0,0,18.6
2006,5,9,20,30,0,0,0,17.400000000000002
2006,5,9,21,30,0,0,0,16.5
2006,5,9,22,30,0,0,0,15.8
2006,5,9,23,30,0,0,0,15.100000000000001
2006,5,10,0,30,0,0,0,14.600000000000001
2006,5,10,1,30,0,0,0,14.100000000000001
2006,5,10,2,30,0,0,0,13.700000000000001
2006,5,10,3,30,0,0,1,13.4
2006,5,10,4,30,0,0,0,13.200000000000001
2006,5,10,5,30,53,225,1,14.100000000000001
2006,5,10,6,30,167,36,3,16.400000000000002
2006,5,10,7,30,424,556,7,19.200000000000003
2006,5,10,8,30,633,822,1,22.5
2006,5,10,9,30,796,873,1,25.400000000000002
2006,5,10,10,30,909,898,0,27.5
2006,5,10,11,30,864,655,8,28.8
2006,5,10,12,30,971,906,1,29.6
2006,5,10,13,30,771,363,2,29.900000000000002
2006,5,10,14,30,799,857,0,30.1
2006,5,10,15,30,534,300,3,30.6
2006,5,10,16,30,330,109,3,30
2006,5,10,17,30,184,53,3,27.6
2006,5,10,18,30,51,7,7,25.700000000000003
2006,5,10,19,30,0,0,6,25.5
2006,5,10,20,30,0,0,8,24.8
2006,5,10,21,30,0,0,4,22.700000000000003
2006,5,10,22,30,0,0,0,20.900000000000002
2006,5,10,23,30,0,0,0,20
2006,5,11,0,30,0,0,0,19.6
2006,5,11,1,30,0,0,0,19.3
2006,5,11,2,30,0,0,1,18.8
2006,5,11,3,30,0,0,0,18.3
2006,5,11,4,30,0,0,1,18.1
2006,5,11,5,30,51,189,1,19.3
2006,5,11,6,30,223,520,0,21.6
2006,5,11,7,30,423,690,0,23.6
2006,5,11,8,30,613,784,0,24.900000000000002
2006,5,11,9,30,775,841,0,25.900000000000002
2006,5,11,10,30,892,874,0,26.8
2006,5,11,11,30,959,896,0,27.5
2006,5,11,12,30,963,902,0,27.900000000000002
2006,5,11,13,30,914,911,0,28
2006,5,11,14,30,799,872,0,27.900000000000002
2006,5,11,15,30,642,819,0,27.700000000000003
2006,5,11,16,30,454,738,0,27.200000000000003
2006,5,11,17,30,253,591,0,25.3
2006,5,11,18,30,72,296,0,22.3
2006,5,11,19,30,0,0,0,20.3
2006,5,11,20,30,0,0,0,19.3
2006,5,11,21,30,0,0,0,18.6
2006,5,11,22,30,0,0,0,18
2006,5,11,23,30,0,0,0,17.5
2006,5,12,0,30,0,0,0,17.2
2006,5,12,1,30,0,0,0,17.1
2006,5,12,2,30,0,0,0,17.5
2006,5,12,3,30,0,0,0,18
2006,5,12,4,30,0,0,0,17.900000000000002
2006,5,12,5,30,57,248,0,18.8
2006,5,12,6,30,236,581,0,21.6
2006,5,12,7,30,439,742,0,24.400000000000002
2006,5,12,8,30,633,832,0,26.200000000000003
2006,5,12,9,30,794,882,0,27.400000000000002
2006,5,12,10,30,915,922,0,28.200000000000003
2006,5,12,11,30,979,937,0,28.5
2006,5,12,12,30,983,938,0,28.400000000000002
2006,5,12,13,30,927,928,0,28.400000000000002
2006,5,12,14,30,816,901,0,28.200000000000003
2006,5,12,15,30,658,855,0,28
2006,5,12,16,30,468,775,1,27.8
2006,5,12,17,30,210,199,8,26.3
2006,5,12,18,30,67,42,7,23.8
2006,5,12,19,30,0,0,3,21.700000000000003
2006,5,12,20,30,0,0,3,20.1
2006,5,12,21,30,0,0,0,18.900000000000002
2006,5,12,22,30,0,0,0,17.900000000000002
2006,5,12,23,30,0,0,0,17.2
2006,5,13,0,30,0,0,0,16.7
2006,5,13,1,30,0,0,0,16.3
2006,5,13,2,30,0,0,0,15.9
2006,5,13,3,30,0,0,0,15.5
2006,5,13,4,30,0,0,0,15.4
2006,5,13,5,30,57,235,0,16.8
2006,5,13,6,30,232,549,0,18.900000000000002
2006,5,13,7,30,433,713,0,20.6
2006,5,13,8,30,625,806,0,22.1
2006,5,13,9,30,787,860,0,23.400000000000002
2006,5,13,10,30,910,914,0,24.6
2006,5,13,11,30,973,926,0,25.700000000000003
2006,5,13,12,30,977,927,0,26.5
2006,5,13,13,30,927,932,0,26.900000000000002
2006,5,13,14,30,816,907,0,26.900000000000002
2006,5,13,15,30,660,864,0,26.6
2006,5,13,16,30,471,787,0,26.200000000000003
2006,5,13,17,30,270,659,0,24.900000000000002
2006,5,13,18,30,83,393,0,22.700000000000003
2006,5,13,19,30,0,0,0,21
2006,5,13,20,30,0,0,0,20
2006,5,13,21,30,0,0,0,19
2006,5,13,22,30,0,0,0,18
2006,5,13,23,30,0,0,0,17.2
2006,5,14,0,30,0,0,0,16.8
2006,5,14,1,30,0,0,0,16.6
2006,5,14,2,30,0,0,0,16.5
2006,5,14,3,30,0,0,0,16.3
2006,5,14,4,30,0,0,0,16.3
2006,5,14,5,30,64,339,0,18.3
2006,5,14,6,30,245,643,0,21.3
2006,5,14,7,30,449,789,0,23.6
2006,5,14,8,30,640,867,0,25.900000000000002
2006,5,14,9,30,800,910,0,27.900000000000002
2006,5,14,10,30,918,942,0,29.400000000000002
2006,5,14,11,30,978,950,0,30.400000000000002
2006,5,14,12,30,979,947,0,31.1
2006,5,14,13,30,920,928,0,31.5
2006,5,14,14,30,811,904,0,31.6
2006,5,14,15,30,657,864,0,31.8
2006,5,14,16,30,472,804,0,31.400000000000002
2006,5,14,17,30,193,81,3,28.700000000000003
2006,5,14,18,30,85,406,1,25.6
2006,5,14,19,30,0,0,7,23.700000000000003
2006,5,14,20,30,0,0,8,22.6
2006,5,14,21,30,0,0,3,21.900000000000002
2006,5,14,22,30,0,0,7,21.400000000000002
2006,5,14,23,30,0,0,7,20.8
2006,5,15,0,30,0,0,8,20.3
2006,5,15,1,30,0,0,8,19.900000000000002
2006,5,15,2,30,0,0,7,19.5
2006,5,15,3,30,0,0,7,19.3
2006,5,15,4,30,0,0,7,19.400000000000002
2006,5,15,5,30,48,8,7,20.5
2006,5,15,6,30,107,13,7,22.5
2006,5,15,7,30,346,290,8,24.5
2006,5,15,8,30,451,265,8,26.1
2006,5,15,9,30,664,570,8,27.3
2006,5,15,10,30,801,675,8,28.400000000000002
2006,5,15,11,30,839,653,8,29.3
2006,5,15,12,30,852,684,8,29.900000000000002
2006,5,15,13,30,899,889,0,30.200000000000003
2006,5,15,14,30,791,863,0,30.1
2006,5,15,15,30,638,818,0,29.700000000000003
2006,5,15,16,30,456,749,0,29.3
2006,5,15,17,30,260,614,0,28.1
2006,5,15,18,30,81,348,0,25.700000000000003
2006,5,15,19,30,0,0,0,23.8
2006,5,15,20,30,0,0,0,22.700000000000003
2006,5,15,21,30,0,0,0,21.8
2006,5,15,22,30,0,0,0,21.1
2006,5,15,23,30,0,0,0,20.700000000000003
2006,5,16,0,30,0,0,0,20.400000000000002
2006,5,16,1,30,0,0,0,20.400000000000002
2006,5,16,2,30,0,0,0,20.200000000000003
2006,5,16,3,30,0,0,0,19.8
2006,5,16,4,30,0,0,0,19.900000000000002
2006,5,16,5,30,63,281,0,21.700000000000003
2006,5,16,6,30,236,574,0,24.700000000000003
2006,5,16,7,30,432,721,0,27.400000000000002
2006,5,16,8,30,619,805,0,28.8
2006,5,16,9,30,776,853,0,29.5
2006,5,16,10,30,893,895,0,30.200000000000003
2006,5,16,11,30,953,905,0,30.900000000000002
2006,5,16,12,30,956,904,0,31.5
2006,5,16,13,30,903,897,0,31.8
2006,5,16,14,30,796,873,0,31.8
2006,5,16,15,30,644,828,0,31.6
2006,5,16,16,30,461,756,0,31.6
2006,5,16,17,30,265,626,0,30.900000000000002
2006,5,16,18,30,85,366,0,29.200000000000003
2006,5,16,19,30,0,0,0,27.200000000000003
2006,5,16,20,30,0,0,0,25.200000000000003
2006,5,16,21,30,0,0,0,23.8
2006,5,16,22,30,0,0,0,23.1
2006,5,16,23,30,0,0,0,22.5
2006,5,17,0,30,0,0,0,21.900000000000002
2006,5,17,1,30,0,0,0,21.400000000000002
2006,5,17,2,30,0,0,0,20.8
2006,5,17,3,30,0,0,0,20.5
2006,5,17,4,30,0,0,0,20.700000000000003
2006,5,17,5,30,64,281,1,22.3
2006,5,17,6,30,237,572,0,24.900000000000002
2006,5,17,7,30,432,716,0,27.200000000000003
2006,5,17,8,30,617,795,0,29
2006,5,17,9,30,772,840,0,30.1
2006,5,17,10,30,885,870,0,31
2006,5,17,11,30,946,883,0,31.700000000000003
2006,5,17,12,30,950,884,0,32.2
2006,5,17,13,30,901,891,0,32.4
2006,5,17,14,30,793,865,0,32.300000000000004
2006,5,17,15,30,640,816,0,32.1
2006,5,17,16,30,458,741,0,31.8
2006,5,17,17,30,263,611,0,30.1
2006,5,17,18,30,85,355,0,26.700000000000003
2006,5,17,19,30,0,0,0,24.400000000000002
2006,5,17,20,30,0,0,7,23.700000000000003
2006,5,17,21,30,0,0,7,23.3
2006,5,17,22,30,0,0,7,23
2006,5,17,23,30,0,0,0,22.5
2006,5,18,0,30,0,0,0,22.1
2006,5,18,1,30,0,0,0,21.900000000000002
2006,5,18,2,30,0,0,0,21.700000000000003
2006,5,18,3,30,0,0,0,21.5
2006,5,18,4,30,0,0,0,21.5
2006,5,18,5,30,66,299,0,22.900000000000002
2006,5,18,6,30,240,585,0,24.8
2006,5,18,7,30,436,727,0,25.900000000000002
2006,5,18,8,30,623,807,0,26.700000000000003
2006,5,18,9,30,779,853,0,27.3
2006,5,18,10,30,898,893,0,27.8
2006,5,18,11,30,963,908,0,28.3
2006,5,18,12,30,968,907,0,28.6
2006,5,18,13,30,916,897,0,28.8
2006,5,18,14,30,806,869,0,28.8
2006,5,18,15,30,651,821,1,28.6
2006,5,18,16,30,466,748,1,28.1
2006,5,18,17,30,270,626,0,26.5
2006,5,18,18,30,72,46,7,23.700000000000003
2006,5,18,19,30,0,0,7,21.700000000000003
2006,5,18,20,30,0,0,7,20.8
2006,5,18,21,30,0,0,1,20.1
2006,5,18,22,30,0,0,0,19.6
2006,5,18,23,30,0,0,0,19
2006,5,19,0,30,0,0,3,18.400000000000002
2006,5,19,1,30,0,0,8,18.1
2006,5,19,2,30,0,0,8,17.900000000000002
2006,5,19,3,30,0,0,8,17.7
2006,5,19,4,30,0,0,7,17.5
2006,5,19,5,30,31,0,4,17.8
2006,5,19,6,30,245,606,0,18.6
2006,5,19,7,30,52,0,8,19.6
2006,5,19,8,30,621,810,0,20
2006,5,19,9,30,197,0,4,19.900000000000002
2006,5,19,10,30,588,277,7,20
2006,5,19,11,30,216,1,8,20.3
2006,5,19,12,30,493,48,8,20.1
2006,5,19,13,30,216,1,8,19.200000000000003
2006,5,19,14,30,155,2,8,18.3
2006,5,19,15,30,209,3,8,17.900000000000002
2006,5,19,16,30,66,0,8,17.7
2006,5,19,17,30,66,1,6,17.1
2006,5,19,18,30,14,0,7,16.3
2006,5,19,19,30,0,0,6,15.8
2006,5,19,20,30,0,0,8,15.600000000000001
2006,5,19,21,30,0,0,3,15.4
2006,5,19,22,30,0,0,0,15.3
2006,5,19,23,30,0,0,0,15.200000000000001
2006,5,20,0,30,0,0,0,15.100000000000001
2006,5,20,1,30,0,0,0,15
2006,5,20,2,30,0,0,1,15
2006,5,20,3,30,0,0,0,14.9
2006,5,20,4,30,0,0,3,15
2006,5,20,5,30,6,0,4,16.5
2006,5,20,6,30,150,13,4,18.5
2006,5,20,7,30,186,3,4,19.6
2006,5,20,8,30,483,195,4,20.6
2006,5,20,9,30,468,135,8,21.6
2006,5,20,10,30,356,3,4,22
2006,5,20,11,30,283,1,4,21.8
2006,5,20,12,30,636,194,8,21.700000000000003
2006,5,20,13,30,721,408,7,21.6
2006,5,20,14,30,688,554,7,21.3
2006,5,20,15,30,538,430,8,21
2006,5,20,16,30,390,359,8,20.8
2006,5,20,17,30,207,159,8,20.200000000000003
2006,5,20,18,30,70,16,7,19.200000000000003
2006,5,20,19,30,0,0,7,18.5
2006,5,20,20,30,0,0,7,18.2
2006,5,20,21,30,0,0,6,17.900000000000002
2006,5,20,22,30,0,0,6,17.6
2006,5,20,23,30,0,0,6,17.1
2006,5,21,0,30,0,0,6,16.6
2006,5,21,1,30,0,0,6,16.3
2006,5,21,2,30,0,0,6,16.2
2006,5,21,3,30,0,0,6,16
2006,5,21,4,30,0,0,7,15.8
2006,5,21,5,30,34,0,4,16.1
2006,5,21,6,30,153,50,8,17
2006,5,21,7,30,143,9,7,18
2006,5,21,8,30,281,27,7,18.7
2006,5,21,9,30,491,177,7,19.200000000000003
2006,5,21,10,30,700,409,7,19.6
2006,5,21,11,30,601,127,6,19.5
2006,5,21,12,30,576,80,6,19
2006,5,21,13,30,241,2,6,18.5
2006,5,21,14,30,239,4,6,18.2
2006,5,21,15,30,141,1,6,17.8
2006,5,21,16,30,143,4,7,17.400000000000002
2006,5,21,17,30,112,7,6,16.7
2006,5,21,18,30,19,0,7,16
2006,5,21,19,30,0,0,6,15.4
2006,5,21,20,30,0,0,7,14.9
2006,5,21,21,30,0,0,8,14.3
2006,5,21,22,30,0,0,4,13.700000000000001
2006,5,21,23,30,0,0,7,13.200000000000001
2006,5,22,0,30,0,0,4,12.9
2006,5,22,1,30,0,0,4,13
2006,5,22,2,30,0,0,4,13.4
2006,5,22,3,30,0,0,4,13.600000000000001
2006,5,22,4,30,0,0,4,13.700000000000001
2006,5,22,5,30,20,0,7,14
2006,5,22,6,30,227,328,8,14.600000000000001
2006,5,22,7,30,213,13,4,15.3
2006,5,22,8,30,467,166,3,16.1
2006,5,22,9,30,801,886,1,16.900000000000002
2006,5,22,10,30,895,826,1,17.400000000000002
2006,5,22,11,30,958,845,0,17.8
2006,5,22,12,30,636,141,3,18.3
2006,5,22,13,30,638,161,2,18.5
2006,5,22,14,30,645,253,2,18.5
2006,5,22,15,30,382,62,4,18.3
2006,5,22,16,30,188,2,4,17.8
2006,5,22,17,30,206,65,3,17
2006,5,22,18,30,28,0,4,15.4
2006,5,22,19,30,0,0,4,14
2006,5,22,20,30,0,0,4,13.4
2006,5,22,21,30,0,0,4,13.200000000000001
2006,5,22,22,30,0,0,7,13.100000000000001
2006,5,22,23,30,0,0,4,12.8
2006,5,23,0,30,0,0,4,12.4
2006,5,23,1,30,0,0,4,12.3
2006,5,23,2,30,0,0,4,12.200000000000001
2006,5,23,3,30,0,0,4,12.200000000000001
2006,5,23,4,30,0,0,4,12.4
2006,5,23,5,30,11,0,4,13.4
2006,5,23,6,30,107,2,4,14.9
2006,5,23,7,30,103,0,4,16.400000000000002
2006,5,23,8,30,224,1,4,17.6
2006,5,23,9,30,569,171,3,18.5
2006,5,23,10,30,682,206,3,19.200000000000003
2006,5,23,11,30,518,53,3,19.8
2006,5,23,12,30,693,187,2,20.400000000000002
2006,5,23,13,30,725,269,2,20.8
2006,5,23,14,30,809,848,0,20.900000000000002
2006,5,23,15,30,657,803,0,20.700000000000003
2006,5,23,16,30,472,719,0,20.200000000000003
2006,5,23,17,30,278,589,0,19.200000000000003
2006,5,23,18,30,97,342,0,17.400000000000002
2006,5,23,19,30,0,0,0,15.8
2006,5,23,20,30,0,0,0,15.200000000000001
2006,5,23,21,30,0,0,0,14.700000000000001
2006,5,23,22,30,0,0,0,14.4
2006,5,23,23,30,0,0,3,14.3
2006,5,24,0,30,0,0,3,14.3
2006,5,24,1,30,0,0,1,14.200000000000001
2006,5,24,2,30,0,0,1,14.100000000000001
2006,5,24,3,30,0,0,1,14
2006,5,24,4,30,0,0,1,14.100000000000001
2006,5,24,5,30,56,4,3,14.5
2006,5,24,6,30,80,0,3,15.3
2006,5,24,7,30,348,165,3,16.6
2006,5,24,8,30,439,113,3,17.900000000000002
2006,5,24,9,30,619,233,2,18.900000000000002
2006,5,24,10,30,732,292,2,19.700000000000003
2006,5,24,11,30,672,173,2,20.5
2006,5,24,12,30,748,245,2,21.3
2006,5,24,13,30,537,88,2,21.700000000000003
2006,5,24,14,30,709,534,7,21.700000000000003
2006,5,24,15,30,661,801,0,21.6
2006,5,24,16,30,477,720,0,21.3
2006,5,24,17,30,281,592,0,20.3
2006,5,24,18,30,99,347,0,18.2
2006,5,24,19,30,0,0,0,16.400000000000002
2006,5,24,20,30,0,0,0,15.4
2006,5,24,21,30,0,0,0,14.700000000000001
2006,5,24,22,30,0,0,0,14
2006,5,24,23,30,0,0,0,13.5
2006,5,25,0,30,0,0,0,13.100000000000001
2006,5,25,1,30,0,0,0,12.700000000000001
2006,5,25,2,30,0,0,0,12.3
2006,5,25,3,30,0,0,0,11.9
2006,5,25,4,30,0,0,0,12.3
2006,5,25,5,30,60,6,3,14.5
2006,5,25,6,30,258,587,0,17
2006,5,25,7,30,455,723,0,18.7
2006,5,25,8,30,554,532,7,20
2006,5,25,9,30,793,827,0,21
2006,5,25,10,30,907,863,0,21.700000000000003
2006,5,25,11,30,964,865,0,22.200000000000003
2006,5,25,12,30,830,548,8,22.8
2006,5,25,13,30,803,593,8,23.200000000000003
2006,5,25,14,30,659,528,7,23.3
2006,5,25,15,30,586,541,8,23.1
2006,5,25,16,30,387,378,8,22.6
2006,5,25,17,30,240,300,8,21.400000000000002
2006,5,25,18,30,99,353,0,19.6
2006,5,25,19,30,0,0,0,18.2
2006,5,25,20,30,0,0,0,17.400000000000002
2006,5,25,21,30,0,0,0,16.3
2006,5,25,22,30,0,0,7,15.200000000000001
2006,5,25,23,30,0,0,7,14.5
2006,5,26,0,30,0,0,7,14
2006,5,26,1,30,0,0,7,13.700000000000001
2006,5,26,2,30,0,0,7,13.5
2006,5,26,3,30,0,0,7,13.200000000000001
2006,5,26,4,30,0,0,7,13.200000000000001
2006,5,26,5,30,61,15,7,14
2006,5,26,6,30,150,11,4,15.3
2006,5,26,7,30,319,87,4,16.7
2006,5,26,8,30,570,550,8,18
2006,5,26,9,30,683,599,7,19.200000000000003
2006,5,26,10,30,749,492,7,20.200000000000003
2006,5,26,11,30,950,698,2,20.900000000000002
2006,5,26,12,30,1001,944,1,21.3
2006,5,26,13,30,942,916,0,21.5
2006,5,26,14,30,830,883,0,21.3
2006,5,26,15,30,676,833,0,20.6
2006,5,26,16,30,380,292,8,19.3
2006,5,26,17,30,69,1,8,17.1
2006,5,26,18,30,24,0,4,14.700000000000001
2006,5,26,19,30,0,0,4,12.9
2006,5,26,20,30,0,0,1,11.8
2006,5,26,21,30,0,0,7,11
2006,5,26,22,30,0,0,4,10.4
2006,5,26,23,30,0,0,4,10
2006,5,27,0,30,0,0,7,9.5
2006,5,27,1,30,0,0,7,9
2006,5,27,2,30,0,0,7,8.5
2006,5,27,3,30,0,0,7,8.200000000000001
2006,5,27,4,30,0,0,3,8.5
2006,5,27,5,30,57,13,8,9.600000000000001
2006,5,27,6,30,271,662,1,11.100000000000001
2006,5,27,7,30,474,804,0,12.700000000000001
2006,5,27,8,30,665,879,0,14.100000000000001
2006,5,27,9,30,826,923,0,15.100000000000001
2006,5,27,10,30,932,910,0,15.9
2006,5,27,11,30,749,237,2,16.900000000000002
2006,5,27,12,30,1004,940,1,17.8
2006,5,27,13,30,947,918,0,18.400000000000002
2006,5,27,14,30,837,895,0,18.7
2006,5,27,15,30,683,854,0,18.6
2006,5,27,16,30,496,783,0,18.1
2006,5,27,17,30,297,660,0,17.1
2006,5,27,18,30,92,81,7,15.200000000000001
2006,5,27,19,30,0,0,4,13.8
2006,5,27,20,30,0,0,4,13.4
2006,5,27,21,30,0,0,4,13.3
2006,5,27,22,30,0,0,4,13.100000000000001
2006,5,27,23,30,0,0,3,12.600000000000001
2006,5,28,0,30,0,0,0,11.700000000000001
2006,5,28,1,30,0,0,0,11.100000000000001
2006,5,28,2,30,0,0,0,10.600000000000001
2006,5,28,3,30,0,0,0,10.3
2006,5,28,4,30,0,0,0,10.700000000000001
2006,5,28,5,30,86,385,1,12.700000000000001
2006,5,28,6,30,268,652,1,14.9
2006,5,28,7,30,469,785,0,16.7
2006,5,28,8,30,660,863,0,17.900000000000002
2006,5,28,9,30,819,908,0,18.900000000000002
2006,5,28,10,30,933,938,0,19.5
2006,5,28,11,30,996,949,0,20.1
2006,5,28,12,30,1000,949,0,20.400000000000002
2006,5,28,13,30,945,932,0,20.700000000000003
2006,5,28,14,30,838,909,0,20.8
2006,5,28,15,30,685,867,0,20.700000000000003
2006,5,28,16,30,498,794,0,20.200000000000003
2006,5,28,17,30,299,675,0,19.1
2006,5,28,18,30,112,439,0,16.900000000000002
2006,5,28,19,30,0,0,0,15
2006,5,28,20,30,0,0,0,14.200000000000001
2006,5,28,21,30,0,0,0,13.600000000000001
2006,5,28,22,30,0,0,3,13.100000000000001
2006,5,28,23,30,0,0,0,12.5
2006,5,29,0,30,0,0,0,11.9
2006,5,29,1,30,0,0,0,11.3
2006,5,29,2,30,0,0,0,10.700000000000001
2006,5,29,3,30,0,0,0,10.3
2006,5,29,4,30,0,0,0,11
2006,5,29,5,30,87,378,0,13.600000000000001
2006,5,29,6,30,270,646,0,16.900000000000002
2006,5,29,7,30,472,791,0,19.400000000000002
2006,5,29,8,30,665,874,0,21.1
2006,5,29,9,30,827,922,0,22.200000000000003
2006,5,29,10,30,942,944,0,23
2006,5,29,11,30,1002,953,0,23.5
2006,5,29,12,30,1006,952,0,23.900000000000002
2006,5,29,13,30,952,940,0,24
2006,5,29,14,30,844,915,0,23.900000000000002
2006,5,29,15,30,690,869,0,23.6
2006,5,29,16,30,504,799,0,23.200000000000003
2006,5,29,17,30,304,677,0,22.400000000000002
2006,5,29,18,30,114,429,0,21
2006,5,29,19,30,0,0,0,19.6
2006,5,29,20,30,0,0,0,18.2
2006,5,29,21,30,0,0,0,16.8
2006,5,29,22,30,0,0,0,15.3
2006,5,29,23,30,0,0,0,13.9
2006,5,30,0,30,0,0,0,13
2006,5,30,1,30,0,0,0,12.5
2006,5,30,2,30,0,0,0,12.3
2006,5,30,3,30,0,0,0,12.200000000000001
2006,5,30,4,30,0,0,0,12.9
2006,5,30,5,30,83,292,0,15.200000000000001
2006,5,30,6,30,261,572,1,18.2
2006,5,30,7,30,462,734,0,20.900000000000002
2006,5,30,8,30,647,811,0,23
2006,5,30,9,30,677,348,2,24.400000000000002
2006,5,30,10,30,920,899,0,25.5
2006,5,30,11,30,982,911,0,26.200000000000003
2006,5,30,12,30,988,914,0,26.5
2006,5,30,13,30,819,603,8,26.6
2006,5,30,14,30,722,565,8,26.5
2006,5,30,15,30,678,840,0,26.1
2006,5,30,16,30,498,780,0,25.8
2006,5,30,17,30,300,653,0,24.900000000000002
2006,5,30,18,30,113,417,0,22.900000000000002
2006,5,30,19,30,0,0,0,20.8
2006,5,30,20,30,0,0,0,19.400000000000002
2006,5,30,21,30,0,0,0,18.6
2006,5,30,22,30,0,0,7,18.1
2006,5,30,23,30,0,0,0,17.6
2006,5,31,0,30,0,0,0,16.900000000000002
2006,5,31,1,30,0,0,0,16.400000000000002
2006,5,31,2,30,0,0,0,16.1
2006,5,31,3,30,0,0,0,15.9
2006,5,31,4,30,0,0,7,16.2
2006,5,31,5,30,69,30,7,18.400000000000002
2006,5,31,6,30,266,628,0,21.200000000000003
2006,5,31,7,30,424,523,7,23
2006,5,31,8,30,592,642,8,24.400000000000002
2006,5,31,9,30,726,622,8,25.5
2006,5,31,10,30,763,366,2,26.400000000000002
2006,5,31,11,30,969,897,0,27
2006,5,31,12,30,973,897,0,27.5
2006,5,31,13,30,692,368,7,27.700000000000003
2006,5,31,14,30,714,570,8,27.6
2006,5,31,15,30,533,421,8,27.1
2006,5,31,16,30,354,191,7,26.5
2006,5,31,17,30,222,162,8,25.400000000000002
2006,5,31,18,30,81,30,7,23.5
2006,5,31,19,30,0,0,7,21.700000000000003
2006,5,31,20,30,0,0,7,20.6
2006,5,31,21,30,0,0,7,19.900000000000002
2006,5,31,22,30,0,0,8,19.3
2006,5,31,23,30,0,0,7,18.8
2006,6,1,0,30,0,0,7,18.400000000000002
2006,6,1,1,30,0,0,7,18
2006,6,1,2,30,0,0,7,17.6
2006,6,1,3,30,0,0,7,17.2
2006,6,1,4,30,0,0,7,17.5
2006,6,1,5,30,57,11,7,19.200000000000003
2006,6,1,6,30,167,25,3,21.200000000000003
2006,6,1,7,30,368,370,8,22.8
2006,6,1,8,30,629,794,1,24.3
2006,6,1,9,30,665,585,7,25.3
2006,6,1,10,30,738,528,8,25.700000000000003
2006,6,1,11,30,755,477,7,25.900000000000002
2006,6,1,12,30,231,2,6,26
2006,6,1,13,30,383,17,6,26.200000000000003
2006,6,1,14,30,273,8,6,26.400000000000002
2006,6,1,15,30,589,544,8,26.700000000000003
2006,6,1,16,30,481,738,0,26.700000000000003
2006,6,1,17,30,127,3,4,25.5
2006,6,1,18,30,79,8,3,22.900000000000002
2006,6,1,19,30,0,0,7,20.900000000000002
2006,6,1,20,30,0,0,4,19.900000000000002
2006,6,1,21,30,0,0,3,19.3
2006,6,1,22,30,0,0,7,18.8
2006,6,1,23,30,0,0,7,18.5
2006,6,2,0,30,0,0,7,18.1
2006,6,2,1,30,0,0,7,17.8
2006,6,2,2,30,0,0,7,17.6
2006,6,2,3,30,0,0,7,17.5
2006,6,2,4,30,0,0,7,17.7
2006,6,2,5,30,47,4,7,18.6
2006,6,2,6,30,207,189,8,20.400000000000002
2006,6,2,7,30,317,102,4,22.200000000000003
2006,6,2,8,30,331,61,7,23.700000000000003
2006,6,2,9,30,481,107,4,24.900000000000002
2006,6,2,10,30,777,592,7,25.900000000000002
2006,6,2,11,30,892,629,2,26.5
2006,6,2,12,30,731,260,4,26.900000000000002
2006,6,2,13,30,842,511,3,27.200000000000003
2006,6,2,14,30,732,435,3,27.400000000000002
2006,6,2,15,30,532,391,7,27.1
2006,6,2,16,30,458,602,1,26.5
2006,6,2,17,30,198,75,7,25.1
2006,6,2,18,30,33,0,6,23.1
2006,6,2,19,30,0,0,7,21.3
2006,6,2,20,30,0,0,7,20.200000000000003
2006,6,2,21,30,0,0,7,19.400000000000002
2006,6,2,22,30,0,0,7,18.8
2006,6,2,23,30,0,0,7,18.400000000000002
2006,6,3,0,30,0,0,7,18.2
2006,6,3,1,30,0,0,0,18.1
2006,6,3,2,30,0,0,3,18
2006,6,3,3,30,0,0,1,17.8
2006,6,3,4,30,0,0,3,18.1
2006,6,3,5,30,61,13,7,20.200000000000003
2006,6,3,6,30,255,543,1,23.1
2006,6,3,7,30,448,693,0,25.200000000000003
2006,6,3,8,30,631,779,0,26.8
2006,6,3,9,30,788,835,0,28.1
2006,6,3,10,30,911,905,0,28.700000000000003
2006,6,3,11,30,973,918,0,28.900000000000002
2006,6,3,12,30,979,921,0,29.200000000000003
2006,6,3,13,30,927,907,0,29.3
2006,6,3,14,30,823,883,0,29.5
2006,6,3,15,30,496,306,7,29.6
2006,6,3,16,30,434,505,8,29.200000000000003
2006,6,3,17,30,178,42,6,27.6
2006,6,3,18,30,88,35,7,25.200000000000003
2006,6,3,19,30,0,0,7,23.5
2006,6,3,20,30,0,0,7,22.400000000000002
2006,6,3,21,30,0,0,7,21.3
2006,6,3,22,30,0,0,1,20.1
2006,6,3,23,30,0,0,0,19.3
2006,6,4,0,30,0,0,0,18.6
2006,6,4,1,30,0,0,0,18.3
2006,6,4,2,30,0,0,3,18.1
2006,6,4,3,30,0,0,7,17.6
2006,6,4,4,30,0,0,7,17.7
2006,6,4,5,30,66,27,7,19.400000000000002
2006,6,4,6,30,186,53,4,21.400000000000002
2006,6,4,7,30,354,187,3,23.1
2006,6,4,8,30,506,249,2,24.5
2006,6,4,9,30,800,872,0,25.5
2006,6,4,10,30,915,902,0,26.5
2006,6,4,11,30,978,916,0,27.1
2006,6,4,12,30,984,920,0,27.6
2006,6,4,13,30,936,925,0,27.900000000000002
2006,6,4,14,30,833,905,0,28
2006,6,4,15,30,684,864,0,27.700000000000003
2006,6,4,16,30,505,801,0,27.200000000000003
2006,6,4,17,30,311,694,0,26
2006,6,4,18,30,124,481,0,23.6
2006,6,4,19,30,0,0,0,21.3
2006,6,4,20,30,0,0,0,20
2006,6,4,21,30,0,0,0,19
2006,6,4,22,30,0,0,0,18.3
2006,6,4,23,30,0,0,0,17.8
2006,6,5,0,30,0,0,0,17.400000000000002
2006,6,5,1,30,0,0,0,17.1
2006,6,5,2,30,0,0,0,16.8
2006,6,5,3,30,0,0,0,16.6
2006,6,5,4,30,0,0,0,17.1
2006,6,5,5,30,93,409,0,18.900000000000002
2006,6,5,6,30,276,664,0,21.400000000000002
2006,6,5,7,30,474,790,0,23.700000000000003
2006,6,5,8,30,661,861,0,25.700000000000003
2006,6,5,9,30,819,905,0,27.1
2006,6,5,10,30,936,936,0,28.1
2006,6,5,11,30,999,947,0,28.8
2006,6,5,12,30,1005,948,0,29.200000000000003
2006,6,5,13,30,952,942,0,29.400000000000002
2006,6,5,14,30,844,917,0,29.3
2006,6,5,15,30,695,879,0,29
2006,6,5,16,30,511,809,0,28.1
2006,6,5,17,30,313,690,0,26.3
2006,6,5,18,30,125,468,0,24
2006,6,5,19,30,0,0,0,22.6
2006,6,5,20,30,0,0,0,21.8
2006,6,5,21,30,0,0,0,21.200000000000003
2006,6,5,22,30,0,0,0,20.6
2006,6,5,23,30,0,0,0,20
2006,6,6,0,30,0,0,0,19.8
2006,6,6,1,30,0,0,0,19.700000000000003
2006,6,6,2,30,0,0,0,19.5
2006,6,6,3,30,0,0,0,19.3
2006,6,6,4,30,0,0,0,19.400000000000002
2006,6,6,5,30,90,351,0,20.400000000000002
2006,6,6,6,30,268,609,1,22.200000000000003
2006,6,6,7,30,464,745,0,24.1
2006,6,6,8,30,650,826,0,25.8
2006,6,6,9,30,807,878,0,27.400000000000002
2006,6,6,10,30,923,917,0,28.6
2006,6,6,11,30,942,775,2,29.6
2006,6,6,12,30,992,931,0,30.3
2006,6,6,13,30,941,920,0,30.700000000000003
2006,6,6,14,30,837,900,0,30.6
2006,6,6,15,30,688,862,0,30.200000000000003
2006,6,6,16,30,459,531,8,29.700000000000003
2006,6,6,17,30,253,314,7,28.1
2006,6,6,18,30,125,470,0,25.1
2006,6,6,19,30,0,0,0,22.8
2006,6,6,20,30,0,0,0,21.700000000000003
2006,6,6,21,30,0,0,0,20.900000000000002
2006,6,6,22,30,0,0,0,20.200000000000003
2006,6,6,23,30,0,0,0,19.6
2006,6,7,0,30,0,0,3,19.1
2006,6,7,1,30,0,0,0,18.7
2006,6,7,2,30,0,0,0,18.6
2006,6,7,3,30,0,0,0,18.8
2006,6,7,4,30,0,0,0,19.400000000000002
2006,6,7,5,30,89,350,0,21
2006,6,7,6,30,266,610,0,23.200000000000003
2006,6,7,7,30,459,741,0,25
2006,6,7,8,30,640,814,0,26.200000000000003
2006,6,7,9,30,793,854,0,27.3
2006,6,7,10,30,903,874,0,28.200000000000003
2006,6,7,11,30,961,878,0,29
2006,6,7,12,30,964,870,0,29.400000000000002
2006,6,7,13,30,915,867,0,29.5
2006,6,7,14,30,813,845,0,29.400000000000002
2006,6,7,15,30,669,810,0,29
2006,6,7,16,30,494,746,0,28.200000000000003
2006,6,7,17,30,303,636,0,26.6
2006,6,7,18,30,123,427,0,23.8
2006,6,7,19,30,0,0,0,21.3
2006,6,7,20,30,0,0,0,20.1
2006,6,7,21,30,0,0,0,19.1
2006,6,7,22,30,0,0,0,18.2
2006,6,7,23,30,0,0,0,17.2
2006,6,8,0,30,0,0,0,16.400000000000002
2006,6,8,1,30,0,0,0,15.700000000000001
2006,6,8,2,30,0,0,0,15.100000000000001
2006,6,8,3,30,0,0,0,14.700000000000001
2006,6,8,4,30,0,0,0,15.200000000000001
2006,6,8,5,30,93,364,0,17.400000000000002
2006,6,8,6,30,261,407,7,19.5
2006,6,8,7,30,433,533,7,20.900000000000002
2006,6,8,8,30,616,618,8,22.3
2006,6,8,9,30,588,285,7,23.5
2006,6,8,10,30,814,593,8,24.400000000000002
2006,6,8,11,30,1004,925,0,25.200000000000003
2006,6,8,12,30,1010,926,0,25.700000000000003
2006,6,8,13,30,955,910,0,25.900000000000002
2006,6,8,14,30,849,881,1,25.8
2006,6,8,15,30,635,607,8,25.3
2006,6,8,16,30,514,765,0,24.6
2006,6,8,17,30,315,641,0,23.400000000000002
2006,6,8,18,30,127,416,0,21.200000000000003
2006,6,8,19,30,0,0,0,19.400000000000002
2006,6,8,20,30,0,0,0,18.400000000000002
2006,6,8,21,30,0,0,0,17.8
2006,6,8,22,30,0,0,0,17.3
2006,6,8,23,30,0,0,0,16.6
2006,6,9,0,30,0,0,0,15.9
2006,6,9,1,30,0,0,0,15.600000000000001
2006,6,9,2,30,0,0,0,15.700000000000001
2006,6,9,3,30,0,0,0,15.700000000000001
2006,6,9,4,30,0,0,0,16
2006,6,9,5,30,93,387,0,18.400000000000002
2006,6,9,6,30,275,645,0,21.700000000000003
2006,6,9,7,30,472,772,0,23.900000000000002
2006,6,9,8,30,660,849,0,25.1
2006,6,9,9,30,816,892,0,26.1
2006,6,9,10,30,934,926,0,26.900000000000002
2006,6,9,11,30,998,941,0,27.6
2006,6,9,12,30,1002,942,0,28
2006,6,9,13,30,951,931,0,28.1
2006,6,9,14,30,847,910,0,27.8
2006,6,9,15,30,699,872,1,27.3
2006,6,9,16,30,430,455,8,26.400000000000002
2006,6,9,17,30,235,88,2,24.700000000000003
2006,6,9,18,30,123,257,8,22.1
2006,6,9,19,30,0,0,7,20
2006,6,9,20,30,0,0,7,19
2006,6,9,21,30,0,0,0,18.3
2006,6,9,22,30,0,0,7,17.6
2006,6,9,23,30,0,0,0,17.1
2006,6,10,0,30,0,0,0,16.6
2006,6,10,1,30,0,0,0,16.1
2006,6,10,2,30,0,0,0,15.700000000000001
2006,6,10,3,30,0,0,0,15.700000000000001
2006,6,10,4,30,0,0,0,16.400000000000002
2006,6,10,5,30,90,353,0,18.400000000000002
2006,6,10,6,30,265,600,0,20.400000000000002
2006,6,10,7,30,457,728,0,22
2006,6,10,8,30,508,249,3,23.3
2006,6,10,9,30,788,837,0,24.400000000000002
2006,6,10,10,30,904,881,0,25.200000000000003
2006,6,10,11,30,922,694,2,25.6
2006,6,10,12,30,918,652,2,25.6
2006,6,10,13,30,793,572,8,25.3
2006,6,10,14,30,636,402,7,24.900000000000002
2006,6,10,15,30,353,54,7,24.6
2006,6,10,16,30,379,235,7,24.3
2006,6,10,17,30,196,27,4,23.3
2006,6,10,18,30,111,104,8,21.5
2006,6,10,19,30,0,0,7,19.900000000000002
2006,6,10,20,30,0,0,7,19.200000000000003
2006,6,10,21,30,0,0,7,18.8
2006,6,10,22,30,0,0,7,18.3
2006,6,10,23,30,0,0,7,17.8
2006,6,11,0,30,0,0,3,17.400000000000002
2006,6,11,1,30,0,0,7,17
2006,6,11,2,30,0,0,7,16.3
2006,6,11,3,30,0,0,7,15.5
2006,6,11,4,30,0,0,7,15.600000000000001
2006,6,11,5,30,88,303,0,17.3
2006,6,11,6,30,261,550,7,19.6
2006,6,11,7,30,453,689,0,21.200000000000003
2006,6,11,8,30,634,769,1,22.400000000000002
2006,6,11,9,30,598,298,8,23.1
2006,6,11,10,30,722,421,7,23.1
2006,6,11,11,30,529,100,7,22.8
2006,6,11,12,30,916,703,8,22.5
2006,6,11,13,30,555,96,4,22.8
2006,6,11,14,30,804,604,2,23.5
2006,6,11,15,30,680,805,0,24
2006,6,11,16,30,504,743,0,23.700000000000003
2006,6,11,17,30,310,620,0,22.5
2006,6,11,18,30,70,1,2,20.200000000000003
2006,6,11,19,30,0,0,0,18.400000000000002
2006,6,11,20,30,0,0,0,17.8
2006,6,11,21,30,0,0,3,17.5
2006,6,11,22,30,0,0,7,17.1
2006,6,11,23,30,0,0,7,16.7
2006,6,12,0,30,0,0,3,16.2
2006,6,12,1,30,0,0,7,15.600000000000001
2006,6,12,2,30,0,0,3,15
2006,6,12,3,30,0,0,7,14.600000000000001
2006,6,12,4,30,0,0,7,14.700000000000001
2006,6,12,5,30,60,2,3,15.5
2006,6,12,6,30,259,555,1,17
2006,6,12,7,30,344,146,2,18.7
2006,6,12,8,30,479,177,2,20.1
2006,6,12,9,30,623,250,3,21.1
2006,6,12,10,30,703,243,2,22
2006,6,12,11,30,964,864,1,22.8
2006,6,12,12,30,969,864,1,23.200000000000003
2006,6,12,13,30,916,842,0,23.400000000000002
2006,6,12,14,30,590,166,3,23.1
2006,6,12,15,30,475,129,3,22.5
2006,6,12,16,30,492,687,1,21.6
2006,6,12,17,30,301,559,0,20.3
2006,6,12,18,30,123,342,0,18.6
2006,6,12,19,30,0,0,0,17.1
2006,6,12,20,30,0,0,0,16
2006,6,12,21,30,0,0,3,15.100000000000001
2006,6,12,22,30,0,0,0,14.5
2006,6,12,23,30,0,0,0,14
2006,6,13,0,30,0,0,0,13.700000000000001
2006,6,13,1,30,0,0,0,13.4
2006,6,13,2,30,0,0,0,13.100000000000001
2006,6,13,3,30,0,0,1,12.600000000000001
2006,6,13,4,30,0,0,7,13
2006,6,13,5,30,58,10,7,14.4
2006,6,13,6,30,269,600,1,16
2006,6,13,7,30,464,731,0,17.3
2006,6,13,8,30,573,516,7,18.2
2006,6,13,9,30,619,230,2,18.900000000000002
2006,6,13,10,30,722,265,2,19.6
2006,6,13,11,30,980,894,1,20.200000000000003
2006,6,13,12,30,829,563,8,20.400000000000002
2006,6,13,13,30,796,584,8,20.5
2006,6,13,14,30,515,169,8,20.200000000000003
2006,6,13,15,30,158,2,6,19.900000000000002
2006,6,13,16,30,356,207,8,19.400000000000002
2006,6,13,17,30,261,280,8,18.7
2006,6,13,18,30,26,0,4,17.400000000000002
2006,6,13,19,30,0,0,4,16.1
2006,6,13,20,30,0,0,7,15.4
2006,6,13,21,30,0,0,3,14.8
2006,6,13,22,30,0,0,4,14.100000000000001
2006,6,13,23,30,0,0,1,13.600000000000001
2006,6,14,0,30,0,0,0,13.200000000000001
2006,6,14,1,30,0,0,0,12.700000000000001
2006,6,14,2,30,0,0,0,12.200000000000001
2006,6,14,3,30,0,0,0,12.100000000000001
2006,6,14,4,30,0,0,4,12.700000000000001
2006,6,14,5,30,91,341,0,14.4
2006,6,14,6,30,266,595,0,16.6
2006,6,14,7,30,365,217,3,18.6
2006,6,14,8,30,555,500,7,20.3
2006,6,14,9,30,645,528,8,21.700000000000003
2006,6,14,10,30,736,465,7,22.700000000000003
2006,6,14,11,30,412,6,4,23.5
2006,6,14,12,30,652,159,4,23.900000000000002
2006,6,14,13,30,506,105,7,24.1
2006,6,14,14,30,537,125,4,24
2006,6,14,15,30,100,0,4,23.700000000000003
2006,6,14,16,30,102,0,4,23.1
2006,6,14,17,30,172,13,4,22
2006,6,14,18,30,50,0,4,20.400000000000002
2006,6,14,19,30,0,0,4,19.1
2006,6,14,20,30,0,0,1,18.5
2006,6,14,21,30,0,0,0,18.1
2006,6,14,22,30,0,0,0,17.7
2006,6,14,23,30,0,0,0,17.400000000000002
2006,6,15,0,30,0,0,0,16.900000000000002
2006,6,15,1,30,0,0,0,16.3
2006,6,15,2,30,0,0,0,15.700000000000001
2006,6,15,3,30,0,0,0,15.200000000000001
2006,6,15,4,30,0,0,0,15.700000000000001
2006,6,15,5,30,93,393,0,17.8
2006,6,15,6,30,270,642,0,20.400000000000002
2006,6,15,7,30,466,773,0,22.400000000000002
2006,6,15,8,30,652,850,0,24
2006,6,15,9,30,811,898,0,25.3
2006,6,15,10,30,929,935,0,26.400000000000002
2006,6,15,11,30,993,949,0,27.5
2006,6,15,12,30,1001,951,0,28.3
2006,6,15,13,30,948,930,0,29
2006,6,15,14,30,844,909,0,29.5
2006,6,15,15,30,697,872,0,29.700000000000003
2006,6,15,16,30,520,814,0,29.3
2006,6,15,17,30,328,720,0,27.5
2006,6,15,18,30,142,539,0,24.1
2006,6,15,19,30,0,0,0,21.3
2006,6,15,20,30,0,0,0,20.1
2006,6,15,21,30,0,0,0,19.3
2006,6,15,22,30,0,0,0,18.6
2006,6,15,23,30,0,0,0,17.900000000000002
2006,6,16,0,30,0,0,0,17.2
2006,6,16,1,30,0,0,0,16.400000000000002
2006,6,16,2,30,0,0,0,15.8
2006,6,16,3,30,0,0,0,15.5
2006,6,16,4,30,0,0,0,16
2006,6,16,5,30,100,479,0,18
2006,6,16,6,30,282,708,1,21.200000000000003
2006,6,16,7,30,477,818,0,25.1
2006,6,16,8,30,661,881,0,28.700000000000003
2006,6,16,9,30,815,917,0,31.3
2006,6,16,10,30,929,936,0,33.1
2006,6,16,11,30,991,946,0,34.2
2006,6,16,12,30,997,946,0,34.9
2006,6,16,13,30,949,943,0,35.300000000000004
2006,6,16,14,30,848,925,0,35.1
2006,6,16,15,30,702,890,0,34.6
2006,6,16,16,30,524,831,0,34
2006,6,16,17,30,330,731,0,32.2
2006,6,16,18,30,142,538,0,28.8
2006,6,16,19,30,0,0,0,25.900000000000002
2006,6,16,20,30,0,0,0,24.1
2006,6,16,21,30,0,0,0,22.700000000000003
2006,6,16,22,30,0,0,0,21.8
2006,6,16,23,30,0,0,0,21.1
2006,6,17,0,30,0,0,0,20.6
2006,6,17,1,30,0,0,0,20.200000000000003
2006,6,17,2,30,0,0,0,19.6
2006,6,17,3,30,0,0,0,19
2006,6,17,4,30,0,0,0,19.6
2006,6,17,5,30,98,455,0,22.1
2006,6,17,6,30,281,695,1,25.3
2006,6,17,7,30,480,817,0,28.1
2006,6,17,8,30,668,884,0,30.200000000000003
2006,6,17,9,30,826,926,0,31.700000000000003
2006,6,17,10,30,944,956,0,32.800000000000004
2006,6,17,11,30,1009,966,0,33.5
2006,6,17,12,30,1017,967,0,34
2006,6,17,13,30,965,945,0,34.2
2006,6,17,14,30,862,923,0,34.2
2006,6,17,15,30,713,886,0,34
2006,6,17,16,30,531,824,0,33.6
2006,6,17,17,30,334,722,0,31.6
2006,6,17,18,30,144,530,0,27.900000000000002
2006,6,17,19,30,0,0,0,25.1
2006,6,17,20,30,0,0,0,23.8
2006,6,17,21,30,0,0,0,22.8
2006,6,17,22,30,0,0,0,22
2006,6,17,23,30,0,0,0,21.200000000000003
2006,6,18,0,30,0,0,0,20.5
2006,6,18,1,30,0,0,0,20.3
2006,6,18,2,30,0,0,0,20.200000000000003
2006,6,18,3,30,0,0,0,20.1
2006,6,18,4,30,0,0,0,20.6
2006,6,18,5,30,96,442,0,22.6
2006,6,18,6,30,278,681,0,25.200000000000003
2006,6,18,7,30,475,799,0,27.1
2006,6,18,8,30,660,864,0,28.400000000000002
2006,6,18,9,30,817,901,0,29.400000000000002
2006,6,18,10,30,931,920,0,30.200000000000003
2006,6,18,11,30,995,930,0,31
2006,6,18,12,30,1003,929,0,31.6
2006,6,18,13,30,957,933,0,31.900000000000002
2006,6,18,14,30,852,907,0,31.700000000000003
2006,6,18,15,30,704,864,0,31.3
2006,6,18,16,30,524,799,0,30.400000000000002
2006,6,18,17,30,328,689,0,28.400000000000002
2006,6,18,18,30,139,481,0,25.200000000000003
2006,6,18,19,30,0,0,0,22.5
2006,6,18,20,30,0,0,0,21.6
2006,6,18,21,30,0,0,0,20.900000000000002
2006,6,18,22,30,0,0,0,20
2006,6,18,23,30,0,0,0,19.200000000000003
2006,6,19,0,30,0,0,0,18.900000000000002
2006,6,19,1,30,0,0,0,18.6
2006,6,19,2,30,0,0,0,18
2006,6,19,3,30,0,0,0,17.6
2006,6,19,4,30,0,0,0,18
2006,6,19,5,30,91,361,0,20.1
2006,6,19,6,30,270,623,0,23
2006,6,19,7,30,467,759,0,25.5
2006,6,19,8,30,654,836,0,27.200000000000003
2006,6,19,9,30,813,884,0,28.5
2006,6,19,10,30,931,920,0,29.700000000000003
2006,6,19,11,30,996,934,0,30.5
2006,6,19,12,30,1005,936,0,31
2006,6,19,13,30,956,926,0,31.400000000000002
2006,6,19,14,30,855,907,0,31.400000000000002
2006,6,19,15,30,708,871,0,31.200000000000003
2006,6,19,16,30,530,813,0,30.8
2006,6,19,17,30,334,712,0,29.3
2006,6,19,18,30,145,523,0,26.3
2006,6,19,19,30,0,0,0,23.700000000000003
2006,6,19,20,30,0,0,0,22.8
2006,6,19,21,30,0,0,0,22.200000000000003
2006,6,19,22,30,0,0,0,21.400000000000002
2006,6,19,23,30,0,0,0,20.5
2006,6,20,0,30,0,0,0,19.6
2006,6,20,1,30,0,0,0,19
2006,6,20,2,30,0,0,0,18.5
2006,6,20,3,30,0,0,0,17.900000000000002
2006,6,20,4,30,0,0,0,18.400000000000002
2006,6,20,5,30,100,487,0,20.900000000000002
2006,6,20,6,30,286,723,0,24.3
2006,6,20,7,30,483,832,0,27.700000000000003
2006,6,20,8,30,672,898,0,30.900000000000002
2006,6,20,9,30,831,936,0,33.2
2006,6,20,10,30,946,957,0,34.6
2006,6,20,11,30,1011,968,0,35.300000000000004
2006,6,20,12,30,1020,971,0,35.800000000000004
2006,6,20,13,30,970,955,0,36
2006,6,20,14,30,868,937,0,36.1
2006,6,20,15,30,721,905,0,35.6
2006,6,20,16,30,540,851,0,34.800000000000004
2006,6,20,17,30,344,760,0,33
2006,6,20,18,30,151,576,0,30.400000000000002
2006,6,20,19,30,0,0,0,28.3
2006,6,20,20,30,0,0,0,26.3
2006,6,20,21,30,0,0,0,24.400000000000002
2006,6,20,22,30,0,0,0,22.900000000000002
2006,6,20,23,30,0,0,0,21.5
2006,6,21,0,30,0,0,0,20.3
2006,6,21,1,30,0,0,0,19.400000000000002
2006,6,21,2,30,0,0,0,18.7
2006,6,21,3,30,0,0,0,18.1
2006,6,21,4,30,0,0,0,18.3
2006,6,21,5,30,99,478,0,20
2006,6,21,6,30,284,712,0,23.3
2006,6,21,7,30,485,829,0,27.3
2006,6,21,8,30,672,896,0,31
2006,6,21,9,30,833,938,0,33.7
2006,6,21,10,30,950,961,0,35.6
2006,6,21,11,30,1017,973,0,37
2006,6,21,12,30,1026,976,0,37.9
2006,6,21,13,30,977,965,0,38.300000000000004
2006,6,21,14,30,875,947,0,37.7
2006,6,21,15,30,727,915,0,36.800000000000004
2006,6,21,16,30,545,860,0,35.9
2006,6,21,17,30,347,766,0,33.4
2006,6,21,18,30,153,584,0,29.1
2006,6,21,19,30,12,148,0,26.1
2006,6,21,20,30,0,0,0,24.8
2006,6,21,21,30,0,0,0,24
2006,6,21,22,30,0,0,0,23
2006,6,21,23,30,0,0,0,21.8
2006,6,22,0,30,0,0,0,20.8
2006,6,22,1,30,0,0,0,20.1
2006,6,22,2,30,0,0,0,19.6
2006,6,22,3,30,0,0,0,19.3
2006,6,22,4,30,0,0,0,19.900000000000002
2006,6,22,5,30,101,505,0,22.3
2006,6,22,6,30,288,738,0,25.5
2006,6,22,7,30,489,850,0,29.700000000000003
2006,6,22,8,30,679,914,0,34.1
2006,6,22,9,30,840,953,0,37.2
2006,6,22,10,30,954,969,0,39.1
2006,6,22,11,30,1021,980,0,40.2
2006,6,22,12,30,1030,982,0,40.800000000000004
2006,6,22,13,30,980,966,0,41
2006,6,22,14,30,877,947,0,40.7
2006,6,22,15,30,729,912,0,39.800000000000004
2006,6,22,16,30,549,858,0,38.6
2006,6,22,17,30,349,760,0,36.800000000000004
2006,6,22,18,30,153,569,0,34.300000000000004
2006,6,22,19,30,12,119,0,32
2006,6,22,20,30,0,0,0,29.900000000000002
2006,6,22,21,30,0,0,0,27.8
2006,6,22,22,30,0,0,0,25.8
2006,6,22,23,30,0,0,0,24.3
2006,6,23,0,30,0,0,0,23.400000000000002
2006,6,23,1,30,0,0,0,23.200000000000003
2006,6,23,2,30,0,0,0,23.5
2006,6,23,3,30,0,0,0,23.5
2006,6,23,4,30,0,0,0,23.700000000000003
2006,6,23,5,30,99,483,1,26.1
2006,6,23,6,30,287,727,0,30
2006,6,23,7,30,489,845,0,34
2006,6,23,8,30,677,908,0,37.5
2006,6,23,9,30,839,949,0,39.5
2006,6,23,10,30,957,969,0,40.800000000000004
2006,6,23,11,30,1023,981,0,41.800000000000004
2006,6,23,12,30,1029,979,0,42.400000000000006
2006,6,23,13,30,981,971,0,42.6
2006,6,23,14,30,878,952,0,42.5
2006,6,23,15,30,730,919,0,41.900000000000006
2006,6,23,16,30,549,866,0,40.800000000000004
2006,6,23,17,30,348,768,0,38.900000000000006
2006,6,23,18,30,154,584,0,36.7
2006,6,23,19,30,12,141,0,34.6
2006,6,23,20,30,0,0,0,31.8
2006,6,23,21,30,0,0,0,28.700000000000003
2006,6,23,22,30,0,0,0,26.400000000000002
2006,6,23,23,30,0,0,0,25
2006,6,24,0,30,0,0,0,24
2006,6,24,1,30,0,0,0,23.200000000000003
2006,6,24,2,30,0,0,0,22.8
2006,6,24,3,30,0,0,1,22.6
2006,6,24,4,30,0,0,0,23.400000000000002
2006,6,24,5,30,90,390,0,26.3
2006,6,24,6,30,269,638,0,30.1
2006,6,24,7,30,463,763,0,34
2006,6,24,8,30,649,838,0,37.800000000000004
2006,6,24,9,30,807,885,0,40.400000000000006
2006,6,24,10,30,927,920,0,42
2006,6,24,11,30,989,928,0,43
2006,6,24,12,30,998,926,0,43.800000000000004
2006,6,24,13,30,945,900,0,44.2
2006,6,24,14,30,843,871,1,43.900000000000006
2006,6,24,15,30,688,589,2,43.1
2006,6,24,16,30,505,485,2,41.6
2006,6,24,17,30,324,643,1,38.800000000000004
2006,6,24,18,30,138,432,0,35
2006,6,24,19,30,10,49,0,31.900000000000002
2006,6,24,20,30,0,0,0,29.700000000000003
2006,6,24,21,30,0,0,3,28
2006,6,24,22,30,0,0,0,27.1
2006,6,24,23,30,0,0,0,26.700000000000003
2006,6,25,0,30,0,0,1,26.400000000000002
2006,6,25,1,30,0,0,1,26
2006,6,25,2,30,0,0,0,25.5
2006,6,25,3,30,0,0,7,25
2006,6,25,4,30,0,0,8,25.3
2006,6,25,5,30,78,60,8,27.6
2006,6,25,6,30,255,542,1,30.900000000000002
2006,6,25,7,30,399,449,7,34.6
2006,6,25,8,30,518,266,3,38.400000000000006
2006,6,25,9,30,660,477,8,41.300000000000004
2006,6,25,10,30,837,658,7,42.900000000000006
2006,6,25,11,30,969,881,0,43.800000000000004
2006,6,25,12,30,976,878,1,44.1
2006,6,25,13,30,929,873,1,44.1
2006,6,25,14,30,827,846,1,43.7
2006,6,25,15,30,683,801,1,42.800000000000004
2006,6,25,16,30,508,730,0,41.300000000000004
2006,6,25,17,30,317,614,1,38.6
2006,6,25,18,30,135,407,1,34.7
2006,6,25,19,30,10,43,0,31.900000000000002
2006,6,25,20,30,0,0,0,30.6
2006,6,25,21,30,0,0,0,29.5
2006,6,25,22,30,0,0,0,28.400000000000002
2006,6,25,23,30,0,0,0,27.700000000000003
2006,6,26,0,30,0,0,0,27.200000000000003
2006,6,26,1,30,0,0,0,26.8
2006,6,26,2,30,0,0,0,26.400000000000002
2006,6,26,3,30,0,0,0,26
2006,6,26,4,30,0,0,0,26.400000000000002
2006,6,26,5,30,82,319,0,29
2006,6,26,6,30,195,94,3,32.6
2006,6,26,7,30,447,718,1,36.1
2006,6,26,8,30,417,98,3,38.6
2006,6,26,9,30,538,141,3,40
2006,6,26,10,30,773,405,2,40.800000000000004
2006,6,26,11,30,963,884,0,41.400000000000006
2006,6,26,12,30,970,881,0,41.800000000000004
2006,6,26,13,30,916,843,0,41.800000000000004
2006,6,26,14,30,721,561,8,41.5
2006,6,26,15,30,600,536,8,40.7
2006,6,26,16,30,451,485,8,39.400000000000006
2006,6,26,17,30,265,300,8,37.300000000000004
2006,6,26,18,30,129,359,1,34.2
2006,6,26,19,30,5,0,3,31.8
2006,6,26,20,30,0,0,3,30.700000000000003
2006,6,26,21,30,0,0,1,29.700000000000003
2006,6,26,22,30,0,0,1,28.5
2006,6,26,23,30,0,0,0,27.5
2006,6,27,0,30,0,0,0,27
2006,6,27,1,30,0,0,3,26.900000000000002
2006,6,27,2,30,0,0,3,26.700000000000003
2006,6,27,3,30,0,0,3,26.400000000000002
2006,6,27,4,30,0,0,3,27
2006,6,27,5,30,59,3,3,29.400000000000002
2006,6,27,6,30,190,67,3,32.6
2006,6,27,7,30,303,69,3,35.2
2006,6,27,8,30,520,392,7,37
2006,6,27,9,30,671,489,8,38
2006,6,27,10,30,770,512,8,38.5
2006,6,27,11,30,816,371,3,38.900000000000006
2006,6,27,12,30,836,577,8,39.1
2006,6,27,13,30,738,413,8,39
2006,6,27,14,30,701,432,8,38.400000000000006
2006,6,27,15,30,480,152,7,37.2
2006,6,27,16,30,381,177,8,35.5
2006,6,27,17,30,228,41,3,33.1
2006,6,27,18,30,110,23,3,30.5
2006,6,27,19,30,5,4,3,28.400000000000002
2006,6,27,20,30,0,0,7,27.1
2006,6,27,21,30,0,0,7,26.5
2006,6,27,22,30,0,0,7,26.200000000000003
2006,6,27,23,30,0,0,1,25.8
2006,6,28,0,30,0,0,7,25.400000000000002
2006,6,28,1,30,0,0,7,24.900000000000002
2006,6,28,2,30,0,0,7,24.400000000000002
2006,6,28,3,30,0,0,7,24
2006,6,28,4,30,0,0,8,24.1
2006,6,28,5,30,43,1,8,25.200000000000003
2006,6,28,6,30,148,23,8,26.5
2006,6,28,7,30,86,1,8,27.900000000000002
2006,6,28,8,30,339,51,8,29.700000000000003
2006,6,28,9,30,550,202,7,31.700000000000003
2006,6,28,10,30,378,12,6,32.7
2006,6,28,11,30,378,11,6,32.9
2006,6,28,12,30,663,220,7,33.6
2006,6,28,13,30,646,237,7,34.300000000000004
2006,6,28,14,30,774,608,8,34.6
2006,6,28,15,30,417,118,8,34.5
2006,6,28,16,30,124,0,4,33.9
2006,6,28,17,30,113,1,4,32.4
2006,6,28,18,30,68,1,4,29.5
2006,6,28,19,30,6,0,7,27.1
2006,6,28,20,30,0,0,7,25.900000000000002
2006,6,28,21,30,0,0,1,25
2006,6,28,22,30,0,0,0,24.3
2006,6,28,23,30,0,0,0,23.900000000000002
2006,6,29,0,30,0,0,0,23.400000000000002
2006,6,29,1,30,0,0,0,22.900000000000002
2006,6,29,2,30,0,0,0,22.200000000000003
2006,6,29,3,30,0,0,0,21.400000000000002
2006,6,29,4,30,0,0,0,21.700000000000003
2006,6,29,5,30,81,317,0,23.6
2006,6,29,6,30,255,587,0,26.200000000000003
2006,6,29,7,30,450,732,0,28.5
2006,6,29,8,30,637,815,0,30.5
2006,6,29,9,30,795,864,0,32.2
2006,6,29,10,30,919,910,0,33.7
2006,6,29,11,30,986,925,0,35
2006,6,29,12,30,998,931,0,35.800000000000004
2006,6,29,13,30,954,924,0,36.300000000000004
2006,6,29,14,30,854,904,0,36.300000000000004
2006,6,29,15,30,709,869,0,35.800000000000004
2006,6,29,16,30,529,807,0,35
2006,6,29,17,30,335,706,0,33.1
2006,6,29,18,30,146,514,0,29.6
2006,6,29,19,30,12,95,0,26.8
2006,6,29,20,30,0,0,0,25.5
2006,6,29,21,30,0,0,0,24.3
2006,6,29,22,30,0,0,0,23.400000000000002
2006,6,29,23,30,0,0,0,22.900000000000002
2006,6,30,0,30,0,0,0,22.5
2006,6,30,1,30,0,0,0,21.900000000000002
2006,6,30,2,30,0,0,0,21.200000000000003
2006,6,30,3,30,0,0,0,20.5
2006,6,30,4,30,0,0,0,21.1
2006,6,30,5,30,86,404,0,23.900000000000002
2006,6,30,6,30,264,657,0,27.200000000000003
2006,6,30,7,30,459,783,0,29.6
2006,6,30,8,30,646,856,0,31.3
2006,6,30,9,30,805,899,0,32.6
2006,6,30,10,30,925,927,0,33.7
2006,6,30,11,30,992,941,0,34.7
2006,6,30,12,30,1005,947,0,35.6
2006,6,30,13,30,962,943,0,36.2
2006,6,30,14,30,864,927,0,36.2
2006,6,30,15,30,720,895,0,35.7
2006,6,30,16,30,542,840,0,34.800000000000004
2006,6,30,17,30,345,742,0,32.6
2006,6,30,18,30,153,556,0,28.8
2006,6,30,19,30,12,122,0,25.6
2006,6,30,20,30,0,0,0,24.1
2006,6,30,21,30,0,0,0,23
2006,6,30,22,30,0,0,0,22
2006,6,30,23,30,0,0,0,21.1
2006,7,1,0,30,0,0,0,20.400000000000002
2006,7,1,1,30,0,0,0,19.8
2006,7,1,2,30,0,0,0,19.400000000000002
2006,7,1,3,30,0,0,0,19.1
2006,7,1,4,30,0,0,0,19.6
2006,7,1,5,30,87,426,0,21.8
2006,7,1,6,30,268,677,0,24.900000000000002
2006,7,1,7,30,466,802,0,27.6
2006,7,1,8,30,654,873,0,30
2006,7,1,9,30,815,916,0,32.1
2006,7,1,10,30,935,945,0,34
2006,7,1,11,30,1006,962,0,35.4
2006,7,1,12,30,1017,964,0,36.4
2006,7,1,13,30,968,948,0,36.9
2006,7,1,14,30,867,927,0,37
2006,7,1,15,30,718,888,0,36.5
2006,7,1,16,30,538,828,0,35.5
2006,7,1,17,30,340,723,0,33.300000000000004
2006,7,1,18,30,149,530,0,29.6
2006,7,1,19,30,12,106,0,26.6
2006,7,1,20,30,0,0,0,25.200000000000003
2006,7,1,21,30,0,0,0,24.400000000000002
2006,7,1,22,30,0,0,0,23.5
2006,7,1,23,30,0,0,0,22.5
2006,7,2,0,30,0,0,0,21.700000000000003
2006,7,2,1,30,0,0,0,21.1
2006,7,2,2,30,0,0,0,20.5
2006,7,2,3,30,0,0,0,19.900000000000002
2006,7,2,4,30,0,0,0,20.400000000000002
2006,7,2,5,30,83,377,0,22.6
2006,7,2,6,30,260,636,0,25.3
2006,7,2,7,30,456,766,0,27.400000000000002
2006,7,2,8,30,643,841,0,29.400000000000002
2006,7,2,9,30,803,887,0,31.200000000000003
2006,7,2,10,30,921,912,0,32.6
2006,7,2,11,30,988,926,0,33.9
2006,7,2,12,30,999,929,0,35
2006,7,2,13,30,958,931,0,35.7
2006,7,2,14,30,858,912,0,35.800000000000004
2006,7,2,15,30,712,876,0,35.4
2006,7,2,16,30,532,814,0,34.5
2006,7,2,17,30,337,714,0,32.5
2006,7,2,18,30,147,524,0,29
2006,7,2,19,30,11,101,0,26.1
2006,7,2,20,30,0,0,0,24.700000000000003
2006,7,2,21,30,0,0,0,23.6
2006,7,2,22,30,0,0,0,22.8
2006,7,2,23,30,0,0,0,22.200000000000003
2006,7,3,0,30,0,0,0,21.6
2006,7,3,1,30,0,0,0,20.900000000000002
2006,7,3,2,30,0,0,0,20
2006,7,3,3,30,0,0,0,19.200000000000003
2006,7,3,4,30,0,0,0,19.700000000000003
2006,7,3,5,30,83,389,0,22.3
2006,7,3,6,30,264,658,0,25.5
2006,7,3,7,30,463,790,0,28.200000000000003
2006,7,3,8,30,653,866,0,30.5
2006,7,3,9,30,815,913,0,32.2
2006,7,3,10,30,939,948,0,33.6
2006,7,3,11,30,1007,961,0,34.6
2006,7,3,12,30,1019,962,0,35.300000000000004
2006,7,3,13,30,971,949,0,35.7
2006,7,3,14,30,870,929,0,35.6
2006,7,3,15,30,721,891,0,35.1
2006,7,3,16,30,540,830,0,34
2006,7,3,17,30,342,728,0,31.8
2006,7,3,18,30,149,536,0,28.400000000000002
2006,7,3,19,30,12,105,0,25.5
2006,7,3,20,30,0,0,0,23.900000000000002
2006,7,3,21,30,0,0,7,22.700000000000003
2006,7,3,22,30,0,0,0,21.900000000000002
2006,7,3,23,30,0,0,1,21.6
2006,7,4,0,30,0,0,0,21.3
2006,7,4,1,30,0,0,1,20.700000000000003
2006,7,4,2,30,0,0,7,20.200000000000003
2006,7,4,3,30,0,0,7,19.700000000000003
2006,7,4,4,30,0,0,7,20
2006,7,4,5,30,58,15,8,21.6
2006,7,4,6,30,262,659,0,23.700000000000003
2006,7,4,7,30,461,791,1,25.700000000000003
2006,7,4,8,30,614,685,8,27.8
2006,7,4,9,30,699,577,8,29.8
2006,7,4,10,30,932,940,0,31.400000000000002
2006,7,4,11,30,1001,954,0,32.6
2006,7,4,12,30,1012,957,0,33.5
2006,7,4,13,30,966,949,0,33.7
2006,7,4,14,30,826,782,8,33.4
2006,7,4,15,30,719,892,0,32.7
2006,7,4,16,30,539,834,0,31.8
2006,7,4,17,30,343,740,0,29.900000000000002
2006,7,4,18,30,151,554,0,26.700000000000003
2006,7,4,19,30,12,118,0,24
2006,7,4,20,30,0,0,0,22.900000000000002
2006,7,4,21,30,0,0,0,22
2006,7,4,22,30,0,0,0,21
2006,7,4,23,30,0,0,0,20
2006,7,5,0,30,0,0,0,19.1
2006,7,5,1,30,0,0,0,18.400000000000002
2006,7,5,2,30,0,0,0,17.7
2006,7,5,3,30,0,0,0,17.2
2006,7,5,4,30,0,0,0,17.6
2006,7,5,5,30,83,410,0,19.700000000000003
2006,7,5,6,30,264,675,0,22.3
2006,7,5,7,30,465,806,0,24.6
2006,7,5,8,30,656,879,0,26.900000000000002
2006,7,5,9,30,822,927,1,28.8
2006,7,5,10,30,943,955,0,30.5
2006,7,5,11,30,1013,970,0,32
2006,7,5,12,30,1028,976,0,32.9
2006,7,5,13,30,980,962,1,33.2
2006,7,5,14,30,876,939,0,33.1
2006,7,5,15,30,728,904,0,32.5
2006,7,5,16,30,546,844,0,31.5
2006,7,5,17,30,345,739,0,29.5
2006,7,5,18,30,150,540,0,25.900000000000002
2006,7,5,19,30,0,0,0,23.1
2006,7,5,20,30,0,0,0,22
2006,7,5,21,30,0,0,0,21.1
2006,7,5,22,30,0,0,0,20
2006,7,5,23,30,0,0,0,19
2006,7,6,0,30,0,0,0,18.1
2006,7,6,1,30,0,0,0,17.3
2006,7,6,2,30,0,0,0,16.6
2006,7,6,3,30,0,0,0,16.1
2006,7,6,4,30,0,0,0,16.6
2006,7,6,5,30,79,386,0,18.5
2006,7,6,6,30,260,658,1,20.700000000000003
2006,7,6,7,30,459,793,0,22.8
2006,7,6,8,30,652,873,0,24.900000000000002
2006,7,6,9,30,815,920,0,27
2006,7,6,10,30,937,952,0,29.1
2006,7,6,11,30,1006,965,0,30.8
2006,7,6,12,30,1021,970,0,32
2006,7,6,13,30,970,954,0,32.6
2006,7,6,14,30,869,932,0,32.6
2006,7,6,15,30,722,893,0,32.300000000000004
2006,7,6,16,30,540,830,0,31.400000000000002
2006,7,6,17,30,341,723,0,29.6
2006,7,6,18,30,148,525,0,26.3
2006,7,6,19,30,0,0,0,23.700000000000003
2006,7,6,20,30,0,0,0,22.5
2006,7,6,21,30,0,0,0,21.6
2006,7,6,22,30,0,0,0,20.700000000000003
2006,7,6,23,30,0,0,0,19.6
2006,7,7,0,30,0,0,0,18.8
2006,7,7,1,30,0,0,0,18.3
2006,7,7,2,30,0,0,0,18.1
2006,7,7,3,30,0,0,0,18.2
2006,7,7,4,30,0,0,0,18.900000000000002
2006,7,7,5,30,82,429,0,21.5
2006,7,7,6,30,264,691,1,25.400000000000002
2006,7,7,7,30,465,818,0,29.400000000000002
2006,7,7,8,30,657,890,0,32.6
2006,7,7,9,30,823,938,0,35.1
2006,7,7,10,30,945,964,0,36.9
2006,7,7,11,30,1015,977,0,38
2006,7,7,12,30,1027,979,0,38.7
2006,7,7,13,30,980,967,0,39
2006,7,7,14,30,878,947,0,39
2006,7,7,15,30,730,912,0,38.5
2006,7,7,16,30,545,848,0,37.4
2006,7,7,17,30,345,744,0,34.6
2006,7,7,18,30,149,541,0,30.200000000000003
2006,7,7,19,30,0,0,0,27
2006,7,7,20,30,0,0,0,25.5
2006,7,7,21,30,0,0,0,24.400000000000002
2006,7,7,22,30,0,0,0,23.5
2006,7,7,23,30,0,0,0,22.700000000000003
2006,7,8,0,30,0,0,0,22.1
2006,7,8,1,30,0,0,0,21.900000000000002
2006,7,8,2,30,0,0,0,21.900000000000002
2006,7,8,3,30,0,0,0,22
2006,7,8,4,30,0,0,0,22.900000000000002
2006,7,8,5,30,74,348,0,25.8
2006,7,8,6,30,196,142,3,29.5
2006,7,8,7,30,444,754,0,32.4
2006,7,8,8,30,632,833,0,34.7
2006,7,8,9,30,791,878,0,36.4
2006,7,8,10,30,913,918,0,37.7
2006,7,8,11,30,982,931,0,38.7
2006,7,8,12,30,994,933,0,39.400000000000006
2006,7,8,13,30,947,914,0,39.7
2006,7,8,14,30,851,896,0,39.7
2006,7,8,15,30,710,864,0,39.300000000000004
2006,7,8,16,30,532,807,0,38.400000000000006
2006,7,8,17,30,335,703,1,35.9
2006,7,8,18,30,144,503,1,32.1
2006,7,8,19,30,0,0,0,29.3
2006,7,8,20,30,0,0,1,27.8
2006,7,8,21,30,0,0,0,26.8
2006,7,8,22,30,0,0,0,25.900000000000002
2006,7,8,23,30,0,0,3,25
2006,7,9,0,30,0,0,0,24.3
2006,7,9,1,30,0,0,0,23.700000000000003
2006,7,9,2,30,0,0,0,23.400000000000002
2006,7,9,3,30,0,0,0,23.5
2006,7,9,4,30,0,0,0,24.5
2006,7,9,5,30,70,315,0,27.200000000000003
2006,7,9,6,30,241,588,1,30.5
2006,7,9,7,30,433,725,0,33.5
2006,7,9,8,30,619,805,0,35.800000000000004
2006,7,9,9,30,780,857,0,37.300000000000004
2006,7,9,10,30,903,903,1,38.6
2006,7,9,11,30,973,920,0,39.6
2006,7,9,12,30,988,926,1,40.2
2006,7,9,13,30,948,924,0,40.300000000000004
2006,7,9,14,30,852,908,0,40.2
2006,7,9,15,30,709,876,0,39.6
2006,7,9,16,30,532,821,0,38.400000000000006
2006,7,9,17,30,337,723,0,36
2006,7,9,18,30,145,528,0,32
2006,7,9,19,30,0,0,0,28.900000000000002
2006,7,9,20,30,0,0,0,27.6
2006,7,9,21,30,0,0,0,26.6
2006,7,9,22,30,0,0,0,25.700000000000003
2006,7,9,23,30,0,0,0,25.1
2006,7,10,0,30,0,0,0,24.400000000000002
2006,7,10,1,30,0,0,0,23.6
2006,7,10,2,30,0,0,0,22.700000000000003
2006,7,10,3,30,0,0,0,21.900000000000002
2006,7,10,4,30,0,0,0,22
2006,7,10,5,30,72,346,0,24
2006,7,10,6,30,249,629,1,26.5
2006,7,10,7,30,448,769,1,28.6
2006,7,10,8,30,638,847,0,30.700000000000003
2006,7,10,9,30,801,895,0,32.5
2006,7,10,10,30,926,938,1,34
2006,7,10,11,30,998,955,0,35.4
2006,7,10,12,30,1011,957,0,36.5
2006,7,10,13,30,967,947,0,37.1
2006,7,10,14,30,866,927,0,37.2
2006,7,10,15,30,719,890,0,36.800000000000004
2006,7,10,16,30,537,828,0,35.800000000000004
2006,7,10,17,30,338,723,0,33.800000000000004
2006,7,10,18,30,144,515,0,30.200000000000003
2006,7,10,19,30,0,0,0,27.400000000000002
2006,7,10,20,30,0,0,0,26.200000000000003
2006,7,10,21,30,0,0,0,24.900000000000002
2006,7,10,22,30,0,0,0,23.900000000000002
2006,7,10,23,30,0,0,0,22.900000000000002
2006,7,11,0,30,0,0,0,21.900000000000002
2006,7,11,1,30,0,0,0,21
2006,7,11,2,30,0,0,0,20.3
2006,7,11,3,30,0,0,0,19.6
2006,7,11,4,30,0,0,1,19.900000000000002
2006,7,11,5,30,53,8,3,22
2006,7,11,6,30,169,36,3,24.700000000000003
2006,7,11,7,30,451,794,0,27.1
2006,7,11,8,30,641,870,0,29.1
2006,7,11,9,30,804,915,0,31
2006,7,11,10,30,925,941,0,32.7
2006,7,11,11,30,993,948,0,34.2
2006,7,11,12,30,1004,944,0,35.300000000000004
2006,7,11,13,30,960,944,1,35.800000000000004
2006,7,11,14,30,858,920,0,35.7
2006,7,11,15,30,617,579,8,35.2
2006,7,11,16,30,406,0,7,34.1
2006,7,11,17,30,334,716,1,32
2006,7,11,18,30,142,515,0,28.700000000000003
2006,7,11,19,30,0,0,0,25.6
2006,7,11,20,30,0,0,0,23.5
2006,7,11,21,30,0,0,0,21.8
2006,7,11,22,30,0,0,0,20.3
2006,7,11,23,30,0,0,0,19.200000000000003
2006,7,12,0,30,0,0,0,18.400000000000002
2006,7,12,1,30,0,0,0,17.6
2006,7,12,2,30,0,0,0,16.8
2006,7,12,3,30,0,0,0,16.2
2006,7,12,4,30,0,0,0,16.6
2006,7,12,5,30,74,407,0,18.5
2006,7,12,6,30,255,688,0,21.1
2006,7,12,7,30,455,817,0,23.3
2006,7,12,8,30,645,887,0,25.400000000000002
2006,7,12,9,30,805,927,0,27.3
2006,7,12,10,30,927,953,0,29.1
2006,7,12,11,30,994,963,0,30.6
2006,7,12,12,30,1004,962,0,31.6
2006,7,12,13,30,957,945,0,32.300000000000004
2006,7,12,14,30,855,922,0,32.6
2006,7,12,15,30,709,885,0,32.4
2006,7,12,16,30,529,824,0,31.6
2006,7,12,17,30,332,718,0,29.900000000000002
2006,7,12,18,30,141,522,0,26.900000000000002
2006,7,12,19,30,0,0,0,24.400000000000002
2006,7,12,20,30,0,0,0,23.3
2006,7,12,21,30,0,0,0,22.6
2006,7,12,22,30,0,0,0,21.900000000000002
2006,7,12,23,30,0,0,0,21.200000000000003
2006,7,13,0,30,0,0,0,20.6
2006,7,13,1,30,0,0,0,20.3
2006,7,13,2,30,0,0,0,20.1
2006,7,13,3,30,0,0,0,20.1
2006,7,13,4,30,0,0,0,20.700000000000003
2006,7,13,5,30,70,389,0,23.6
2006,7,13,6,30,249,665,1,27.700000000000003
2006,7,13,7,30,448,797,0,30.8
2006,7,13,8,30,639,873,0,32.9
2006,7,13,9,30,805,922,0,34.4
2006,7,13,10,30,927,948,0,35.5
2006,7,13,11,30,997,962,0,36.300000000000004
2006,7,13,12,30,1013,968,0,36.7
2006,7,13,13,30,968,961,0,36.800000000000004
2006,7,13,14,30,867,941,0,36.7
2006,7,13,15,30,718,903,0,36
2006,7,13,16,30,537,845,0,34.9
2006,7,13,17,30,338,743,0,32.800000000000004
2006,7,13,18,30,144,546,0,29.400000000000002
2006,7,13,19,30,0,0,0,26.700000000000003
2006,7,13,20,30,0,0,0,25.5
2006,7,13,21,30,0,0,0,24.6
2006,7,13,22,30,0,0,0,23.8
2006,7,13,23,30,0,0,0,23.200000000000003
2006,7,14,0,30,0,0,0,22.5
2006,7,14,1,30,0,0,0,21.900000000000002
2006,7,14,2,30,0,0,0,21.400000000000002
2006,7,14,3,30,0,0,0,20.900000000000002
2006,7,14,4,30,0,0,0,21.400000000000002
2006,7,14,5,30,70,393,1,24.1
2006,7,14,6,30,250,673,1,27.6
2006,7,14,7,30,448,800,0,30.1
2006,7,14,8,30,639,873,0,32.300000000000004
2006,7,14,9,30,803,917,0,34.300000000000004
2006,7,14,10,30,924,941,1,35.9
2006,7,14,11,30,998,959,0,36.9
2006,7,14,12,30,1011,962,0,37.7
2006,7,14,13,30,967,949,0,38.2
2006,7,14,14,30,867,932,1,38.2
2006,7,14,15,30,720,899,0,37.800000000000004
2006,7,14,16,30,538,840,0,36.800000000000004
2006,7,14,17,30,338,739,0,34.300000000000004
2006,7,14,18,30,143,539,0,30.200000000000003
2006,7,14,19,30,0,0,0,27
2006,7,14,20,30,0,0,0,25.400000000000002
2006,7,14,21,30,0,0,0,24.400000000000002
2006,7,14,22,30,0,0,0,23.8
2006,7,14,23,30,0,0,0,23.400000000000002
2006,7,15,0,30,0,0,0,22.8
2006,7,15,1,30,0,0,0,22.1
2006,7,15,2,30,0,0,0,21.5
2006,7,15,3,30,0,0,0,21.200000000000003
2006,7,15,4,30,0,0,0,21.900000000000002
2006,7,15,5,30,66,351,0,24.700000000000003
2006,7,15,6,30,244,645,0,28.3
2006,7,15,7,30,445,786,0,31.1
2006,7,15,8,30,635,862,1,33.5
2006,7,15,9,30,799,910,1,35.6
2006,7,15,10,30,889,717,2,37.2
2006,7,15,11,30,939,715,3,38.300000000000004
2006,7,15,12,30,952,740,2,38.900000000000006
2006,7,15,13,30,952,932,0,39.1
2006,7,15,14,30,833,687,2,38.900000000000006
2006,7,15,15,30,707,875,1,38.400000000000006
2006,7,15,16,30,527,814,0,37.300000000000004
2006,7,15,17,30,252,153,2,34.9
2006,7,15,18,30,115,144,3,31.200000000000003
2006,7,15,19,30,0,0,0,28.5
2006,7,15,20,30,0,0,0,27.400000000000002
2006,7,15,21,30,0,0,0,26.5
2006,7,15,22,30,0,0,0,25.700000000000003
2006,7,15,23,30,0,0,0,24.900000000000002
2006,7,16,0,30,0,0,0,24.200000000000003
2006,7,16,1,30,0,0,0,23.900000000000002
2006,7,16,2,30,0,0,0,23.8
2006,7,16,3,30,0,0,0,23.8
2006,7,16,4,30,0,0,0,24.400000000000002
2006,7,16,5,30,68,387,0,26.700000000000003
2006,7,16,6,30,249,678,1,30
2006,7,16,7,30,452,814,0,33.1
2006,7,16,8,30,646,889,0,35.7
2006,7,16,9,30,816,940,0,37.9
2006,7,16,10,30,940,966,0,39.6
2006,7,16,11,30,1012,981,0,40.7
2006,7,16,12,30,1025,984,1,41.400000000000006
2006,7,16,13,30,979,976,0,41.800000000000004
2006,7,16,14,30,878,957,0,41.7
2006,7,16,15,30,729,924,0,41.2
2006,7,16,16,30,545,868,0,40.1
2006,7,16,17,30,343,769,0,37.5
2006,7,16,18,30,145,576,0,34.1
2006,7,16,19,30,0,0,0,31.900000000000002
2006,7,16,20,30,0,0,0,30.3
2006,7,16,21,30,0,0,0,28.700000000000003
2006,7,16,22,30,0,0,0,27.6
2006,7,16,23,30,0,0,0,26.6
2006,7,17,0,30,0,0,0,25.8
2006,7,17,1,30,0,0,0,25.200000000000003
2006,7,17,2,30,0,0,0,24.6
2006,7,17,3,30,0,0,0,23.900000000000002
2006,7,17,4,30,0,0,0,24.1
2006,7,17,5,30,67,409,1,27.200000000000003
2006,7,17,6,30,249,694,1,31.8
2006,7,17,7,30,452,827,0,35.9
2006,7,17,8,30,646,899,0,39.5
2006,7,17,9,30,812,943,0,42
2006,7,17,10,30,932,964,0,43.7
2006,7,17,11,30,1003,977,0,44.7
2006,7,17,12,30,1017,979,0,45.2
2006,7,17,13,30,970,961,0,45.2
2006,7,17,14,30,866,937,0,44.800000000000004
2006,7,17,15,30,717,901,0,44
2006,7,17,16,30,535,843,0,42.6
2006,7,17,17,30,334,740,0,39.5
2006,7,17,18,30,139,540,0,35
2006,7,17,19,30,0,0,0,31.6
2006,7,17,20,30,0,0,0,30
2006,7,17,21,30,0,0,0,28.700000000000003
2006,7,17,22,30,0,0,0,27.6
2006,7,17,23,30,0,0,0,26.6
2006,7,18,0,30,0,0,0,26
2006,7,18,1,30,0,0,0,25.900000000000002
2006,7,18,2,30,0,0,0,26
2006,7,18,3,30,0,0,0,25.700000000000003
2006,7,18,4,30,0,0,0,25.900000000000002
2006,7,18,5,30,63,376,1,28.700000000000003
2006,7,18,6,30,185,141,3,33
2006,7,18,7,30,442,800,0,36.4
2006,7,18,8,30,632,871,1,39
2006,7,18,9,30,796,912,1,40.900000000000006
2006,7,18,10,30,916,934,1,42.2
2006,7,18,11,30,987,949,0,43
2006,7,18,12,30,854,431,2,43.5
2006,7,18,13,30,953,943,0,43.7
2006,7,18,14,30,853,923,1,43.5
2006,7,18,15,30,706,886,0,42.7
2006,7,18,16,30,526,830,0,41.400000000000006
2006,7,18,17,30,328,727,1,38.7
2006,7,18,18,30,134,521,0,34.7
2006,7,18,19,30,0,0,0,31.8
2006,7,18,20,30,0,0,0,30.400000000000002
2006,7,18,21,30,0,0,1,29.400000000000002
2006,7,18,22,30,0,0,3,28.3
2006,7,18,23,30,0,0,3,27.400000000000002
2006,7,19,0,30,0,0,3,26.700000000000003
2006,7,19,1,30,0,0,3,26.200000000000003
2006,7,19,2,30,0,0,1,25.8
2006,7,19,3,30,0,0,0,25.5
2006,7,19,4,30,0,0,7,26
2006,7,19,5,30,37,3,7,28.1
2006,7,19,6,30,163,429,7,31
2006,7,19,7,30,136,6,6,33.1
2006,7,19,8,30,278,34,6,34.5
2006,7,19,9,30,547,281,7,35.6
2006,7,19,10,30,792,623,8,36.7
2006,7,19,11,30,728,410,8,37.6
2006,7,19,12,30,890,716,8,38.2
2006,7,19,13,30,849,668,8,38.300000000000004
2006,7,19,14,30,657,411,8,38.2
2006,7,19,15,30,513,195,3,37.7
2006,7,19,16,30,389,190,3,36.800000000000004
2006,7,19,17,30,202,36,3,34.9
2006,7,19,18,30,96,35,3,32.2
2006,7,19,19,30,0,0,1,30.1
2006,7,19,20,30,0,0,0,29
2006,7,19,21,30,0,0,0,28
2006,7,19,22,30,0,0,0,27.3
2006,7,19,23,30,0,0,0,26.700000000000003
2006,7,20,0,30,0,0,0,26.3
2006,7,20,1,30,0,0,0,25.900000000000002
2006,7,20,2,30,0,0,0,25.6
2006,7,20,3,30,0,0,0,25.400000000000002
2006,7,20,4,30,0,0,0,25.900000000000002
2006,7,20,5,30,54,262,0,28.8
2006,7,20,6,30,222,568,0,32.800000000000004
2006,7,20,7,30,418,722,0,35.9
2006,7,20,8,30,606,809,1,38.400000000000006
2006,7,20,9,30,767,857,1,40.2
2006,7,20,10,30,883,875,1,41.5
2006,7,20,11,30,952,890,1,42.400000000000006
2006,7,20,12,30,964,893,1,43
2006,7,20,13,30,924,901,0,43.2
2006,7,20,14,30,824,879,0,43
2006,7,20,15,30,680,841,0,42.400000000000006
2006,7,20,16,30,503,778,1,41.2
2006,7,20,17,30,309,667,1,38.900000000000006
2006,7,20,18,30,39,1,7,35.6
2006,7,20,19,30,0,0,7,33.2
2006,7,20,20,30,0,0,7,32
2006,7,20,21,30,0,0,7,31.200000000000003
2006,7,20,22,30,0,0,7,30.6
2006,7,20,23,30,0,0,7,30
2006,7,21,0,30,0,0,7,29.3
2006,7,21,1,30,0,0,7,28.700000000000003
2006,7,21,2,30,0,0,8,28.400000000000002
2006,7,21,3,30,0,0,6,28.3
2006,7,21,4,30,0,0,8,28.900000000000002
2006,7,21,5,30,19,0,6,31.3
2006,7,21,6,30,103,3,4,34.5
2006,7,21,7,30,190,10,4,37.6
2006,7,21,8,30,50,0,4,40.300000000000004
2006,7,21,9,30,461,189,8,42.2
2006,7,21,10,30,115,0,8,43.6
2006,7,21,11,30,58,0,8,44.300000000000004
2006,7,21,12,30,123,0,4,44.5
2006,7,21,13,30,610,232,8,44.2
2006,7,21,14,30,508,199,8,43.6
2006,7,21,15,30,555,445,8,42.5
2006,7,21,16,30,375,259,8,40.5
2006,7,21,17,30,146,6,4,37.7
2006,7,21,18,30,108,297,8,34.9
2006,7,21,19,30,0,0,7,33.1
2006,7,21,20,30,0,0,1,32.300000000000004
2006,7,21,21,30,0,0,1,31.8
2006,7,21,22,30,0,0,1,31.3
2006,7,21,23,30,0,0,0,30.700000000000003
2006,7,22,0,30,0,0,0,30.1
2006,7,22,1,30,0,0,0,29.6
2006,7,22,2,30,0,0,0,29.3
2006,7,22,3,30,0,0,0,28.900000000000002
2006,7,22,4,30,0,0,1,29.1
2006,7,22,5,30,47,225,1,30.900000000000002
2006,7,22,6,30,207,526,1,34.1
2006,7,22,7,30,397,682,0,37.300000000000004
2006,7,22,8,30,580,770,0,39.7
2006,7,22,9,30,739,825,0,41.800000000000004
2006,7,22,10,30,865,881,0,43.400000000000006
2006,7,22,11,30,936,899,0,44.5
2006,7,22,12,30,953,908,0,45.1
2006,7,22,13,30,909,898,0,45.300000000000004
2006,7,22,14,30,815,880,0,45.1
2006,7,22,15,30,674,844,0,44.5
2006,7,22,16,30,499,784,0,43.400000000000006
2006,7,22,17,30,307,676,0,41.1
2006,7,22,18,30,121,461,0,37.6
2006,7,22,19,30,0,0,0,35.2
2006,7,22,20,30,0,0,0,34.300000000000004
2006,7,22,21,30,0,0,0,33.6
2006,7,22,22,30,0,0,0,33
2006,7,22,23,30,0,0,0,32.6
2006,7,23,0,30,0,0,0,32.1
2006,7,23,1,30,0,0,0,31.400000000000002
2006,7,23,2,30,0,0,0,30.8
2006,7,23,3,30,0,0,1,30.400000000000002
2006,7,23,4,30,0,0,1,30.5
2006,7,23,5,30,34,1,3,32.1
2006,7,23,6,30,210,551,1,34.7
2006,7,23,7,30,399,695,0,36.7
2006,7,23,8,30,584,778,1,38.300000000000004
2006,7,23,9,30,742,827,0,39.400000000000006
2006,7,23,10,30,864,868,1,40.5
2006,7,23,11,30,937,887,0,41.900000000000006
2006,7,23,12,30,953,894,0,43.300000000000004
2006,7,23,13,30,910,879,0,44
2006,7,23,14,30,814,859,0,44.1
2006,7,23,15,30,670,818,0,43.6
2006,7,23,16,30,490,730,0,42.5
2006,7,23,17,30,297,611,1,40.1
2006,7,23,18,30,57,1,2,36.9
2006,7,23,19,30,0,0,0,34.6
2006,7,23,20,30,0,0,0,33.2
2006,7,23,21,30,0,0,0,32.300000000000004
2006,7,23,22,30,0,0,0,31.700000000000003
2006,7,23,23,30,0,0,0,31
2006,7,24,0,30,0,0,0,30.400000000000002
2006,7,24,1,30,0,0,0,29.8
2006,7,24,2,30,0,0,0,29.5
2006,7,24,3,30,0,0,0,29.1
2006,7,24,4,30,0,0,0,29.3
2006,7,24,5,30,46,234,1,31.700000000000003
2006,7,24,6,30,209,543,1,35.1
2006,7,24,7,30,401,696,0,37.7
2006,7,24,8,30,588,785,1,40
2006,7,24,9,30,735,608,2,42
2006,7,24,10,30,875,887,1,43.400000000000006
2006,7,24,11,30,905,711,2,44.400000000000006
2006,7,24,12,30,961,912,0,45
2006,7,24,13,30,916,895,0,45.2
2006,7,24,14,30,820,877,1,45
2006,7,24,15,30,677,843,0,44.400000000000006
2006,7,24,16,30,497,768,0,43.2
2006,7,24,17,30,304,659,0,40.6
2006,7,24,18,30,117,440,0,36.9
2006,7,24,19,30,0,0,0,34.5
2006,7,24,20,30,0,0,0,33.2
2006,7,24,21,30,0,0,0,32.2
2006,7,24,22,30,0,0,0,31.400000000000002
2006,7,24,23,30,0,0,0,30.6
2006,7,25,0,30,0,0,0,29.8
2006,7,25,1,30,0,0,0,29.200000000000003
2006,7,25,2,30,0,0,0,28.6
2006,7,25,3,30,0,0,0,28.3
2006,7,25,4,30,0,0,0,28.8
2006,7,25,5,30,46,265,0,31.3
2006,7,25,6,30,212,585,1,34.7
2006,7,25,7,30,406,728,0,37.5
2006,7,25,8,30,597,818,0,39.7
2006,7,25,9,30,762,873,0,41.5
2006,7,25,10,30,888,912,0,42.900000000000006
2006,7,25,11,30,962,933,0,43.900000000000006
2006,7,25,12,30,978,941,1,44.5
2006,7,25,13,30,936,937,0,44.7
2006,7,25,14,30,837,920,0,44.5
2006,7,25,15,30,693,889,0,43.800000000000004
2006,7,25,16,30,512,830,0,42.6
2006,7,25,17,30,312,721,0,40
2006,7,25,18,30,121,505,0,36
2006,7,25,19,30,0,0,0,33.2
2006,7,25,20,30,0,0,0,32
2006,7,25,21,30,0,0,0,31
2006,7,25,22,30,0,0,0,30.200000000000003
2006,7,25,23,30,0,0,0,29.700000000000003
2006,7,26,0,30,0,0,0,29.1
2006,7,26,1,30,0,0,0,28.3
2006,7,26,2,30,0,0,0,27.5
2006,7,26,3,30,0,0,0,26.8
2006,7,26,4,30,0,0,0,27
2006,7,26,5,30,46,281,0,29.400000000000002
2006,7,26,6,30,216,611,1,32.9
2006,7,26,7,30,415,763,0,35.800000000000004
2006,7,26,8,30,607,846,0,38.2
2006,7,26,9,30,774,899,1,40
2006,7,26,10,30,899,934,0,41.5
2006,7,26,11,30,970,948,0,42.6
2006,7,26,12,30,984,950,0,43.400000000000006
2006,7,26,13,30,936,930,0,43.900000000000006
2006,7,26,14,30,838,912,0,43.900000000000006
2006,7,26,15,30,690,875,0,43.300000000000004
2006,7,26,16,30,508,811,0,42.1
2006,7,26,17,30,310,701,0,39.5
2006,7,26,18,30,118,478,0,35.300000000000004
2006,7,26,19,30,0,0,0,32.2
2006,7,26,20,30,0,0,0,30.700000000000003
2006,7,26,21,30,0,0,0,29.700000000000003
2006,7,26,22,30,0,0,0,28.900000000000002
2006,7,26,23,30,0,0,0,28.1
2006,7,27,0,30,0,0,0,27.200000000000003
2006,7,27,1,30,0,0,0,26.3
2006,7,27,2,30,0,0,0,25.5
2006,7,27,3,30,0,0,0,24.8
2006,7,27,4,30,0,0,0,24.900000000000002
2006,7,27,5,30,46,301,0,27.1
2006,7,27,6,30,219,632,0,30.400000000000002
2006,7,27,7,30,423,786,0,33.300000000000004
2006,7,27,8,30,618,869,0,35.7
2006,7,27,9,30,787,920,1,37.800000000000004
2006,7,27,10,30,914,955,1,39.6
2006,7,27,11,30,990,974,0,40.900000000000006
2006,7,27,12,30,1005,978,0,41.900000000000006
2006,7,27,13,30,962,972,0,42.300000000000004
2006,7,27,14,30,863,956,0,42.1
2006,7,27,15,30,712,919,1,41.400000000000006
2006,7,27,16,30,525,855,1,40
2006,7,27,17,30,320,742,0,37.2
2006,7,27,18,30,122,518,0,33.1
2006,7,27,19,30,0,0,0,29.900000000000002
2006,7,27,20,30,0,0,0,28.3
2006,7,27,21,30,0,0,0,26.8
2006,7,27,22,30,0,0,0,25.700000000000003
2006,7,27,23,30,0,0,0,24.8
2006,7,28,0,30,0,0,0,23.900000000000002
2006,7,28,1,30,0,0,0,22.900000000000002
2006,7,28,2,30,0,0,0,22
2006,7,28,3,30,0,0,0,21.3
2006,7,28,4,30,0,0,0,21.200000000000003
2006,7,28,5,30,43,257,0,23.200000000000003
2006,7,28,6,30,215,600,0,26.3
2006,7,28,7,30,417,756,0,29
2006,7,28,8,30,610,839,0,31.3
2006,7,28,9,30,777,889,0,33.2
2006,7,28,10,30,906,935,0,34.9
2006,7,28,11,30,975,947,0,36.4
2006,7,28,12,30,989,951,0,37.5
2006,7,28,13,30,943,938,0,38.2
2006,7,28,14,30,841,917,0,38.300000000000004
2006,7,28,15,30,692,878,1,37.7
2006,7,28,16,30,507,807,0,36.5
2006,7,28,17,30,305,688,0,34.2
2006,7,28,18,30,113,454,0,30.6
2006,7,28,19,30,0,0,0,28.200000000000003
2006,7,28,20,30,0,0,0,27
2006,7,28,21,30,0,0,0,25.8
2006,7,28,22,30,0,0,0,24.6
2006,7,28,23,30,0,0,0,23.5
2006,7,29,0,30,0,0,0,22.700000000000003
2006,7,29,1,30,0,0,0,22
2006,7,29,2,30,0,0,0,21.1
2006,7,29,3,30,0,0,0,20.400000000000002
2006,7,29,4,30,0,0,0,20.1
2006,7,29,5,30,40,232,0,21.400000000000002
2006,7,29,6,30,207,575,1,23.700000000000003
2006,7,29,7,30,405,728,0,26
2006,7,29,8,30,596,816,0,28.200000000000003
2006,7,29,9,30,764,873,0,30.1
2006,7,29,10,30,888,906,0,31.8
2006,7,29,11,30,961,925,1,33.300000000000004
2006,7,29,12,30,975,931,1,34.300000000000004
2006,7,29,13,30,932,929,0,34.9
2006,7,29,14,30,829,907,1,34.9
2006,7,29,15,30,679,866,1,34.4
2006,7,29,16,30,497,802,1,33.5
2006,7,29,17,30,297,685,0,31.8
2006,7,29,18,30,109,452,0,29
2006,7,29,19,30,0,0,0,26.8
2006,7,29,20,30,0,0,0,25.700000000000003
2006,7,29,21,30,0,0,0,24.6
2006,7,29,22,30,0,0,0,23.6
2006,7,29,23,30,0,0,0,22.700000000000003
2006,7,30,0,30,0,0,0,22.1
2006,7,30,1,30,0,0,0,21.6
2006,7,30,2,30,0,0,0,21.1
2006,7,30,3,30,0,0,0,20.6
2006,7,30,4,30,0,0,0,20.5
2006,7,30,5,30,38,247,0,22
2006,7,30,6,30,204,592,1,24.5
2006,7,30,7,30,401,754,0,26.900000000000002
2006,7,30,8,30,593,839,0,28.900000000000002
2006,7,30,9,30,757,889,0,30.8
2006,7,30,10,30,882,922,0,32.5
2006,7,30,11,30,955,938,0,33.800000000000004
2006,7,30,12,30,971,944,0,34.800000000000004
2006,7,30,13,30,924,929,0,35.300000000000004
2006,7,30,14,30,824,909,0,35.4
2006,7,30,15,30,677,871,0,35
2006,7,30,16,30,498,819,0,34.1
2006,7,30,17,30,300,712,0,32.1
2006,7,30,18,30,110,491,0,28.8
2006,7,30,19,30,0,0,0,26.400000000000002
2006,7,30,20,30,0,0,0,25.3
2006,7,30,21,30,0,0,0,24.3
2006,7,30,22,30,0,0,0,23.400000000000002
2006,7,30,23,30,0,0,0,22.6
2006,7,31,0,30,0,0,0,21.900000000000002
2006,7,31,1,30,0,0,0,21.200000000000003
2006,7,31,2,30,0,0,0,20.700000000000003
2006,7,31,3,30,0,0,1,20.200000000000003
2006,7,31,4,30,0,0,1,20.3
2006,7,31,5,30,22,0,4,21.8
2006,7,31,6,30,202,595,1,24.1
2006,7,31,7,30,400,751,0,26.1
2006,7,31,8,30,591,834,0,28
2006,7,31,9,30,757,885,0,29.900000000000002
2006,7,31,10,30,877,893,0,31.5
2006,7,31,11,30,952,916,0,32.7
2006,7,31,12,30,969,925,0,33.5
2006,7,31,13,30,922,904,0,33.9
2006,7,31,14,30,823,885,0,34
2006,7,31,15,30,675,846,0,33.5
2006,7,31,16,30,491,774,0,32.7
2006,7,31,17,30,291,652,0,30.700000000000003
2006,7,31,18,30,102,408,0,27.3
2006,7,31,19,30,0,0,0,24.8
2006,7,31,20,30,0,0,0,23.8
2006,7,31,21,30,0,0,0,22.6
2006,7,31,22,30,0,0,0,21.400000000000002
2006,7,31,23,30,0,0,0,20.5
2006,8,1,0,30,0,0,0,19.700000000000003
2006,8,1,1,30,0,0,0,19.3
2006,8,1,2,30,0,0,0,19
2006,8,1,3,30,0,0,0,18.7
2006,8,1,4,30,0,0,0,18.7
2006,8,1,5,30,35,215,0,20.5
2006,8,1,6,30,201,572,0,23.6
2006,8,1,7,30,402,739,0,26.6
2006,8,1,8,30,599,833,0,29
2006,8,1,9,30,767,887,0,31.200000000000003
2006,8,1,10,30,889,899,0,33
2006,8,1,11,30,962,916,0,34.300000000000004
2006,8,1,12,30,979,922,0,35.1
2006,8,1,13,30,929,898,0,35.4
2006,8,1,14,30,829,878,0,35.5
2006,8,1,15,30,679,835,0,35.1
2006,8,1,16,30,494,765,0,34.2
2006,8,1,17,30,291,637,0,31.700000000000003
2006,8,1,18,30,100,380,0,28
2006,8,1,19,30,0,0,0,25.5
2006,8,1,20,30,0,0,0,24.3
2006,8,1,21,30,0,0,0,23.200000000000003
2006,8,1,22,30,0,0,0,22.3
2006,8,1,23,30,0,0,0,21.5
2006,8,2,0,30,0,0,0,20.8
2006,8,2,1,30,0,0,0,20.400000000000002
2006,8,2,2,30,0,0,0,20.3
2006,8,2,3,30,0,0,0,20.200000000000003
2006,8,2,4,30,0,0,0,20.400000000000002
2006,8,2,5,30,32,190,0,22.700000000000003
2006,8,2,6,30,198,558,1,26.5
2006,8,2,7,30,400,731,0,29.8
2006,8,2,8,30,595,826,0,32.4
2006,8,2,9,30,764,882,0,34.5
2006,8,2,10,30,884,893,1,36.1
2006,8,2,11,30,959,912,0,37.2
2006,8,2,12,30,974,914,0,37.800000000000004
2006,8,2,13,30,915,860,0,38
2006,8,2,14,30,812,830,0,37.800000000000004
2006,8,2,15,30,661,779,0,37.2
2006,8,2,16,30,476,696,0,36
2006,8,2,17,30,275,550,0,33.2
2006,8,2,18,30,89,281,0,29.3
2006,8,2,19,30,0,0,0,26.8
2006,8,2,20,30,0,0,0,25.5
2006,8,2,21,30,0,0,0,24.400000000000002
2006,8,2,22,30,0,0,0,23.5
2006,8,2,23,30,0,0,0,22.900000000000002
2006,8,3,0,30,0,0,0,22.200000000000003
2006,8,3,1,30,0,0,0,21.6
2006,8,3,2,30,0,0,0,21.6
2006,8,3,3,30,0,0,0,21.700000000000003
2006,8,3,4,30,0,0,0,21.900000000000002
2006,8,3,5,30,28,122,0,23.400000000000002
2006,8,3,6,30,188,484,0,26.400000000000002
2006,8,3,7,30,385,669,0,29.400000000000002
2006,8,3,8,30,579,772,0,32.1
2006,8,3,9,30,748,834,0,34.2
2006,8,3,10,30,867,848,0,35.800000000000004
2006,8,3,11,30,944,873,0,36.800000000000004
2006,8,3,12,30,958,881,0,37.4
2006,8,3,13,30,913,876,0,37.7
2006,8,3,14,30,815,859,0,37.6
2006,8,3,15,30,666,820,0,37
2006,8,3,16,30,482,750,0,35.9
2006,8,3,17,30,281,622,0,33.2
2006,8,3,18,30,93,360,0,29.3
2006,8,3,19,30,0,0,0,26.8
2006,8,3,20,30,0,0,0,25.700000000000003
2006,8,3,21,30,0,0,0,24.700000000000003
2006,8,3,22,30,0,0,0,23.900000000000002
2006,8,3,23,30,0,0,0,23.3
2006,8,4,0,30,0,0,0,22.8
2006,8,4,1,30,0,0,0,22.400000000000002
2006,8,4,2,30,0,0,0,21.700000000000003
2006,8,4,3,30,0,0,0,21.1
2006,8,4,4,30,0,0,0,20.8
2006,8,4,5,30,26,111,1,22
2006,8,4,6,30,182,465,0,24.3
2006,8,4,7,30,376,649,0,26.6
2006,8,4,8,30,566,750,0,28.900000000000002
2006,8,4,9,30,729,808,0,30.900000000000002
2006,8,4,10,30,856,857,1,32.6
2006,8,4,11,30,926,872,0,34
2006,8,4,12,30,941,878,0,35.5
2006,8,4,13,30,896,871,0,36.6
2006,8,4,14,30,796,848,0,37
2006,8,4,15,30,650,806,0,36.800000000000004
2006,8,4,16,30,456,456,2,35.9
2006,8,4,17,30,271,598,0,33.7
2006,8,4,18,30,87,333,1,30.200000000000003
2006,8,4,19,30,0,0,0,27.8
2006,8,4,20,30,0,0,0,26.6
2006,8,4,21,30,0,0,0,25.5
2006,8,4,22,30,0,0,0,24.6
2006,8,4,23,30,0,0,0,23.8
2006,8,5,0,30,0,0,0,23.200000000000003
2006,8,5,1,30,0,0,1,22.700000000000003
2006,8,5,2,30,0,0,7,22.3
2006,8,5,3,30,0,0,1,22
2006,8,5,4,30,0,0,7,21.700000000000003
2006,8,5,5,30,23,87,1,22.400000000000002
2006,8,5,6,30,173,416,1,24.400000000000002
2006,8,5,7,30,362,603,1,26.900000000000002
2006,8,5,8,30,551,712,0,29.400000000000002
2006,8,5,9,30,713,778,0,31.5
2006,8,5,10,30,836,821,0,33.2
2006,8,5,11,30,908,840,1,34.5
2006,8,5,12,30,922,845,0,35.300000000000004
2006,8,5,13,30,881,851,0,35.7
2006,8,5,14,30,781,823,0,35.6
2006,8,5,15,30,636,780,0,35.1
2006,8,5,16,30,458,708,0,33.9
2006,8,5,17,30,263,578,0,31.900000000000002
2006,8,5,18,30,84,324,0,29
2006,8,5,19,30,0,0,0,26.5
2006,8,5,20,30,0,0,0,25.1
2006,8,5,21,30,0,0,0,24
2006,8,5,22,30,0,0,0,23
2006,8,5,23,30,0,0,0,22.3
2006,8,6,0,30,0,0,0,21.8
2006,8,6,1,30,0,0,0,21.400000000000002
2006,8,6,2,30,0,0,7,21.1
2006,8,6,3,30,0,0,7,20.900000000000002
2006,8,6,4,30,0,0,7,20.900000000000002
2006,8,6,5,30,19,1,7,22.3
2006,8,6,6,30,174,451,1,25
2006,8,6,7,30,283,126,3,27.700000000000003
2006,8,6,8,30,556,741,0,30.1
2006,8,6,9,30,721,806,0,32.2
2006,8,6,10,30,851,864,0,34
2006,8,6,11,30,924,887,0,35.4
2006,8,6,12,30,942,897,0,36.300000000000004
2006,8,6,13,30,897,884,0,36.9
2006,8,6,14,30,800,872,0,37.1
2006,8,6,15,30,654,837,0,36.7
2006,8,6,16,30,470,762,0,35.6
2006,8,6,17,30,267,610,0,33.4
2006,8,6,18,30,81,310,0,30.200000000000003
2006,8,6,19,30,0,0,0,27.6
2006,8,6,20,30,0,0,0,26.200000000000003
2006,8,6,21,30,0,0,8,25
2006,8,6,22,30,0,0,7,24.1
2006,8,6,23,30,0,0,8,23.5
2006,8,7,0,30,0,0,7,22.900000000000002
2006,8,7,1,30,0,0,7,22.1
2006,8,7,2,30,0,0,8,21.1
2006,8,7,3,30,0,0,7,20.200000000000003
2006,8,7,4,30,0,0,8,19.6
2006,8,7,5,30,14,0,7,20.3
2006,8,7,6,30,171,442,1,22.1
2006,8,7,7,30,362,626,0,24.200000000000003
2006,8,7,8,30,552,731,0,26.1
2006,8,7,9,30,717,796,0,27.6
2006,8,7,10,30,842,836,0,28.8
2006,8,7,11,30,915,856,0,29.700000000000003
2006,8,7,12,30,930,863,0,30.5
2006,8,7,13,30,887,861,0,31
2006,8,7,14,30,788,840,1,31.200000000000003
2006,8,7,15,30,641,801,0,30.8
2006,8,7,16,30,460,730,1,29.8
2006,8,7,17,30,264,601,0,28
2006,8,7,18,30,81,336,0,25.400000000000002
2006,8,7,19,30,0,0,0,23.1
2006,8,7,20,30,0,0,0,21.6
2006,8,7,21,30,0,0,0,20.5
2006,8,7,22,30,0,0,0,19.700000000000003
2006,8,7,23,30,0,0,0,19
2006,8,8,0,30,0,0,0,18.3
2006,8,8,1,30,0,0,0,17.7
2006,8,8,2,30,0,0,0,17.1
2006,8,8,3,30,0,0,0,16.6
2006,8,8,4,30,0,0,0,16.7
2006,8,8,5,30,23,140,0,18.7
2006,8,8,6,30,179,515,1,22.1
2006,8,8,7,30,376,693,0,25
2006,8,8,8,30,568,790,0,27.400000000000002
2006,8,8,9,30,735,848,0,29.5
2006,8,8,10,30,859,886,0,31.400000000000002
2006,8,8,11,30,931,904,0,32.800000000000004
2006,8,8,12,30,943,907,0,33.9
2006,8,8,13,30,894,887,0,34.6
2006,8,8,14,30,792,866,0,34.9
2006,8,8,15,30,643,823,0,34.7
2006,8,8,16,30,460,749,0,33.9
2006,8,8,17,30,262,617,0,32
2006,8,8,18,30,79,350,0,29.400000000000002
2006,8,8,19,30,0,0,0,27.8
2006,8,8,20,30,0,0,0,26.900000000000002
2006,8,8,21,30,0,0,0,25.6
2006,8,8,22,30,0,0,0,24.200000000000003
2006,8,8,23,30,0,0,0,23.3
2006,8,9,0,30,0,0,0,22.700000000000003
2006,8,9,1,30,0,0,0,22.3
2006,8,9,2,30,0,0,0,21.700000000000003
2006,8,9,3,30,0,0,0,21.200000000000003
2006,8,9,4,30,0,0,0,21.1
2006,8,9,5,30,22,169,0,22.8
2006,8,9,6,30,181,557,1,26.6
2006,8,9,7,30,381,735,0,30.8
2006,8,9,8,30,578,834,0,34.1
2006,8,9,9,30,746,891,0,36.4
2006,8,9,10,30,876,932,0,38.300000000000004
2006,8,9,11,30,948,949,0,39.6
2006,8,9,12,30,964,954,0,40.300000000000004
2006,8,9,13,30,913,931,0,40.6
2006,8,9,14,30,809,907,0,40.300000000000004
2006,8,9,15,30,657,864,0,39.6
2006,8,9,16,30,471,792,0,38.300000000000004
2006,8,9,17,30,269,667,0,35.4
2006,8,9,18,30,80,395,0,31.400000000000002
2006,8,9,19,30,0,0,0,29
2006,8,9,20,30,0,0,0,27.900000000000002
2006,8,9,21,30,0,0,0,27.200000000000003
2006,8,9,22,30,0,0,0,26.6
2006,8,9,23,30,0,0,0,25.900000000000002
2006,8,10,0,30,0,0,0,25.400000000000002
2006,8,10,1,30,0,0,0,24.700000000000003
2006,8,10,2,30,0,0,0,24
2006,8,10,3,30,0,0,0,23.200000000000003
2006,8,10,4,30,0,0,0,22.900000000000002
2006,8,10,5,30,20,144,0,24.700000000000003
2006,8,10,6,30,177,535,1,27.700000000000003
2006,8,10,7,30,373,704,0,30
2006,8,10,8,30,565,795,0,32.1
2006,8,10,9,30,730,849,0,34.1
2006,8,10,10,30,858,896,0,35.800000000000004
2006,8,10,11,30,930,911,0,37.2
2006,8,10,12,30,945,916,0,38.1
2006,8,10,13,30,898,912,0,38.7
2006,8,10,14,30,797,890,0,38.800000000000004
2006,8,10,15,30,646,845,0,38.400000000000006
2006,8,10,16,30,460,771,0,37.4
2006,8,10,17,30,260,637,0,35
2006,8,10,18,30,75,364,0,31.3
2006,8,10,19,30,0,0,0,28.8
2006,8,10,20,30,0,0,0,27.5
2006,8,10,21,30,0,0,0,26.200000000000003
2006,8,10,22,30,0,0,0,25
2006,8,10,23,30,0,0,0,24.200000000000003
2006,8,11,0,30,0,0,0,23.5
2006,8,11,1,30,0,0,0,22.8
2006,8,11,2,30,0,0,0,21.900000000000002
2006,8,11,3,30,0,0,0,21.1
2006,8,11,4,30,0,0,0,20.8
2006,8,11,5,30,20,178,0,22.8
2006,8,11,6,30,184,595,0,25.900000000000002
2006,8,11,7,30,385,749,0,28.3
2006,8,11,8,30,586,849,0,30.400000000000002
2006,8,11,9,30,757,904,0,32.4
2006,8,11,10,30,887,947,0,34.300000000000004
2006,8,11,11,30,963,966,0,35.6
2006,8,11,12,30,976,969,0,36.5
2006,8,11,13,30,926,953,0,37
2006,8,11,14,30,817,925,0,36.9
2006,8,11,15,30,663,883,0,36.300000000000004
2006,8,11,16,30,473,810,0,35.2
2006,8,11,17,30,267,677,0,32.4
2006,8,11,18,30,76,389,0,28.5
2006,8,11,19,30,0,0,0,26.1
2006,8,11,20,30,0,0,0,25
2006,8,11,21,30,0,0,0,23.8
2006,8,11,22,30,0,0,0,22.8
2006,8,11,23,30,0,0,0,21.900000000000002
2006,8,12,0,30,0,0,0,21.1
2006,8,12,1,30,0,0,0,20.5
2006,8,12,2,30,0,0,0,20
2006,8,12,3,30,0,0,0,19.400000000000002
2006,8,12,4,30,0,0,0,19.1
2006,8,12,5,30,18,141,0,20.400000000000002
2006,8,12,6,30,175,550,0,23.400000000000002
2006,8,12,7,30,375,724,0,26.8
2006,8,12,8,30,572,822,0,30.1
2006,8,12,9,30,744,882,0,32.9
2006,8,12,10,30,874,930,0,35
2006,8,12,11,30,949,949,0,36.6
2006,8,12,12,30,962,952,0,37.4
2006,8,12,13,30,914,943,0,37.7
2006,8,12,14,30,812,925,0,37.5
2006,8,12,15,30,658,884,0,36.9
2006,8,12,16,30,471,817,0,35.6
2006,8,12,17,30,264,686,0,32.6
2006,8,12,18,30,74,401,0,28.6
2006,8,12,19,30,0,0,0,26.200000000000003
2006,8,12,20,30,0,0,0,25
2006,8,12,21,30,0,0,0,23.8
2006,8,12,22,30,0,0,0,22.8
2006,8,12,23,30,0,0,0,22.200000000000003
2006,8,13,0,30,0,0,0,21.6
2006,8,13,1,30,0,0,0,20.8
2006,8,13,2,30,0,0,0,20
2006,8,13,3,30,0,0,0,19.400000000000002
2006,8,13,4,30,0,0,0,19.400000000000002
2006,8,13,5,30,17,146,0,21.8
2006,8,13,6,30,175,564,1,25.700000000000003
2006,8,13,7,30,377,743,1,29
2006,8,13,8,30,572,833,0,31.5
2006,8,13,9,30,741,887,1,33.300000000000004
2006,8,13,10,30,869,925,1,34.7
2006,8,13,11,30,941,940,0,35.9
2006,8,13,12,30,953,942,1,36.6
2006,8,13,13,30,902,926,0,36.9
2006,8,13,14,30,796,901,0,36.800000000000004
2006,8,13,15,30,645,860,0,36.2
2006,8,13,16,30,457,785,0,35
2006,8,13,17,30,253,647,0,32.4
2006,8,13,18,30,67,348,0,28.8
2006,8,13,19,30,0,0,0,26.700000000000003
2006,8,13,20,30,0,0,0,25.700000000000003
2006,8,13,21,30,0,0,0,24.6
2006,8,13,22,30,0,0,0,23.700000000000003
2006,8,13,23,30,0,0,0,23
2006,8,14,0,30,0,0,0,22.200000000000003
2006,8,14,1,30,0,0,0,21.6
2006,8,14,2,30,0,0,0,21.200000000000003
2006,8,14,3,30,0,0,0,20.8
2006,8,14,4,30,0,0,0,20.6
2006,8,14,5,30,14,86,0,21.900000000000002
2006,8,14,6,30,164,492,1,24.6
2006,8,14,7,30,361,682,1,27.1
2006,8,14,8,30,555,783,0,29.200000000000003
2006,8,14,9,30,722,842,0,31
2006,8,14,10,30,847,877,0,32.6
2006,8,14,11,30,919,894,0,34.1
2006,8,14,12,30,931,899,0,35.2
2006,8,14,13,30,889,909,0,35.800000000000004
2006,8,14,14,30,787,887,0,36
2006,8,14,15,30,636,846,0,35.7
2006,8,14,16,30,449,768,0,34.800000000000004
2006,8,14,17,30,247,627,0,32.2
2006,8,14,18,30,63,323,0,28.6
2006,8,14,19,30,0,0,0,26.3
2006,8,14,20,30,0,0,0,25.1
2006,8,14,21,30,0,0,0,23.8
2006,8,14,22,30,0,0,0,22.900000000000002
2006,8,14,23,30,0,0,0,22.1
2006,8,15,0,30,0,0,0,21.400000000000002
2006,8,15,1,30,0,0,0,20.700000000000003
2006,8,15,2,30,0,0,0,19.8
2006,8,15,3,30,0,0,0,19.1
2006,8,15,4,30,0,0,0,18.7
2006,8,15,5,30,13,94,0,19.900000000000002
2006,8,15,6,30,164,511,1,22.5
2006,8,15,7,30,363,703,0,25.1
2006,8,15,8,30,559,804,0,27.5
2006,8,15,9,30,728,865,0,29.700000000000003
2006,8,15,10,30,855,900,0,31.400000000000002
2006,8,15,11,30,928,920,0,33
2006,8,15,12,30,944,928,0,34.300000000000004
2006,8,15,13,30,893,915,0,35
2006,8,15,14,30,789,894,0,35.1
2006,8,15,15,30,635,851,0,34.6
2006,8,15,16,30,446,772,0,33.6
2006,8,15,17,30,244,630,0,31.200000000000003
2006,8,15,18,30,60,328,0,27.900000000000002
2006,8,15,19,30,0,0,0,25.900000000000002
2006,8,15,20,30,0,0,0,24.8
2006,8,15,21,30,0,0,0,23.6
2006,8,15,22,30,0,0,0,22.700000000000003
2006,8,15,23,30,0,0,0,21.8
2006,8,16,0,30,0,0,0,21
2006,8,16,1,30,0,0,0,20.200000000000003
2006,8,16,2,30,0,0,0,19.5
2006,8,16,3,30,0,0,0,18.900000000000002
2006,8,16,4,30,0,0,0,18.400000000000002
2006,8,16,5,30,13,118,0,19.5
2006,8,16,6,30,168,555,1,21.900000000000002
2006,8,16,7,30,370,743,0,24.1
2006,8,16,8,30,570,843,0,26.1
2006,8,16,9,30,741,900,0,28
2006,8,16,10,30,872,941,0,29.700000000000003
2006,8,16,11,30,945,958,0,31.200000000000003
2006,8,16,12,30,958,962,0,32.2
2006,8,16,13,30,907,947,0,32.800000000000004
2006,8,16,14,30,799,921,0,33
2006,8,16,15,30,643,874,0,32.6
2006,8,16,16,30,451,793,0,31.6
2006,8,16,17,30,245,646,0,29.1
2006,8,16,18,30,58,323,0,25.8
2006,8,16,19,30,0,0,0,23.900000000000002
2006,8,16,20,30,0,0,0,22.900000000000002
2006,8,16,21,30,0,0,0,21.6
2006,8,16,22,30,0,0,0,20.5
2006,8,16,23,30,0,0,0,19.5
2006,8,17,0,30,0,0,0,18.6
2006,8,17,1,30,0,0,0,18
2006,8,17,2,30,0,0,0,17.7
2006,8,17,3,30,0,0,0,17.5
2006,8,17,4,30,0,0,0,17.400000000000002
2006,8,17,5,30,12,106,0,19.6
2006,8,17,6,30,166,554,1,23.700000000000003
2006,8,17,7,30,373,751,0,27.700000000000003
2006,8,17,8,30,573,851,0,31.1
2006,8,17,9,30,746,909,0,33.7
2006,8,17,10,30,878,948,0,35.7
2006,8,17,11,30,952,966,0,37
2006,8,17,12,30,964,969,1,37.800000000000004
2006,8,17,13,30,913,958,0,37.9
2006,8,17,14,30,805,934,0,37.7
2006,8,17,15,30,648,892,0,36.9
2006,8,17,16,30,455,815,0,35.5
2006,8,17,17,30,247,674,0,32.300000000000004
2006,8,17,18,30,58,358,0,29.1
2006,8,17,19,30,0,0,0,28
2006,8,17,20,30,0,0,0,26.8
2006,8,17,21,30,0,0,0,24.900000000000002
2006,8,17,22,30,0,0,0,23.3
2006,8,17,23,30,0,0,0,22.200000000000003
2006,8,18,0,30,0,0,0,21.5
2006,8,18,1,30,0,0,0,20.900000000000002
2006,8,18,2,30,0,0,0,20.3
2006,8,18,3,30,0,0,0,19.900000000000002
2006,8,18,4,30,0,0,0,19.700000000000003
2006,8,18,5,30,0,0,0,21.900000000000002
2006,8,18,6,30,166,563,1,26.200000000000003
2006,8,18,7,30,371,752,0,30.1
2006,8,18,8,30,569,845,0,33
2006,8,18,9,30,740,900,0,35.300000000000004
2006,8,18,10,30,869,938,1,37
2006,8,18,11,30,938,948,0,38.1
2006,8,18,12,30,948,948,0,38.6
2006,8,18,13,30,895,924,0,38.800000000000004
2006,8,18,14,30,784,890,0,38.6
2006,8,18,15,30,627,838,0,38
2006,8,18,16,30,434,747,0,36.800000000000004
2006,8,18,17,30,230,587,0,33.5
2006,8,18,18,30,49,242,0,29.6
2006,8,18,19,30,0,0,0,27.400000000000002
2006,8,18,20,30,0,0,0,26.1
2006,8,18,21,30,0,0,0,25
2006,8,18,22,30,0,0,0,24.200000000000003
2006,8,18,23,30,0,0,0,23.3
2006,8,19,0,30,0,0,0,22.3
2006,8,19,1,30,0,0,0,21.6
2006,8,19,2,30,0,0,0,21
2006,8,19,3,30,0,0,0,20.5
2006,8,19,4,30,0,0,0,20.1
2006,8,19,5,30,0,0,1,21.5
2006,8,19,6,30,109,19,3,24.700000000000003
2006,8,19,7,30,350,665,0,27.700000000000003
2006,8,19,8,30,545,775,0,30.400000000000002
2006,8,19,9,30,714,838,0,32.6
2006,8,19,10,30,840,876,1,34.300000000000004
2006,8,19,11,30,912,894,0,35.5
2006,8,19,12,30,923,898,0,36.6
2006,8,19,13,30,878,905,0,37.4
2006,8,19,14,30,770,876,0,37.6
2006,8,19,15,30,615,826,0,37
2006,8,19,16,30,428,744,0,35.9
2006,8,19,17,30,225,589,0,32.9
2006,8,19,18,30,46,250,0,29.1
2006,8,19,19,30,0,0,0,27.1
2006,8,19,20,30,0,0,0,26
2006,8,19,21,30,0,0,0,24.8
2006,8,19,22,30,0,0,0,24
2006,8,19,23,30,0,0,0,23.3
2006,8,20,0,30,0,0,0,22.6
2006,8,20,1,30,0,0,0,21.900000000000002
2006,8,20,2,30,0,0,0,21.3
2006,8,20,3,30,0,0,0,20.700000000000003
2006,8,20,4,30,0,0,0,20.3
2006,8,20,5,30,0,0,0,21.400000000000002
2006,8,20,6,30,111,26,3,24.3
2006,8,20,7,30,352,691,1,27.3
2006,8,20,8,30,475,501,8,29.900000000000002
2006,8,20,9,30,582,291,2,32
2006,8,20,10,30,753,647,8,33.6
2006,8,20,11,30,821,682,8,35.1
2006,8,20,12,30,928,919,1,36.1
2006,8,20,13,30,832,739,8,36.4
2006,8,20,14,30,695,648,8,36.2
2006,8,20,15,30,578,616,8,35.800000000000004
2006,8,20,16,30,356,376,8,35
2006,8,20,17,30,223,602,0,32.4
2006,8,20,18,30,28,0,3,28.8
2006,8,20,19,30,0,0,0,26.700000000000003
2006,8,20,20,30,0,0,0,25.400000000000002
2006,8,20,21,30,0,0,7,24.1
2006,8,20,22,30,0,0,7,23.3
2006,8,20,23,30,0,0,7,22.700000000000003
2006,8,21,0,30,0,0,7,22.3
2006,8,21,1,30,0,0,1,21.700000000000003
2006,8,21,2,30,0,0,0,21
2006,8,21,3,30,0,0,0,20.5
2006,8,21,4,30,0,0,0,20.200000000000003
2006,8,21,5,30,0,0,0,21.700000000000003
2006,8,21,6,30,151,512,1,24.700000000000003
2006,8,21,7,30,353,717,0,27.400000000000002
2006,8,21,8,30,551,820,0,29.6
2006,8,21,9,30,721,878,0,31.6
2006,8,21,10,30,848,909,0,33.300000000000004
2006,8,21,11,30,919,926,0,34.5
2006,8,21,12,30,933,932,0,35.5
2006,8,21,13,30,890,943,0,36.1
2006,8,21,14,30,782,921,0,36.2
2006,8,21,15,30,627,883,0,35.7
2006,8,21,16,30,435,806,0,34.6
2006,8,21,17,30,228,657,0,31.8
2006,8,21,18,30,45,314,0,28.5
2006,8,21,19,30,0,0,0,26.6
2006,8,21,20,30,0,0,0,25.3
2006,8,21,21,30,0,0,0,24.1
2006,8,21,22,30,0,0,0,23
2006,8,21,23,30,0,0,0,22.200000000000003
2006,8,22,0,30,0,0,0,21.700000000000003
2006,8,22,1,30,0,0,0,21.3
2006,8,22,2,30,0,0,0,20.900000000000002
2006,8,22,3,30,0,0,0,20.5
2006,8,22,4,30,0,0,0,20.400000000000002
2006,8,22,5,30,0,0,1,22.1
2006,8,22,6,30,111,35,3,26
2006,8,22,7,30,358,746,0,29.5
2006,8,22,8,30,558,848,0,32
2006,8,22,9,30,729,904,0,34
2006,8,22,10,30,858,935,0,35.5
2006,8,22,11,30,931,952,0,36.6
2006,8,22,12,30,941,955,0,37.300000000000004
2006,8,22,13,30,891,952,0,37.7
2006,8,22,14,30,782,926,0,37.6
2006,8,22,15,30,623,880,0,36.9
2006,8,22,16,30,427,783,0,35.7
2006,8,22,17,30,221,629,0,32.5
2006,8,22,18,30,40,267,0,28.5
2006,8,22,19,30,0,0,0,26.6
2006,8,22,20,30,0,0,0,25.5
2006,8,22,21,30,0,0,0,24.400000000000002
2006,8,22,22,30,0,0,0,23.5
2006,8,22,23,30,0,0,0,22.700000000000003
2006,8,23,0,30,0,0,0,21.8
2006,8,23,1,30,0,0,0,20.900000000000002
2006,8,23,2,30,0,0,0,20.1
2006,8,23,3,30,0,0,0,19.5
2006,8,23,4,30,0,0,0,19.1
2006,8,23,5,30,0,0,1,20.700000000000003
2006,8,23,6,30,154,564,1,24.200000000000003
2006,8,23,7,30,360,765,0,27.200000000000003
2006,8,23,8,30,561,863,0,29.900000000000002
2006,8,23,9,30,737,923,0,32.6
2006,8,23,10,30,865,955,0,34.9
2006,8,23,11,30,941,974,0,36.7
2006,8,23,12,30,951,976,0,37.7
2006,8,23,13,30,898,964,0,38.1
2006,8,23,14,30,787,939,0,38
2006,8,23,15,30,626,890,0,37.300000000000004
2006,8,23,16,30,430,806,0,35.800000000000004
2006,8,23,17,30,220,645,0,32.1
2006,8,23,18,30,37,271,0,28
2006,8,23,19,30,0,0,0,26
2006,8,23,20,30,0,0,0,24.900000000000002
2006,8,23,21,30,0,0,0,23.8
2006,8,23,22,30,0,0,0,22.900000000000002
2006,8,23,23,30,0,0,0,22.200000000000003
2006,8,24,0,30,0,0,0,21.6
2006,8,24,1,30,0,0,0,21.3
2006,8,24,2,30,0,0,0,21.1
2006,8,24,3,30,0,0,0,20.900000000000002
2006,8,24,4,30,0,0,0,20.8
2006,8,24,5,30,0,0,1,22.200000000000003
2006,8,24,6,30,146,513,1,25.700000000000003
2006,8,24,7,30,347,714,1,29.400000000000002
2006,8,24,8,30,543,816,0,31.700000000000003
2006,8,24,9,30,714,875,0,33.7
2006,8,24,10,30,828,699,2,35.2
2006,8,24,11,30,916,947,0,36.300000000000004
2006,8,24,12,30,924,946,0,36.9
2006,8,24,13,30,872,933,0,37.2
2006,8,24,14,30,760,904,0,36.9
2006,8,24,15,30,602,852,1,36.2
2006,8,24,16,30,409,761,0,34.9
2006,8,24,17,30,206,595,0,31.900000000000002
2006,8,24,18,30,32,224,0,28.3
2006,8,24,19,30,0,0,0,26.400000000000002
2006,8,24,20,30,0,0,0,25.400000000000002
2006,8,24,21,30,0,0,0,24.400000000000002
2006,8,24,22,30,0,0,0,23.5
2006,8,24,23,30,0,0,0,22.700000000000003
2006,8,25,0,30,0,0,0,22
2006,8,25,1,30,0,0,0,21.200000000000003
2006,8,25,2,30,0,0,0,20.6
2006,8,25,3,30,0,0,0,20
2006,8,25,4,30,0,0,0,19.200000000000003
2006,8,25,5,30,0,0,0,19.700000000000003
2006,8,25,6,30,100,19,3,21.900000000000002
2006,8,25,7,30,342,711,0,24.700000000000003
2006,8,25,8,30,540,820,0,27.5
2006,8,25,9,30,712,885,0,30.200000000000003
2006,8,25,10,30,840,926,0,32.300000000000004
2006,8,25,11,30,911,943,0,33.9
2006,8,25,12,30,921,946,0,34.9
2006,8,25,13,30,868,931,0,35.300000000000004
2006,8,25,14,30,759,906,0,35.2
2006,8,25,15,30,601,859,0,34.7
2006,8,25,16,30,409,773,0,33.6
2006,8,25,17,30,203,605,0,30.5
2006,8,25,18,30,30,224,0,26.900000000000002
2006,8,25,19,30,0,0,0,25.1
2006,8,25,20,30,0,0,0,24
2006,8,25,21,30,0,0,0,23.1
2006,8,25,22,30,0,0,0,22.400000000000002
2006,8,25,23,30,0,0,0,21.700000000000003
2006,8,26,0,30,0,0,0,21
2006,8,26,1,30,0,0,0,20.200000000000003
2006,8,26,2,30,0,0,0,19.5
2006,8,26,3,30,0,0,0,19
2006,8,26,4,30,0,0,0,18.8
2006,8,26,5,30,0,0,0,20.400000000000002
2006,8,26,6,30,90,9,3,23.6
2006,8,26,7,30,347,752,0,27.3
2006,8,26,8,30,546,854,0,31.1
2006,8,26,9,30,720,914,1,33.9
2006,8,26,10,30,845,943,1,35.9
2006,8,26,11,30,917,958,1,37.4
2006,8,26,12,30,926,960,0,38.400000000000006
2006,8,26,13,30,873,946,1,38.7
2006,8,26,14,30,762,921,0,38.5
2006,8,26,15,30,603,874,0,37.800000000000004
2006,8,26,16,30,410,791,0,36.5
2006,8,26,17,30,204,630,0,33.1
2006,8,26,18,30,29,237,0,29.6
2006,8,26,19,30,0,0,0,27.700000000000003
2006,8,26,20,30,0,0,0,26.1
2006,8,26,21,30,0,0,0,24.700000000000003
2006,8,26,22,30,0,0,0,23.900000000000002
2006,8,26,23,30,0,0,0,23.1
2006,8,27,0,30,0,0,0,22.400000000000002
2006,8,27,1,30,0,0,0,21.8
2006,8,27,2,30,0,0,0,21.400000000000002
2006,8,27,3,30,0,0,0,21.1
2006,8,27,4,30,0,0,0,20.900000000000002
2006,8,27,5,30,0,0,0,22.200000000000003
2006,8,27,6,30,137,497,1,25.700000000000003
2006,8,27,7,30,337,708,1,29.1
2006,8,27,8,30,535,815,0,31.900000000000002
2006,8,27,9,30,704,875,0,34.300000000000004
2006,8,27,10,30,835,922,0,36.1
2006,8,27,11,30,906,938,0,37.300000000000004
2006,8,27,12,30,915,940,0,38.2
2006,8,27,13,30,859,918,0,38.6
2006,8,27,14,30,749,890,0,38.400000000000006
2006,8,27,15,30,590,840,0,37.7
2006,8,27,16,30,397,750,0,36.300000000000004
2006,8,27,17,30,193,576,0,32.7
2006,8,27,18,30,23,167,0,29
2006,8,27,19,30,0,0,0,27.3
2006,8,27,20,30,0,0,0,26.200000000000003
2006,8,27,21,30,0,0,0,25.3
2006,8,27,22,30,0,0,0,24.700000000000003
2006,8,27,23,30,0,0,0,24.200000000000003
2006,8,28,0,30,0,0,0,23.700000000000003
2006,8,28,1,30,0,0,0,23.200000000000003
2006,8,28,2,30,0,0,0,22.6
2006,8,28,3,30,0,0,0,21.8
2006,8,28,4,30,0,0,0,21.200000000000003
2006,8,28,5,30,0,0,0,22.400000000000002
2006,8,28,6,30,132,481,1,25.400000000000002
2006,8,28,7,30,330,696,0,28.400000000000002
2006,8,28,8,30,527,805,0,30.900000000000002
2006,8,28,9,30,695,866,0,32.9
2006,8,28,10,30,825,920,0,34.6
2006,8,28,11,30,895,937,0,36.1
2006,8,28,12,30,904,940,0,37.2
2006,8,28,13,30,855,936,0,37.800000000000004
2006,8,28,14,30,745,912,0,37.9
2006,8,28,15,30,588,864,0,37.300000000000004
2006,8,28,16,30,394,770,0,36
2006,8,28,17,30,190,593,0,33
2006,8,28,18,30,22,172,1,29.8
2006,8,28,19,30,0,0,1,28.3
2006,8,28,20,30,0,0,0,27.400000000000002
2006,8,28,21,30,0,0,0,26.3
2006,8,28,22,30,0,0,1,25.1
2006,8,28,23,30,0,0,3,23.900000000000002
2006,8,29,0,30,0,0,3,22.8
2006,8,29,1,30,0,0,0,22.1
2006,8,29,2,30,0,0,0,21.8
2006,8,29,3,30,0,0,0,21.400000000000002
2006,8,29,4,30,0,0,0,20.8
2006,8,29,5,30,0,0,0,21.200000000000003
2006,8,29,6,30,130,465,0,23
2006,8,29,7,30,330,692,0,25.400000000000002
2006,8,29,8,30,529,805,0,27.6
2006,8,29,9,30,699,867,0,29.700000000000003
2006,8,29,10,30,833,938,0,31.6
2006,8,29,11,30,904,954,0,33.2
2006,8,29,12,30,912,957,0,34.4
2006,8,29,13,30,856,934,0,35.1
2006,8,29,14,30,744,906,0,35.1
2006,8,29,15,30,584,853,0,34.5
2006,8,29,16,30,388,756,0,33.4
2006,8,29,17,30,184,573,0,30.400000000000002
2006,8,29,18,30,18,145,0,27.1
2006,8,29,19,30,0,0,0,25.6
2006,8,29,20,30,0,0,0,24.5
2006,8,29,21,30,0,0,0,23.400000000000002
2006,8,29,22,30,0,0,0,22.8
2006,8,29,23,30,0,0,0,22.3
2006,8,30,0,30,0,0,0,22
2006,8,30,1,30,0,0,0,21.6
2006,8,30,2,30,0,0,0,20.900000000000002
2006,8,30,3,30,0,0,0,20.5
2006,8,30,4,30,0,0,0,20.400000000000002
2006,8,30,5,30,0,0,0,21.5
2006,8,30,6,30,125,448,0,24.3
2006,8,30,7,30,322,675,0,27.6
2006,8,30,8,30,520,795,0,30.3
2006,8,30,9,30,691,865,0,32.4
2006,8,30,10,30,801,662,2,34.2
2006,8,30,11,30,893,932,0,35.5
2006,8,30,12,30,876,703,2,36.300000000000004
2006,8,30,13,30,852,930,0,36.7
2006,8,30,14,30,743,910,1,36.6
2006,8,30,15,30,583,864,1,36
2006,8,30,16,30,393,791,0,34.7
2006,8,30,17,30,186,622,0,31.200000000000003
2006,8,30,18,30,18,189,0,27.6
2006,8,30,19,30,0,0,0,25.8
2006,8,30,20,30,0,0,0,24.5
2006,8,30,21,30,0,0,0,23.5
2006,8,30,22,30,0,0,0,23
2006,8,30,23,30,0,0,0,22.5
2006,8,31,0,30,0,0,0,21.8
2006,8,31,1,30,0,0,0,21.1
2006,8,31,2,30,0,0,0,20.6
2006,8,31,3,30,0,0,0,20.1
2006,8,31,4,30,0,0,0,19.700000000000003
2006,8,31,5,30,0,0,0,20.700000000000003
2006,8,31,6,30,131,531,0,23.900000000000002
2006,8,31,7,30,333,737,0,28.3
2006,8,31,8,30,533,845,0,32.4
2006,8,31,9,30,705,904,0,35.1
2006,8,31,10,30,832,944,0,36.9
2006,8,31,11,30,902,959,0,38.1
2006,8,31,12,30,910,961,1,38.7
2006,8,31,13,30,856,953,0,38.800000000000004
2006,8,31,14,30,743,926,0,38.400000000000006
2006,8,31,15,30,582,878,0,37.5
2006,8,31,16,30,388,797,0,35.9
2006,8,31,17,30,182,627,0,32.800000000000004
2006,8,31,18,30,16,175,0,30
2006,8,31,19,30,0,0,0,28.3
2006,8,31,20,30,0,0,0,26.400000000000002
2006,8,31,21,30,0,0,0,24.8
2006,8,31,22,30,0,0,0,23.8
2006,8,31,23,30,0,0,0,23.200000000000003
2006,9,1,0,30,0,0,0,22.6
2006,9,1,1,30,0,0,0,22.1
2006,9,1,2,30,0,0,0,21.700000000000003
2006,9,1,3,30,0,0,0,21.3
2006,9,1,4,30,0,0,1,21.1
2006,9,1,5,30,0,0,1,22.6
2006,9,1,6,30,85,12,3,26.3
2006,9,1,7,30,322,700,0,30.200000000000003
2006,9,1,8,30,520,811,0,33.4
2006,9,1,9,30,690,872,0,36.1
2006,9,1,10,30,819,915,0,38.1
2006,9,1,11,30,889,933,0,39.300000000000004
2006,9,1,12,30,900,941,0,39.800000000000004
2006,9,1,13,30,845,931,0,39.7
2006,9,1,14,30,730,900,0,39.2
2006,9,1,15,30,569,845,0,38.2
2006,9,1,16,30,373,744,0,36.6
2006,9,1,17,30,169,549,0,32.9
2006,9,1,18,30,12,89,0,29.3
2006,9,1,19,30,0,0,0,27.900000000000002
2006,9,1,20,30,0,0,0,26.8
2006,9,1,21,30,0,0,0,25.900000000000002
2006,9,1,22,30,0,0,0,25.200000000000003
2006,9,1,23,30,0,0,0,24.700000000000003
2006,9,2,0,30,0,0,0,24.1
2006,9,2,1,30,0,0,0,23.5
2006,9,2,2,30,0,0,0,22.6
2006,9,2,3,30,0,0,0,21.900000000000002
2006,9,2,4,30,0,0,0,21.3
2006,9,2,5,30,0,0,0,22.3
2006,9,2,6,30,83,11,3,25.3
2006,9,2,7,30,231,92,3,28.3
2006,9,2,8,30,512,787,1,30.3
2006,9,2,9,30,574,516,8,31.700000000000003
2006,9,2,10,30,698,604,8,32.7
2006,9,2,11,30,770,639,8,33.800000000000004
2006,9,2,12,30,638,321,7,35
2006,9,2,13,30,834,921,1,36.300000000000004
2006,9,2,14,30,714,645,2,36.7
2006,9,2,15,30,456,413,8,36.2
2006,9,2,16,30,371,756,0,34.7
2006,9,2,17,30,167,572,0,31.400000000000002
2006,9,2,18,30,0,0,0,28.400000000000002
2006,9,2,19,30,0,0,0,26.8
2006,9,2,20,30,0,0,0,25.5
2006,9,2,21,30,0,0,0,24.3
2006,9,2,22,30,0,0,0,23.5
2006,9,2,23,30,0,0,0,22.900000000000002
2006,9,3,0,30,0,0,0,22.200000000000003
2006,9,3,1,30,0,0,0,21.5
2006,9,3,2,30,0,0,0,20.8
2006,9,3,3,30,0,0,0,20.1
2006,9,3,4,30,0,0,0,19.3
2006,9,3,5,30,0,0,1,19.900000000000002
2006,9,3,6,30,119,469,0,22.400000000000002
2006,9,3,7,30,318,700,0,25.5
2006,9,3,8,30,515,812,0,28.3
2006,9,3,9,30,682,870,0,30.700000000000003
2006,9,3,10,30,810,922,0,32.6
2006,9,3,11,30,878,937,0,34.1
2006,9,3,12,30,834,763,8,35.2
2006,9,3,13,30,593,321,7,35.5
2006,9,3,14,30,718,891,0,35
2006,9,3,15,30,559,843,0,34.2
2006,9,3,16,30,366,751,0,32.800000000000004
2006,9,3,17,30,162,558,0,29.8
2006,9,3,18,30,0,0,0,26.8
2006,9,3,19,30,0,0,0,25.200000000000003
2006,9,3,20,30,0,0,0,23.900000000000002
2006,9,3,21,30,0,0,0,23.1
2006,9,3,22,30,0,0,0,22.5
2006,9,3,23,30,0,0,0,22
2006,9,4,0,30,0,0,0,21.3
2006,9,4,1,30,0,0,0,20.5
2006,9,4,2,30,0,0,0,19.8
2006,9,4,3,30,0,0,0,19.200000000000003
2006,9,4,4,30,0,0,0,18.7
2006,9,4,5,30,0,0,1,19.700000000000003
2006,9,4,6,30,118,481,0,22.8
2006,9,4,7,30,317,714,0,26.3
2006,9,4,8,30,515,826,0,29.200000000000003
2006,9,4,9,30,682,884,0,31.6
2006,9,4,10,30,809,931,0,33.6
2006,9,4,11,30,877,947,0,35.300000000000004
2006,9,4,12,30,886,952,0,36.6
2006,9,4,13,30,831,943,0,37.2
2006,9,4,14,30,718,915,0,37.1
2006,9,4,15,30,559,869,0,36.5
2006,9,4,16,30,365,779,1,35
2006,9,4,17,30,161,595,0,32.1
2006,9,4,18,30,0,0,0,29.5
2006,9,4,19,30,0,0,0,27.8
2006,9,4,20,30,0,0,0,26.200000000000003
2006,9,4,21,30,0,0,0,24.900000000000002
2006,9,4,22,30,0,0,0,23.900000000000002
2006,9,4,23,30,0,0,0,23.3
2006,9,5,0,30,0,0,0,22.900000000000002
2006,9,5,1,30,0,0,0,22.700000000000003
2006,9,5,2,30,0,0,0,22.8
2006,9,5,3,30,0,0,0,22.700000000000003
2006,9,5,4,30,0,0,0,22.5
2006,9,5,5,30,0,0,1,23
2006,9,5,6,30,117,504,1,26.3
2006,9,5,7,30,318,736,1,30.400000000000002
2006,9,5,8,30,519,847,0,33.5
2006,9,5,9,30,690,907,0,35.800000000000004
2006,9,5,10,30,816,949,0,37.6
2006,9,5,11,30,885,966,0,38.800000000000004
2006,9,5,12,30,892,969,0,39.5
2006,9,5,13,30,834,948,0,39.7
2006,9,5,14,30,718,914,0,39.400000000000006
2006,9,5,15,30,554,853,0,38.5
2006,9,5,16,30,355,741,0,36.7
2006,9,5,17,30,150,522,0,32.800000000000004
2006,9,5,18,30,0,0,0,29.3
2006,9,5,19,30,0,0,0,27.6
2006,9,5,20,30,0,0,0,26.5
2006,9,5,21,30,0,0,0,25.700000000000003
2006,9,5,22,30,0,0,0,24.900000000000002
2006,9,5,23,30,0,0,0,24.200000000000003
2006,9,6,0,30,0,0,0,23.6
2006,9,6,1,30,0,0,1,23.1
2006,9,6,2,30,0,0,1,22.900000000000002
2006,9,6,3,30,0,0,0,23
2006,9,6,4,30,0,0,1,23.400000000000002
2006,9,6,5,30,0,0,1,24.5
2006,9,6,6,30,108,416,1,27.3
2006,9,6,7,30,305,668,1,30.8
2006,9,6,8,30,503,791,0,33.800000000000004
2006,9,6,9,30,674,862,0,36.300000000000004
2006,9,6,10,30,801,906,0,38.2
2006,9,6,11,30,872,928,0,39.400000000000006
2006,9,6,12,30,878,931,0,40
2006,9,6,13,30,828,937,0,40.2
2006,9,6,14,30,713,909,0,39.900000000000006
2006,9,6,15,30,551,859,0,39.1
2006,9,6,16,30,355,761,0,37.2
2006,9,6,17,30,149,556,0,33.5
2006,9,6,18,30,0,0,0,30.3
2006,9,6,19,30,0,0,0,28.6
2006,9,6,20,30,0,0,0,27
2006,9,6,21,30,0,0,0,25.6
2006,9,6,22,30,0,0,0,24.6
2006,9,6,23,30,0,0,0,23.700000000000003
2006,9,7,0,30,0,0,0,23
2006,9,7,1,30,0,0,0,22.700000000000003
2006,9,7,2,30,0,0,0,22.6
2006,9,7,3,30,0,0,0,22.5
2006,9,7,4,30,0,0,0,22.200000000000003
2006,9,7,5,30,0,0,1,23
2006,9,7,6,30,102,369,0,26
2006,9,7,7,30,293,612,0,30
2006,9,7,8,30,487,736,0,33.5
2006,9,7,9,30,654,804,0,36.1
2006,9,7,10,30,785,875,0,37.9
2006,9,7,11,30,852,892,0,39.1
2006,9,7,12,30,858,894,0,39.6
2006,9,7,13,30,793,850,0,39.6
2006,9,7,14,30,679,812,0,39.2
2006,9,7,15,30,519,747,0,38.300000000000004
2006,9,7,16,30,327,628,0,36.5
2006,9,7,17,30,130,402,0,32.6
2006,9,7,18,30,0,0,0,29.200000000000003
2006,9,7,19,30,0,0,0,28
2006,9,7,20,30,0,0,0,27.200000000000003
2006,9,7,21,30,0,0,0,26.5
2006,9,7,22,30,0,0,0,25.900000000000002
2006,9,7,23,30,0,0,0,25.1
2006,9,8,0,30,0,0,0,24.1
2006,9,8,1,30,0,0,0,22.900000000000002
2006,9,8,2,30,0,0,0,21.900000000000002
2006,9,8,3,30,0,0,0,20.900000000000002
2006,9,8,4,30,0,0,0,20.1
2006,9,8,5,30,0,0,0,19.900000000000002
2006,9,8,6,30,95,310,0,21.200000000000003
2006,9,8,7,30,284,567,1,23.6
2006,9,8,8,30,478,706,0,26.200000000000003
2006,9,8,9,30,647,787,0,28.6
2006,9,8,10,30,758,782,0,30.400000000000002
2006,9,8,11,30,823,802,0,31.8
2006,9,8,12,30,829,807,0,32.800000000000004
2006,9,8,13,30,774,798,0,33.1
2006,9,8,14,30,659,759,0,32.7
2006,9,8,15,30,423,361,8,31.5
2006,9,8,16,30,276,286,8,29.6
2006,9,8,17,30,110,67,8,27.200000000000003
2006,9,8,18,30,0,0,7,24.8
2006,9,8,19,30,0,0,6,23
2006,9,8,20,30,0,0,7,21.8
2006,9,8,21,30,0,0,7,20.8
2006,9,8,22,30,0,0,7,19.8
2006,9,8,23,30,0,0,0,18.8
2006,9,9,0,30,0,0,0,17.900000000000002
2006,9,9,1,30,0,0,0,17.2
2006,9,9,2,30,0,0,0,16.6
2006,9,9,3,30,0,0,0,16.1
2006,9,9,4,30,0,0,0,15.600000000000001
2006,9,9,5,30,0,0,0,16
2006,9,9,6,30,95,329,0,17.900000000000002
2006,9,9,7,30,283,585,0,20.400000000000002
2006,9,9,8,30,477,718,0,22.700000000000003
2006,9,9,9,30,641,790,0,24.700000000000003
2006,9,9,10,30,617,268,2,26.3
2006,9,9,11,30,693,326,2,27.6
2006,9,9,12,30,655,404,7,28.700000000000003
2006,9,9,13,30,664,531,8,29.200000000000003
2006,9,9,14,30,672,837,0,29.3
2006,9,9,15,30,512,780,0,28.8
2006,9,9,16,30,321,675,0,27.5
2006,9,9,17,30,126,458,0,24.700000000000003
2006,9,9,18,30,0,0,0,21.900000000000002
2006,9,9,19,30,0,0,0,20.8
2006,9,9,20,30,0,0,0,20.1
2006,9,9,21,30,0,0,0,19.5
2006,9,9,22,30,0,0,0,18.900000000000002
2006,9,9,23,30,0,0,0,18.400000000000002
2006,9,10,0,30,0,0,0,18
2006,9,10,1,30,0,0,0,17.7
2006,9,10,2,30,0,0,0,17.5
2006,9,10,3,30,0,0,0,17.400000000000002
2006,9,10,4,30,0,0,0,17.2
2006,9,10,5,30,0,0,0,17.900000000000002
2006,9,10,6,30,98,417,0,20.5
2006,9,10,7,30,293,670,0,24.200000000000003
2006,9,10,8,30,489,791,0,27.3
2006,9,10,9,30,658,861,0,29.900000000000002
2006,9,10,10,30,785,914,0,31.900000000000002
2006,9,10,11,30,852,929,0,33.4
2006,9,10,12,30,856,929,0,34.4
2006,9,10,13,30,794,900,0,34.800000000000004
2006,9,10,14,30,678,864,0,34.6
2006,9,10,15,30,514,801,0,33.9
2006,9,10,16,30,319,682,0,32.1
2006,9,10,17,30,121,447,0,28.400000000000002
2006,9,10,18,30,0,0,0,25
2006,9,10,19,30,0,0,0,23.700000000000003
2006,9,10,20,30,0,0,0,22.8
2006,9,10,21,30,0,0,0,22
2006,9,10,22,30,0,0,0,21.400000000000002
2006,9,10,23,30,0,0,0,21
2006,9,11,0,30,0,0,0,20.700000000000003
2006,9,11,1,30,0,0,0,20.5
2006,9,11,2,30,0,0,0,20.400000000000002
2006,9,11,3,30,0,0,0,20.400000000000002
2006,9,11,4,30,0,0,0,20.200000000000003
2006,9,11,5,30,0,0,1,20.8
2006,9,11,6,30,93,371,0,23.8
2006,9,11,7,30,284,633,0,28
2006,9,11,8,30,480,765,0,31.6
2006,9,11,9,30,648,836,0,34.5
2006,9,11,10,30,767,861,0,36.5
2006,9,11,11,30,833,880,0,37.800000000000004
2006,9,11,12,30,837,881,0,38.5
2006,9,11,13,30,777,858,0,38.7
2006,9,11,14,30,662,823,0,38.400000000000006
2006,9,11,15,30,500,758,0,37.5
2006,9,11,16,30,307,636,1,35.6
2006,9,11,17,30,113,393,0,32.2
2006,9,11,18,30,0,0,0,29
2006,9,11,19,30,0,0,0,27
2006,9,11,20,30,0,0,0,25.6
2006,9,11,21,30,0,0,0,24.8
2006,9,11,22,30,0,0,0,24.200000000000003
2006,9,11,23,30,0,0,0,23.900000000000002
2006,9,12,0,30,0,0,0,23.8
2006,9,12,1,30,0,0,0,23.6
2006,9,12,2,30,0,0,0,23.400000000000002
2006,9,12,3,30,0,0,0,23.200000000000003
2006,9,12,4,30,0,0,0,22.900000000000002
2006,9,12,5,30,0,0,0,23.3
2006,9,12,6,30,87,330,1,26.3
2006,9,12,7,30,276,594,1,30.400000000000002
2006,9,12,8,30,469,729,0,33.6
2006,9,12,9,30,637,808,0,36.300000000000004
2006,9,12,10,30,760,854,0,38.2
2006,9,12,11,30,826,875,0,39.6
2006,9,12,12,30,830,878,0,40.400000000000006
2006,9,12,13,30,764,826,0,40.7
2006,9,12,14,30,647,787,0,40.5
2006,9,12,15,30,486,719,0,39.7
2006,9,12,16,30,296,593,0,37.6
2006,9,12,17,30,105,348,0,34.9
2006,9,12,18,30,0,0,0,33.1
2006,9,12,19,30,0,0,0,32.1
2006,9,12,20,30,0,0,0,30.3
2006,9,12,21,30,0,0,0,28.3
2006,9,12,22,30,0,0,0,26.8
2006,9,12,23,30,0,0,0,25.8
2006,9,13,0,30,0,0,0,25
2006,9,13,1,30,0,0,0,24.6
2006,9,13,2,30,0,0,0,24.3
2006,9,13,3,30,0,0,0,24
2006,9,13,4,30,0,0,0,23.8
2006,9,13,5,30,0,0,0,24.200000000000003
2006,9,13,6,30,81,273,1,26.900000000000002
2006,9,13,7,30,266,536,1,30.900000000000002
2006,9,13,8,30,457,678,1,34.1
2006,9,13,9,30,621,756,1,36.5
2006,9,13,10,30,749,830,0,38.1
2006,9,13,11,30,814,852,0,39.300000000000004
2006,9,13,12,30,818,854,0,40.1
2006,9,13,13,30,748,784,0,40.400000000000006
2006,9,13,14,30,634,746,0,40.2
2006,9,13,15,30,475,681,0,39.400000000000006
2006,9,13,16,30,286,558,0,37.2
2006,9,13,17,30,99,322,0,33
2006,9,13,18,30,0,0,0,29.6
2006,9,13,19,30,0,0,0,28.1
2006,9,13,20,30,0,0,0,27.3
2006,9,13,21,30,0,0,0,26.3
2006,9,13,22,30,0,0,0,24.700000000000003
2006,9,13,23,30,0,0,0,23.1
2006,9,14,0,30,0,0,0,22
2006,9,14,1,30,0,0,0,21.400000000000002
2006,9,14,2,30,0,0,0,21
2006,9,14,3,30,0,0,1,20.6
2006,9,14,4,30,0,0,7,20.3
2006,9,14,5,30,0,0,7,20.3
2006,9,14,6,30,28,0,7,21.3
2006,9,14,7,30,102,6,6,22.8
2006,9,14,8,30,278,67,6,24.200000000000003
2006,9,14,9,30,480,192,2,25.5
2006,9,14,10,30,752,851,0,26.6
2006,9,14,11,30,823,882,0,27.400000000000002
2006,9,14,12,30,829,888,0,27.900000000000002
2006,9,14,13,30,770,868,0,28.1
2006,9,14,14,30,656,838,0,27.900000000000002
2006,9,14,15,30,491,772,0,27.200000000000003
2006,9,14,16,30,296,642,1,25.8
2006,9,14,17,30,101,376,1,23.6
2006,9,14,18,30,0,0,1,21.400000000000002
2006,9,14,19,30,0,0,0,19.900000000000002
2006,9,14,20,30,0,0,0,18.7
2006,9,14,21,30,0,0,0,17.5
2006,9,14,22,30,0,0,0,16.7
2006,9,14,23,30,0,0,0,16
2006,9,15,0,30,0,0,0,15.200000000000001
2006,9,15,1,30,0,0,0,14.600000000000001
2006,9,15,2,30,0,0,0,14.200000000000001
2006,9,15,3,30,0,0,3,14.100000000000001
2006,9,15,4,30,0,0,0,14.200000000000001
2006,9,15,5,30,0,0,0,14.4
2006,9,15,6,30,76,199,0,15.4
2006,9,15,7,30,263,513,0,16.900000000000002
2006,9,15,8,30,461,699,0,18.5
2006,9,15,9,30,634,808,0,20
2006,9,15,10,30,590,226,2,21.3
2006,9,15,11,30,823,873,0,22.200000000000003
2006,9,15,12,30,798,728,8,22.8
2006,9,15,13,30,760,833,0,23.1
2006,9,15,14,30,642,792,0,23
2006,9,15,15,30,480,723,0,22.6
2006,9,15,16,30,287,597,0,21.700000000000003
2006,9,15,17,30,95,341,0,19.6
2006,9,15,18,30,0,0,0,17.3
2006,9,15,19,30,0,0,0,16.3
2006,9,15,20,30,0,0,0,15.5
2006,9,15,21,30,0,0,0,14.700000000000001
2006,9,15,22,30,0,0,0,14
2006,9,15,23,30,0,0,0,13.5
2006,9,16,0,30,0,0,0,13.100000000000001
2006,9,16,1,30,0,0,0,12.600000000000001
2006,9,16,2,30,0,0,0,12.100000000000001
2006,9,16,3,30,0,0,0,11.8
2006,9,16,4,30,0,0,0,11.4
2006,9,16,5,30,0,0,0,11.600000000000001
2006,9,16,6,30,89,449,0,13.8
2006,9,16,7,30,288,723,0,17.6
2006,9,16,8,30,491,853,0,21.400000000000002
2006,9,16,9,30,663,919,0,24.1
2006,9,16,10,30,782,945,0,26.200000000000003
2006,9,16,11,30,848,960,0,27.700000000000003
2006,9,16,12,30,850,960,0,28.6
2006,9,16,13,30,790,951,0,29
2006,9,16,14,30,668,918,0,29
2006,9,16,15,30,501,860,0,28.400000000000002
2006,9,16,16,30,302,749,0,26.8
2006,9,16,17,30,102,501,0,23.1
2006,9,16,18,30,0,0,0,19.900000000000002
2006,9,16,19,30,0,0,0,18.8
2006,9,16,20,30,0,0,0,18.1
2006,9,16,21,30,0,0,0,17.6
2006,9,16,22,30,0,0,0,17.2
2006,9,16,23,30,0,0,0,16.7
2006,9,17,0,30,0,0,0,16.3
2006,9,17,1,30,0,0,0,16
2006,9,17,2,30,0,0,0,15.700000000000001
2006,9,17,3,30,0,0,0,15.5
2006,9,17,4,30,0,0,0,15.3
2006,9,17,5,30,0,0,0,15.8
2006,9,17,6,30,83,408,0,18.2
2006,9,17,7,30,275,688,0,22.5
2006,9,17,8,30,470,814,0,26.8
2006,9,17,9,30,636,880,0,29.900000000000002
2006,9,17,10,30,757,918,0,32.1
2006,9,17,11,30,823,937,0,33.6
2006,9,17,12,30,826,940,0,34.5
2006,9,17,13,30,765,924,1,34.9
2006,9,17,14,30,647,893,0,34.7
2006,9,17,15,30,483,833,0,34
2006,9,17,16,30,289,723,1,31.900000000000002
2006,9,17,17,30,94,470,0,28.400000000000002
2006,9,17,18,30,0,0,0,26.200000000000003
2006,9,17,19,30,0,0,0,24.900000000000002
2006,9,17,20,30,0,0,0,22.700000000000003
2006,9,17,21,30,0,0,0,21.200000000000003
2006,9,17,22,30,0,0,0,20.5
2006,9,17,23,30,0,0,0,19.8
2006,9,18,0,30,0,0,0,19.1
2006,9,18,1,30,0,0,0,18.7
2006,9,18,2,30,0,0,0,18.3
2006,9,18,3,30,0,0,0,18
2006,9,18,4,30,0,0,0,17.7
2006,9,18,5,30,0,0,1,18.1
2006,9,18,6,30,82,434,0,21
2006,9,18,7,30,276,707,0,24.8
2006,9,18,8,30,472,826,0,27.400000000000002
2006,9,18,9,30,639,889,0,29.5
2006,9,18,10,30,759,920,0,31.200000000000003
2006,9,18,11,30,824,935,0,32.4
2006,9,18,12,30,825,934,0,33
2006,9,18,13,30,580,229,2,33.1
2006,9,18,14,30,523,452,8,32.7
2006,9,18,15,30,386,410,8,31.700000000000003
2006,9,18,16,30,49,0,6,29.8
2006,9,18,17,30,62,24,7,26.700000000000003
2006,9,18,18,30,0,0,7,24.3
2006,9,18,19,30,0,0,7,23.3
2006,9,18,20,30,0,0,7,22.3
2006,9,18,21,30,0,0,3,21.3
2006,9,18,22,30,0,0,0,20.3
2006,9,18,23,30,0,0,0,19.5
2006,9,19,0,30,0,0,0,18.8
2006,9,19,1,30,0,0,1,18.7
2006,9,19,2,30,0,0,1,18.6
2006,9,19,3,30,0,0,3,18.3
2006,9,19,4,30,0,0,0,17.900000000000002
2006,9,19,5,30,0,0,0,17.8
2006,9,19,6,30,73,315,0,19.200000000000003
2006,9,19,7,30,261,611,0,21.900000000000002
2006,9,19,8,30,458,765,0,24.700000000000003
2006,9,19,9,30,631,856,0,27
2006,9,19,10,30,766,933,0,28.6
2006,9,19,11,30,834,957,0,29.700000000000003
2006,9,19,12,30,839,966,0,30.400000000000002
2006,9,19,13,30,777,942,0,30.6
2006,9,19,14,30,657,912,0,30.400000000000002
2006,9,19,15,30,488,853,0,29.700000000000003
2006,9,19,16,30,285,721,0,27.8
2006,9,19,17,30,85,422,0,24.3
2006,9,19,18,30,0,0,0,21.8
2006,9,19,19,30,0,0,0,20.900000000000002
2006,9,19,20,30,0,0,0,20
2006,9,19,21,30,0,0,0,19
2006,9,19,22,30,0,0,0,18.1
2006,9,19,23,30,0,0,0,17.2
2006,9,20,0,30,0,0,0,16.2
2006,9,20,1,30,0,0,0,15.4
2006,9,20,2,30,0,0,0,14.8
2006,9,20,3,30,0,0,1,14.200000000000001
2006,9,20,4,30,0,0,3,13.700000000000001
2006,9,20,5,30,0,0,3,13.700000000000001
2006,9,20,6,30,80,462,0,15.5
2006,9,20,7,30,276,741,0,18.900000000000002
2006,9,20,8,30,472,852,0,22.5
2006,9,20,9,30,636,909,0,25.6
2006,9,20,10,30,625,384,2,28.1
2006,9,20,11,30,815,947,0,30
2006,9,20,12,30,615,244,4,31.400000000000002
2006,9,20,13,30,640,589,8,32.2
2006,9,20,14,30,598,693,8,32.300000000000004
2006,9,20,15,30,395,476,8,31.8
2006,9,20,16,30,189,74,3,29.900000000000002
2006,9,20,17,30,50,12,7,26.200000000000003
2006,9,20,18,30,0,0,3,23.400000000000002
2006,9,20,19,30,0,0,3,22.5
2006,9,20,20,30,0,0,7,21.900000000000002
2006,9,20,21,30,0,0,7,21.200000000000003
2006,9,20,22,30,0,0,7,20.5
2006,9,20,23,30,0,0,7,20
2006,9,21,0,30,0,0,7,19.6
2006,9,21,1,30,0,0,7,19.400000000000002
2006,9,21,2,30,0,0,7,19.1
2006,9,21,3,30,0,0,3,18.8
2006,9,21,4,30,0,0,3,18.400000000000002
2006,9,21,5,30,0,0,7,18.400000000000002
2006,9,21,6,30,72,387,1,20.3
2006,9,21,7,30,171,40,3,23.5
2006,9,21,8,30,453,807,1,26.200000000000003
2006,9,21,9,30,532,540,8,28.400000000000002
2006,9,21,10,30,617,526,8,30
2006,9,21,11,30,686,587,8,31.3
2006,9,21,12,30,663,519,8,32
2006,9,21,13,30,725,642,2,32.1
2006,9,21,14,30,611,598,2,31.900000000000002
2006,9,21,15,30,376,408,7,31.400000000000002
2006,9,21,16,30,179,44,3,29.8
2006,9,21,17,30,56,21,7,26.700000000000003
2006,9,21,18,30,0,0,2,24.3
2006,9,21,19,30,0,0,0,23.3
2006,9,21,20,30,0,0,0,22.200000000000003
2006,9,21,21,30,0,0,3,21.1
2006,9,21,22,30,0,0,0,19.900000000000002
2006,9,21,23,30,0,0,0,18.900000000000002
2006,9,22,0,30,0,0,0,18
2006,9,22,1,30,0,0,0,17.2
2006,9,22,2,30,0,0,0,16.5
2006,9,22,3,30,0,0,0,16
2006,9,22,4,30,0,0,0,15.5
2006,9,22,5,30,0,0,0,15.3
2006,9,22,6,30,77,454,1,16.400000000000002
2006,9,22,7,30,277,747,0,18.900000000000002
2006,9,22,8,30,478,871,0,21.900000000000002
2006,9,22,9,30,649,937,0,24.900000000000002
2006,9,22,10,30,772,975,0,27.5
2006,9,22,11,30,836,991,0,29.400000000000002
2006,9,22,12,30,836,991,0,30.5
2006,9,22,13,30,771,972,0,30.900000000000002
2006,9,22,14,30,648,941,0,30.700000000000003
2006,9,22,15,30,478,880,0,29.900000000000002
2006,9,22,16,30,277,763,0,27.900000000000002
2006,9,22,17,30,77,474,0,24.200000000000003
2006,9,22,18,30,0,0,0,21.200000000000003
2006,9,22,19,30,0,0,1,20
2006,9,22,20,30,0,0,0,19
2006,9,22,21,30,0,0,0,18.2
2006,9,22,22,30,0,0,0,17.400000000000002
2006,9,22,23,30,0,0,0,16.8
2006,9,23,0,30,0,0,0,16.400000000000002
2006,9,23,1,30,0,0,1,16.1
2006,9,23,2,30,0,0,1,15.9
2006,9,23,3,30,0,0,1,15.700000000000001
2006,9,23,4,30,0,0,1,15.600000000000001
2006,9,23,5,30,0,0,3,16
2006,9,23,6,30,75,477,1,18.400000000000002
2006,9,23,7,30,274,766,0,22.3
2006,9,23,8,30,475,884,0,25.900000000000002
2006,9,23,9,30,641,939,0,28.700000000000003
2006,9,23,10,30,762,964,0,30.700000000000003
2006,9,23,11,30,825,976,0,32.1
2006,9,23,12,30,820,969,0,32.9
2006,9,23,13,30,755,947,0,33.1
2006,9,23,14,30,632,910,0,32.7
2006,9,23,15,30,462,841,0,31.700000000000003
2006,9,23,16,30,263,709,0,29.400000000000002
2006,9,23,17,30,68,402,0,25.5
2006,9,23,18,30,0,0,0,22.200000000000003
2006,9,23,19,30,0,0,0,20.6
2006,9,23,20,30,0,0,0,20
2006,9,23,21,30,0,0,0,19.5
2006,9,23,22,30,0,0,0,19
2006,9,23,23,30,0,0,0,18.400000000000002
2006,9,24,0,30,0,0,0,17.8
2006,9,24,1,30,0,0,0,17.2
2006,9,24,2,30,0,0,0,16.7
2006,9,24,3,30,0,0,0,16.2
2006,9,24,4,30,0,0,1,15.9
2006,9,24,5,30,0,0,1,16
2006,9,24,6,30,68,395,1,18
2006,9,24,7,30,174,43,3,21.900000000000002
2006,9,24,8,30,461,835,1,25.900000000000002
2006,9,24,9,30,629,902,0,29
2006,9,24,10,30,750,936,0,31.3
2006,9,24,11,30,813,951,0,32.7
2006,9,24,12,30,812,951,0,33.5
2006,9,24,13,30,747,935,0,33.7
2006,9,24,14,30,624,898,0,33.4
2006,9,24,15,30,455,829,0,32.5
2006,9,24,16,30,256,694,1,29.900000000000002
2006,9,24,17,30,63,372,0,26.400000000000002
2006,9,24,18,30,0,0,0,24.200000000000003
2006,9,24,19,30,0,0,0,22.900000000000002
2006,9,24,20,30,0,0,0,21.6
2006,9,24,21,30,0,0,0,20.700000000000003
2006,9,24,22,30,0,0,0,20.200000000000003
2006,9,24,23,30,0,0,0,19.700000000000003
2006,9,25,0,30,0,0,0,19.200000000000003
2006,9,25,1,30,0,0,1,18.7
2006,9,25,2,30,0,0,1,18.400000000000002
2006,9,25,3,30,0,0,1,18.1
2006,9,25,4,30,0,0,1,17.900000000000002
2006,9,25,5,30,0,0,3,18.1
2006,9,25,6,30,44,3,3,20.400000000000002
2006,9,25,7,30,252,657,1,24.400000000000002
2006,9,25,8,30,448,798,1,28.5
2006,9,25,9,30,615,872,0,31.6
2006,9,25,10,30,735,909,0,33.6
2006,9,25,11,30,797,926,0,34.9
2006,9,25,12,30,796,926,0,35.6
2006,9,25,13,30,730,899,0,35.7
2006,9,25,14,30,607,859,0,35.300000000000004
2006,9,25,15,30,439,785,0,34.300000000000004
2006,9,25,16,30,241,626,0,31.5
2006,9,25,17,30,54,287,0,28.400000000000002
2006,9,25,18,30,0,0,0,27.5
2006,9,25,19,30,0,0,0,26.900000000000002
2006,9,25,20,30,0,0,0,25.200000000000003
2006,9,25,21,30,0,0,0,23.700000000000003
2006,9,25,22,30,0,0,0,22.700000000000003
2006,9,25,23,30,0,0,0,21.900000000000002
2006,9,26,0,30,0,0,0,21
2006,9,26,1,30,0,0,0,20.1
2006,9,26,2,30,0,0,0,19.3
2006,9,26,3,30,0,0,1,18.8
2006,9,26,4,30,0,0,1,18.6
2006,9,26,5,30,0,0,3,18.8
2006,9,26,6,30,60,333,0,21.400000000000002
2006,9,26,7,30,168,35,3,25.700000000000003
2006,9,26,8,30,441,777,0,29.6
2006,9,26,9,30,608,855,0,32.800000000000004
2006,9,26,10,30,719,858,0,34.9
2006,9,26,11,30,781,877,0,36.1
2006,9,26,12,30,783,879,0,36.5
2006,9,26,13,30,711,830,0,36.4
2006,9,26,14,30,588,783,0,35.9
2006,9,26,15,30,421,699,0,34.7
2006,9,26,16,30,227,536,0,32.4
2006,9,26,17,30,47,190,0,29.6
2006,9,26,18,30,0,0,1,27.3
2006,9,26,19,30,0,0,0,25.1
2006,9,26,20,30,0,0,0,23.200000000000003
2006,9,26,21,30,0,0,0,22.200000000000003
2006,9,26,22,30,0,0,0,21.6
2006,9,26,23,30,0,0,0,21.1
2006,9,27,0,30,0,0,0,20.8
2006,9,27,1,30,0,0,0,20.5
2006,9,27,2,30,0,0,0,20
2006,9,27,3,30,0,0,1,19.8
2006,9,27,4,30,0,0,1,19.700000000000003
2006,9,27,5,30,0,0,1,19.900000000000002
2006,9,27,6,30,54,254,0,22.3
2006,9,27,7,30,240,600,1,26.5
2006,9,27,8,30,435,759,0,30.400000000000002
2006,9,27,9,30,603,843,0,33.6
2006,9,27,10,30,727,904,0,35.9
2006,9,27,11,30,793,927,0,37.300000000000004
2006,9,27,12,30,791,929,0,38
2006,9,27,13,30,725,909,0,37.9
2006,9,27,14,30,601,867,0,37.300000000000004
2006,9,27,15,30,431,790,0,36.1
2006,9,27,16,30,234,638,1,33
2006,9,27,17,30,48,286,1,29.5
2006,9,27,18,30,0,0,1,27.3
2006,9,27,19,30,0,0,1,25.400000000000002
2006,9,27,20,30,0,0,0,23.6
2006,9,27,21,30,0,0,0,22.400000000000002
2006,9,27,22,30,0,0,0,21.5
2006,9,27,23,30,0,0,0,20.900000000000002
2006,9,28,0,30,0,0,0,20.400000000000002
2006,9,28,1,30,0,0,0,20.1
2006,9,28,2,30,0,0,0,19.700000000000003
2006,9,28,3,30,0,0,0,19.3
2006,9,28,4,30,0,0,1,18.7
2006,9,28,5,30,0,0,1,18.400000000000002
2006,9,28,6,30,55,325,1,20.6
2006,9,28,7,30,243,656,1,24.8
2006,9,28,8,30,439,800,0,28.400000000000002
2006,9,28,9,30,605,874,0,31.1
2006,9,28,10,30,719,890,0,32.9
2006,9,28,11,30,780,905,0,34.2
2006,9,28,12,30,774,897,0,35.1
2006,9,28,13,30,702,852,0,35.6
2006,9,28,14,30,579,803,0,35.4
2006,9,28,15,30,394,410,2,34.4
2006,9,28,16,30,216,556,1,31.5
2006,9,28,17,30,39,216,0,27.900000000000002
2006,9,28,18,30,0,0,1,25.5
2006,9,28,19,30,0,0,0,23.900000000000002
2006,9,28,20,30,0,0,0,22.700000000000003
2006,9,28,21,30,0,0,0,22
2006,9,28,22,30,0,0,0,21.700000000000003
2006,9,28,23,30,0,0,0,21.5
2006,9,29,0,30,0,0,0,21.200000000000003
2006,9,29,1,30,0,0,0,20.6
2006,9,29,2,30,0,0,0,20
2006,9,29,3,30,0,0,0,19.3
2006,9,29,4,30,0,0,0,18.6
2006,9,29,5,30,0,0,1,17.900000000000002
2006,9,29,6,30,45,203,1,19.6
2006,9,29,7,30,223,538,0,23.200000000000003
2006,9,29,8,30,415,705,0,26.400000000000002
2006,9,29,9,30,581,798,0,29
2006,9,29,10,30,715,904,0,30.900000000000002
2006,9,29,11,30,777,924,0,32.2
2006,9,29,12,30,772,922,0,33
2006,9,29,13,30,704,893,0,33.5
2006,9,29,14,30,581,852,0,33.5
2006,9,29,15,30,414,775,0,32.6
2006,9,29,16,30,219,621,0,30.1
2006,9,29,17,30,40,258,0,26.200000000000003
2006,9,29,18,30,0,0,0,23.900000000000002
2006,9,29,19,30,0,0,0,23.1
2006,9,29,20,30,0,0,0,22.3
2006,9,29,21,30,0,0,0,21.6
2006,9,29,22,30,0,0,0,20.700000000000003
2006,9,29,23,30,0,0,0,19.8
2006,9,30,0,30,0,0,0,19.1
2006,9,30,1,30,0,0,0,18.400000000000002
2006,9,30,2,30,0,0,0,17.8
2006,9,30,3,30,0,0,3,17.2
2006,9,30,4,30,0,0,0,16.7
2006,9,30,5,30,0,0,1,16.5
2006,9,30,6,30,48,251,1,17.8
2006,9,30,7,30,226,587,0,20.400000000000002
2006,9,30,8,30,416,739,1,23.1
2006,9,30,9,30,580,820,0,25.400000000000002
2006,9,30,10,30,700,879,0,27.1
2006,9,30,11,30,762,898,0,28.200000000000003
2006,9,30,12,30,759,895,0,28.400000000000002
2006,9,30,13,30,697,885,1,28
2006,9,30,14,30,576,846,0,27.200000000000003
2006,9,30,15,30,339,367,8,26.1
2006,9,30,16,30,145,28,2,24.6
2006,9,30,17,30,28,4,7,22.3
2006,9,30,18,30,0,0,7,20.5
2006,9,30,19,30,0,0,8,19.6
2006,9,30,20,30,0,0,7,19
2006,9,30,21,30,0,0,7,18.6
2006,9,30,22,30,0,0,7,18.1
2006,9,30,23,30,0,0,7,17.5
2006,10,1,0,30,0,0,7,17
2006,10,1,1,30,0,0,0,16.400000000000002
2006,10,1,2,30,0,0,0,16
2006,10,1,3,30,0,0,0,15.700000000000001
2006,10,1,4,30,0,0,8,15.3
2006,10,1,5,30,0,0,1,15
2006,10,1,6,30,46,252,1,16.2
2006,10,1,7,30,226,609,0,19
2006,10,1,8,30,418,763,0,21.6
2006,10,1,9,30,469,271,2,23.400000000000002
2006,10,1,10,30,554,431,8,24.700000000000003
2006,10,1,11,30,628,479,8,25.200000000000003
2006,10,1,12,30,602,465,7,25
2006,10,1,13,30,533,273,7,24
2006,10,1,14,30,299,58,6,22.5
2006,10,1,15,30,183,20,6,20.8
2006,10,1,16,30,64,2,7,19.200000000000003
2006,10,1,17,30,15,0,7,17.8
2006,10,1,18,30,0,0,7,16.7
2006,10,1,19,30,0,0,7,16.1
2006,10,1,20,30,0,0,7,15.4
2006,10,1,21,30,0,0,7,14.700000000000001
2006,10,1,22,30,0,0,7,14.3
2006,10,1,23,30,0,0,7,14
2006,10,2,0,30,0,0,7,13.8
2006,10,2,1,30,0,0,7,13.9
2006,10,2,2,30,0,0,0,14
2006,10,2,3,30,0,0,0,14.200000000000001
2006,10,2,4,30,0,0,1,14.5
2006,10,2,5,30,0,0,3,14.8
2006,10,2,6,30,22,0,3,15.600000000000001
2006,10,2,7,30,211,509,1,17.1
2006,10,2,8,30,260,44,3,18.6
2006,10,2,9,30,210,1,3,19.900000000000002
2006,10,2,10,30,519,215,3,20.8
2006,10,2,11,30,266,1,3,21.700000000000003
2006,10,2,12,30,558,216,3,22.400000000000002
2006,10,2,13,30,673,868,0,22.900000000000002
2006,10,2,14,30,554,830,0,22.8
2006,10,2,15,30,389,754,0,22.1
2006,10,2,16,30,198,583,0,20.5
2006,10,2,17,30,28,191,0,18
2006,10,2,18,30,0,0,0,16.1
2006,10,2,19,30,0,0,1,15.4
2006,10,2,20,30,0,0,0,14.8
2006,10,2,21,30,0,0,0,14.4
2006,10,2,22,30,0,0,0,14.100000000000001
2006,10,2,23,30,0,0,0,14
2006,10,3,0,30,0,0,0,13.9
2006,10,3,1,30,0,0,0,13.700000000000001
2006,10,3,2,30,0,0,0,13.5
2006,10,3,3,30,0,0,0,13.3
2006,10,3,4,30,0,0,0,13.3
2006,10,3,5,30,0,0,0,13.600000000000001
2006,10,3,6,30,40,209,1,15.100000000000001
2006,10,3,7,30,112,3,3,17.400000000000002
2006,10,3,8,30,250,39,3,19.400000000000002
2006,10,3,9,30,303,39,3,21.200000000000003
2006,10,3,10,30,531,222,3,22.8
2006,10,3,11,30,548,178,4,23.700000000000003
2006,10,3,12,30,609,440,8,24.1
2006,10,3,13,30,398,123,8,24.1
2006,10,3,14,30,275,22,4,23.6
2006,10,3,15,30,224,90,8,22.700000000000003
2006,10,3,16,30,75,1,4,21.3
2006,10,3,17,30,16,0,7,19.400000000000002
2006,10,3,18,30,0,0,7,18.2
2006,10,3,19,30,0,0,1,17.400000000000002
2006,10,3,20,30,0,0,0,16.6
2006,10,3,21,30,0,0,1,15.8
2006,10,3,22,30,0,0,0,15.200000000000001
2006,10,3,23,30,0,0,1,14.9
2006,10,4,0,30,0,0,1,14.9
2006,10,4,1,30,0,0,7,14.600000000000001
2006,10,4,2,30,0,0,7,14.3
2006,10,4,3,30,0,0,8,13.8
2006,10,4,4,30,0,0,7,13.3
2006,10,4,5,30,0,0,8,13
2006,10,4,6,30,18,0,8,13.600000000000001
2006,10,4,7,30,14,0,4,15.3
2006,10,4,8,30,34,0,4,17.1
2006,10,4,9,30,123,0,4,18.7
2006,10,4,10,30,506,191,2,20
2006,10,4,11,30,724,850,0,21.1
2006,10,4,12,30,492,217,8,21.700000000000003
2006,10,4,13,30,407,160,7,21.700000000000003
2006,10,4,14,30,302,68,7,21.1
2006,10,4,15,30,126,6,6,20.1
2006,10,4,16,30,71,3,7,18.900000000000002
2006,10,4,17,30,11,0,8,17.400000000000002
2006,10,4,18,30,0,0,7,16.1
2006,10,4,19,30,0,0,7,15.200000000000001
2006,10,4,20,30,0,0,7,14.4
2006,10,4,21,30,0,0,8,13.8
2006,10,4,22,30,0,0,4,13.4
2006,10,4,23,30,0,0,7,13.200000000000001
2006,10,5,0,30,0,0,7,13
2006,10,5,1,30,0,0,6,13
2006,10,5,2,30,0,0,6,13
2006,10,5,3,30,0,0,6,12.9
2006,10,5,4,30,0,0,8,12.700000000000001
2006,10,5,5,30,0,0,7,12.600000000000001
2006,10,5,6,30,20,0,4,13.3
2006,10,5,7,30,28,0,4,14.3
2006,10,5,8,30,144,9,8,15
2006,10,5,9,30,327,96,7,15.8
2006,10,5,10,30,317,33,7,17.2
2006,10,5,11,30,254,9,8,18.7
2006,10,5,12,30,713,844,0,19.6
2006,10,5,13,30,236,13,8,19.900000000000002
2006,10,5,14,30,369,104,4,19.700000000000003
2006,10,5,15,30,224,31,4,19.1
2006,10,5,16,30,178,519,0,17.900000000000002
2006,10,5,17,30,14,1,7,16.3
2006,10,5,18,30,0,0,7,14.9
2006,10,5,19,30,0,0,7,14.100000000000001
2006,10,5,20,30,0,0,0,13.5
2006,10,5,21,30,0,0,1,13
2006,10,5,22,30,0,0,7,12.600000000000001
2006,10,5,23,30,0,0,0,12.4
2006,10,6,0,30,0,0,0,12.200000000000001
2006,10,6,1,30,0,0,0,12.100000000000001
2006,10,6,2,30,0,0,0,12
2006,10,6,3,30,0,0,0,11.8
2006,10,6,4,30,0,0,0,11.600000000000001
2006,10,6,5,30,0,0,0,11.600000000000001
2006,10,6,6,30,34,191,0,13.200000000000001
2006,10,6,7,30,203,563,0,16.5
2006,10,6,8,30,387,719,0,19.700000000000003
2006,10,6,9,30,544,796,0,22.200000000000003
2006,10,6,10,30,663,867,0,23.900000000000002
2006,10,6,11,30,718,879,0,25.1
2006,10,6,12,30,712,873,0,25.8
2006,10,6,13,30,645,845,0,26.1
2006,10,6,14,30,521,787,0,25.900000000000002
2006,10,6,15,30,356,687,0,25.1
2006,10,6,16,30,167,462,1,23.1
2006,10,6,17,30,8,0,3,20.400000000000002
2006,10,6,18,30,0,0,3,18.6
2006,10,6,19,30,0,0,3,17.7
2006,10,6,20,30,0,0,3,16.8
2006,10,6,21,30,0,0,4,16
2006,10,6,22,30,0,0,0,15.200000000000001
2006,10,6,23,30,0,0,0,14.4
2006,10,7,0,30,0,0,0,13.8
2006,10,7,1,30,0,0,0,13.3
2006,10,7,2,30,0,0,0,13.200000000000001
2006,10,7,3,30,0,0,0,13
2006,10,7,4,30,0,0,0,12.5
2006,10,7,5,30,0,0,0,12.3
2006,10,7,6,30,31,167,0,13.8
2006,10,7,7,30,201,558,0,17.1
2006,10,7,8,30,391,737,0,20.200000000000003
2006,10,7,9,30,555,834,0,23.1
2006,10,7,10,30,677,904,0,25.5
2006,10,7,11,30,738,928,0,27.200000000000003
2006,10,7,12,30,733,928,0,28.400000000000002
2006,10,7,13,30,669,915,0,29
2006,10,7,14,30,544,874,0,29
2006,10,7,15,30,377,797,0,28.3
2006,10,7,16,30,183,633,0,25.1
2006,10,7,17,30,17,185,0,20.8
2006,10,7,18,30,0,0,0,18.5
2006,10,7,19,30,0,0,0,17.7
2006,10,7,20,30,0,0,0,17.400000000000002
2006,10,7,21,30,0,0,0,17
2006,10,7,22,30,0,0,0,16.400000000000002
2006,10,7,23,30,0,0,0,16
2006,10,8,0,30,0,0,0,15.600000000000001
2006,10,8,1,30,0,0,1,15.200000000000001
2006,10,8,2,30,0,0,1,14.8
2006,10,8,3,30,0,0,0,14.5
2006,10,8,4,30,0,0,0,14.3
2006,10,8,5,30,0,0,1,14
2006,10,8,6,30,19,0,3,15.200000000000001
2006,10,8,7,30,123,11,3,18.5
2006,10,8,8,30,398,803,0,23.1
2006,10,8,9,30,560,877,0,27.200000000000003
2006,10,8,10,30,675,921,0,29.6
2006,10,8,11,30,733,940,0,31.400000000000002
2006,10,8,12,30,727,937,0,32.5
2006,10,8,13,30,660,922,0,33
2006,10,8,14,30,538,882,0,32.800000000000004
2006,10,8,15,30,369,801,0,31.700000000000003
2006,10,8,16,30,177,633,0,28.3
2006,10,8,17,30,15,178,1,24.1
2006,10,8,18,30,0,0,1,21.8
2006,10,8,19,30,0,0,1,20.8
2006,10,8,20,30,0,0,0,20
2006,10,8,21,30,0,0,0,19.200000000000003
2006,10,8,22,30,0,0,0,18.5
2006,10,8,23,30,0,0,3,17.900000000000002
2006,10,9,0,30,0,0,3,17.3
2006,10,9,1,30,0,0,1,16.8
2006,10,9,2,30,0,0,1,16.400000000000002
2006,10,9,3,30,0,0,1,16.1
2006,10,9,4,30,0,0,1,15.9
2006,10,9,5,30,0,0,3,15.700000000000001
2006,10,9,6,30,17,0,3,16.900000000000002
2006,10,9,7,30,204,643,1,20.200000000000003
2006,10,9,8,30,394,800,1,24
2006,10,9,9,30,557,876,0,27.200000000000003
2006,10,9,10,30,673,923,0,29.200000000000003
2006,10,9,11,30,732,943,0,30.6
2006,10,9,12,30,726,939,0,31.3
2006,10,9,13,30,657,918,0,31.5
2006,10,9,14,30,532,875,0,31
2006,10,9,15,30,363,791,0,29.900000000000002
2006,10,9,16,30,172,620,1,27.1
2006,10,9,17,30,0,0,0,23.6
2006,10,9,18,30,0,0,0,21.400000000000002
2006,10,9,19,30,0,0,1,20
2006,10,9,20,30,0,0,0,18.5
2006,10,9,21,30,0,0,0,17.2
2006,10,9,22,30,0,0,0,16.2
2006,10,9,23,30,0,0,0,15.4
2006,10,10,0,30,0,0,0,14.700000000000001
2006,10,10,1,30,0,0,0,14.100000000000001
2006,10,10,2,30,0,0,0,13.600000000000001
2006,10,10,3,30,0,0,1,13.3
2006,10,10,4,30,0,0,1,13.100000000000001
2006,10,10,5,30,0,0,1,12.9
2006,10,10,6,30,30,262,1,14.100000000000001
2006,10,10,7,30,205,661,1,17
2006,10,10,8,30,399,822,0,20.3
2006,10,10,9,30,563,898,0,22.700000000000003
2006,10,10,10,30,676,934,0,24.400000000000002
2006,10,10,11,30,729,941,0,25.400000000000002
2006,10,10,12,30,719,930,0,26
2006,10,10,13,30,388,74,3,26.3
2006,10,10,14,30,424,422,8,26.1
2006,10,10,15,30,351,753,1,25.400000000000002
2006,10,10,16,30,116,38,2,23.200000000000003
2006,10,10,17,30,0,0,0,20.400000000000002
2006,10,10,18,30,0,0,0,18.7
2006,10,10,19,30,0,0,0,17.7
2006,10,10,20,30,0,0,0,16.6
2006,10,10,21,30,0,0,0,15.700000000000001
2006,10,10,22,30,0,0,0,15
2006,10,10,23,30,0,0,0,14.5
2006,10,11,0,30,0,0,0,14.200000000000001
2006,10,11,1,30,0,0,0,14
2006,10,11,2,30,0,0,0,13.8
2006,10,11,3,30,0,0,1,13.600000000000001
2006,10,11,4,30,0,0,1,13.4
2006,10,11,5,30,0,0,3,13.4
2006,10,11,6,30,15,0,3,14.700000000000001
2006,10,11,7,30,119,11,3,18
2006,10,11,8,30,384,778,1,22.3
2006,10,11,9,30,545,861,0,26
2006,10,11,10,30,662,914,0,28.1
2006,10,11,11,30,718,931,0,29.6
2006,10,11,12,30,711,928,0,30.5
2006,10,11,13,30,644,913,0,30.700000000000003
2006,10,11,14,30,519,867,0,30.400000000000002
2006,10,11,15,30,351,780,0,29.3
2006,10,11,16,30,160,597,0,26.1
2006,10,11,17,30,0,0,0,22.5
2006,10,11,18,30,0,0,0,21.200000000000003
2006,10,11,19,30,0,0,1,20.200000000000003
2006,10,11,20,30,0,0,0,19
2006,10,11,21,30,0,0,0,18.3
2006,10,11,22,30,0,0,0,17.900000000000002
2006,10,11,23,30,0,0,0,17.3
2006,10,12,0,30,0,0,0,16.7
2006,10,12,1,30,0,0,1,16.1
2006,10,12,2,30,0,0,1,15.600000000000001
2006,10,12,3,30,0,0,3,15.3
2006,10,12,4,30,0,0,1,15
2006,10,12,5,30,0,0,3,14.9
2006,10,12,6,30,14,0,3,16.3
2006,10,12,7,30,118,10,3,19.8
2006,10,12,8,30,386,805,1,23.900000000000002
2006,10,12,9,30,547,883,1,27.1
2006,10,12,10,30,663,930,0,29.3
2006,10,12,11,30,719,947,0,30.8
2006,10,12,12,30,713,946,0,31.6
2006,10,12,13,30,643,925,0,31.8
2006,10,12,14,30,518,881,0,31.5
2006,10,12,15,30,349,794,0,30.5
2006,10,12,16,30,157,607,0,27.6
2006,10,12,17,30,0,0,1,25
2006,10,12,18,30,0,0,1,23.700000000000003
2006,10,12,19,30,0,0,1,21.6
2006,10,12,20,30,0,0,0,19.8
2006,10,12,21,30,0,0,0,18.900000000000002
2006,10,12,22,30,0,0,0,18.400000000000002
2006,10,12,23,30,0,0,0,17.900000000000002
2006,10,13,0,30,0,0,0,17.3
2006,10,13,1,30,0,0,0,16.7
2006,10,13,2,30,0,0,0,16.1
2006,10,13,3,30,0,0,0,15.600000000000001
2006,10,13,4,30,0,0,0,15
2006,10,13,5,30,0,0,0,14.5
2006,10,13,6,30,23,191,1,16
2006,10,13,7,30,190,620,1,19.400000000000002
2006,10,13,8,30,379,786,0,22.3
2006,10,13,9,30,539,866,0,24.400000000000002
2006,10,13,10,30,657,925,0,26
2006,10,13,11,30,710,936,0,26.900000000000002
2006,10,13,12,30,700,929,0,27.1
2006,10,13,13,30,628,901,0,26.900000000000002
2006,10,13,14,30,501,847,0,26.3
2006,10,13,15,30,334,751,0,25.400000000000002
2006,10,13,16,30,146,550,1,22.8
2006,10,13,17,30,0,0,0,19.700000000000003
2006,10,13,18,30,0,0,0,18.1
2006,10,13,19,30,0,0,0,17.2
2006,10,13,20,30,0,0,0,16.5
2006,10,13,21,30,0,0,0,15.9
2006,10,13,22,30,0,0,0,15.200000000000001
2006,10,13,23,30,0,0,0,14.4
2006,10,14,0,30,0,0,0,13.700000000000001
2006,10,14,1,30,0,0,0,13.3
2006,10,14,2,30,0,0,0,13.100000000000001
2006,10,14,3,30,0,0,0,12.9
2006,10,14,4,30,0,0,0,12.8
2006,10,14,5,30,0,0,0,12.9
2006,10,14,6,30,20,141,0,14.100000000000001
2006,10,14,7,30,180,564,1,16.5
2006,10,14,8,30,364,736,0,19.1
2006,10,14,9,30,387,165,2,21
2006,10,14,10,30,633,873,0,22.6
2006,10,14,11,30,689,897,0,24.3
2006,10,14,12,30,684,899,0,25.6
2006,10,14,13,30,613,869,0,26.3
2006,10,14,14,30,490,823,0,26.200000000000003
2006,10,14,15,30,249,170,2,25.1
2006,10,14,16,30,104,78,8,22.400000000000002
2006,10,14,17,30,0,0,7,19.3
2006,10,14,18,30,0,0,1,17.8
2006,10,14,19,30,0,0,7,17.1
2006,10,14,20,30,0,0,7,16.7
2006,10,14,21,30,0,0,7,16.400000000000002
2006,10,14,22,30,0,0,3,16
2006,10,14,23,30,0,0,0,15.3
2006,10,15,0,30,0,0,0,14.3
2006,10,15,1,30,0,0,7,13.5
2006,10,15,2,30,0,0,8,13.100000000000001
2006,10,15,3,30,0,0,7,12.700000000000001
2006,10,15,4,30,0,0,7,12.3
2006,10,15,5,30,0,0,7,12
2006,10,15,6,30,11,0,7,12.8
2006,10,15,7,30,130,60,8,14.9
2006,10,15,8,30,257,181,8,17.2
2006,10,15,9,30,357,105,3,19.1
2006,10,15,10,30,473,203,3,20.6
2006,10,15,11,30,664,831,1,21.700000000000003
2006,10,15,12,30,642,560,2,22.5
2006,10,15,13,30,586,799,0,22.900000000000002
2006,10,15,14,30,464,743,1,22.8
2006,10,15,15,30,302,638,1,22.1
2006,10,15,16,30,54,1,2,20.5
2006,10,15,17,30,0,0,8,18.7
2006,10,15,18,30,0,0,4,17.5
2006,10,15,19,30,0,0,4,16.8
2006,10,15,20,30,0,0,4,16.1
2006,10,15,21,30,0,0,3,15.4
2006,10,15,22,30,0,0,0,14.8
2006,10,15,23,30,0,0,1,14.100000000000001
2006,10,16,0,30,0,0,1,13.4
2006,10,16,1,30,0,0,7,12.9
2006,10,16,2,30,0,0,7,12.600000000000001
2006,10,16,3,30,0,0,3,12.8
2006,10,16,4,30,0,0,3,12.9
2006,10,16,5,30,0,0,3,12.9
2006,10,16,6,30,16,105,1,13.3
2006,10,16,7,30,88,2,3,14.600000000000001
2006,10,16,8,30,247,77,2,16.6
2006,10,16,9,30,515,832,0,18.6
2006,10,16,10,30,629,889,0,20.200000000000003
2006,10,16,11,30,684,912,0,21.5
2006,10,16,12,30,678,915,0,22.3
2006,10,16,13,30,602,855,0,22.6
2006,10,16,14,30,478,804,0,22.3
2006,10,16,15,30,311,698,0,21.5
2006,10,16,16,30,126,467,0,19.6
2006,10,16,17,30,0,0,8,17.6
2006,10,16,18,30,0,0,3,16.400000000000002
2006,10,16,19,30,0,0,0,15.3
2006,10,16,20,30,0,0,0,14.5
2006,10,16,21,30,0,0,0,13.9
2006,10,16,22,30,0,0,0,13.200000000000001
2006,10,16,23,30,0,0,0,12.5
2006,10,17,0,30,0,0,0,11.9
2006,10,17,1,30,0,0,0,11.3
2006,10,17,2,30,0,0,0,10.8
2006,10,17,3,30,0,0,0,10.200000000000001
2006,10,17,4,30,0,0,0,9.700000000000001
2006,10,17,5,30,0,0,0,9.4
2006,10,17,6,30,17,186,1,10.200000000000001
2006,10,17,7,30,177,611,1,12.9
2006,10,17,8,30,361,766,0,16.400000000000002
2006,10,17,9,30,518,842,0,19.6
2006,10,17,10,30,632,891,0,21.900000000000002
2006,10,17,11,30,688,919,0,23.6
2006,10,17,12,30,682,930,0,24.700000000000003
2006,10,17,13,30,614,918,0,25.200000000000003
2006,10,17,14,30,491,881,0,24.900000000000002
2006,10,17,15,30,322,792,0,24
2006,10,17,16,30,134,594,0,20.8
2006,10,17,17,30,0,0,0,17.1
2006,10,17,18,30,0,0,0,15.4
2006,10,17,19,30,0,0,0,14.600000000000001
2006,10,17,20,30,0,0,0,13.9
2006,10,17,21,30,0,0,0,13.200000000000001
2006,10,17,22,30,0,0,0,12.600000000000001
2006,10,17,23,30,0,0,1,12.100000000000001
2006,10,18,0,30,0,0,0,11.600000000000001
2006,10,18,1,30,0,0,1,11.200000000000001
2006,10,18,2,30,0,0,1,10.9
2006,10,18,3,30,0,0,1,10.600000000000001
2006,10,18,4,30,0,0,1,10.5
2006,10,18,5,30,0,0,1,10.3
2006,10,18,6,30,16,195,1,11.5
2006,10,18,7,30,177,651,1,14.5
2006,10,18,8,30,251,102,3,18.7
2006,10,18,9,30,519,891,0,22.400000000000002
2006,10,18,10,30,629,930,0,24.700000000000003
2006,10,18,11,30,681,942,0,26.200000000000003
2006,10,18,12,30,673,940,0,27.1
2006,10,18,13,30,604,919,0,27.400000000000002
2006,10,18,14,30,479,871,1,27
2006,10,18,15,30,226,135,3,25.8
2006,10,18,16,30,61,1,3,22.5
2006,10,18,17,30,0,0,0,19.700000000000003
2006,10,18,18,30,0,0,0,18.900000000000002
2006,10,18,19,30,0,0,1,17.8
2006,10,18,20,30,0,0,0,16.5
2006,10,18,21,30,0,0,1,15.700000000000001
2006,10,18,22,30,0,0,0,15.3
2006,10,18,23,30,0,0,1,15
2006,10,19,0,30,0,0,1,14.3
2006,10,19,1,30,0,0,0,13.600000000000001
2006,10,19,2,30,0,0,1,13.200000000000001
2006,10,19,3,30,0,0,1,12.9
2006,10,19,4,30,0,0,1,12.8
2006,10,19,5,30,0,0,1,12.8
2006,10,19,6,30,13,138,1,14.100000000000001
2006,10,19,7,30,163,585,0,17.3
2006,10,19,8,30,340,755,0,21.6
2006,10,19,9,30,492,832,0,25.5
2006,10,19,10,30,601,879,0,28
2006,10,19,11,30,654,899,0,29.6
2006,10,19,12,30,646,898,0,30.8
2006,10,19,13,30,577,874,1,31.3
2006,10,19,14,30,456,826,0,31.1
2006,10,19,15,30,294,729,0,30.1
2006,10,19,16,30,116,519,0,26.700000000000003
2006,10,19,17,30,0,0,0,23.1
2006,10,19,18,30,0,0,0,21.700000000000003
2006,10,19,19,30,0,0,0,20.8
2006,10,19,20,30,0,0,0,19.900000000000002
2006,10,19,21,30,0,0,0,19.1
2006,10,19,22,30,0,0,0,18.3
2006,10,19,23,30,0,0,0,17.7
2006,10,20,0,30,0,0,0,17.1
2006,10,20,1,30,0,0,1,16.400000000000002
2006,10,20,2,30,0,0,0,15.600000000000001
2006,10,20,3,30,0,0,0,15
2006,10,20,4,30,0,0,1,14.4
2006,10,20,5,30,0,0,1,14
2006,10,20,6,30,0,0,1,14.600000000000001
2006,10,20,7,30,169,631,1,17.1
2006,10,20,8,30,355,809,0,21.3
2006,10,20,9,30,516,898,0,25.900000000000002
2006,10,20,10,30,632,947,0,29.3
2006,10,20,11,30,687,964,0,31.1
2006,10,20,12,30,678,959,0,32.2
2006,10,20,13,30,608,937,0,32.7
2006,10,20,14,30,481,887,0,32.5
2006,10,20,15,30,309,783,0,30.8
2006,10,20,16,30,121,563,0,26.3
2006,10,20,17,30,0,0,0,22.200000000000003
2006,10,20,18,30,0,0,0,20.8
2006,10,20,19,30,0,0,1,19.900000000000002
2006,10,20,20,30,0,0,0,18.900000000000002
2006,10,20,21,30,0,0,0,18
2006,10,20,22,30,0,0,0,17.2
2006,10,20,23,30,0,0,0,16.5
2006,10,21,0,30,0,0,1,15.9
2006,10,21,1,30,0,0,1,15.5
2006,10,21,2,30,0,0,3,15.600000000000001
2006,10,21,3,30,0,0,3,15.4
2006,10,21,4,30,0,0,3,14.9
2006,10,21,5,30,0,0,3,14.5
2006,10,21,6,30,0,0,3,15.4
2006,10,21,7,30,91,4,3,18.2
2006,10,21,8,30,353,813,0,21.900000000000002
2006,10,21,9,30,512,895,0,25.3
2006,10,21,10,30,623,932,0,27.900000000000002
2006,10,21,11,30,677,946,0,29.5
2006,10,21,12,30,552,521,8,30.400000000000002
2006,10,21,13,30,443,370,8,30.6
2006,10,21,14,30,350,325,8,30
2006,10,21,15,30,226,251,8,28.3
2006,10,21,16,30,60,7,7,25.400000000000002
2006,10,21,17,30,0,0,7,22.8
2006,10,21,18,30,0,0,7,20.700000000000003
2006,10,21,19,30,0,0,3,19.200000000000003
2006,10,21,20,30,0,0,0,18.400000000000002
2006,10,21,21,30,0,0,3,17.8
2006,10,21,22,30,0,0,1,17.400000000000002
2006,10,21,23,30,0,0,3,17.1
2006,10,22,0,30,0,0,1,16.7
2006,10,22,1,30,0,0,3,16.2
2006,10,22,2,30,0,0,3,15.8
2006,10,22,3,30,0,0,1,15.5
2006,10,22,4,30,0,0,3,15.4
2006,10,22,5,30,0,0,3,15.3
2006,10,22,6,30,0,0,3,16.1
2006,10,22,7,30,154,563,1,18.900000000000002
2006,10,22,8,30,335,752,1,23
2006,10,22,9,30,491,842,0,26.8
2006,10,22,10,30,605,904,0,29.1
2006,10,22,11,30,658,922,0,30.400000000000002
2006,10,22,12,30,647,915,0,31
2006,10,22,13,30,578,897,0,31.1
2006,10,22,14,30,454,843,0,30.6
2006,10,22,15,30,289,739,0,29.1
2006,10,22,16,30,107,506,0,26.3
2006,10,22,17,30,0,0,0,23.900000000000002
2006,10,22,18,30,0,0,0,22.200000000000003
2006,10,22,19,30,0,0,0,20.3
2006,10,22,20,30,0,0,0,19
2006,10,22,21,30,0,0,0,18.1
2006,10,22,22,30,0,0,0,17.6
2006,10,22,23,30,0,0,0,17.3
2006,10,23,0,30,0,0,1,16.900000000000002
2006,10,23,1,30,0,0,1,16.5
2006,10,23,2,30,0,0,1,16.1
2006,10,23,3,30,0,0,1,15.8
2006,10,23,4,30,0,0,3,15.5
2006,10,23,5,30,0,0,1,15.4
2006,10,23,6,30,0,0,3,16.5
2006,10,23,7,30,74,1,3,20.1
2006,10,23,8,30,331,740,1,24.1
2006,10,23,9,30,486,828,0,26.8
2006,10,23,10,30,596,881,0,28.5
2006,10,23,11,30,649,898,0,29.6
2006,10,23,12,30,640,893,0,30.1
2006,10,23,13,30,570,868,0,30.200000000000003
2006,10,23,14,30,446,809,0,29.700000000000003
2006,10,23,15,30,281,696,1,28.200000000000003
2006,10,23,16,30,72,15,3,25.400000000000002
2006,10,23,17,30,0,0,3,22.6
2006,10,23,18,30,0,0,3,21
2006,10,23,19,30,0,0,3,20
2006,10,23,20,30,0,0,0,19.400000000000002
2006,10,23,21,30,0,0,0,18.8
2006,10,23,22,30,0,0,0,18.3
2006,10,23,23,30,0,0,0,17.8
2006,10,24,0,30,0,0,7,17.400000000000002
2006,10,24,1,30,0,0,7,16.900000000000002
2006,10,24,2,30,0,0,8,16.5
2006,10,24,3,30,0,0,0,16.2
2006,10,24,4,30,0,0,1,16
2006,10,24,5,30,0,0,1,15.8
2006,10,24,6,30,0,0,1,16.5
2006,10,24,7,30,145,519,1,19.1
2006,10,24,8,30,272,357,8,22.400000000000002
2006,10,24,9,30,358,164,4,25
2006,10,24,10,30,484,488,8,27
2006,10,24,11,30,499,364,7,28.200000000000003
2006,10,24,12,30,632,867,1,28.8
2006,10,24,13,30,551,548,2,28.900000000000002
2006,10,24,14,30,420,465,2,28.5
2006,10,24,15,30,273,666,0,27.1
2006,10,24,16,30,94,408,0,23.8
2006,10,24,17,30,0,0,1,20.8
2006,10,24,18,30,0,0,1,19.3
2006,10,24,19,30,0,0,1,18
2006,10,24,20,30,0,0,1,17
2006,10,24,21,30,0,0,2,15.9
2006,10,24,22,30,0,0,0,14.700000000000001
2006,10,24,23,30,0,0,0,13.3
2006,10,25,0,30,0,0,0,12.100000000000001
2006,10,25,1,30,0,0,0,11.200000000000001
2006,10,25,2,30,0,0,0,10.700000000000001
2006,10,25,3,30,0,0,0,10.200000000000001
2006,10,25,4,30,0,0,0,9.8
2006,10,25,5,30,0,0,0,9.5
2006,10,25,6,30,0,0,1,10
2006,10,25,7,30,153,584,1,12.100000000000001
2006,10,25,8,30,339,779,0,15.5
2006,10,25,9,30,497,868,0,19.1
2006,10,25,10,30,485,292,2,22
2006,10,25,11,30,666,942,0,24.1
2006,10,25,12,30,656,938,0,25.400000000000002
2006,10,25,13,30,585,916,0,25.900000000000002
2006,10,25,14,30,457,861,0,25.6
2006,10,25,15,30,286,747,0,24.1
2006,10,25,16,30,98,477,0,20
2006,10,25,17,30,0,0,0,16.400000000000002
2006,10,25,18,30,0,0,0,15
2006,10,25,19,30,0,0,1,13.9
2006,10,25,20,30,0,0,0,13
2006,10,25,21,30,0,0,0,12.5
2006,10,25,22,30,0,0,0,12.100000000000001
2006,10,25,23,30,0,0,1,11.700000000000001
2006,10,26,0,30,0,0,1,11.4
2006,10,26,1,30,0,0,1,11.100000000000001
2006,10,26,2,30,0,0,1,10.8
2006,10,26,3,30,0,0,3,10.700000000000001
2006,10,26,4,30,0,0,3,10.5
2006,10,26,5,30,0,0,3,10.5
2006,10,26,6,30,0,0,3,11.3
2006,10,26,7,30,73,2,3,14.100000000000001
2006,10,26,8,30,212,44,2,18.3
2006,10,26,9,30,492,883,0,22.3
2006,10,26,10,30,604,931,0,25.200000000000003
2006,10,26,11,30,658,948,0,27.1
2006,10,26,12,30,648,943,0,28.400000000000002
2006,10,26,13,30,573,910,0,29
2006,10,26,14,30,446,855,0,28.8
2006,10,26,15,30,277,743,0,26.900000000000002
2006,10,26,16,30,59,4,3,23
2006,10,26,17,30,0,0,1,19.5
2006,10,26,18,30,0,0,0,17.8
2006,10,26,19,30,0,0,1,17.1
2006,10,26,20,30,0,0,0,16.400000000000002
2006,10,26,21,30,0,0,1,15.5
2006,10,26,22,30,0,0,0,14.700000000000001
2006,10,26,23,30,0,0,1,14.100000000000001
2006,10,27,0,30,0,0,0,13.5
2006,10,27,1,30,0,0,1,13
2006,10,27,2,30,0,0,0,12.600000000000001
2006,10,27,3,30,0,0,0,12.3
2006,10,27,4,30,0,0,3,12.200000000000001
2006,10,27,5,30,0,0,3,12
2006,10,27,6,30,0,0,3,12.8
2006,10,27,7,30,69,1,3,15.5
2006,10,27,8,30,212,51,3,19.700000000000003
2006,10,27,9,30,482,864,1,23.700000000000003
2006,10,27,10,30,596,926,0,26.700000000000003
2006,10,27,11,30,649,943,0,28.5
2006,10,27,12,30,643,946,0,29.5
2006,10,27,13,30,574,932,0,29.700000000000003
2006,10,27,14,30,447,879,0,29.3
2006,10,27,15,30,277,770,0,27.1
2006,10,27,16,30,93,511,0,23
2006,10,27,17,30,0,0,1,20.1
2006,10,27,18,30,0,0,1,18.7
2006,10,27,19,30,0,0,1,17.5
2006,10,27,20,30,0,0,1,17
2006,10,27,21,30,0,0,0,16.7
2006,10,27,22,30,0,0,1,16.1
2006,10,27,23,30,0,0,1,15.5
2006,10,28,0,30,0,0,1,14.9
2006,10,28,1,30,0,0,1,14.3
2006,10,28,2,30,0,0,1,13.9
2006,10,28,3,30,0,0,3,13.5
2006,10,28,4,30,0,0,1,13.200000000000001
2006,10,28,5,30,0,0,3,12.9
2006,10,28,6,30,0,0,3,13.5
2006,10,28,7,30,73,2,3,16.400000000000002
2006,10,28,8,30,324,790,1,20.5
2006,10,28,9,30,482,879,0,23.900000000000002
2006,10,28,10,30,594,929,0,26.5
2006,10,28,11,30,647,946,0,28.1
2006,10,28,12,30,637,940,0,28.900000000000002
2006,10,28,13,30,565,913,0,29
2006,10,28,14,30,437,851,0,28.5
2006,10,28,15,30,268,728,0,26.400000000000002
2006,10,28,16,30,85,436,0,22.8
2006,10,28,17,30,0,0,1,19.900000000000002
2006,10,28,18,30,0,0,1,18.1
2006,10,28,19,30,0,0,3,16.7
2006,10,28,20,30,0,0,1,15.9
2006,10,28,21,30,0,0,1,15.3
2006,10,28,22,30,0,0,3,14.8
2006,10,28,23,30,0,0,3,14.3
2006,10,29,0,30,0,0,3,14
2006,10,29,1,30,0,0,4,13.600000000000001
2006,10,29,2,30,0,0,3,13.3
2006,10,29,3,30,0,0,3,12.9
2006,10,29,4,30,0,0,1,12.4
2006,10,29,5,30,0,0,3,11.8
2006,10,29,6,30,0,0,3,12.200000000000001
2006,10,29,7,30,130,507,1,15.3
2006,10,29,8,30,209,53,3,18.900000000000002
2006,10,29,9,30,466,837,0,21.3
2006,10,29,10,30,579,901,0,23.200000000000003
2006,10,29,11,30,632,922,0,24.400000000000002
2006,10,29,12,30,622,918,0,25.1
2006,10,29,13,30,551,894,0,25.3
2006,10,29,14,30,426,837,0,25
2006,10,29,15,30,260,721,0,23.400000000000002
2006,10,29,16,30,81,450,0,19.700000000000003
2006,10,29,17,30,0,0,1,16.5
2006,10,29,18,30,0,0,1,15.5
2006,10,29,19,30,0,0,1,14.5
2006,10,29,20,30,0,0,0,13.700000000000001
2006,10,29,21,30,0,0,0,13.100000000000001
2006,10,29,22,30,0,0,1,12.600000000000001
2006,10,29,23,30,0,0,0,12
2006,10,30,0,30,0,0,1,11.5
2006,10,30,1,30,0,0,1,11.100000000000001
2006,10,30,2,30,0,0,3,10.9
2006,10,30,3,30,0,0,1,10.5
2006,10,30,4,30,0,0,3,10
2006,10,30,5,30,0,0,4,9.600000000000001
2006,10,30,6,30,0,0,1,9.9
2006,10,30,7,30,123,490,0,11.8
2006,10,30,8,30,298,705,0,14.4
2006,10,30,9,30,452,809,0,16.6
2006,10,30,10,30,565,880,0,18.400000000000002
2006,10,30,11,30,617,901,0,19.6
2006,10,30,12,30,608,899,0,20.400000000000002
2006,10,30,13,30,539,876,0,20.8
2006,10,30,14,30,414,816,0,20.5
2006,10,30,15,30,250,695,0,19.400000000000002
2006,10,30,16,30,75,408,0,16.5
2006,10,30,17,30,0,0,0,13.700000000000001
2006,10,30,18,30,0,0,0,12.700000000000001
2006,10,30,19,30,0,0,0,12.100000000000001
2006,10,30,20,30,0,0,0,11.5
2006,10,30,21,30,0,0,0,11
2006,10,30,22,30,0,0,0,10.4
2006,10,30,23,30,0,0,0,9.9
2006,10,31,0,30,0,0,0,9.5
2006,10,31,1,30,0,0,4,9.200000000000001
2006,10,31,2,30,0,0,8,9.1
2006,10,31,3,30,0,0,7,9.1
2006,10,31,4,30,0,0,8,9.200000000000001
2006,10,31,5,30,0,0,1,9.1
2006,10,31,6,30,0,0,1,9.5
2006,10,31,7,30,116,425,1,11.600000000000001
2006,10,31,8,30,250,354,7,14.3
2006,10,31,9,30,387,455,7,16.5
2006,10,31,10,30,426,358,7,18.400000000000002
2006,10,31,11,30,457,315,8,20
2006,10,31,12,30,488,435,8,20.900000000000002
2006,10,31,13,30,527,847,0,21.200000000000003
2006,10,31,14,30,404,785,0,20.700000000000003
2006,10,31,15,30,196,193,2,19.400000000000002
2006,10,31,16,30,45,1,3,16.8
2006,10,31,17,30,0,0,4,14.5
2006,10,31,18,30,0,0,7,13.3
2006,10,31,19,30,0,0,8,12.5
2006,10,31,20,30,0,0,8,12
2006,10,31,21,30,0,0,7,11.600000000000001
2006,10,31,22,30,0,0,7,11.4
2006,10,31,23,30,0,0,7,11.3
2006,11,1,0,30,0,0,0,11.3
2006,11,1,1,30,0,0,7,11.4
2006,11,1,2,30,0,0,7,11.3
2006,11,1,3,30,0,0,7,11
2006,11,1,4,30,0,0,8,10.4
2006,11,1,5,30,0,0,7,10
2006,11,1,6,30,0,0,7,10.600000000000001
2006,11,1,7,30,43,2,7,12.700000000000001
2006,11,1,8,30,129,19,7,14.8
2006,11,1,9,30,204,34,8,16
2006,11,1,10,30,211,16,8,17.1
2006,11,1,11,30,166,0,4,18.6
2006,11,1,12,30,252,7,4,19.8
2006,11,1,13,30,288,39,3,20.1
2006,11,1,14,30,259,61,2,19.700000000000003
2006,11,1,15,30,170,76,3,18.5
2006,11,1,16,30,30,0,4,16.3
2006,11,1,17,30,0,0,4,14.200000000000001
2006,11,1,18,30,0,0,1,13.3
2006,11,1,19,30,0,0,4,13.100000000000001
2006,11,1,20,30,0,0,8,13.3
2006,11,1,21,30,0,0,7,13.4
2006,11,1,22,30,0,0,7,13.4
2006,11,1,23,30,0,0,7,13.200000000000001
2006,11,2,0,30,0,0,7,13.200000000000001
2006,11,2,1,30,0,0,7,12.9
2006,11,2,2,30,0,0,8,12.4
2006,11,2,3,30,0,0,8,12.100000000000001
2006,11,2,4,30,0,0,7,12
2006,11,2,5,30,0,0,8,12
2006,11,2,6,30,0,0,6,11.9
2006,11,2,7,30,6,0,6,12
2006,11,2,8,30,5,0,6,12.4
2006,11,2,9,30,16,0,6,12.8
2006,11,2,10,30,55,0,6,13.3
2006,11,2,11,30,301,89,7,13.9
2006,11,2,12,30,116,1,7,14.4
2006,11,2,13,30,173,11,7,15
2006,11,2,14,30,27,0,7,15.600000000000001
2006,11,2,15,30,5,0,8,15.9
2006,11,2,16,30,59,286,1,15.700000000000001
2006,11,2,17,30,0,0,1,15.4
2006,11,2,18,30,0,0,1,15.100000000000001
2006,11,2,19,30,0,0,3,14.700000000000001
2006,11,2,20,30,0,0,3,14.3
2006,11,2,21,30,0,0,7,14
2006,11,2,22,30,0,0,7,13.9
2006,11,2,23,30,0,0,7,13.9
2006,11,3,0,30,0,0,7,13.700000000000001
2006,11,3,1,30,0,0,7,13.5
2006,11,3,2,30,0,0,8,13.4
2006,11,3,3,30,0,0,8,13.4
2006,11,3,4,30,0,0,8,13.4
2006,11,3,5,30,0,0,8,13.4
2006,11,3,6,30,0,0,7,13.600000000000001
2006,11,3,7,30,53,5,7,14.3
2006,11,3,8,30,56,1,6,15.200000000000001
2006,11,3,9,30,94,1,6,15.600000000000001
2006,11,3,10,30,171,7,7,15.8
2006,11,3,11,30,300,66,6,16
2006,11,3,12,30,240,27,8,16.2
2006,11,3,13,30,255,45,8,16.400000000000002
2006,11,3,14,30,153,14,8,16.6
2006,11,3,15,30,60,0,4,16.3
2006,11,3,16,30,28,0,4,14.8
2006,11,3,17,30,0,0,3,13.200000000000001
2006,11,3,18,30,0,0,0,12.9
2006,11,3,19,30,0,0,1,12.9
2006,11,3,20,30,0,0,3,12.9
2006,11,3,21,30,0,0,0,12.700000000000001
2006,11,3,22,30,0,0,0,12.600000000000001
2006,11,3,23,30,0,0,1,12.600000000000001
2006,11,4,0,30,0,0,0,12.5
2006,11,4,1,30,0,0,0,12.600000000000001
2006,11,4,2,30,0,0,3,12.5
2006,11,4,3,30,0,0,0,12.4
2006,11,4,4,30,0,0,7,12.3
2006,11,4,5,30,0,0,0,12.3
2006,11,4,6,30,0,0,1,12.700000000000001
2006,11,4,7,30,32,1,7,14.4
2006,11,4,8,30,210,210,8,16.400000000000002
2006,11,4,9,30,331,306,7,17.3
2006,11,4,10,30,12,0,6,18.400000000000002
2006,11,4,11,30,119,1,6,20.5
2006,11,4,12,30,313,85,6,22.400000000000002
2006,11,4,13,30,261,83,7,23
2006,11,4,14,30,253,162,8,22.6
2006,11,4,15,30,101,3,4,21.1
2006,11,4,16,30,38,5,7,18.7
2006,11,4,17,30,0,0,7,16.900000000000002
2006,11,4,18,30,0,0,3,15.8
2006,11,4,19,30,0,0,3,15
2006,11,4,20,30,0,0,7,14.600000000000001
2006,11,4,21,30,0,0,7,14.3
2006,11,4,22,30,0,0,7,14.200000000000001
2006,11,4,23,30,0,0,7,14
2006,11,5,0,30,0,0,7,13.700000000000001
2006,11,5,1,30,0,0,7,13.8
2006,11,5,2,30,0,0,6,14.100000000000001
2006,11,5,3,30,0,0,7,13.9
2006,11,5,4,30,0,0,7,13.5
2006,11,5,5,30,0,0,7,13.4
2006,11,5,6,30,0,0,7,13.700000000000001
2006,11,5,7,30,27,0,7,15.100000000000001
2006,11,5,8,30,89,7,7,18.1
2006,11,5,9,30,343,434,8,21
2006,11,5,10,30,409,410,8,22.900000000000002
2006,11,5,11,30,452,419,8,23.900000000000002
2006,11,5,12,30,400,167,3,24.5
2006,11,5,13,30,363,199,3,24.8
2006,11,5,14,30,363,748,1,24.700000000000003
2006,11,5,15,30,159,108,3,23.5
2006,11,5,16,30,32,0,3,20.900000000000002
2006,11,5,17,30,0,0,3,18.900000000000002
2006,11,5,18,30,0,0,3,18
2006,11,5,19,30,0,0,0,17.5
2006,11,5,20,30,0,0,7,17.2
2006,11,5,21,30,0,0,0,16.900000000000002
2006,11,5,22,30,0,0,3,16.6
2006,11,5,23,30,0,0,3,16.2
2006,11,6,0,30,0,0,4,16
2006,11,6,1,30,0,0,7,16
2006,11,6,2,30,0,0,3,16
2006,11,6,3,30,0,0,7,15.9
2006,11,6,4,30,0,0,8,15.8
2006,11,6,5,30,0,0,3,15.8
2006,11,6,6,30,0,0,4,16.1
2006,11,6,7,30,48,5,7,18.400000000000002
2006,11,6,8,30,192,158,8,21.900000000000002
2006,11,6,9,30,274,157,7,24.8
2006,11,6,10,30,383,210,4,27
2006,11,6,11,30,406,178,3,28.3
2006,11,6,12,30,400,182,2,28.8
2006,11,6,13,30,356,182,3,28.8
2006,11,6,14,30,255,100,4,28.200000000000003
2006,11,6,15,30,153,80,3,26.400000000000002
2006,11,6,16,30,34,4,7,23.700000000000003
2006,11,6,17,30,0,0,7,21.700000000000003
2006,11,6,18,30,0,0,7,20.6
2006,11,6,19,30,0,0,7,20
2006,11,6,20,30,0,0,7,19.900000000000002
2006,11,6,21,30,0,0,0,19.8
2006,11,6,22,30,0,0,0,19.200000000000003
2006,11,6,23,30,0,0,0,18.5
2006,11,7,0,30,0,0,0,18
2006,11,7,1,30,0,0,3,17.8
2006,11,7,2,30,0,0,3,17.5
2006,11,7,3,30,0,0,0,17.1
2006,11,7,4,30,0,0,0,16.5
2006,11,7,5,30,0,0,1,16
2006,11,7,6,30,0,0,0,16.3
2006,11,7,7,30,93,453,0,18.400000000000002
2006,11,7,8,30,256,687,0,21.1
2006,11,7,9,30,402,796,0,23.1
2006,11,7,10,30,508,861,0,24.6
2006,11,7,11,30,558,882,0,25.700000000000003
2006,11,7,12,30,550,881,0,26.400000000000002
2006,11,7,13,30,481,841,0,26.700000000000003
2006,11,7,14,30,363,778,0,26.5
2006,11,7,15,30,209,650,0,25.3
2006,11,7,16,30,50,336,0,22.900000000000002
2006,11,7,17,30,0,0,0,21
2006,11,7,18,30,0,0,3,20.3
2006,11,7,19,30,0,0,4,19.6
2006,11,7,20,30,0,0,4,19.1
2006,11,7,21,30,0,0,4,18.6
2006,11,7,22,30,0,0,4,18.1
2006,11,7,23,30,0,0,4,17.6
2006,11,8,0,30,0,0,4,17.3
2006,11,8,1,30,0,0,4,17
2006,11,8,2,30,0,0,4,16.7
2006,11,8,3,30,0,0,8,16.400000000000002
2006,11,8,4,30,0,0,4,15.9
2006,11,8,5,30,0,0,0,15.4
2006,11,8,6,30,0,0,0,15.200000000000001
2006,11,8,7,30,93,460,1,15.4
2006,11,8,8,30,22,0,2,16.1
2006,11,8,9,30,19,0,2,17.1
2006,11,8,10,30,24,0,3,18.5
2006,11,8,11,30,237,5,4,19.900000000000002
2006,11,8,12,30,448,417,8,20.700000000000003
2006,11,8,13,30,502,887,0,21
2006,11,8,14,30,380,825,0,20.6
2006,11,8,15,30,217,688,0,18.900000000000002
2006,11,8,16,30,51,360,0,15.600000000000001
2006,11,8,17,30,0,0,0,13.100000000000001
2006,11,8,18,30,0,0,0,12.200000000000001
2006,11,8,19,30,0,0,1,11.600000000000001
2006,11,8,20,30,0,0,0,11.100000000000001
2006,11,8,21,30,0,0,0,10.9
2006,11,8,22,30,0,0,0,10.8
2006,11,8,23,30,0,0,4,10.600000000000001
2006,11,9,0,30,0,0,0,10
2006,11,9,1,30,0,0,0,9
2006,11,9,2,30,0,0,0,8.5
2006,11,9,3,30,0,0,0,8
2006,11,9,4,30,0,0,1,7.5
2006,11,9,5,30,0,0,1,7.2
2006,11,9,6,30,0,0,3,7.7
2006,11,9,7,30,57,2,4,9.200000000000001
2006,11,9,8,30,263,714,1,11.200000000000001
2006,11,9,9,30,417,841,0,13.5
2006,11,9,10,30,527,908,1,16
2006,11,9,11,30,579,933,0,17.6
2006,11,9,12,30,570,930,0,18.3
2006,11,9,13,30,504,910,0,18.5
2006,11,9,14,30,382,854,0,18.1
2006,11,9,15,30,220,729,0,16.3
2006,11,9,16,30,31,1,3,12.9
2006,11,9,17,30,0,0,0,10.4
2006,11,9,18,30,0,0,8,9.4
2006,11,9,19,30,0,0,1,8.6
2006,11,9,20,30,0,0,4,8.200000000000001
2006,11,9,21,30,0,0,4,8
2006,11,9,22,30,0,0,0,7.9
2006,11,9,23,30,0,0,1,7.7
2006,11,10,0,30,0,0,4,7.4
2006,11,10,1,30,0,0,4,7
2006,11,10,2,30,0,0,8,6.6000000000000005
2006,11,10,3,30,0,0,7,6.9
2006,11,10,4,30,0,0,4,7.800000000000001
2006,11,10,5,30,0,0,4,8.5
2006,11,10,6,30,0,0,8,9.1
2006,11,10,7,30,56,3,4,10.700000000000001
2006,11,10,8,30,150,16,4,13.3
2006,11,10,9,30,273,80,4,15.4
2006,11,10,10,30,395,302,7,16.7
2006,11,10,11,30,356,136,7,17.400000000000002
2006,11,10,12,30,265,34,6,18
2006,11,10,13,30,251,50,6,18.400000000000002
2006,11,10,14,30,256,189,7,18
2006,11,10,15,30,55,2,7,16.400000000000002
2006,11,10,16,30,27,2,7,14.100000000000001
2006,11,10,17,30,0,0,7,12.8
2006,11,10,18,30,0,0,6,12.3
2006,11,10,19,30,0,0,7,12
2006,11,10,20,30,0,0,7,11.700000000000001
2006,11,10,21,30,0,0,7,11.200000000000001
2006,11,10,22,30,0,0,6,10.700000000000001
2006,11,10,23,30,0,0,6,10.200000000000001
2006,11,11,0,30,0,0,6,9.600000000000001
2006,11,11,1,30,0,0,6,9.1
2006,11,11,2,30,0,0,6,8.8
2006,11,11,3,30,0,0,7,8.700000000000001
2006,11,11,4,30,0,0,8,8.6
2006,11,11,5,30,0,0,4,8.4
2006,11,11,6,30,0,0,4,8.3
2006,11,11,7,30,75,268,1,8.200000000000001
2006,11,11,8,30,36,0,4,8.3
2006,11,11,9,30,23,0,4,8.6
2006,11,11,10,30,60,0,4,9.4
2006,11,11,11,30,124,0,4,10.5
2006,11,11,12,30,207,2,4,12
2006,11,11,13,30,477,823,1,13.200000000000001
2006,11,11,14,30,362,783,0,13.600000000000001
2006,11,11,15,30,206,665,0,12.5
2006,11,11,16,30,44,326,0,9.8
2006,11,11,17,30,0,0,0,7.9
2006,11,11,18,30,0,0,0,7.300000000000001
2006,11,11,19,30,0,0,0,6.6000000000000005
2006,11,11,20,30,0,0,0,5.9
2006,11,11,21,30,0,0,0,5.300000000000001
2006,11,11,22,30,0,0,0,4.9
2006,11,11,23,30,0,0,0,4.7
2006,11,12,0,30,0,0,0,4.5
2006,11,12,1,30,0,0,0,4.4
2006,11,12,2,30,0,0,0,4.4
2006,11,12,3,30,0,0,8,4.5
2006,11,12,4,30,0,0,0,4.3
2006,11,12,5,30,0,0,8,4.3
2006,11,12,6,30,0,0,7,4.7
2006,11,12,7,30,50,7,7,6.6000000000000005
2006,11,12,8,30,178,111,7,9.700000000000001
2006,11,12,9,30,319,328,7,12.600000000000001
2006,11,12,10,30,291,80,6,14.200000000000001
2006,11,12,11,30,311,74,7,14.600000000000001
2006,11,12,12,30,189,11,6,14.700000000000001
2006,11,12,13,30,248,53,8,14.200000000000001
2006,11,12,14,30,39,0,6,13.3
2006,11,12,15,30,103,4,4,11.9
2006,11,12,16,30,12,0,6,10.5
2006,11,12,17,30,0,0,6,9.600000000000001
2006,11,12,18,30,0,0,6,9
2006,11,12,19,30,0,0,6,8.700000000000001
2006,11,12,20,30,0,0,6,8.4
2006,11,12,21,30,0,0,7,8.1
2006,11,12,22,30,0,0,7,7.9
2006,11,12,23,30,0,0,6,7.6000000000000005
2006,11,13,0,30,0,0,7,7.5
2006,11,13,1,30,0,0,6,7.6000000000000005
2006,11,13,2,30,0,0,7,7.7
2006,11,13,3,30,0,0,7,7.6000000000000005
2006,11,13,4,30,0,0,8,7.5
2006,11,13,5,30,0,0,4,7.5
2006,11,13,6,30,0,0,4,7.5
2006,11,13,7,30,15,0,8,7.800000000000001
2006,11,13,8,30,67,0,4,8.4
2006,11,13,9,30,51,0,7,9.1
2006,11,13,10,30,92,1,7,9.600000000000001
2006,11,13,11,30,106,2,7,10.200000000000001
2006,11,13,12,30,29,0,8,10.700000000000001
2006,11,13,13,30,12,0,7,11.200000000000001
2006,11,13,14,30,119,7,7,11.5
2006,11,13,15,30,13,0,8,12.100000000000001
2006,11,13,16,30,9,0,7,12.700000000000001
2006,11,13,17,30,0,0,7,13.200000000000001
2006,11,13,18,30,0,0,7,13.600000000000001
2006,11,13,19,30,0,0,7,13.8
2006,11,13,20,30,0,0,7,13.9
2006,11,13,21,30,0,0,7,13.9
2006,11,13,22,30,0,0,4,13.5
2006,11,13,23,30,0,0,0,12.8
2006,11,14,0,30,0,0,1,12
2006,11,14,1,30,0,0,3,11.3
2006,11,14,2,30,0,0,0,10.5
2006,11,14,3,30,0,0,0,9.5
2006,11,14,4,30,0,0,0,8.8
2006,11,14,5,30,0,0,0,8.200000000000001
2006,11,14,6,30,0,0,0,7.9
2006,11,14,7,30,80,495,1,9
2006,11,14,8,30,144,19,3,11.200000000000001
2006,11,14,9,30,155,3,3,13.600000000000001
2006,11,14,10,30,204,5,3,16.3
2006,11,14,11,30,374,128,3,18.400000000000002
2006,11,14,12,30,387,172,2,19.400000000000002
2006,11,14,13,30,463,842,0,19.700000000000003
2006,11,14,14,30,344,770,0,19.3
2006,11,14,15,30,189,619,0,17.3
2006,11,14,16,30,36,251,0,14
2006,11,14,17,30,0,0,0,11.8
2006,11,14,18,30,0,0,0,11
2006,11,14,19,30,0,0,0,10.700000000000001
2006,11,14,20,30,0,0,0,10.600000000000001
2006,11,14,21,30,0,0,0,10.5
2006,11,14,22,30,0,0,0,10.5
2006,11,14,23,30,0,0,0,10.4
2006,11,15,0,30,0,0,0,10.200000000000001
2006,11,15,1,30,0,0,1,10.3
2006,11,15,2,30,0,0,8,10.200000000000001
2006,11,15,3,30,0,0,7,10
2006,11,15,4,30,0,0,1,9.9
2006,11,15,5,30,0,0,7,10.200000000000001
2006,11,15,6,30,0,0,4,10.600000000000001
2006,11,15,7,30,43,7,8,11.9
2006,11,15,8,30,164,109,8,14.200000000000001
2006,11,15,9,30,322,464,7,16.3
2006,11,15,10,30,429,622,7,17.900000000000002
2006,11,15,11,30,413,247,2,18.900000000000002
2006,11,15,12,30,450,578,8,19.400000000000002
2006,11,15,13,30,360,399,8,19.5
2006,11,15,14,30,135,14,7,19.1
2006,11,15,15,30,165,317,7,17.7
2006,11,15,16,30,22,2,7,15.5
2006,11,15,17,30,0,0,7,14.200000000000001
2006,11,15,18,30,0,0,7,13.8
2006,11,15,19,30,0,0,7,13.600000000000001
2006,11,15,20,30,0,0,8,13.4
2006,11,15,21,30,0,0,8,13
2006,11,15,22,30,0,0,8,12.5
2006,11,15,23,30,0,0,8,11.9
2006,11,16,0,30,0,0,8,11.5
2006,11,16,1,30,0,0,8,11.4
2006,11,16,2,30,0,0,7,11.5
2006,11,16,3,30,0,0,8,11.700000000000001
2006,11,16,4,30,0,0,8,11.9
2006,11,16,5,30,0,0,4,12
2006,11,16,6,30,0,0,1,12.100000000000001
2006,11,16,7,30,64,353,1,12.4
2006,11,16,8,30,217,627,0,12.9
2006,11,16,9,30,202,24,3,13.700000000000001
2006,11,16,10,30,96,0,4,14.5
2006,11,16,11,30,52,0,3,15.100000000000001
2006,11,16,12,30,80,0,3,15.5
2006,11,16,13,30,105,0,3,15.700000000000001
2006,11,16,14,30,85,0,3,15.8
2006,11,16,15,30,78,0,2,15.4
2006,11,16,16,30,30,163,0,14.5
2006,11,16,17,30,0,0,1,14
2006,11,16,18,30,0,0,1,13.9
2006,11,16,19,30,0,0,1,13.8
2006,11,16,20,30,0,0,3,13.600000000000001
2006,11,16,21,30,0,0,1,13.600000000000001
2006,11,16,22,30,0,0,1,13.5
2006,11,16,23,30,0,0,0,13.5
2006,11,17,0,30,0,0,3,13.4
2006,11,17,1,30,0,0,3,13.3
2006,11,17,2,30,0,0,1,13.200000000000001
2006,11,17,3,30,0,0,1,13
2006,11,17,4,30,0,0,4,12.9
2006,11,17,5,30,0,0,4,12.8
2006,11,17,6,30,0,0,7,12.8
2006,11,17,7,30,19,0,7,13.700000000000001
2006,11,17,8,30,67,4,7,15
2006,11,17,9,30,70,1,7,16.2
2006,11,17,10,30,142,8,8,17.2
2006,11,17,11,30,105,2,8,18
2006,11,17,12,30,164,1,4,18.7
2006,11,17,13,30,245,84,7,19.1
2006,11,17,14,30,93,4,8,19.1
2006,11,17,15,30,102,6,4,18
2006,11,17,16,30,29,195,1,16
2006,11,17,17,30,0,0,1,14.200000000000001
2006,11,17,18,30,0,0,1,13.100000000000001
2006,11,17,19,30,0,0,1,12.700000000000001
2006,11,17,20,30,0,0,1,12.9
2006,11,17,21,30,0,0,1,12.700000000000001
2006,11,17,22,30,0,0,0,12.200000000000001
2006,11,17,23,30,0,0,0,11.9
2006,11,18,0,30,0,0,0,11.9
2006,11,18,1,30,0,0,0,11.9
2006,11,18,2,30,0,0,0,11.4
2006,11,18,3,30,0,0,0,10.700000000000001
2006,11,18,4,30,0,0,0,10.100000000000001
2006,11,18,5,30,0,0,0,9.700000000000001
2006,11,18,6,30,0,0,8,9.700000000000001
2006,11,18,7,30,63,384,0,12
2006,11,18,8,30,120,7,3,15.700000000000001
2006,11,18,9,30,368,805,0,19.1
2006,11,18,10,30,377,302,3,21.700000000000003
2006,11,18,11,30,523,884,0,23
2006,11,18,12,30,430,496,8,23.400000000000002
2006,11,18,13,30,446,836,0,23.200000000000003
2006,11,18,14,30,268,339,7,22.400000000000002
2006,11,18,15,30,179,622,1,20.400000000000002
2006,11,18,16,30,22,3,7,17.900000000000002
2006,11,18,17,30,0,0,7,16
2006,11,18,18,30,0,0,7,14.9
2006,11,18,19,30,0,0,7,14.100000000000001
2006,11,18,20,30,0,0,7,13.600000000000001
2006,11,18,21,30,0,0,7,13.5
2006,11,18,22,30,0,0,7,13.700000000000001
2006,11,18,23,30,0,0,7,13.9
2006,11,19,0,30,0,0,7,14.100000000000001
2006,11,19,1,30,0,0,8,14
2006,11,19,2,30,0,0,7,13.700000000000001
2006,11,19,3,30,0,0,7,13.600000000000001
2006,11,19,4,30,0,0,7,13.700000000000001
2006,11,19,5,30,0,0,7,13.5
2006,11,19,6,30,0,0,4,13.200000000000001
2006,11,19,7,30,32,3,7,14.4
2006,11,19,8,30,131,44,7,16.7
2006,11,19,9,30,238,158,7,18.5
2006,11,19,10,30,124,7,8,19.8
2006,11,19,11,30,387,329,7,20.900000000000002
2006,11,19,12,30,367,263,7,21.6
2006,11,19,13,30,337,342,8,21.8
2006,11,19,14,30,255,318,8,21.3
2006,11,19,15,30,146,190,8,19.3
2006,11,19,16,30,17,1,7,16.7
2006,11,19,17,30,0,0,6,15.200000000000001
2006,11,19,18,30,0,0,7,14.600000000000001
2006,11,19,19,30,0,0,7,14.4
2006,11,19,20,30,0,0,7,14.5
2006,11,19,21,30,0,0,7,14.4
2006,11,19,22,30,0,0,7,14.100000000000001
2006,11,19,23,30,0,0,7,13.9
2006,11,20,0,30,0,0,7,13.9
2006,11,20,1,30,0,0,7,14
2006,11,20,2,30,0,0,7,14.200000000000001
2006,11,20,3,30,0,0,8,14.3
2006,11,20,4,30,0,0,6,14.3
2006,11,20,5,30,0,0,8,14.3
2006,11,20,6,30,0,0,6,14.200000000000001
2006,11,20,7,30,8,0,6,14.4
2006,11,20,8,30,69,4,6,14.8
2006,11,20,9,30,76,1,6,15.3
2006,11,20,10,30,66,0,6,15.9
2006,11,20,11,30,98,1,7,16.5
2006,11,20,12,30,114,2,8,16.7
2006,11,20,13,30,38,0,7,16.7
2006,11,20,14,30,65,1,7,16.3
2006,11,20,15,30,72,6,7,15.600000000000001
2006,11,20,16,30,11,0,7,14.8
2006,11,20,17,30,0,0,7,14.3
2006,11,20,18,30,0,0,7,14.100000000000001
2006,11,20,19,30,0,0,6,13.9
2006,11,20,20,30,0,0,6,13.8
2006,11,20,21,30,0,0,7,13.600000000000001
2006,11,20,22,30,0,0,6,13.4
2006,11,20,23,30,0,0,7,13.100000000000001
2006,11,21,0,30,0,0,7,12.9
2006,11,21,1,30,0,0,6,12.5
2006,11,21,2,30,0,0,6,12.200000000000001
2006,11,21,3,30,0,0,6,12.100000000000001
2006,11,21,4,30,0,0,6,12
2006,11,21,5,30,0,0,6,12
2006,11,21,6,30,0,0,6,11.9
2006,11,21,7,30,24,1,7,12.200000000000001
2006,11,21,8,30,203,593,0,13.200000000000001
2006,11,21,9,30,38,0,3,14.5
2006,11,21,10,30,36,0,3,15.9
2006,11,21,11,30,507,856,1,17
2006,11,21,12,30,500,857,0,17.400000000000002
2006,11,21,13,30,434,826,0,17.3
2006,11,21,14,30,142,6,3,16.900000000000002
2006,11,21,15,30,171,605,1,15.9
2006,11,21,16,30,8,0,4,14.600000000000001
2006,11,21,17,30,0,0,4,13.600000000000001
2006,11,21,18,30,0,0,3,13
2006,11,21,19,30,0,0,1,12.4
2006,11,21,20,30,0,0,0,11.9
2006,11,21,21,30,0,0,1,11.5
2006,11,21,22,30,0,0,1,11.3
2006,11,21,23,30,0,0,4,11.100000000000001
2006,11,22,0,30,0,0,1,10.8
2006,11,22,1,30,0,0,4,10.5
2006,11,22,2,30,0,0,4,10
2006,11,22,3,30,0,0,7,9.5
2006,11,22,4,30,0,0,7,9.1
2006,11,22,5,30,0,0,7,9.1
2006,11,22,6,30,0,0,7,9.5
2006,11,22,7,30,29,2,7,10.3
2006,11,22,8,30,141,68,7,11.3
2006,11,22,9,30,204,66,7,12.200000000000001
2006,11,22,10,30,335,276,7,13.3
2006,11,22,11,30,354,239,7,14.200000000000001
2006,11,22,12,30,376,327,7,14.5
2006,11,22,13,30,202,35,6,14.4
2006,11,22,14,30,224,164,7,14
2006,11,22,15,30,72,7,7,13.4
2006,11,22,16,30,8,0,4,12.600000000000001
2006,11,22,17,30,0,0,4,12.100000000000001
2006,11,22,18,30,0,0,4,11.8
2006,11,22,19,30,0,0,4,11.5
2006,11,22,20,30,0,0,8,10.8
2006,11,22,21,30,0,0,7,9.9
2006,11,22,22,30,0,0,7,9
2006,11,22,23,30,0,0,0,8.4
2006,11,23,0,30,0,0,0,7.9
2006,11,23,1,30,0,0,0,7.4
2006,11,23,2,30,0,0,1,6.6000000000000005
2006,11,23,3,30,0,0,0,5.7
2006,11,23,4,30,0,0,0,5
2006,11,23,5,30,0,0,0,4.5
2006,11,23,6,30,0,0,0,4.4
2006,11,23,7,30,53,413,0,6
2006,11,23,8,30,211,717,0,8.700000000000001
2006,11,23,9,30,359,839,0,10.700000000000001
2006,11,23,10,30,465,897,0,12.4
2006,11,23,11,30,521,926,0,13.9
2006,11,23,12,30,515,925,0,14.8
2006,11,23,13,30,452,891,0,15.200000000000001
2006,11,23,14,30,334,823,0,14.8
2006,11,23,15,30,181,682,0,12.700000000000001
2006,11,23,16,30,27,280,0,9.5
2006,11,23,17,30,0,0,0,7.7
2006,11,23,18,30,0,0,0,7.1000000000000005
2006,11,23,19,30,0,0,0,6.4
2006,11,23,20,30,0,0,0,5.9
2006,11,23,21,30,0,0,0,5.5
2006,11,23,22,30,0,0,0,5.2
2006,11,23,23,30,0,0,0,4.800000000000001
2006,11,24,0,30,0,0,0,4.4
2006,11,24,1,30,0,0,0,4
2006,11,24,2,30,0,0,0,3.7
2006,11,24,3,30,0,0,0,3.4000000000000004
2006,11,24,4,30,0,0,4,3.2
2006,11,24,5,30,0,0,4,3
2006,11,24,6,30,0,0,4,3.2
2006,11,24,7,30,49,370,1,5.5
2006,11,24,8,30,205,687,0,9.1
2006,11,24,9,30,352,814,0,12.100000000000001
2006,11,24,10,30,457,870,0,14.3
2006,11,24,11,30,425,494,7,15.600000000000001
2006,11,24,12,30,428,510,7,16.2
2006,11,24,13,30,401,612,7,16.400000000000002
2006,11,24,14,30,250,279,8,15.700000000000001
2006,11,24,15,30,60,1,4,13.5
2006,11,24,16,30,25,251,0,10.8
2006,11,24,17,30,0,0,0,9.600000000000001
2006,11,24,18,30,0,0,0,9
2006,11,24,19,30,0,0,0,8.200000000000001
2006,11,24,20,30,0,0,0,7.5
2006,11,24,21,30,0,0,0,6.9
2006,11,24,22,30,0,0,0,6.2
2006,11,24,23,30,0,0,0,5.4
2006,11,25,0,30,0,0,0,4.800000000000001
2006,11,25,1,30,0,0,0,4.5
2006,11,25,2,30,0,0,0,4.2
2006,11,25,3,30,0,0,0,4
2006,11,25,4,30,0,0,0,3.9000000000000004
2006,11,25,5,30,0,0,1,3.9000000000000004
2006,11,25,6,30,0,0,1,4.1000000000000005
2006,11,25,7,30,47,393,1,6.4
2006,11,25,8,30,125,23,3,10.100000000000001
2006,11,25,9,30,345,819,1,12.600000000000001
2006,11,25,10,30,366,479,7,14.3
2006,11,25,11,30,434,576,7,15.3
2006,11,25,12,30,400,441,7,15.700000000000001
2006,11,25,13,30,337,373,8,15.600000000000001
2006,11,25,14,30,175,42,7,15.100000000000001
2006,11,25,15,30,105,32,7,13.4
2006,11,25,16,30,10,0,7,11.4
2006,11,25,17,30,0,0,7,10.4
2006,11,25,18,30,0,0,1,10.200000000000001
2006,11,25,19,30,0,0,0,10
2006,11,25,20,30,0,0,0,9.5
2006,11,25,21,30,0,0,1,9
2006,11,25,22,30,0,0,0,8.6
2006,11,25,23,30,0,0,4,8.5
2006,11,26,0,30,0,0,0,8.4
2006,11,26,1,30,0,0,4,7.9
2006,11,26,2,30,0,0,7,7.800000000000001
2006,11,26,3,30,0,0,4,8
2006,11,26,4,30,0,0,4,8.200000000000001
2006,11,26,5,30,0,0,4,8
2006,11,26,6,30,0,0,4,7.7
2006,11,26,7,30,7,0,6,7.5
2006,11,26,8,30,60,2,7,7.5
2006,11,26,9,30,24,0,6,7.300000000000001
2006,11,26,10,30,101,2,6,7.1000000000000005
2006,11,26,11,30,54,0,8,7.1000000000000005
2006,11,26,12,30,21,0,4,7.1000000000000005
2006,11,26,13,30,7,0,7,7.1000000000000005
2006,11,26,14,30,8,0,7,6.9
2006,11,26,15,30,17,0,4,6.7
2006,11,26,16,30,5,0,4,6.7
2006,11,26,17,30,0,0,4,6.7
2006,11,26,18,30,0,0,4,6.7
2006,11,26,19,30,0,0,4,6.800000000000001
2006,11,26,20,30,0,0,4,6.800000000000001
2006,11,26,21,30,0,0,4,6.9
2006,11,26,22,30,0,0,1,6.800000000000001
2006,11,26,23,30,0,0,1,6.7
2006,11,27,0,30,0,0,4,6.6000000000000005
2006,11,27,1,30,0,0,3,6.4
2006,11,27,2,30,0,0,3,6.300000000000001
2006,11,27,3,30,0,0,4,6.1000000000000005
2006,11,27,4,30,0,0,2,6
2006,11,27,5,30,0,0,2,5.9
2006,11,27,6,30,0,0,7,5.7
2006,11,27,7,30,40,300,0,5.6000000000000005
2006,11,27,8,30,158,258,7,5.9
2006,11,27,9,30,272,379,7,6.7
2006,11,27,10,30,292,80,4,7.800000000000001
2006,11,27,11,30,491,851,1,8.9
2006,11,27,12,30,345,237,8,9.700000000000001
2006,11,27,13,30,220,59,8,10.100000000000001
2006,11,27,14,30,261,348,8,10.100000000000001
2006,11,27,15,30,163,599,1,9.200000000000001
2006,11,27,16,30,22,199,0,7.800000000000001
2006,11,27,17,30,0,0,0,6.6000000000000005
2006,11,27,18,30,0,0,1,5.800000000000001
2006,11,27,19,30,0,0,4,5.1000000000000005
2006,11,27,20,30,0,0,0,4.7
2006,11,27,21,30,0,0,1,4.5
2006,11,27,22,30,0,0,1,3.9000000000000004
2006,11,27,23,30,0,0,4,3.2
2006,11,28,0,30,0,0,1,2.8000000000000003
2006,11,28,1,30,0,0,10,2.6
2006,11,28,2,30,0,0,1,2.4000000000000004
2006,11,28,3,30,0,0,1,2.3000000000000003
2006,11,28,4,30,0,0,0,2.3000000000000003
2006,11,28,5,30,0,0,1,2.3000000000000003
2006,11,28,6,30,0,0,1,2.2
2006,11,28,7,30,17,0,4,3.2
2006,11,28,8,30,189,648,0,5.1000000000000005
2006,11,28,9,30,337,795,0,6.9
2006,11,28,10,30,442,842,0,8.200000000000001
2006,11,28,11,30,498,872,0,8.9
2006,11,28,12,30,495,875,0,9.3
2006,11,28,13,30,433,858,0,9.5
2006,11,28,14,30,319,791,0,9.3
2006,11,28,15,30,168,644,0,7.7
2006,11,28,16,30,23,238,0,5
2006,11,28,17,30,0,0,1,3.3000000000000003
2006,11,28,18,30,0,0,0,2.5
2006,11,28,19,30,0,0,0,1.9000000000000001
2006,11,28,20,30,0,0,0,1.3
2006,11,28,21,30,0,0,0,0.8
2006,11,28,22,30,0,0,0,0.30000000000000004
2006,11,28,23,30,0,0,0,-0.1
2006,11,29,0,30,0,0,0,-0.4
2006,11,29,1,30,0,0,0,-0.7000000000000001
2006,11,29,2,30,0,0,0,-0.8
2006,11,29,3,30,0,0,0,-0.9
2006,11,29,4,30,0,0,0,-1
2006,11,29,5,30,0,0,0,-1
2006,11,29,6,30,0,0,0,-0.8
2006,11,29,7,30,40,383,0,1
2006,11,29,8,30,193,717,0,4
2006,11,29,9,30,340,845,0,6.9
2006,11,29,10,30,445,896,0,9.5
2006,11,29,11,30,500,919,0,11.5
2006,11,29,12,30,493,911,0,12.8
2006,11,29,13,30,430,876,0,13.3
2006,11,29,14,30,315,800,0,12.8
2006,11,29,15,30,165,643,0,10.100000000000001
2006,11,29,16,30,22,241,0,6.7
2006,11,29,17,30,0,0,0,5.1000000000000005
2006,11,29,18,30,0,0,0,4.6000000000000005
2006,11,29,19,30,0,0,0,4
2006,11,29,20,30,0,0,0,3.4000000000000004
2006,11,29,21,30,0,0,1,3.1
2006,11,29,22,30,0,0,0,2.9000000000000004
2006,11,29,23,30,0,0,4,2.8000000000000003
2006,11,30,0,30,0,0,4,2.8000000000000003
2006,11,30,1,30,0,0,0,2.9000000000000004
2006,11,30,2,30,0,0,0,2.9000000000000004
2006,11,30,3,30,0,0,1,2.9000000000000004
2006,11,30,4,30,0,0,7,2.7
2006,11,30,5,30,0,0,4,2.5
2006,11,30,6,30,0,0,4,2.4000000000000004
2006,11,30,7,30,19,0,4,4.2
2006,11,30,8,30,94,4,4,7.7
2006,11,30,9,30,329,804,0,10.4
2006,11,30,10,30,434,854,0,12
2006,11,30,11,30,489,881,0,13.200000000000001
2006,11,30,12,30,485,879,0,13.9
2006,11,30,13,30,422,844,0,14.100000000000001
2006,11,30,14,30,310,773,0,13.5
2006,11,30,15,30,162,616,0,11.3
2006,11,30,16,30,13,1,7,8.6
2006,11,30,17,30,0,0,7,7.4
2006,11,30,18,30,0,0,1,7.1000000000000005
2006,11,30,19,30,0,0,4,6.800000000000001
2006,11,30,20,30,0,0,0,6.7
2006,11,30,21,30,0,0,7,6.6000000000000005
2006,11,30,22,30,0,0,7,6.2
2006,11,30,23,30,0,0,4,5.800000000000001
2006,12,1,0,30,0,0,0,5.5
2006,12,1,1,30,0,0,0,5.2
2006,12,1,2,30,0,0,0,5
2006,12,1,3,30,0,0,1,5
2006,12,1,4,30,0,0,1,5.1000000000000005
2006,12,1,5,30,0,0,1,5.1000000000000005
2006,12,1,6,30,0,0,4,5.2
2006,12,1,7,30,13,0,4,6.7
2006,12,1,8,30,178,668,0,9.600000000000001
2006,12,1,9,30,323,808,0,12.700000000000001
2006,12,1,10,30,432,875,0,15.5
2006,12,1,11,30,488,905,0,17.3
2006,12,1,12,30,487,908,0,18.400000000000002
2006,12,1,13,30,428,884,0,18.7
2006,12,1,14,30,317,821,0,17.900000000000002
2006,12,1,15,30,166,670,0,14.700000000000001
2006,12,1,16,30,22,265,0,11
2006,12,1,17,30,0,0,0,9.1
2006,12,1,18,30,0,0,0,8
2006,12,1,19,30,0,0,0,6.9
2006,12,1,20,30,0,0,0,6.1000000000000005
2006,12,1,21,30,0,0,0,5.5
2006,12,1,22,30,0,0,0,5.2
2006,12,1,23,30,0,0,0,4.9
2006,12,2,0,30,0,0,0,4.6000000000000005
2006,12,2,1,30,0,0,0,4.4
2006,12,2,2,30,0,0,4,4.2
2006,12,2,3,30,0,0,4,3.9000000000000004
2006,12,2,4,30,0,0,1,3.7
2006,12,2,5,30,0,0,1,3.5
2006,12,2,6,30,0,0,4,3.6
2006,12,2,7,30,17,0,4,5.1000000000000005
2006,12,2,8,30,184,693,0,8.3
2006,12,2,9,30,332,835,1,12.100000000000001
2006,12,2,10,30,441,897,0,15.5
2006,12,2,11,30,493,915,0,17.8
2006,12,2,12,30,490,912,0,19.1
2006,12,2,13,30,428,879,0,19.5
2006,12,2,14,30,312,800,0,18.1
2006,12,2,15,30,163,643,0,14.600000000000001
2006,12,2,16,30,20,227,0,11.100000000000001
2006,12,2,17,30,0,0,0,9.700000000000001
2006,12,2,18,30,0,0,0,9
2006,12,2,19,30,0,0,1,8.1
2006,12,2,20,30,0,0,0,7.2
2006,12,2,21,30,0,0,0,6.800000000000001
2006,12,2,22,30,0,0,0,6.4
2006,12,2,23,30,0,0,0,6.1000000000000005
2006,12,3,0,30,0,0,0,5.9
2006,12,3,1,30,0,0,0,5.800000000000001
2006,12,3,2,30,0,0,1,5.6000000000000005
2006,12,3,3,30,0,0,0,5.300000000000001
2006,12,3,4,30,0,0,0,5.2
2006,12,3,5,30,0,0,1,5.1000000000000005
2006,12,3,6,30,0,0,1,5
2006,12,3,7,30,14,0,4,6.300000000000001
2006,12,3,8,30,177,664,1,9.200000000000001
2006,12,3,9,30,323,807,0,13
2006,12,3,10,30,431,872,0,16.400000000000002
2006,12,3,11,30,487,898,0,18.400000000000002
2006,12,3,12,30,484,896,0,19.3
2006,12,3,13,30,423,864,0,19.400000000000002
2006,12,3,14,30,310,791,0,18.3
2006,12,3,15,30,162,633,0,15.5
2006,12,3,16,30,20,200,0,12.200000000000001
2006,12,3,17,30,0,0,1,10
2006,12,3,18,30,0,0,1,8.9
2006,12,3,19,30,0,0,1,8.200000000000001
2006,12,3,20,30,0,0,1,7.800000000000001
2006,12,3,21,30,0,0,1,7.4
2006,12,3,22,30,0,0,1,7.1000000000000005
2006,12,3,23,30,0,0,1,6.800000000000001
2006,12,4,0,30,0,0,1,6.7
2006,12,4,1,30,0,0,1,6.6000000000000005
2006,12,4,2,30,0,0,1,6.6000000000000005
2006,12,4,3,30,0,0,1,6.5
2006,12,4,4,30,0,0,4,6.4
2006,12,4,5,30,0,0,4,6.300000000000001
2006,12,4,6,30,0,0,1,6.300000000000001
2006,12,4,7,30,14,0,4,7.6000000000000005
2006,12,4,8,30,174,664,0,10.600000000000001
2006,12,4,9,30,320,811,0,14.200000000000001
2006,12,4,10,30,429,878,0,17.7
2006,12,4,11,30,485,907,0,20.1
2006,12,4,12,30,483,908,0,21.3
2006,12,4,13,30,423,882,0,21.5
2006,12,4,14,30,309,808,0,20.3
2006,12,4,15,30,112,52,3,17
2006,12,4,16,30,9,0,4,13.4
2006,12,4,17,30,0,0,1,11.200000000000001
2006,12,4,18,30,0,0,1,10.200000000000001
2006,12,4,19,30,0,0,1,9.600000000000001
2006,12,4,20,30,0,0,0,9
2006,12,4,21,30,0,0,1,8.6
2006,12,4,22,30,0,0,0,8.3
2006,12,4,23,30,0,0,0,8.1
2006,12,5,0,30,0,0,0,8.200000000000001
2006,12,5,1,30,0,0,0,8.4
2006,12,5,2,30,0,0,4,8.3
2006,12,5,3,30,0,0,8,7.9
2006,12,5,4,30,0,0,4,7.6000000000000005
2006,12,5,5,30,0,0,4,7.300000000000001
2006,12,5,6,30,0,0,4,7.2
2006,12,5,7,30,13,0,4,8.5
2006,12,5,8,30,172,671,1,11.3
2006,12,5,9,30,318,816,0,14.600000000000001
2006,12,5,10,30,426,874,0,17.900000000000002
2006,12,5,11,30,482,901,0,20.200000000000003
2006,12,5,12,30,480,901,0,21.3
2006,12,5,13,30,421,881,0,21.6
2006,12,5,14,30,310,812,0,20.6
2006,12,5,15,30,162,662,0,17.5
2006,12,5,16,30,20,256,0,13.9
2006,12,5,17,30,0,0,0,11.8
2006,12,5,18,30,0,0,0,10.8
2006,12,5,19,30,0,0,1,10.3
2006,12,5,20,30,0,0,0,10
2006,12,5,21,30,0,0,1,9.700000000000001
2006,12,5,22,30,0,0,0,9.4
2006,12,5,23,30,0,0,1,9.1
2006,12,6,0,30,0,0,0,8.6
2006,12,6,1,30,0,0,1,8.200000000000001
2006,12,6,2,30,0,0,0,8
2006,12,6,3,30,0,0,1,7.7
2006,12,6,4,30,0,0,1,7.4
2006,12,6,5,30,0,0,1,7.2
2006,12,6,6,30,0,0,4,7.1000000000000005
2006,12,6,7,30,12,0,4,8.8
2006,12,6,8,30,169,664,1,12.3
2006,12,6,9,30,315,811,1,15.8
2006,12,6,10,30,423,882,0,18.7
2006,12,6,11,30,480,908,0,20.6
2006,12,6,12,30,479,907,0,21.6
2006,12,6,13,30,419,879,0,21.8
2006,12,6,14,30,308,809,0,20.6
2006,12,6,15,30,161,656,0,17.1
2006,12,6,16,30,20,245,1,13.200000000000001
2006,12,6,17,30,0,0,1,11.700000000000001
2006,12,6,18,30,0,0,1,11.5
2006,12,6,19,30,0,0,3,11.100000000000001
2006,12,6,20,30,0,0,1,10.8
2006,12,6,21,30,0,0,1,10.4
2006,12,6,22,30,0,0,1,10.100000000000001
2006,12,6,23,30,0,0,4,9.700000000000001
2006,12,7,0,30,0,0,1,9.4
2006,12,7,1,30,0,0,1,9.3
2006,12,7,2,30,0,0,1,9.3
2006,12,7,3,30,0,0,1,9.3
2006,12,7,4,30,0,0,4,9
2006,12,7,5,30,0,0,8,8.8
2006,12,7,6,30,0,0,7,8.9
2006,12,7,7,30,11,0,4,10.3
2006,12,7,8,30,95,6,4,12.9
2006,12,7,9,30,316,813,1,15.9
2006,12,7,10,30,426,879,0,18.6
2006,12,7,11,30,483,907,0,20.5
2006,12,7,12,30,482,907,0,21.400000000000002
2006,12,7,13,30,323,333,8,21.5
2006,12,7,14,30,161,40,8,20.3
2006,12,7,15,30,161,650,0,17.8
2006,12,7,16,30,20,231,1,14.600000000000001
2006,12,7,17,30,0,0,1,12.600000000000001
2006,12,7,18,30,0,0,7,12.4
2006,12,7,19,30,0,0,7,12.200000000000001
2006,12,7,20,30,0,0,7,11.600000000000001
2006,12,7,21,30,0,0,7,11.200000000000001
2006,12,7,22,30,0,0,7,10.9
2006,12,7,23,30,0,0,7,10.8
2006,12,8,0,30,0,0,7,11
2006,12,8,1,30,0,0,8,11.3
2006,12,8,2,30,0,0,8,11.4
2006,12,8,3,30,0,0,8,11.700000000000001
2006,12,8,4,30,0,0,8,12.100000000000001
2006,12,8,5,30,0,0,7,12.100000000000001
2006,12,8,6,30,0,0,8,12
2006,12,8,7,30,12,0,7,12.5
2006,12,8,8,30,109,73,8,14.100000000000001
2006,12,8,9,30,139,19,6,16.1
2006,12,8,10,30,235,68,6,17.2
2006,12,8,11,30,195,23,6,17.2
2006,12,8,12,30,236,56,6,17.3
2006,12,8,13,30,411,825,1,17.7
2006,12,8,14,30,164,40,7,17.400000000000002
2006,12,8,15,30,68,11,6,15.5
2006,12,8,16,30,8,0,6,13.3
2006,12,8,17,30,0,0,7,12
2006,12,8,18,30,0,0,7,11.3
2006,12,8,19,30,0,0,8,11.3
2006,12,8,20,30,0,0,7,11.600000000000001
2006,12,8,21,30,0,0,8,11.9
2006,12,8,22,30,0,0,8,11.9
2006,12,8,23,30,0,0,4,11.8
2006,12,9,0,30,0,0,4,11.9
2006,12,9,1,30,0,0,4,12.100000000000001
2006,12,9,2,30,0,0,4,12.200000000000001
2006,12,9,3,30,0,0,4,12.200000000000001
2006,12,9,4,30,0,0,0,12.100000000000001
2006,12,9,5,30,0,0,4,12
2006,12,9,6,30,0,0,3,11.700000000000001
2006,12,9,7,30,5,0,3,11.600000000000001
2006,12,9,8,30,25,0,4,11.8
2006,12,9,9,30,60,0,4,12.3
2006,12,9,10,30,51,0,4,12.9
2006,12,9,11,30,85,0,4,13.3
2006,12,9,12,30,282,57,3,13.4
2006,12,9,13,30,117,0,4,13.5
2006,12,9,14,30,11,0,4,13.5
2006,12,9,15,30,79,8,8,13.200000000000001
2006,12,9,16,30,7,0,6,12.600000000000001
2006,12,9,17,30,0,0,6,12
2006,12,9,18,30,0,0,6,11.4
2006,12,9,19,30,0,0,6,10.8
2006,12,9,20,30,0,0,6,10.200000000000001
2006,12,9,21,30,0,0,6,9.700000000000001
2006,12,9,22,30,0,0,6,9.1
2006,12,9,23,30,0,0,6,8.4
2006,12,10,0,30,0,0,6,7.800000000000001
2006,12,10,1,30,0,0,8,7.5
2006,12,10,2,30,0,0,4,7.4
2006,12,10,3,30,0,0,6,7.2
2006,12,10,4,30,0,0,6,7.1000000000000005
2006,12,10,5,30,0,0,7,7
2006,12,10,6,30,0,0,7,6.9
2006,12,10,7,30,5,0,6,7
2006,12,10,8,30,6,0,4,7
2006,12,10,9,30,282,683,1,7.1000000000000005
2006,12,10,10,30,381,708,1,7.2
2006,12,10,11,30,116,0,4,7.300000000000001
2006,12,10,12,30,105,0,4,7.4
2006,12,10,13,30,375,642,1,7.6000000000000005
2006,12,10,14,30,33,0,4,7.800000000000001
2006,12,10,15,30,58,3,7,7.800000000000001
2006,12,10,16,30,5,0,7,7.7
2006,12,10,17,30,0,0,7,7.6000000000000005
2006,12,10,18,30,0,0,8,7.6000000000000005
2006,12,10,19,30,0,0,4,7.7
2006,12,10,20,30,0,0,1,7.800000000000001
2006,12,10,21,30,0,0,4,7.800000000000001
2006,12,10,22,30,0,0,4,7.800000000000001
2006,12,10,23,30,0,0,4,7.800000000000001
2006,12,11,0,30,0,0,1,7.800000000000001
2006,12,11,1,30,0,0,1,7.6000000000000005
2006,12,11,2,30,0,0,1,7.5
2006,12,11,3,30,0,0,7,7.300000000000001
2006,12,11,4,30,0,0,4,7.2
2006,12,11,5,30,0,0,7,7
2006,12,11,6,30,0,0,7,6.9
2006,12,11,7,30,5,0,8,7.4
2006,12,11,8,30,9,0,7,8.1
2006,12,11,9,30,39,0,6,8.700000000000001
2006,12,11,10,30,43,0,6,9.200000000000001
2006,12,11,11,30,93,0,4,9.8
2006,12,11,12,30,55,0,4,10.200000000000001
2006,12,11,13,30,128,1,4,10.3
2006,12,11,14,30,10,0,4,10.100000000000001
2006,12,11,15,30,50,2,6,9.8
2006,12,11,16,30,7,0,7,9.4
2006,12,11,17,30,0,0,7,9.3
2006,12,11,18,30,0,0,7,9.3
2006,12,11,19,30,0,0,6,9.4
2006,12,11,20,30,0,0,7,9.4
2006,12,11,21,30,0,0,6,9.3
2006,12,11,22,30,0,0,7,9.1
2006,12,11,23,30,0,0,7,9.1
2006,12,12,0,30,0,0,8,9.200000000000001
2006,12,12,1,30,0,0,6,9.3
2006,12,12,2,30,0,0,8,9.3
2006,12,12,3,30,0,0,4,9.4
2006,12,12,4,30,0,0,7,9.5
2006,12,12,5,30,0,0,8,9.5
2006,12,12,6,30,0,0,4,9.3
2006,12,12,7,30,3,0,4,9.200000000000001
2006,12,12,8,30,5,0,4,9.3
2006,12,12,9,30,13,0,4,9.600000000000001
2006,12,12,10,30,31,0,4,10
2006,12,12,11,30,155,15,7,10.5
2006,12,12,12,30,93,2,7,10.9
2006,12,12,13,30,40,0,7,11.100000000000001
2006,12,12,14,30,40,0,7,11.100000000000001
2006,12,12,15,30,28,0,7,11
2006,12,12,16,30,5,0,7,10.9
2006,12,12,17,30,0,0,8,10.9
2006,12,12,18,30,0,0,4,11.100000000000001
2006,12,12,19,30,0,0,8,11.3
2006,12,12,20,30,0,0,8,11.3
2006,12,12,21,30,0,0,7,11.200000000000001
2006,12,12,22,30,0,0,8,11.100000000000001
2006,12,12,23,30,0,0,7,11
2006,12,13,0,30,0,0,7,11
2006,12,13,1,30,0,0,6,11
2006,12,13,2,30,0,0,6,11.100000000000001
2006,12,13,3,30,0,0,7,11.200000000000001
2006,12,13,4,30,0,0,7,11.100000000000001
2006,12,13,5,30,0,0,7,11.100000000000001
2006,12,13,6,30,0,0,7,11.200000000000001
2006,12,13,7,30,2,0,6,11.3
2006,12,13,8,30,20,0,6,11.600000000000001
2006,12,13,9,30,30,0,7,12.200000000000001
2006,12,13,10,30,82,2,7,12.8
2006,12,13,11,30,36,0,7,13.4
2006,12,13,12,30,37,0,4,13.8
2006,12,13,13,30,88,2,8,14.100000000000001
2006,12,13,14,30,84,4,6,14.200000000000001
2006,12,13,15,30,6,0,7,14
2006,12,13,16,30,8,0,7,13.9
2006,12,13,17,30,0,0,7,13.9
2006,12,13,18,30,0,0,7,13.9
2006,12,13,19,30,0,0,7,13.9
2006,12,13,20,30,0,0,7,13.700000000000001
2006,12,13,21,30,0,0,7,13.5
2006,12,13,22,30,0,0,7,13.3
2006,12,13,23,30,0,0,7,12.9
2006,12,14,0,30,0,0,7,12.600000000000001
2006,12,14,1,30,0,0,7,12.5
2006,12,14,2,30,0,0,6,12.5
2006,12,14,3,30,0,0,8,12.4
2006,12,14,4,30,0,0,7,12.3
2006,12,14,5,30,0,0,7,12.4
2006,12,14,6,30,0,0,7,12.3
2006,12,14,7,30,4,0,7,12.600000000000001
2006,12,14,8,30,107,113,7,13.200000000000001
2006,12,14,9,30,159,53,7,14
2006,12,14,10,30,146,3,4,14.8
2006,12,14,11,30,236,69,7,15.600000000000001
2006,12,14,12,30,293,184,7,16.1
2006,12,14,13,30,229,35,4,16.1
2006,12,14,14,30,111,13,7,15.8
2006,12,14,15,30,31,0,7,15.200000000000001
2006,12,14,16,30,9,0,7,14.4
2006,12,14,17,30,0,0,7,13.9
2006,12,14,18,30,0,0,7,13.600000000000001
2006,12,14,19,30,0,0,7,13.3
2006,12,14,20,30,0,0,7,13
2006,12,14,21,30,0,0,7,12.700000000000001
2006,12,14,22,30,0,0,7,12.5
2006,12,14,23,30,0,0,7,12.4
2006,12,15,0,30,0,0,7,12.4
2006,12,15,1,30,0,0,7,12.3
2006,12,15,2,30,0,0,7,11.600000000000001
2006,12,15,3,30,0,0,7,10.8
2006,12,15,4,30,0,0,6,10.200000000000001
2006,12,15,5,30,0,0,6,9.5
2006,12,15,6,30,0,0,6,8.5
2006,12,15,7,30,0,0,7,8.6
2006,12,15,8,30,39,1,6,9.600000000000001
2006,12,15,9,30,138,26,6,10.4
2006,12,15,10,30,264,143,7,11.200000000000001
2006,12,15,11,30,301,160,6,11.700000000000001
2006,12,15,12,30,313,177,7,11.600000000000001
2006,12,15,13,30,344,449,7,11.100000000000001
2006,12,15,14,30,261,408,7,10.100000000000001
2006,12,15,15,30,110,62,8,8.5
2006,12,15,16,30,13,1,7,6.9
2006,12,15,17,30,0,0,7,5.6000000000000005
2006,12,15,18,30,0,0,7,4.3
2006,12,15,19,30,0,0,7,3.4000000000000004
2006,12,15,20,30,0,0,0,3
2006,12,15,21,30,0,0,0,2.8000000000000003
2006,12,15,22,30,0,0,0,2.6
2006,12,15,23,30,0,0,0,2.4000000000000004
2006,12,16,0,30,0,0,0,2.2
2006,12,16,1,30,0,0,0,2
2006,12,16,2,30,0,0,0,1.7000000000000002
2006,12,16,3,30,0,0,0,1.6
2006,12,16,4,30,0,0,0,1.5
2006,12,16,5,30,0,0,8,1.3
2006,12,16,6,30,0,0,7,1.3
2006,12,16,7,30,0,0,7,2.6
2006,12,16,8,30,99,41,7,5.4
2006,12,16,9,30,166,46,6,8.3
2006,12,16,10,30,211,49,6,10.600000000000001
2006,12,16,11,30,263,80,6,11.700000000000001
2006,12,16,12,30,253,64,6,11.8
2006,12,16,13,30,41,0,6,11.3
2006,12,16,14,30,139,21,7,10.100000000000001
2006,12,16,15,30,124,120,7,8.200000000000001
2006,12,16,16,30,11,0,7,6.6000000000000005
2006,12,16,17,30,0,0,7,6
2006,12,16,18,30,0,0,7,5.6000000000000005
2006,12,16,19,30,0,0,7,5.4
2006,12,16,20,30,0,0,7,5.5
2006,12,16,21,30,0,0,7,5.4
2006,12,16,22,30,0,0,7,5.2
2006,12,16,23,30,0,0,4,4.7
2006,12,17,0,30,0,0,4,4.2
2006,12,17,1,30,0,0,0,3.6
2006,12,17,2,30,0,0,0,2.8000000000000003
2006,12,17,3,30,0,0,0,2
2006,12,17,4,30,0,0,0,1.4000000000000001
2006,12,17,5,30,0,0,0,0.8
2006,12,17,6,30,0,0,1,0.6000000000000001
2006,12,17,7,30,0,0,1,1.8
2006,12,17,8,30,139,570,0,4.4
2006,12,17,9,30,282,741,0,6.5
2006,12,17,10,30,393,820,0,8
2006,12,17,11,30,454,853,0,9.200000000000001
2006,12,17,12,30,457,853,0,9.8
2006,12,17,13,30,404,829,0,9.8
2006,12,17,14,30,299,763,0,9.3
2006,12,17,15,30,159,623,0,7.1000000000000005
2006,12,17,16,30,22,241,0,4.7
2006,12,17,17,30,0,0,0,3.7
2006,12,17,18,30,0,0,0,3
2006,12,17,19,30,0,0,0,2.1
2006,12,17,20,30,0,0,0,1.5
2006,12,17,21,30,0,0,0,0.8
2006,12,17,22,30,0,0,0,0.4
2006,12,17,23,30,0,0,0,0.30000000000000004
2006,12,18,0,30,0,0,0,0.1
2006,12,18,1,30,0,0,0,-0.30000000000000004
2006,12,18,2,30,0,0,0,-0.6000000000000001
2006,12,18,3,30,0,0,0,-0.9
2006,12,18,4,30,0,0,0,-1
2006,12,18,5,30,0,0,0,-1
2006,12,18,6,30,0,0,0,-1
2006,12,18,7,30,0,0,1,0.4
2006,12,18,8,30,154,709,0,3.5
2006,12,18,9,30,308,865,0,7.2
2006,12,18,10,30,424,937,0,10.5
2006,12,18,11,30,481,951,0,12.9
2006,12,18,12,30,485,951,0,14.100000000000001
2006,12,18,13,30,429,918,0,14.4
2006,12,18,14,30,321,855,0,13.200000000000001
2006,12,18,15,30,173,714,0,9.8
2006,12,18,16,30,25,322,0,6.1000000000000005
2006,12,18,17,30,0,0,0,4.3
2006,12,18,18,30,0,0,1,3.6
2006,12,18,19,30,0,0,4,3.1
2006,12,18,20,30,0,0,4,2.5
2006,12,18,21,30,0,0,1,2.1
2006,12,18,22,30,0,0,0,1.8
2006,12,18,23,30,0,0,0,1.5
2006,12,19,0,30,0,0,0,1.2000000000000002
2006,12,19,1,30,0,0,0,1.1
2006,12,19,2,30,0,0,1,1
2006,12,19,3,30,0,0,0,0.8
2006,12,19,4,30,0,0,1,0.6000000000000001
2006,12,19,5,30,0,0,1,0.5
2006,12,19,6,30,0,0,1,0.4
2006,12,19,7,30,0,0,8,1.8
2006,12,19,8,30,30,0,4,4.800000000000001
2006,12,19,9,30,291,799,0,7.800000000000001
2006,12,19,10,30,399,848,0,9.8
2006,12,19,11,30,461,880,0,10.700000000000001
2006,12,19,12,30,465,884,0,11.200000000000001
2006,12,19,13,30,202,45,7,11.4
2006,12,19,14,30,250,388,8,10.700000000000001
2006,12,19,15,30,163,633,0,8.5
2006,12,19,16,30,12,0,4,6.9
2006,12,19,17,30,0,0,7,6.6000000000000005
2006,12,19,18,30,0,0,7,6.4
2006,12,19,19,30,0,0,7,6.5
2006,12,19,20,30,0,0,7,6.4
2006,12,19,21,30,0,0,7,5.800000000000001
2006,12,19,22,30,0,0,7,5
2006,12,19,23,30,0,0,7,4.2
2006,12,20,0,30,0,0,7,3.6
2006,12,20,1,30,0,0,4,3.2
2006,12,20,2,30,0,0,0,3
2006,12,20,3,30,0,0,0,3
2006,12,20,4,30,0,0,1,2.9000000000000004
2006,12,20,5,30,0,0,8,2.7
2006,12,20,6,30,0,0,4,2.5
2006,12,20,7,30,0,0,1,3.1
2006,12,20,8,30,115,172,7,5
2006,12,20,9,30,233,387,8,7.4
2006,12,20,10,30,352,499,7,9.4
2006,12,20,11,30,280,115,7,10.5
2006,12,20,12,30,53,0,7,11.100000000000001
2006,12,20,13,30,295,233,8,11.3
2006,12,20,14,30,248,327,8,10.600000000000001
2006,12,20,15,30,58,0,4,8.4
2006,12,20,16,30,12,0,7,6.2
2006,12,20,17,30,0,0,4,5.5
2006,12,20,18,30,0,0,7,5.300000000000001
2006,12,20,19,30,0,0,7,5.300000000000001
2006,12,20,20,30,0,0,7,5.1000000000000005
2006,12,20,21,30,0,0,7,4.9
2006,12,20,22,30,0,0,7,4.9
2006,12,20,23,30,0,0,7,5.1000000000000005
2006,12,21,0,30,0,0,7,5.4
2006,12,21,1,30,0,0,7,5.800000000000001
2006,12,21,2,30,0,0,6,6.1000000000000005
2006,12,21,3,30,0,0,6,6.300000000000001
2006,12,21,4,30,0,0,6,6.5
2006,12,21,5,30,0,0,6,6.6000000000000005
2006,12,21,6,30,0,0,6,6.5
2006,12,21,7,30,0,0,7,5.9
2006,12,21,8,30,14,0,6,5.300000000000001
2006,12,21,9,30,18,0,6,5
2006,12,21,10,30,41,0,6,5.1000000000000005
2006,12,21,11,30,20,0,6,5.2
2006,12,21,12,30,45,0,6,5.2
2006,12,21,13,30,43,0,6,5
2006,12,21,14,30,21,0,4,4.800000000000001
2006,12,21,15,30,5,0,4,4.5
2006,12,21,16,30,7,0,7,4.3
2006,12,21,17,30,0,0,8,4.3
2006,12,21,18,30,0,0,4,4.3
2006,12,21,19,30,0,0,4,4.4
2006,12,21,20,30,0,0,4,4.4
2006,12,21,21,30,0,0,4,4.2
2006,12,21,22,30,0,0,4,3.9000000000000004
2006,12,21,23,30,0,0,7,3.5
2006,12,22,0,30,0,0,4,3.5
2006,12,22,1,30,0,0,1,3.2
2006,12,22,2,30,0,0,1,2.3000000000000003
2006,12,22,3,30,0,0,1,1.6
2006,12,22,4,30,0,0,1,1.2000000000000002
2006,12,22,5,30,0,0,1,0.9
2006,12,22,6,30,0,0,1,0.7000000000000001
2006,12,22,7,30,0,0,1,2
2006,12,22,8,30,141,649,1,4.4
2006,12,22,9,30,291,823,0,6.4
2006,12,22,10,30,406,889,0,8.3
2006,12,22,11,30,470,918,0,10.200000000000001
2006,12,22,12,30,472,907,0,11.5
2006,12,22,13,30,419,878,0,11.8
2006,12,22,14,30,312,802,0,11.100000000000001
2006,12,22,15,30,169,651,0,9.1
2006,12,22,16,30,16,1,8,7
2006,12,22,17,30,0,0,4,5.6000000000000005
2006,12,22,18,30,0,0,7,5.1000000000000005
2006,12,22,19,30,0,0,7,5.2
2006,12,22,20,30,0,0,7,5.1000000000000005
2006,12,22,21,30,0,0,7,5.2
2006,12,22,22,30,0,0,7,5.300000000000001
2006,12,22,23,30,0,0,6,5.4
2006,12,23,0,30,0,0,6,5.5
2006,12,23,1,30,0,0,7,5.4
2006,12,23,2,30,0,0,4,4.9
2006,12,23,3,30,0,0,0,4.4
2006,12,23,4,30,0,0,8,4.4
2006,12,23,5,30,0,0,0,4.6000000000000005
2006,12,23,6,30,0,0,7,4.9
2006,12,23,7,30,0,0,7,5.800000000000001
2006,12,23,8,30,26,0,7,7.2
2006,12,23,9,30,144,50,7,8.3
2006,12,23,10,30,108,5,6,8.9
2006,12,23,11,30,155,12,6,9.5
2006,12,23,12,30,183,21,7,9.8
2006,12,23,13,30,138,10,6,10
2006,12,23,14,30,188,97,7,10
2006,12,23,15,30,161,607,0,8.8
2006,12,23,16,30,15,1,7,7.4
2006,12,23,17,30,0,0,7,6.800000000000001
2006,12,23,18,30,0,0,7,6.5
2006,12,23,19,30,0,0,7,6.5
2006,12,23,20,30,0,0,7,6.800000000000001
2006,12,23,21,30,0,0,7,7
2006,12,23,22,30,0,0,8,6.9
2006,12,23,23,30,0,0,1,6.5
2006,12,24,0,30,0,0,8,5.9
2006,12,24,1,30,0,0,4,5.2
2006,12,24,2,30,0,0,1,4.800000000000001
2006,12,24,3,30,0,0,0,4.9
2006,12,24,4,30,0,0,4,5.1000000000000005
2006,12,24,5,30,0,0,4,5.300000000000001
2006,12,24,6,30,0,0,7,5.2
2006,12,24,7,30,0,0,4,6.300000000000001
2006,12,24,8,30,101,108,7,8.5
2006,12,24,9,30,152,54,7,9.8
2006,12,24,10,30,267,211,8,10.4
2006,12,24,11,30,230,51,7,11.100000000000001
2006,12,24,12,30,178,20,6,11.8
2006,12,24,13,30,118,6,6,11.8
2006,12,24,14,30,72,2,7,10.8
2006,12,24,15,30,35,0,6,9.600000000000001
2006,12,24,16,30,5,0,7,9.1
2006,12,24,17,30,0,0,7,8.9
2006,12,24,18,30,0,0,7,8.6
2006,12,24,19,30,0,0,7,8.5
2006,12,24,20,30,0,0,7,8.4
2006,12,24,21,30,0,0,7,8.200000000000001
2006,12,24,22,30,0,0,7,7.9
2006,12,24,23,30,0,0,7,7.7
2006,12,25,0,30,0,0,7,7.7
2006,12,25,1,30,0,0,8,7.800000000000001
2006,12,25,2,30,0,0,6,8
2006,12,25,3,30,0,0,7,8.1
2006,12,25,4,30,0,0,7,8
2006,12,25,5,30,0,0,7,7.9
2006,12,25,6,30,0,0,7,8.1
2006,12,25,7,30,0,0,7,8.4
2006,12,25,8,30,55,4,7,9.4
2006,12,25,9,30,126,17,7,10.700000000000001
2006,12,25,10,30,19,0,8,11.8
2006,12,25,11,30,7,0,8,12.200000000000001
2006,12,25,12,30,164,13,7,12.100000000000001
2006,12,25,13,30,15,0,8,11.8
2006,12,25,14,30,72,2,6,11.600000000000001
2006,12,25,15,30,32,0,6,11.100000000000001
2006,12,25,16,30,12,0,7,10.8
2006,12,25,17,30,0,0,7,10.8
2006,12,25,18,30,0,0,7,10.9
2006,12,25,19,30,0,0,6,11.100000000000001
2006,12,25,20,30,0,0,6,11.200000000000001
2006,12,25,21,30,0,0,7,11
2006,12,25,22,30,0,0,6,10.700000000000001
2006,12,25,23,30,0,0,6,10.5
2006,12,26,0,30,0,0,6,10.3
2006,12,26,1,30,0,0,7,10.3
2006,12,26,2,30,0,0,8,10.600000000000001
2006,12,26,3,30,0,0,6,10.9
2006,12,26,4,30,0,0,6,10.8
2006,12,26,5,30,0,0,6,10.5
2006,12,26,6,30,0,0,6,10.200000000000001
2006,12,26,7,30,0,0,6,10.100000000000001
2006,12,26,8,30,10,0,6,10.4
2006,12,26,9,30,12,0,9,10.8
2006,12,26,10,30,7,0,6,11
2006,12,26,11,30,27,0,6,10.9
2006,12,26,12,30,40,0,6,10.700000000000001
2006,12,26,13,30,30,0,6,10.8
2006,12,26,14,30,15,0,9,11.100000000000001
2006,12,26,15,30,17,0,6,11.100000000000001
2006,12,26,16,30,6,0,6,10.9
2006,12,26,17,30,0,0,6,10.9
2006,12,26,18,30,0,0,4,11.100000000000001
2006,12,26,19,30,0,0,4,11.3
2006,12,26,20,30,0,0,4,11.200000000000001
2006,12,26,21,30,0,0,8,10.600000000000001
2006,12,26,22,30,0,0,7,9.8
2006,12,26,23,30,0,0,0,9.3
2006,12,27,0,30,0,0,7,8.9
2006,12,27,1,30,0,0,6,8.8
2006,12,27,2,30,0,0,4,8.6
2006,12,27,3,30,0,0,7,8.4
2006,12,27,4,30,0,0,6,8.3
2006,12,27,5,30,0,0,9,8
2006,12,27,6,30,0,0,6,7.5
2006,12,27,7,30,0,0,9,7.1000000000000005
2006,12,27,8,30,80,18,7,7.6000000000000005
2006,12,27,9,30,273,768,0,8.5
2006,12,27,10,30,390,859,0,9.5
2006,12,27,11,30,457,895,0,10.4
2006,12,27,12,30,470,908,0,10.8
2006,12,27,13,30,424,880,0,10.600000000000001
2006,12,27,14,30,324,825,0,9.9
2006,12,27,15,30,181,686,0,8.4
2006,12,27,16,30,33,334,0,6.5
2006,12,27,17,30,0,0,0,5
2006,12,27,18,30,0,0,0,4.1000000000000005
2006,12,27,19,30,0,0,0,3.5
2006,12,27,20,30,0,0,0,3
2006,12,27,21,30,0,0,0,2.7
2006,12,27,22,30,0,0,0,2.3000000000000003
2006,12,27,23,30,0,0,0,2
2006,12,28,0,30,0,0,0,1.8
2006,12,28,1,30,0,0,0,1.6
2006,12,28,2,30,0,0,0,1.4000000000000001
2006,12,28,3,30,0,0,0,1.1
2006,12,28,4,30,0,0,0,0.8
2006,12,28,5,30,0,0,0,0.6000000000000001
2006,12,28,6,30,0,0,0,0.30000000000000004
2006,12,28,7,30,0,0,0,1.4000000000000001
2006,12,28,8,30,138,652,0,3.8000000000000003
2006,12,28,9,30,291,828,0,6.4
2006,12,28,10,30,405,887,0,8.5
2006,12,28,11,30,472,916,0,10.100000000000001
2006,12,28,12,30,481,920,0,11.100000000000001
2006,12,28,13,30,432,904,0,11.4
2006,12,28,14,30,328,842,0,10.8
2006,12,28,15,30,184,706,0,8.4
2006,12,28,16,30,35,351,0,5.5
2006,12,28,17,30,0,0,0,4
2006,12,28,18,30,0,0,1,3.5
2006,12,28,19,30,0,0,7,3.2
2006,12,28,20,30,0,0,7,2.9000000000000004
2006,12,28,21,30,0,0,7,2.8000000000000003
2006,12,28,22,30,0,0,7,2.9000000000000004
2006,12,28,23,30,0,0,7,2.9000000000000004
2006,12,29,0,30,0,0,8,2.9000000000000004
2006,12,29,1,30,0,0,4,2.7
2006,12,29,2,30,0,0,0,2.4000000000000004
2006,12,29,3,30,0,0,1,2.2
2006,12,29,4,30,0,0,1,2
2006,12,29,5,30,0,0,4,1.9000000000000001
2006,12,29,6,30,0,0,7,1.8
2006,12,29,7,30,0,0,7,2.8000000000000003
2006,12,29,8,30,94,65,7,5.2
2006,12,29,9,30,191,130,7,8
2006,12,29,10,30,310,372,7,10.5
2006,12,29,11,30,361,400,7,11.9
2006,12,29,12,30,335,252,7,12.600000000000001
2006,12,29,13,30,314,261,7,13.200000000000001
2006,12,29,14,30,252,311,8,13
2006,12,29,15,30,182,685,0,10.8
2006,12,29,16,30,19,0,4,7.800000000000001
2006,12,29,17,30,0,0,4,6
2006,12,29,18,30,0,0,7,5.1000000000000005
2006,12,29,19,30,0,0,7,4.800000000000001
2006,12,29,20,30,0,0,7,4.7
2006,12,29,21,30,0,0,4,4.3
2006,12,29,22,30,0,0,4,3.9000000000000004
2006,12,29,23,30,0,0,1,3.9000000000000004
2006,12,30,0,30,0,0,1,4
2006,12,30,1,30,0,0,1,4
2006,12,30,2,30,0,0,0,3.9000000000000004
2006,12,30,3,30,0,0,1,3.6
2006,12,30,4,30,0,0,7,3.1
2006,12,30,5,30,0,0,7,2.6
2006,12,30,6,30,0,0,4,2.4000000000000004
2006,12,30,7,30,0,0,4,3.5
2006,12,30,8,30,39,0,4,6.2
2006,12,30,9,30,280,782,0,9
2006,12,30,10,30,341,534,7,11
2006,12,30,11,30,383,476,7,12.200000000000001
2006,12,30,12,30,470,888,0,12.600000000000001
2006,12,30,13,30,305,162,3,12.5
2006,12,30,14,30,244,269,7,11.8
2006,12,30,15,30,148,246,8,10
2006,12,30,16,30,19,0,4,7.9
2006,12,30,17,30,0,0,0,6.5
2006,12,30,18,30,0,0,1,6
2006,12,30,19,30,0,0,7,5.9
2006,12,30,20,30,0,0,4,5.800000000000001
2006,12,30,21,30,0,0,0,5.9
2006,12,30,22,30,0,0,0,5.800000000000001
2006,12,30,23,30,0,0,0,5.7
2006,12,31,0,30,0,0,0,5.5
2006,12,31,1,30,0,0,4,5.6000000000000005
2006,12,31,2,30,0,0,7,5.800000000000001
2006,12,31,3,30,0,0,7,5.800000000000001
2006,12,31,4,30,0,0,7,5.6000000000000005
2006,12,31,5,30,0,0,7,5.7
2006,12,31,6,30,0,0,8,5.800000000000001
2006,12,31,7,30,0,0,7,6.4
2006,12,31,8,30,100,404,7,8.1
2006,12,31,9,30,229,314,7,10.3
2006,12,31,10,30,313,425,7,11.700000000000001
2006,12,31,11,30,449,845,1,12.700000000000001
2006,12,31,12,30,365,384,8,13.100000000000001
2006,12,31,13,30,347,491,7,13.100000000000001
2006,12,31,14,30,311,745,1,12.600000000000001
2006,12,31,15,30,174,600,0,10.8
2006,12,31,16,30,36,285,0,9.8
2006,12,31,17,30,0,0,0,9.3
2006,12,31,18,30,0,0,0,9
2006,12,31,19,30,0,0,0,8.700000000000001
2006,12,31,20,30,0,0,7,8.5
2006,12,31,21,30,0,0,0,8.5
2006,12,31,22,30,0,0,7,8.5
2006,12,31,23,30,0,0,7,8.5
