Source,Location ID,City,State,Country,Latitude,Longitude,Time Zone,Elevation,Local Time Zone,Clearsky DHI Units,Clearsky DNI Units,Clearsky GHI Units,Dew Point Units,DHI Units,DNI Units,GHI Units,Solar Zenith Angle Units,Temperature Units,Pressure Units,Relative Humidity Units,Precipitable Water Units,Wind Direction Units,Wind Speed Units,Cloud Type -15,Cloud Type 0,Cloud Type 1,Cloud Type 2,Cloud Type 3,Cloud Type 4,Cloud Type 5,Cloud Type 6,Cloud Type 7,Cloud Type 8,Cloud Type 9,Cloud Type 10,Cloud Type 11,Cloud Type 12,Fill Flag 0,Fill Flag 1,Fill Flag 2,Fill Flag 3,Fill Flag 4,Fill Flag 5,Surface Albedo Units,Version
NSRDB,206300,-,-,-,33.85,-118.14,-8,20,-8,w/m2,w/m2,w/m2,c,w/m2,w/m2,w/m2,Degree,c,mbar,%,cm,Degrees,m/s,N/A,Clear,Probably Clear,Fog,Water,Super-Cooled Water,Mixed,Opaque Ice,Cirrus,Overlapping,Overshooting,Unknown,Dust,Smoke,N/A,Missing Image,Low Irradiance,Exceeds Clearsky,Missing CLoud Properties,Rayleigh Violation,N/A,4.0.1
Year,Month,Day,Hour,Minute,Temperature,DNI,GHI,Cloud Type
2006,1,1,0,30,12.5,0,0,7
2006,1,1,1,30,12.4,0,0,8
2006,1,1,2,30,12.3,0,0,3
2006,1,1,3,30,12.200000000000001,0,0,7
2006,1,1,4,30,12,0,0,7
2006,1,1,5,30,11.700000000000001,0,0,7
2006,1,1,6,30,11.4,0,0,1
2006,1,1,7,30,11.9,0,28,4
2006,1,1,8,30,12.8,10,86,7
2006,1,1,9,30,13.4,1,81,7
2006,1,1,10,30,13.9,38,236,7
2006,1,1,11,30,14.5,10,187,7
2006,1,1,12,30,15,1,117,6
2006,1,1,13,30,15,0,57,4
2006,1,1,14,30,14.600000000000001,0,58,4
2006,1,1,15,30,13.9,0,48,4
2006,1,1,16,30,13.200000000000001,0,12,7
2006,1,1,17,30,12.9,0,0,8
2006,1,1,18,30,13,0,0,4
2006,1,1,19,30,13.4,0,0,1
2006,1,1,20,30,13.9,0,0,1
2006,1,1,21,30,14.200000000000001,0,0,3
2006,1,1,22,30,14.4,0,0,3
2006,1,1,23,30,14.4,0,0,1
2006,1,2,0,30,14.5,0,0,4
2006,1,2,1,30,14.5,0,0,4
2006,1,2,2,30,14.5,0,0,7
2006,1,2,3,30,14.5,0,0,7
2006,1,2,4,30,14.4,0,0,4
2006,1,2,5,30,14.3,0,0,7
2006,1,2,6,30,14.3,0,0,7
2006,1,2,7,30,14.3,0,13,7
2006,1,2,8,30,14.4,0,36,7
2006,1,2,9,30,14.700000000000001,33,186,8
2006,1,2,10,30,15.100000000000001,0,22,8
2006,1,2,11,30,15.200000000000001,1,105,8
2006,1,2,12,30,15.200000000000001,46,266,8
2006,1,2,13,30,15,0,20,4
2006,1,2,14,30,14.3,0,111,3
2006,1,2,15,30,13.200000000000001,0,7,3
2006,1,2,16,30,12.4,181,42,1
2006,1,2,17,30,12,0,0,1
2006,1,2,18,30,11.8,0,0,0
2006,1,2,19,30,11.700000000000001,0,0,1
2006,1,2,20,30,11.3,0,0,3
2006,1,2,21,30,10.700000000000001,0,0,0
2006,1,2,22,30,10.4,0,0,0
2006,1,2,23,30,10.3,0,0,0
2006,1,3,0,30,10.100000000000001,0,0,1
2006,1,3,1,30,9.8,0,0,0
2006,1,3,2,30,9.5,0,0,0
2006,1,3,3,30,9.3,0,0,0
2006,1,3,4,30,9.3,0,0,0
2006,1,3,5,30,9.4,0,0,0
2006,1,3,6,30,9.4,0,0,1
2006,1,3,7,30,10,7,44,7
2006,1,3,8,30,11.4,171,185,8
2006,1,3,9,30,12.9,764,390,0
2006,1,3,10,30,14.600000000000001,878,516,0
2006,1,3,11,30,15.8,53,329,2
2006,1,3,12,30,16.6,907,575,0
2006,1,3,13,30,16.8,542,485,2
2006,1,3,14,30,16.3,799,382,1
2006,1,3,15,30,14.9,172,173,3
2006,1,3,16,30,12.700000000000001,12,38,7
2006,1,3,17,30,11.200000000000001,0,0,3
2006,1,3,18,30,10.5,0,0,0
2006,1,3,19,30,10.100000000000001,0,0,0
2006,1,3,20,30,9.8,0,0,1
2006,1,3,21,30,9.5,0,0,3
2006,1,3,22,30,9.3,0,0,0
2006,1,3,23,30,9.200000000000001,0,0,3
2006,1,4,0,30,9.5,0,0,1
2006,1,4,1,30,10.200000000000001,0,0,0
2006,1,4,2,30,10.8,0,0,7
2006,1,4,3,30,10.9,0,0,7
2006,1,4,4,30,10.8,0,0,7
2006,1,4,5,30,10.9,0,0,1
2006,1,4,6,30,11.600000000000001,0,0,1
2006,1,4,7,30,13.600000000000001,392,61,1
2006,1,4,8,30,16.3,698,232,0
2006,1,4,9,30,19.1,265,291,8
2006,1,4,10,30,21.6,21,196,7
2006,1,4,11,30,23.3,574,498,8
2006,1,4,12,30,24.1,166,355,7
2006,1,4,13,30,24.1,395,400,8
2006,1,4,14,30,22.900000000000002,161,282,4
2006,1,4,15,30,20.5,213,179,3
2006,1,4,16,30,17.900000000000002,10,37,7
2006,1,4,17,30,16.7,0,0,7
2006,1,4,18,30,16.1,0,0,7
2006,1,4,19,30,15.8,0,0,7
2006,1,4,20,30,15.600000000000001,0,0,4
2006,1,4,21,30,15.4,0,0,7
2006,1,4,22,30,15.200000000000001,0,0,4
2006,1,4,23,30,15,0,0,7
2006,1,5,0,30,14.8,0,0,3
2006,1,5,1,30,14.600000000000001,0,0,1
2006,1,5,2,30,14.5,0,0,0
2006,1,5,3,30,14.5,0,0,0
2006,1,5,4,30,14.4,0,0,1
2006,1,5,5,30,14.4,0,0,3
2006,1,5,6,30,14.8,0,0,3
2006,1,5,7,30,16.2,17,46,7
2006,1,5,8,30,18.7,203,174,8
2006,1,5,9,30,21.400000000000002,115,280,3
2006,1,5,10,30,23.900000000000002,913,524,0
2006,1,5,11,30,25.6,935,586,0
2006,1,5,12,30,26.700000000000003,930,583,0
2006,1,5,13,30,26.8,900,517,0
2006,1,5,14,30,25.5,826,391,1
2006,1,5,15,30,22.700000000000003,683,225,0
2006,1,5,16,30,20.1,369,54,0
2006,1,5,17,30,18.7,0,0,7
2006,1,5,18,30,18,0,0,4
2006,1,5,19,30,17.5,0,0,3
2006,1,5,20,30,16.900000000000002,0,0,0
2006,1,5,21,30,16.400000000000002,0,0,0
2006,1,5,22,30,15.9,0,0,0
2006,1,5,23,30,15.600000000000001,0,0,0
2006,1,6,0,30,15.4,0,0,0
2006,1,6,1,30,15.100000000000001,0,0,1
2006,1,6,2,30,14.8,0,0,0
2006,1,6,3,30,14.600000000000001,0,0,0
2006,1,6,4,30,14.4,0,0,0
2006,1,6,5,30,14.200000000000001,0,0,0
2006,1,6,6,30,14.700000000000001,0,0,0
2006,1,6,7,30,16.6,459,68,1
2006,1,6,8,30,19,762,250,0
2006,1,6,9,30,21.3,883,418,0
2006,1,6,10,30,23.700000000000003,945,542,0
2006,1,6,11,30,25.700000000000003,970,605,0
2006,1,6,12,30,26.900000000000002,971,604,0
2006,1,6,13,30,27,951,538,0
2006,1,6,14,30,25.8,890,412,0
2006,1,6,15,30,23.400000000000002,759,242,0
2006,1,6,16,30,21.400000000000002,428,59,0
2006,1,6,17,30,20.200000000000003,0,0,1
2006,1,6,18,30,18.900000000000002,0,0,3
2006,1,6,19,30,17.5,0,0,1
2006,1,6,20,30,16.400000000000002,0,0,3
2006,1,6,21,30,15.9,0,0,3
2006,1,6,22,30,15.5,0,0,3
2006,1,6,23,30,14.8,0,0,7
2006,1,7,0,30,14.100000000000001,0,0,1
2006,1,7,1,30,13.600000000000001,0,0,3
2006,1,7,2,30,13.3,0,0,1
2006,1,7,3,30,12.9,0,0,1
2006,1,7,4,30,12.4,0,0,1
2006,1,7,5,30,12,0,0,1
2006,1,7,6,30,12.100000000000001,0,0,3
2006,1,7,7,30,13.8,0,37,3
2006,1,7,8,30,16.2,607,227,0
2006,1,7,9,30,18.1,748,390,0
2006,1,7,10,30,19.8,849,517,0
2006,1,7,11,30,20.8,885,581,0
2006,1,7,12,30,21.1,895,583,0
2006,1,7,13,30,21,872,519,0
2006,1,7,14,30,20.3,809,396,0
2006,1,7,15,30,18.1,675,230,0
2006,1,7,16,30,15.4,360,57,0
2006,1,7,17,30,13.9,0,0,0
2006,1,7,18,30,13.100000000000001,0,0,0
2006,1,7,19,30,12.5,0,0,0
2006,1,7,20,30,11.9,0,0,0
2006,1,7,21,30,11.5,0,0,0
2006,1,7,22,30,11.100000000000001,0,0,0
2006,1,7,23,30,10.5,0,0,1
2006,1,8,0,30,10,0,0,0
2006,1,8,1,30,9.5,0,0,0
2006,1,8,2,30,9.1,0,0,0
2006,1,8,3,30,8.8,0,0,0
2006,1,8,4,30,8.6,0,0,0
2006,1,8,5,30,8.5,0,0,0
2006,1,8,6,30,8.9,0,0,1
2006,1,8,7,30,10.700000000000001,336,60,1
2006,1,8,8,30,13.700000000000001,3,117,3
2006,1,8,9,30,16.7,790,402,0
2006,1,8,10,30,19.200000000000003,838,520,0
2006,1,8,11,30,21,884,588,0
2006,1,8,12,30,22.200000000000003,897,590,0
2006,1,8,13,30,22.6,848,520,0
2006,1,8,14,30,21.900000000000002,789,397,0
2006,1,8,15,30,19.400000000000002,651,231,0
2006,1,8,16,30,16.3,293,55,0
2006,1,8,17,30,14.700000000000001,0,0,0
2006,1,8,18,30,14,0,0,0
2006,1,8,19,30,13.3,0,0,0
2006,1,8,20,30,12.700000000000001,0,0,0
2006,1,8,21,30,12.4,0,0,0
2006,1,8,22,30,12.200000000000001,0,0,0
2006,1,8,23,30,12.100000000000001,0,0,0
2006,1,9,0,30,12,0,0,0
2006,1,9,1,30,11.9,0,0,1
2006,1,9,2,30,11.8,0,0,1
2006,1,9,3,30,11.600000000000001,0,0,0
2006,1,9,4,30,11.5,0,0,1
2006,1,9,5,30,11.3,0,0,1
2006,1,9,6,30,11.700000000000001,0,0,3
2006,1,9,7,30,13.4,325,59,1
2006,1,9,8,30,15.8,659,234,0
2006,1,9,9,30,18.1,800,400,0
2006,1,9,10,30,19.900000000000002,850,519,0
2006,1,9,11,30,21.3,878,583,0
2006,1,9,12,30,22.3,877,583,0
2006,1,9,13,30,22.6,870,523,0
2006,1,9,14,30,22,807,403,0
2006,1,9,15,30,19.700000000000003,666,235,0
2006,1,9,16,30,16.5,314,58,0
2006,1,9,17,30,14.8,0,0,0
2006,1,9,18,30,14.100000000000001,0,0,0
2006,1,9,19,30,13.600000000000001,0,0,0
2006,1,9,20,30,13.100000000000001,0,0,0
2006,1,9,21,30,12.600000000000001,0,0,0
2006,1,9,22,30,12.200000000000001,0,0,0
2006,1,9,23,30,11.9,0,0,0
2006,1,10,0,30,11.700000000000001,0,0,0
2006,1,10,1,30,11.3,0,0,0
2006,1,10,2,30,11,0,0,0
2006,1,10,3,30,10.700000000000001,0,0,0
2006,1,10,4,30,10.5,0,0,0
2006,1,10,5,30,10.200000000000001,0,0,1
2006,1,10,6,30,10.700000000000001,0,0,1
2006,1,10,7,30,12.700000000000001,3,45,3
2006,1,10,8,30,15.5,585,227,0
2006,1,10,9,30,18.3,737,393,0
2006,1,10,10,30,20.700000000000003,863,527,0
2006,1,10,11,30,22,892,593,0
2006,1,10,12,30,22.400000000000002,891,593,0
2006,1,10,13,30,22.3,862,528,0
2006,1,10,14,30,21.400000000000002,796,405,0
2006,1,10,15,30,18.900000000000002,655,238,0
2006,1,10,16,30,15.9,325,61,1
2006,1,10,17,30,14,0,0,1
2006,1,10,18,30,13.100000000000001,0,0,1
2006,1,10,19,30,12.600000000000001,0,0,1
2006,1,10,20,30,12.200000000000001,0,0,0
2006,1,10,21,30,11.9,0,0,1
2006,1,10,22,30,11.700000000000001,0,0,1
2006,1,10,23,30,11.5,0,0,1
2006,1,11,0,30,11.4,0,0,1
2006,1,11,1,30,11.3,0,0,1
2006,1,11,2,30,11.200000000000001,0,0,1
2006,1,11,3,30,11.100000000000001,0,0,1
2006,1,11,4,30,11,0,0,1
2006,1,11,5,30,10.9,0,0,1
2006,1,11,6,30,11.100000000000001,0,0,3
2006,1,11,7,30,12.9,243,54,1
2006,1,11,8,30,15.4,17,148,3
2006,1,11,9,30,17.900000000000002,95,283,3
2006,1,11,10,30,19.900000000000002,809,509,0
2006,1,11,11,30,20.900000000000002,844,573,0
2006,1,11,12,30,21.1,496,482,8
2006,1,11,13,30,20.700000000000003,334,400,8
2006,1,11,14,30,19.5,61,264,4
2006,1,11,15,30,17.3,14,106,6
2006,1,11,16,30,15,6,44,7
2006,1,11,17,30,13.9,0,0,7
2006,1,11,18,30,13.4,0,0,7
2006,1,11,19,30,12.8,0,0,7
2006,1,11,20,30,12.4,0,0,7
2006,1,11,21,30,12.100000000000001,0,0,4
2006,1,11,22,30,11.700000000000001,0,0,7
2006,1,11,23,30,11.4,0,0,7
2006,1,12,0,30,11.100000000000001,0,0,0
2006,1,12,1,30,10.8,0,0,0
2006,1,12,2,30,10.600000000000001,0,0,0
2006,1,12,3,30,10.3,0,0,0
2006,1,12,4,30,9.9,0,0,0
2006,1,12,5,30,9.600000000000001,0,0,3
2006,1,12,6,30,9.9,0,0,7
2006,1,12,7,30,11.5,340,60,1
2006,1,12,8,30,14.3,376,207,7
2006,1,12,9,30,17.1,796,397,0
2006,1,12,10,30,19.200000000000003,857,517,0
2006,1,12,11,30,20.5,879,581,0
2006,1,12,12,30,21.3,877,581,0
2006,1,12,13,30,21.6,824,514,0
2006,1,12,14,30,21.1,760,395,0
2006,1,12,15,30,19,627,234,0
2006,1,12,16,30,16.1,316,63,0
2006,1,12,17,30,14.3,0,0,0
2006,1,12,18,30,13.700000000000001,0,0,0
2006,1,12,19,30,13.5,0,0,0
2006,1,12,20,30,13.3,0,0,0
2006,1,12,21,30,13.100000000000001,0,0,0
2006,1,12,22,30,12.8,0,0,0
2006,1,12,23,30,12.5,0,0,0
2006,1,13,0,30,12.200000000000001,0,0,0
2006,1,13,1,30,12,0,0,0
2006,1,13,2,30,11.9,0,0,0
2006,1,13,3,30,11.9,0,0,1
2006,1,13,4,30,11.9,0,0,0
2006,1,13,5,30,11.9,0,0,1
2006,1,13,6,30,12.4,0,0,1
2006,1,13,7,30,14.8,327,59,0
2006,1,13,8,30,17.7,649,233,0
2006,1,13,9,30,19.6,789,398,0
2006,1,13,10,30,20.700000000000003,865,522,0
2006,1,13,11,30,21.1,886,586,0
2006,1,13,12,30,20.8,883,586,0
2006,1,13,13,30,20.1,860,525,0
2006,1,13,14,30,18.900000000000002,795,405,0
2006,1,13,15,30,16.900000000000002,656,241,0
2006,1,13,16,30,14.5,293,65,0
2006,1,13,17,30,12.9,0,0,7
2006,1,13,18,30,12.3,0,0,8
2006,1,13,19,30,11.9,0,0,7
2006,1,13,20,30,11.9,0,0,7
2006,1,13,21,30,11.9,0,0,7
2006,1,13,22,30,11.9,0,0,8
2006,1,13,23,30,12,0,0,8
2006,1,14,0,30,12.100000000000001,0,0,7
2006,1,14,1,30,12.100000000000001,0,0,7
2006,1,14,2,30,12.100000000000001,0,0,8
2006,1,14,3,30,12,0,0,3
2006,1,14,4,30,11.9,0,0,3
2006,1,14,5,30,11.700000000000001,0,0,0
2006,1,14,6,30,11.8,0,0,0
2006,1,14,7,30,12.4,262,58,0
2006,1,14,8,30,13.100000000000001,0,17,4
2006,1,14,9,30,13.4,0,61,4
2006,1,14,10,30,13.200000000000001,0,48,8
2006,1,14,11,30,13,14,212,7
2006,1,14,12,30,12.9,0,82,8
2006,1,14,13,30,12.9,16,209,7
2006,1,14,14,30,12.700000000000001,2,98,7
2006,1,14,15,30,12.200000000000001,243,203,7
2006,1,14,16,30,11.4,3,40,7
2006,1,14,17,30,10.600000000000001,0,0,7
2006,1,14,18,30,10.100000000000001,0,0,7
2006,1,14,19,30,9.700000000000001,0,0,0
2006,1,14,20,30,9.5,0,0,4
2006,1,14,21,30,9.3,0,0,0
2006,1,14,22,30,9.200000000000001,0,0,0
2006,1,14,23,30,9.1,0,0,0
2006,1,15,0,30,9,0,0,1
2006,1,15,1,30,8.8,0,0,4
2006,1,15,2,30,8.6,0,0,1
2006,1,15,3,30,8.3,0,0,0
2006,1,15,4,30,8,0,0,1
2006,1,15,5,30,7.7,0,0,1
2006,1,15,6,30,7.9,0,0,1
2006,1,15,7,30,9.3,385,66,1
2006,1,15,8,30,10.8,709,247,0
2006,1,15,9,30,12.200000000000001,851,420,0
2006,1,15,10,30,13.4,915,547,0
2006,1,15,11,30,14.200000000000001,950,619,0
2006,1,15,12,30,14.700000000000001,954,622,0
2006,1,15,13,30,14.700000000000001,929,558,0
2006,1,15,14,30,14.100000000000001,882,439,0
2006,1,15,15,30,12.8,770,269,0
2006,1,15,16,30,10.9,492,82,0
2006,1,15,17,30,9.3,0,0,0
2006,1,15,18,30,8.3,0,0,0
2006,1,15,19,30,7.9,0,0,0
2006,1,15,20,30,7.7,0,0,0
2006,1,15,21,30,7.4,0,0,0
2006,1,15,22,30,6.9,0,0,0
2006,1,15,23,30,6.2,0,0,0
2006,1,16,0,30,5.7,0,0,0
2006,1,16,1,30,5.4,0,0,0
2006,1,16,2,30,5,0,0,0
2006,1,16,3,30,4.7,0,0,0
2006,1,16,4,30,4.6000000000000005,0,0,0
2006,1,16,5,30,4.6000000000000005,0,0,1
2006,1,16,6,30,5.4,0,0,3
2006,1,16,7,30,7.6000000000000005,4,46,3
2006,1,16,8,30,10.600000000000001,35,162,3
2006,1,16,9,30,13.600000000000001,871,425,0
2006,1,16,10,30,15.700000000000001,920,551,0
2006,1,16,11,30,16.900000000000002,938,615,0
2006,1,16,12,30,17.6,935,615,0
2006,1,16,13,30,17.7,901,551,0
2006,1,16,14,30,17.3,836,427,0
2006,1,16,15,30,15.4,703,259,0
2006,1,16,16,30,12.9,3,53,3
2006,1,16,17,30,11.5,0,0,7
2006,1,16,18,30,10.600000000000001,0,0,7
2006,1,16,19,30,10,0,0,3
2006,1,16,20,30,9.9,0,0,7
2006,1,16,21,30,10.100000000000001,0,0,0
2006,1,16,22,30,10.200000000000001,0,0,0
2006,1,16,23,30,9.8,0,0,0
2006,1,17,0,30,9.4,0,0,0
2006,1,17,1,30,9.200000000000001,0,0,1
2006,1,17,2,30,9.1,0,0,0
2006,1,17,3,30,8.9,0,0,3
2006,1,17,4,30,8.8,0,0,4
2006,1,17,5,30,8.700000000000001,0,0,7
2006,1,17,6,30,9.5,0,0,8
2006,1,17,7,30,11.8,11,48,7
2006,1,17,8,30,14.200000000000001,366,217,7
2006,1,17,9,30,16,119,296,3
2006,1,17,10,30,17.6,288,434,2
2006,1,17,11,30,18.5,894,608,0
2006,1,17,12,30,18.8,604,600,2
2006,1,17,13,30,18.6,424,448,7
2006,1,17,14,30,17.900000000000002,375,353,7
2006,1,17,15,30,16,107,196,3
2006,1,17,16,30,13.9,15,59,7
2006,1,17,17,30,13,0,0,7
2006,1,17,18,30,12.8,0,0,7
2006,1,17,19,30,12.700000000000001,0,0,7
2006,1,17,20,30,12.5,0,0,7
2006,1,17,21,30,12.200000000000001,0,0,7
2006,1,17,22,30,11.8,0,0,4
2006,1,17,23,30,11.4,0,0,4
2006,1,18,0,30,11,0,0,4
2006,1,18,1,30,10.700000000000001,0,0,7
2006,1,18,2,30,10.4,0,0,7
2006,1,18,3,30,10.200000000000001,0,0,7
2006,1,18,4,30,10,0,0,7
2006,1,18,5,30,9.700000000000001,0,0,0
2006,1,18,6,30,9.8,0,0,0
2006,1,18,7,30,11.200000000000001,308,62,1
2006,1,18,8,30,13.200000000000001,622,236,0
2006,1,18,9,30,14.5,749,399,0
2006,1,18,10,30,15.100000000000001,217,366,7
2006,1,18,11,30,15.3,52,332,3
2006,1,18,12,30,15.4,17,281,3
2006,1,18,13,30,15.100000000000001,48,310,3
2006,1,18,14,30,14.600000000000001,54,215,7
2006,1,18,15,30,13.600000000000001,87,191,4
2006,1,18,16,30,11.8,3,41,6
2006,1,18,17,30,10.700000000000001,0,0,6
2006,1,18,18,30,10.700000000000001,0,0,7
2006,1,18,19,30,10.700000000000001,0,0,7
2006,1,18,20,30,10.5,0,0,7
2006,1,18,21,30,10.100000000000001,0,0,7
2006,1,18,22,30,9.5,0,0,7
2006,1,18,23,30,8.9,0,0,0
2006,1,19,0,30,8.6,0,0,0
2006,1,19,1,30,8.200000000000001,0,0,0
2006,1,19,2,30,7.9,0,0,0
2006,1,19,3,30,7.4,0,0,0
2006,1,19,4,30,7,0,0,1
2006,1,19,5,30,6.800000000000001,0,0,1
2006,1,19,6,30,7.300000000000001,0,0,1
2006,1,19,7,30,9.1,463,73,0
2006,1,19,8,30,11.200000000000001,766,261,0
2006,1,19,9,30,13,885,435,0
2006,1,19,10,30,14.5,536,478,8
2006,1,19,11,30,15.700000000000001,622,542,8
2006,1,19,12,30,16.400000000000002,498,489,7
2006,1,19,13,30,16.6,128,350,7
2006,1,19,14,30,16.3,90,262,8
2006,1,19,15,30,14.600000000000001,127,192,8
2006,1,19,16,30,11.8,481,92,1
2006,1,19,17,30,10,0,0,1
2006,1,19,18,30,9.200000000000001,0,0,1
2006,1,19,19,30,8.6,0,0,1
2006,1,19,20,30,8.200000000000001,0,0,1
2006,1,19,21,30,7.9,0,0,0
2006,1,19,22,30,7.6000000000000005,0,0,0
2006,1,19,23,30,7.300000000000001,0,0,0
2006,1,20,0,30,7.1000000000000005,0,0,1
2006,1,20,1,30,6.800000000000001,0,0,1
2006,1,20,2,30,6.6000000000000005,0,0,1
2006,1,20,3,30,6.4,0,0,1
2006,1,20,4,30,6.300000000000001,0,0,1
2006,1,20,5,30,6.2,0,0,1
2006,1,20,6,30,6.9,0,0,1
2006,1,20,7,30,9.1,477,76,1
2006,1,20,8,30,12,37,170,3
2006,1,20,9,30,14.9,888,440,0
2006,1,20,10,30,16.900000000000002,941,570,0
2006,1,20,11,30,17.8,965,640,0
2006,1,20,12,30,18.2,965,644,0
2006,1,20,13,30,18,941,581,0
2006,1,20,14,30,17.400000000000002,885,457,0
2006,1,20,15,30,15.4,767,286,1
2006,1,20,16,30,12.700000000000001,492,95,0
2006,1,20,17,30,10.9,0,0,1
2006,1,20,18,30,9.9,0,0,1
2006,1,20,19,30,9.3,0,0,1
2006,1,20,20,30,8.8,0,0,1
2006,1,20,21,30,8.3,0,0,1
2006,1,20,22,30,7.800000000000001,0,0,1
2006,1,20,23,30,7.5,0,0,1
2006,1,21,0,30,7.2,0,0,1
2006,1,21,1,30,7,0,0,1
2006,1,21,2,30,6.800000000000001,0,0,1
2006,1,21,3,30,6.6000000000000005,0,0,1
2006,1,21,4,30,6.5,0,0,1
2006,1,21,5,30,6.4,0,0,1
2006,1,21,6,30,7,0,0,4
2006,1,21,7,30,9,409,73,0
2006,1,21,8,30,12.100000000000001,718,261,1
2006,1,21,9,30,15.200000000000001,841,435,0
2006,1,21,10,30,17.5,904,563,0
2006,1,21,11,30,18.8,921,632,0
2006,1,21,12,30,19.5,912,634,0
2006,1,21,13,30,19.6,882,571,0
2006,1,21,14,30,19,826,449,0
2006,1,21,15,30,16.900000000000002,711,281,0
2006,1,21,16,30,13.9,436,94,1
2006,1,21,17,30,12.100000000000001,0,0,1
2006,1,21,18,30,11.100000000000001,0,0,1
2006,1,21,19,30,10.5,0,0,1
2006,1,21,20,30,10,0,0,1
2006,1,21,21,30,9.600000000000001,0,0,1
2006,1,21,22,30,9.3,0,0,1
2006,1,21,23,30,8.9,0,0,1
2006,1,22,0,30,8.6,0,0,1
2006,1,22,1,30,8.4,0,0,1
2006,1,22,2,30,8.1,0,0,1
2006,1,22,3,30,8,0,0,3
2006,1,22,4,30,7.9,0,0,3
2006,1,22,5,30,8,0,0,3
2006,1,22,6,30,8.9,0,0,3
2006,1,22,7,30,10.9,388,72,1
2006,1,22,8,30,13.600000000000001,701,257,1
2006,1,22,9,30,16.1,833,430,0
2006,1,22,10,30,17.6,897,560,0
2006,1,22,11,30,18.3,922,630,0
2006,1,22,12,30,18.400000000000002,923,635,0
2006,1,22,13,30,18.2,895,572,0
2006,1,22,14,30,17.5,840,453,0
2006,1,22,15,30,16.3,715,283,0
2006,1,22,16,30,14.3,427,95,0
2006,1,22,17,30,12.700000000000001,0,0,0
2006,1,22,18,30,11.700000000000001,0,0,0
2006,1,22,19,30,11,0,0,1
2006,1,22,20,30,10.600000000000001,0,0,0
2006,1,22,21,30,10.5,0,0,1
2006,1,22,22,30,10.5,0,0,1
2006,1,22,23,30,10.3,0,0,1
2006,1,23,0,30,10,0,0,1
2006,1,23,1,30,9.8,0,0,1
2006,1,23,2,30,9.700000000000001,0,0,1
2006,1,23,3,30,9.5,0,0,1
2006,1,23,4,30,9.3,0,0,0
2006,1,23,5,30,9.1,0,0,0
2006,1,23,6,30,9.5,0,0,1
2006,1,23,7,30,11.100000000000001,445,78,1
2006,1,23,8,30,13.5,759,272,0
2006,1,23,9,30,15.600000000000001,884,450,0
2006,1,23,10,30,17.3,940,582,0
2006,1,23,11,30,18.400000000000002,961,654,0
2006,1,23,12,30,19,955,657,0
2006,1,23,13,30,19.1,930,595,0
2006,1,23,14,30,18.7,882,471,0
2006,1,23,15,30,17.3,777,300,0
2006,1,23,16,30,14.8,510,106,0
2006,1,23,17,30,12.9,0,0,0
2006,1,23,18,30,12.200000000000001,0,0,1
2006,1,23,19,30,12,0,0,1
2006,1,23,20,30,12,0,0,1
2006,1,23,21,30,12.100000000000001,0,0,1
2006,1,23,22,30,12.100000000000001,0,0,1
2006,1,23,23,30,12.100000000000001,0,0,1
2006,1,24,0,30,11.9,0,0,1
2006,1,24,1,30,11.700000000000001,0,0,1
2006,1,24,2,30,11.5,0,0,1
2006,1,24,3,30,11.3,0,0,1
2006,1,24,4,30,11.3,0,0,1
2006,1,24,5,30,11.200000000000001,0,0,3
2006,1,24,6,30,11.600000000000001,0,0,3
2006,1,24,7,30,13,381,75,1
2006,1,24,8,30,15.4,697,263,1
2006,1,24,9,30,17.8,820,436,0
2006,1,24,10,30,19.6,906,571,0
2006,1,24,11,30,20.700000000000003,931,642,0
2006,1,24,12,30,21.1,923,646,0
2006,1,24,13,30,21,914,587,0
2006,1,24,14,30,20.3,859,465,0
2006,1,24,15,30,17.8,737,294,0
2006,1,24,16,30,14.4,440,102,0
2006,1,24,17,30,12.3,0,0,0
2006,1,24,18,30,11.200000000000001,0,0,0
2006,1,24,19,30,10.5,0,0,0
2006,1,24,20,30,10,0,0,0
2006,1,24,21,30,9.600000000000001,0,0,0
2006,1,24,22,30,9.3,0,0,0
2006,1,24,23,30,9.200000000000001,0,0,0
2006,1,25,0,30,9.200000000000001,0,0,0
2006,1,25,1,30,9.1,0,0,0
2006,1,25,2,30,8.9,0,0,0
2006,1,25,3,30,8.6,0,0,0
2006,1,25,4,30,8.3,0,0,1
2006,1,25,5,30,8.200000000000001,0,0,4
2006,1,25,6,30,8.6,0,0,1
2006,1,25,7,30,10.100000000000001,248,68,1
2006,1,25,8,30,12.3,564,246,0
2006,1,25,9,30,14.200000000000001,713,416,0
2006,1,25,10,30,15.5,135,406,2
2006,1,25,11,30,16.400000000000002,93,419,2
2006,1,25,12,30,16.8,458,588,2
2006,1,25,13,30,16.8,392,500,2
2006,1,25,14,30,16.2,770,448,0
2006,1,25,15,30,14.700000000000001,645,282,0
2006,1,25,16,30,12.4,373,99,0
2006,1,25,17,30,10.700000000000001,0,0,0
2006,1,25,18,30,10.5,0,0,0
2006,1,25,19,30,10.700000000000001,0,0,0
2006,1,25,20,30,10.9,0,0,0
2006,1,25,21,30,10.9,0,0,0
2006,1,25,22,30,10.9,0,0,0
2006,1,25,23,30,10.9,0,0,0
2006,1,26,0,30,10.8,0,0,3
2006,1,26,1,30,10.5,0,0,3
2006,1,26,2,30,10.4,0,0,7
2006,1,26,3,30,10.4,0,0,7
2006,1,26,4,30,10.5,0,0,8
2006,1,26,5,30,10.4,0,0,0
2006,1,26,6,30,10.8,0,0,3
2006,1,26,7,30,11.700000000000001,0,24,3
2006,1,26,8,30,12.700000000000001,27,170,2
2006,1,26,9,30,13.8,760,426,0
2006,1,26,10,30,14.700000000000001,119,390,3
2006,1,26,11,30,15.4,560,608,2
2006,1,26,12,30,15.8,3,257,2
2006,1,26,13,30,15.9,852,574,1
2006,1,26,14,30,15.5,0,85,2
2006,1,26,15,30,14.4,664,288,0
2006,1,26,16,30,12.4,410,104,0
2006,1,26,17,30,10.700000000000001,0,0,1
2006,1,26,18,30,10,0,0,1
2006,1,26,19,30,9.700000000000001,0,0,1
2006,1,26,20,30,9.600000000000001,0,0,1
2006,1,26,21,30,9.5,0,0,0
2006,1,26,22,30,9.3,0,0,0
2006,1,26,23,30,8.9,0,0,0
2006,1,27,0,30,8.6,0,0,0
2006,1,27,1,30,8.4,0,0,0
2006,1,27,2,30,8.4,0,0,0
2006,1,27,3,30,8.4,0,0,0
2006,1,27,4,30,8.3,0,0,0
2006,1,27,5,30,8,0,0,0
2006,1,27,6,30,8.3,0,0,1
2006,1,27,7,30,9.9,5,56,2
2006,1,27,8,30,11.700000000000001,683,269,0
2006,1,27,9,30,13.4,819,446,0
2006,1,27,10,30,15,888,577,0
2006,1,27,11,30,16,915,649,0
2006,1,27,12,30,16.5,917,653,0
2006,1,27,13,30,16.8,912,596,0
2006,1,27,14,30,16.5,858,474,0
2006,1,27,15,30,15.200000000000001,385,264,7
2006,1,27,16,30,12.8,85,90,7
2006,1,27,17,30,11,0,0,7
2006,1,27,18,30,10.100000000000001,0,0,3
2006,1,27,19,30,9.3,0,0,3
2006,1,27,20,30,8.8,0,0,3
2006,1,27,21,30,8.700000000000001,0,0,3
2006,1,27,22,30,8.8,0,0,7
2006,1,27,23,30,9,0,0,7
2006,1,28,0,30,8.8,0,0,3
2006,1,28,1,30,8.200000000000001,0,0,7
2006,1,28,2,30,7.7,0,0,7
2006,1,28,3,30,7.7,0,0,7
2006,1,28,4,30,7.9,0,0,7
2006,1,28,5,30,7.9,0,0,8
2006,1,28,6,30,8.6,0,0,7
2006,1,28,7,30,10.700000000000001,9,52,8
2006,1,28,8,30,13.4,18,158,4
2006,1,28,9,30,15.600000000000001,185,329,2
2006,1,28,10,30,17,866,564,0
2006,1,28,11,30,18,620,626,2
2006,1,28,12,30,18.5,317,516,2
2006,1,28,13,30,18.5,440,473,7
2006,1,28,14,30,17.900000000000002,343,366,7
2006,1,28,15,30,16.2,702,296,0
2006,1,28,16,30,13.600000000000001,8,77,3
2006,1,28,17,30,11.8,0,0,7
2006,1,28,18,30,11.200000000000001,0,0,7
2006,1,28,19,30,11,0,0,1
2006,1,28,20,30,10.8,0,0,1
2006,1,28,21,30,10.4,0,0,0
2006,1,28,22,30,10,0,0,1
2006,1,28,23,30,9.600000000000001,0,0,1
2006,1,29,0,30,9.200000000000001,0,0,1
2006,1,29,1,30,8.9,0,0,7
2006,1,29,2,30,8.5,0,0,7
2006,1,29,3,30,8,0,0,3
2006,1,29,4,30,7.7,0,0,7
2006,1,29,5,30,7.4,0,0,1
2006,1,29,6,30,8.1,0,0,7
2006,1,29,7,30,10.100000000000001,23,61,7
2006,1,29,8,30,12.5,0,83,4
2006,1,29,9,30,14.700000000000001,37,253,3
2006,1,29,10,30,16.6,495,481,7
2006,1,29,11,30,17.900000000000002,882,632,1
2006,1,29,12,30,18.6,605,626,2
2006,1,29,13,30,18.7,856,579,1
2006,1,29,14,30,18.3,801,461,1
2006,1,29,15,30,16.900000000000002,169,233,2
2006,1,29,16,30,14.8,4,54,7
2006,1,29,17,30,13.200000000000001,0,0,7
2006,1,29,18,30,12.4,0,0,7
2006,1,29,19,30,12,0,0,8
2006,1,29,20,30,11.700000000000001,0,0,0
2006,1,29,21,30,11.4,0,0,0
2006,1,29,22,30,11.100000000000001,0,0,4
2006,1,29,23,30,10.8,0,0,0
2006,1,30,0,30,10.600000000000001,0,0,0
2006,1,30,1,30,10.4,0,0,0
2006,1,30,2,30,10.3,0,0,0
2006,1,30,3,30,10.200000000000001,0,0,0
2006,1,30,4,30,10.100000000000001,0,0,0
2006,1,30,5,30,10.200000000000001,0,0,0
2006,1,30,6,30,11.100000000000001,0,0,1
2006,1,30,7,30,13,398,83,0
2006,1,30,8,30,15.3,687,270,0
2006,1,30,9,30,17.6,815,444,0
2006,1,30,10,30,19.1,884,576,0
2006,1,30,11,30,19.900000000000002,905,646,0
2006,1,30,12,30,20.1,900,652,0
2006,1,30,13,30,19.6,878,593,0
2006,1,30,14,30,18.5,826,474,0
2006,1,30,15,30,16.7,723,308,0
2006,1,30,16,30,14,492,121,0
2006,1,30,17,30,12,0,0,0
2006,1,30,18,30,11.4,0,0,0
2006,1,30,19,30,11.3,0,0,0
2006,1,30,20,30,11.200000000000001,0,0,7
2006,1,30,21,30,11,0,0,7
2006,1,30,22,30,10.8,0,0,7
2006,1,30,23,30,10.5,0,0,1
2006,1,31,0,30,10.4,0,0,3
2006,1,31,1,30,10.5,0,0,3
2006,1,31,2,30,10.3,0,0,8
2006,1,31,3,30,9.700000000000001,0,0,1
2006,1,31,4,30,9.1,0,0,1
2006,1,31,5,30,8.5,0,0,3
2006,1,31,6,30,9.1,0,0,0
2006,1,31,7,30,10.9,1,54,2
2006,1,31,8,30,13.3,766,291,0
2006,1,31,9,30,15.8,50,283,2
2006,1,31,10,30,17.7,64,357,2
2006,1,31,11,30,18.8,971,682,1
2006,1,31,12,30,19.3,970,686,0
2006,1,31,13,30,19.1,934,623,0
2006,1,31,14,30,18.1,556,480,2
2006,1,31,15,30,16.2,761,324,0
2006,1,31,16,30,14.3,129,108,7
2006,1,31,17,30,13.100000000000001,0,0,7
2006,1,31,18,30,12.5,0,0,7
2006,1,31,19,30,11.9,0,0,7
2006,1,31,20,30,11.200000000000001,0,0,7
2006,1,31,21,30,10.9,0,0,0
2006,1,31,22,30,10.700000000000001,0,0,1
2006,1,31,23,30,10.600000000000001,0,0,7
2006,2,1,0,30,10.8,0,0,8
2006,2,1,1,30,10.9,0,0,8
2006,2,1,2,30,11.100000000000001,0,0,7
2006,2,1,3,30,11.200000000000001,0,0,7
2006,2,1,4,30,11.100000000000001,0,0,7
2006,2,1,5,30,11,0,0,8
2006,2,1,6,30,11.600000000000001,0,0,7
2006,2,1,7,30,13.200000000000001,28,67,7
2006,2,1,8,30,15.200000000000001,31,176,3
2006,2,1,9,30,17.1,837,456,0
2006,2,1,10,30,18.8,895,588,0
2006,2,1,11,30,20,638,650,2
2006,2,1,12,30,20.700000000000003,466,542,8
2006,2,1,13,30,20.8,911,612,0
2006,2,1,14,30,20.200000000000003,861,491,0
2006,2,1,15,30,18.400000000000002,757,322,0
2006,2,1,16,30,15.5,540,131,0
2006,2,1,17,30,13.3,0,0,0
2006,2,1,18,30,12.600000000000001,0,0,0
2006,2,1,19,30,12.200000000000001,0,0,0
2006,2,1,20,30,11.9,0,0,1
2006,2,1,21,30,11.700000000000001,0,0,3
2006,2,1,22,30,11.5,0,0,0
2006,2,1,23,30,11.3,0,0,1
2006,2,2,0,30,11.100000000000001,0,0,7
2006,2,2,1,30,11,0,0,3
2006,2,2,2,30,10.9,0,0,3
2006,2,2,3,30,10.700000000000001,0,0,0
2006,2,2,4,30,10.5,0,0,0
2006,2,2,5,30,10.4,0,0,1
2006,2,2,6,30,11.100000000000001,0,0,7
2006,2,2,7,30,12.9,458,94,0
2006,2,2,8,30,15.100000000000001,54,194,3
2006,2,2,9,30,17.400000000000002,80,310,4
2006,2,2,10,30,19.400000000000002,169,437,4
2006,2,2,11,30,20.700000000000003,231,512,3
2006,2,2,12,30,21.400000000000002,177,494,4
2006,2,2,13,30,21.400000000000002,391,489,8
2006,2,2,14,30,20.8,130,357,4
2006,2,2,15,30,19.1,20,195,4
2006,2,2,16,30,16.400000000000002,12,79,7
2006,2,2,17,30,14.4,0,0,7
2006,2,2,18,30,13.600000000000001,0,0,7
2006,2,2,19,30,13,0,0,7
2006,2,2,20,30,12.600000000000001,0,0,7
2006,2,2,21,30,12.3,0,0,7
2006,2,2,22,30,12,0,0,1
2006,2,2,23,30,12,0,0,3
2006,2,3,0,30,11.8,0,0,3
2006,2,3,1,30,11.4,0,0,0
2006,2,3,2,30,11.100000000000001,0,0,0
2006,2,3,3,30,11,0,0,1
2006,2,3,4,30,11.100000000000001,0,0,3
2006,2,3,5,30,11.4,0,0,0
2006,2,3,6,30,12.8,0,0,1
2006,2,3,7,30,15.3,474,98,0
2006,2,3,8,30,18.5,744,293,0
2006,2,3,9,30,21.5,861,472,0
2006,2,3,10,30,23.5,926,607,0
2006,2,3,11,30,24.400000000000002,949,681,0
2006,2,3,12,30,24.8,950,688,0
2006,2,3,13,30,24.700000000000003,918,626,0
2006,2,3,14,30,24,867,504,0
2006,2,3,15,30,22.200000000000003,763,333,0
2006,2,3,16,30,19.700000000000003,571,140,0
2006,2,3,17,30,17.900000000000002,0,0,0
2006,2,3,18,30,16.5,0,0,0
2006,2,3,19,30,15.3,0,0,0
2006,2,3,20,30,14.600000000000001,0,0,1
2006,2,3,21,30,14.100000000000001,0,0,1
2006,2,3,22,30,13.700000000000001,0,0,0
2006,2,3,23,30,13.5,0,0,0
2006,2,4,0,30,13.3,0,0,0
2006,2,4,1,30,13.200000000000001,0,0,0
2006,2,4,2,30,13.200000000000001,0,0,0
2006,2,4,3,30,13.3,0,0,0
2006,2,4,4,30,13.100000000000001,0,0,0
2006,2,4,5,30,12.9,0,0,3
2006,2,4,6,30,13.4,0,0,3
2006,2,4,7,30,15.3,456,98,1
2006,2,4,8,30,17.8,0,49,3
2006,2,4,9,30,20.1,1,151,4
2006,2,4,10,30,21.700000000000003,84,387,4
2006,2,4,11,30,22.5,286,539,3
2006,2,4,12,30,22.900000000000002,252,534,3
2006,2,4,13,30,22.900000000000002,466,519,7
2006,2,4,14,30,22.400000000000002,420,419,8
2006,2,4,15,30,20.6,77,236,4
2006,2,4,16,30,18.1,48,102,7
2006,2,4,17,30,16.5,0,0,8
2006,2,4,18,30,15.8,0,0,7
2006,2,4,19,30,15.3,0,0,7
2006,2,4,20,30,14.8,0,0,7
2006,2,4,21,30,14.5,0,0,7
2006,2,4,22,30,14.200000000000001,0,0,7
2006,2,4,23,30,14.100000000000001,0,0,7
2006,2,5,0,30,14,0,0,7
2006,2,5,1,30,13.700000000000001,0,0,7
2006,2,5,2,30,13.3,0,0,7
2006,2,5,3,30,13.3,0,0,8
2006,2,5,4,30,13.8,0,0,7
2006,2,5,5,30,14.600000000000001,0,0,7
2006,2,5,6,30,15.200000000000001,0,0,7
2006,2,5,7,30,16.3,5,55,7
2006,2,5,8,30,18,85,197,7
2006,2,5,9,30,19.900000000000002,413,397,7
2006,2,5,10,30,21.8,382,484,7
2006,2,5,11,30,23.3,547,594,7
2006,2,5,12,30,24.1,490,564,8
2006,2,5,13,30,24.3,486,526,8
2006,2,5,14,30,23.6,259,380,8
2006,2,5,15,30,21.8,468,316,8
2006,2,5,16,30,19.400000000000002,13,85,8
2006,2,5,17,30,17.900000000000002,0,0,7
2006,2,5,18,30,17.2,0,0,7
2006,2,5,19,30,16.6,0,0,7
2006,2,5,20,30,15.9,0,0,7
2006,2,5,21,30,15.3,0,0,7
2006,2,5,22,30,14.700000000000001,0,0,4
2006,2,5,23,30,14.3,0,0,7
2006,2,6,0,30,13.8,0,0,7
2006,2,6,1,30,13.3,0,0,1
2006,2,6,2,30,12.9,0,0,7
2006,2,6,3,30,12.600000000000001,0,0,7
2006,2,6,4,30,12.3,0,0,4
2006,2,6,5,30,12,0,0,3
2006,2,6,6,30,12.4,0,0,3
2006,2,6,7,30,14.3,509,110,1
2006,2,6,8,30,17,777,315,1
2006,2,6,9,30,19.900000000000002,889,499,1
2006,2,6,10,30,22.3,930,634,0
2006,2,6,11,30,24,306,563,3
2006,2,6,12,30,24.900000000000002,950,713,1
2006,2,6,13,30,25,925,651,0
2006,2,6,14,30,24.200000000000003,874,527,0
2006,2,6,15,30,21.900000000000002,775,352,0
2006,2,6,16,30,18.5,559,151,0
2006,2,6,17,30,15.8,0,0,1
2006,2,6,18,30,14.700000000000001,0,0,7
2006,2,6,19,30,14.5,0,0,3
2006,2,6,20,30,14.5,0,0,3
2006,2,6,21,30,14.4,0,0,4
2006,2,6,22,30,14.200000000000001,0,0,7
2006,2,6,23,30,14.100000000000001,0,0,7
2006,2,7,0,30,13.8,0,0,7
2006,2,7,1,30,13.3,0,0,8
2006,2,7,2,30,13,0,0,8
2006,2,7,3,30,12.700000000000001,0,0,7
2006,2,7,4,30,12.5,0,0,7
2006,2,7,5,30,12.200000000000001,0,0,7
2006,2,7,6,30,12.600000000000001,0,0,7
2006,2,7,7,30,14.4,33,81,7
2006,2,7,8,30,17.2,516,291,7
2006,2,7,9,30,20.200000000000003,511,430,8
2006,2,7,10,30,22.700000000000003,537,543,8
2006,2,7,11,30,24.400000000000002,961,720,1
2006,2,7,12,30,25.200000000000003,959,726,0
2006,2,7,13,30,25.200000000000003,950,667,0
2006,2,7,14,30,24.3,899,541,0
2006,2,7,15,30,21.700000000000003,799,364,0
2006,2,7,16,30,18.3,559,157,0
2006,2,7,17,30,16.3,0,0,3
2006,2,7,18,30,15.5,0,0,3
2006,2,7,19,30,15.100000000000001,0,0,1
2006,2,7,20,30,14.8,0,0,1
2006,2,7,21,30,14.5,0,0,1
2006,2,7,22,30,14.3,0,0,1
2006,2,7,23,30,14.100000000000001,0,0,1
2006,2,8,0,30,14.100000000000001,0,0,1
2006,2,8,1,30,14.3,0,0,1
2006,2,8,2,30,14.4,0,0,8
2006,2,8,3,30,14.4,0,0,7
2006,2,8,4,30,14.200000000000001,0,0,7
2006,2,8,5,30,14.200000000000001,0,0,7
2006,2,8,6,30,15.200000000000001,0,0,7
2006,2,8,7,30,17.5,38,83,8
2006,2,8,8,30,20.3,804,327,7
2006,2,8,9,30,23.1,302,378,7
2006,2,8,10,30,25.3,594,556,8
2006,2,8,11,30,26.6,387,545,8
2006,2,8,12,30,27.400000000000002,972,730,1
2006,2,8,13,30,27.6,938,663,1
2006,2,8,14,30,27.3,634,502,8
2006,2,8,15,30,25.3,788,362,1
2006,2,8,16,30,21.8,558,157,0
2006,2,8,17,30,19.1,0,0,1
2006,2,8,18,30,17.6,0,0,7
2006,2,8,19,30,16.7,0,0,0
2006,2,8,20,30,16,0,0,1
2006,2,8,21,30,15.5,0,0,0
2006,2,8,22,30,15.100000000000001,0,0,0
2006,2,8,23,30,14.8,0,0,0
2006,2,9,0,30,14.600000000000001,0,0,1
2006,2,9,1,30,14.3,0,0,1
2006,2,9,2,30,14,0,0,1
2006,2,9,3,30,13.8,0,0,1
2006,2,9,4,30,13.700000000000001,0,0,1
2006,2,9,5,30,13.600000000000001,0,0,1
2006,2,9,6,30,14.9,0,0,3
2006,2,9,7,30,17.7,551,121,0
2006,2,9,8,30,20.700000000000003,801,328,0
2006,2,9,9,30,23.8,908,514,0
2006,2,9,10,30,26.200000000000003,959,653,0
2006,2,9,11,30,27.3,981,729,0
2006,2,9,12,30,27.5,982,737,0
2006,2,9,13,30,27,965,676,0
2006,2,9,14,30,25.8,917,550,0
2006,2,9,15,30,23.200000000000003,819,372,0
2006,2,9,16,30,19.6,615,166,0
2006,2,9,17,30,17.2,0,0,1
2006,2,9,18,30,16.1,0,0,1
2006,2,9,19,30,15.200000000000001,0,0,0
2006,2,9,20,30,14.5,0,0,0
2006,2,9,21,30,13.9,0,0,0
2006,2,9,22,30,13.3,0,0,0
2006,2,9,23,30,12.700000000000001,0,0,0
2006,2,10,0,30,12.200000000000001,0,0,0
2006,2,10,1,30,11.8,0,0,1
2006,2,10,2,30,11.5,0,0,1
2006,2,10,3,30,11.200000000000001,0,0,0
2006,2,10,4,30,11,0,0,0
2006,2,10,5,30,10.9,0,0,1
2006,2,10,6,30,12.3,0,0,3
2006,2,10,7,30,15.100000000000001,0,20,3
2006,2,10,8,30,17.8,38,207,3
2006,2,10,9,30,20.400000000000002,860,506,0
2006,2,10,10,30,22.200000000000003,860,630,0
2006,2,10,11,30,23,887,703,0
2006,2,10,12,30,23.3,891,712,0
2006,2,10,13,30,23.200000000000003,928,667,0
2006,2,10,14,30,22.5,875,542,0
2006,2,10,15,30,20.5,771,365,0
2006,2,10,16,30,17.8,526,160,0
2006,2,10,17,30,16,0,0,0
2006,2,10,18,30,15.100000000000001,0,0,0
2006,2,10,19,30,14.4,0,0,0
2006,2,10,20,30,14,0,0,0
2006,2,10,21,30,13.5,0,0,0
2006,2,10,22,30,12.9,0,0,0
2006,2,10,23,30,12.4,0,0,0
2006,2,11,0,30,12.100000000000001,0,0,0
2006,2,11,1,30,12.100000000000001,0,0,0
2006,2,11,2,30,12.200000000000001,0,0,0
2006,2,11,3,30,12.3,0,0,0
2006,2,11,4,30,12.3,0,0,0
2006,2,11,5,30,12.100000000000001,0,0,1
2006,2,11,6,30,12.8,0,0,3
2006,2,11,7,30,14.9,0,18,3
2006,2,11,8,30,17.7,44,212,3
2006,2,11,9,30,20.700000000000003,870,511,0
2006,2,11,10,30,23.1,912,645,0
2006,2,11,11,30,24.6,942,723,0
2006,2,11,12,30,25.200000000000003,947,732,0
2006,2,11,13,30,25.1,933,670,0
2006,2,11,14,30,24.1,883,545,0
2006,2,11,15,30,21.8,785,370,0
2006,2,11,16,30,18.2,564,166,0
2006,2,11,17,30,16,0,0,1
2006,2,11,18,30,15.5,0,0,1
2006,2,11,19,30,15.4,0,0,0
2006,2,11,20,30,15.100000000000001,0,0,0
2006,2,11,21,30,14.700000000000001,0,0,0
2006,2,11,22,30,14.3,0,0,3
2006,2,11,23,30,13.9,0,0,0
2006,2,12,0,30,13.700000000000001,0,0,0
2006,2,12,1,30,13.5,0,0,0
2006,2,12,2,30,13.3,0,0,0
2006,2,12,3,30,13.200000000000001,0,0,0
2006,2,12,4,30,13.100000000000001,0,0,1
2006,2,12,5,30,13.100000000000001,0,0,1
2006,2,12,6,30,14.4,0,0,3
2006,2,12,7,30,16.900000000000002,524,127,1
2006,2,12,8,30,19.700000000000003,769,332,0
2006,2,12,9,30,22.700000000000003,877,516,0
2006,2,12,10,30,25.1,930,653,0
2006,2,12,11,30,26.5,957,730,1
2006,2,12,12,30,27,961,738,0
2006,2,12,13,30,27,942,677,0
2006,2,12,14,30,26.3,891,552,0
2006,2,12,15,30,23.900000000000002,785,373,0
2006,2,12,16,30,20.1,7,105,3
2006,2,12,17,30,17.7,0,0,0
2006,2,12,18,30,16.900000000000002,0,0,0
2006,2,12,19,30,16.7,0,0,1
2006,2,12,20,30,16.5,0,0,0
2006,2,12,21,30,16,0,0,0
2006,2,12,22,30,15.5,0,0,1
2006,2,12,23,30,15.200000000000001,0,0,1
2006,2,13,0,30,14.8,0,0,1
2006,2,13,1,30,14.4,0,0,1
2006,2,13,2,30,14,0,0,1
2006,2,13,3,30,13.9,0,0,3
2006,2,13,4,30,13.8,0,0,3
2006,2,13,5,30,13.9,0,0,3
2006,2,13,6,30,15.200000000000001,0,0,7
2006,2,13,7,30,17.7,151,108,7
2006,2,13,8,30,20.5,231,255,8
2006,2,13,9,30,23.400000000000002,223,399,3
2006,2,13,10,30,25.6,916,655,0
2006,2,13,11,30,26.8,578,625,8
2006,2,13,12,30,27.200000000000003,946,739,1
2006,2,13,13,30,26.8,933,679,0
2006,2,13,14,30,25.8,881,554,0
2006,2,13,15,30,23.6,784,378,0
2006,2,13,16,30,20.5,577,173,0
2006,2,13,17,30,18.2,0,0,0
2006,2,13,18,30,17,0,0,3
2006,2,13,19,30,16.400000000000002,0,0,1
2006,2,13,20,30,16.3,0,0,3
2006,2,13,21,30,16.7,0,0,1
2006,2,13,22,30,17.1,0,0,1
2006,2,13,23,30,17.2,0,0,0
2006,2,14,0,30,17,0,0,0
2006,2,14,1,30,16.5,0,0,8
2006,2,14,2,30,15.9,0,0,1
2006,2,14,3,30,15.100000000000001,0,0,1
2006,2,14,4,30,14.100000000000001,0,0,1
2006,2,14,5,30,13.200000000000001,0,0,1
2006,2,14,6,30,13.8,0,0,1
2006,2,14,7,30,15.9,467,125,1
2006,2,14,8,30,17.7,707,325,0
2006,2,14,9,30,19.1,819,507,0
2006,2,14,10,30,19.900000000000002,874,641,0
2006,2,14,11,30,20.3,893,714,0
2006,2,14,12,30,20.200000000000003,891,721,0
2006,2,14,13,30,19.6,859,658,0
2006,2,14,14,30,18.5,792,533,1
2006,2,14,15,30,16.8,327,333,2
2006,2,14,16,30,14.8,0,39,3
2006,2,14,17,30,13.4,0,0,3
2006,2,14,18,30,13,0,0,3
2006,2,14,19,30,13,0,0,3
2006,2,14,20,30,12.9,0,0,3
2006,2,14,21,30,12.700000000000001,0,0,3
2006,2,14,22,30,12.4,0,0,3
2006,2,14,23,30,12.200000000000001,0,0,3
2006,2,15,0,30,12,0,0,1
2006,2,15,1,30,12,0,0,0
2006,2,15,2,30,12,0,0,1
2006,2,15,3,30,12.100000000000001,0,0,3
2006,2,15,4,30,11.9,0,0,3
2006,2,15,5,30,11.600000000000001,0,0,3
2006,2,15,6,30,11.700000000000001,0,0,3
2006,2,15,7,30,12.4,0,35,2
2006,2,15,8,30,13.5,0,12,3
2006,2,15,9,30,14.600000000000001,103,361,2
2006,2,15,10,30,15.5,19,318,2
2006,2,15,11,30,16,82,438,2
2006,2,15,12,30,16.2,75,420,2
2006,2,15,13,30,16,939,694,1
2006,2,15,14,30,15.5,895,569,0
2006,2,15,15,30,14.8,807,392,0
2006,2,15,16,30,13.100000000000001,6,106,4
2006,2,15,17,30,11.3,0,0,0
2006,2,15,18,30,10.4,0,0,0
2006,2,15,19,30,9.700000000000001,0,0,0
2006,2,15,20,30,9.1,0,0,0
2006,2,15,21,30,8.4,0,0,0
2006,2,15,22,30,7.7,0,0,0
2006,2,15,23,30,7,0,0,0
2006,2,16,0,30,6.5,0,0,0
2006,2,16,1,30,6,0,0,0
2006,2,16,2,30,5.5,0,0,0
2006,2,16,3,30,5.2,0,0,0
2006,2,16,4,30,4.9,0,0,0
2006,2,16,5,30,4.800000000000001,0,0,0
2006,2,16,6,30,6.4,0,0,0
2006,2,16,7,30,9.4,0,26,2
2006,2,16,8,30,11.8,70,241,2
2006,2,16,9,30,13.4,931,554,0
2006,2,16,10,30,14.5,975,694,1
2006,2,16,11,30,15.3,235,572,2
2006,2,16,12,30,15.5,39,392,4
2006,2,16,13,30,15,380,540,8
2006,2,16,14,30,14.3,305,465,4
2006,2,16,15,30,13.5,176,285,7
2006,2,16,16,30,11.9,1,80,4
2006,2,16,17,30,10.3,0,6,7
2006,2,16,18,30,9.5,0,0,7
2006,2,16,19,30,9.200000000000001,0,0,7
2006,2,16,20,30,9.1,0,0,7
2006,2,16,21,30,9.1,0,0,3
2006,2,16,22,30,9.1,0,0,7
2006,2,16,23,30,9.1,0,0,7
2006,2,17,0,30,9.1,0,0,0
2006,2,17,1,30,9.1,0,0,1
2006,2,17,2,30,8.9,0,0,0
2006,2,17,3,30,8.6,0,0,4
2006,2,17,4,30,8.200000000000001,0,0,7
2006,2,17,5,30,7.9,0,0,1
2006,2,17,6,30,8.700000000000001,0,0,1
2006,2,17,7,30,10.4,530,143,0
2006,2,17,8,30,12.100000000000001,762,349,0
2006,2,17,9,30,13.200000000000001,871,535,0
2006,2,17,10,30,14,27,329,2
2006,2,17,11,30,14.3,746,710,8
2006,2,17,12,30,14,948,752,0
2006,2,17,13,30,13.3,931,690,0
2006,2,17,14,30,12.200000000000001,882,564,0
2006,2,17,15,30,11.100000000000001,1,138,4
2006,2,17,16,30,10.100000000000001,0,9,4
2006,2,17,17,30,9.8,0,4,4
2006,2,17,18,30,10,0,0,1
2006,2,17,19,30,10.200000000000001,0,0,1
2006,2,17,20,30,10.4,0,0,4
2006,2,17,21,30,10.4,0,0,0
2006,2,17,22,30,10.200000000000001,0,0,2
2006,2,17,23,30,9.9,0,0,0
2006,2,18,0,30,9.5,0,0,0
2006,2,18,1,30,9.1,0,0,1
2006,2,18,2,30,8.8,0,0,0
2006,2,18,3,30,8.4,0,0,0
2006,2,18,4,30,8.1,0,0,0
2006,2,18,5,30,8,0,0,1
2006,2,18,6,30,8.6,0,0,4
2006,2,18,7,30,9.600000000000001,510,144,1
2006,2,18,8,30,10.600000000000001,66,239,2
2006,2,18,9,30,11.600000000000001,273,395,7
2006,2,18,10,30,12.3,6,196,8
2006,2,18,11,30,12.700000000000001,916,745,0
2006,2,18,12,30,12.9,331,611,2
2006,2,18,13,30,12.8,656,688,2
2006,2,18,14,30,12.3,129,397,4
2006,2,18,15,30,11.5,1,131,4
2006,2,18,16,30,10.4,0,44,4
2006,2,18,17,30,9.5,0,7,4
2006,2,18,18,30,9.1,0,0,4
2006,2,18,19,30,8.700000000000001,0,0,4
2006,2,18,20,30,8.4,0,0,4
2006,2,18,21,30,8.200000000000001,0,0,8
2006,2,18,22,30,8.1,0,0,4
2006,2,18,23,30,7.9,0,0,4
2006,2,19,0,30,7.800000000000001,0,0,4
2006,2,19,1,30,7.800000000000001,0,0,4
2006,2,19,2,30,7.9,0,0,1
2006,2,19,3,30,8,0,0,0
2006,2,19,4,30,8.1,0,0,0
2006,2,19,5,30,8.1,0,0,1
2006,2,19,6,30,8.5,0,0,4
2006,2,19,7,30,9.200000000000001,5,93,10
2006,2,19,8,30,9.9,704,348,0
2006,2,19,9,30,10.8,841,537,0
2006,2,19,10,30,11.700000000000001,535,628,2
2006,2,19,11,30,12.3,138,509,4
2006,2,19,12,30,12.5,962,769,0
2006,2,19,13,30,12.5,952,711,0
2006,2,19,14,30,12.200000000000001,912,586,0
2006,2,19,15,30,11.4,828,408,0
2006,2,19,16,30,9.8,210,162,8
2006,2,19,17,30,8.1,0,9,2
2006,2,19,18,30,7.4,0,0,0
2006,2,19,19,30,7.1000000000000005,0,0,0
2006,2,19,20,30,7.1000000000000005,0,0,0
2006,2,19,21,30,7.1000000000000005,0,0,0
2006,2,19,22,30,6.9,0,0,0
2006,2,19,23,30,6.4,0,0,0
2006,2,20,0,30,5.800000000000001,0,0,0
2006,2,20,1,30,5.2,0,0,1
2006,2,20,2,30,4.800000000000001,0,0,0
2006,2,20,3,30,4.3,0,0,0
2006,2,20,4,30,4,0,0,1
2006,2,20,5,30,4,0,0,1
2006,2,20,6,30,5.5,0,0,1
2006,2,20,7,30,8.3,584,159,0
2006,2,20,8,30,10.600000000000001,796,371,0
2006,2,20,9,30,12.3,892,558,0
2006,2,20,10,30,13.5,941,698,0
2006,2,20,11,30,14.4,958,773,0
2006,2,20,12,30,14.9,97,476,2
2006,2,20,13,30,14.8,940,718,0
2006,2,20,14,30,14.3,891,591,0
2006,2,20,15,30,13.4,802,411,0
2006,2,20,16,30,11.5,633,203,0
2006,2,20,17,30,9.600000000000001,145,19,0
2006,2,20,18,30,8.8,0,0,1
2006,2,20,19,30,8.3,0,0,0
2006,2,20,20,30,7.9,0,0,0
2006,2,20,21,30,7.5,0,0,0
2006,2,20,22,30,7.1000000000000005,0,0,0
2006,2,20,23,30,6.7,0,0,0
2006,2,21,0,30,6.1000000000000005,0,0,1
2006,2,21,1,30,5.6000000000000005,0,0,1
2006,2,21,2,30,5.2,0,0,0
2006,2,21,3,30,4.9,0,0,7
2006,2,21,4,30,4.6000000000000005,0,0,4
2006,2,21,5,30,4.6000000000000005,0,0,4
2006,2,21,6,30,6.1000000000000005,0,0,4
2006,2,21,7,30,9.1,580,161,0
2006,2,21,8,30,11.8,460,327,7
2006,2,21,9,30,13.8,902,567,0
2006,2,21,10,30,15.200000000000001,948,707,0
2006,2,21,11,30,16.1,971,784,0
2006,2,21,12,30,16.6,970,791,0
2006,2,21,13,30,16.7,955,733,0
2006,2,21,14,30,16.5,911,604,0
2006,2,21,15,30,15.600000000000001,824,423,0
2006,2,21,16,30,13.200000000000001,639,209,0
2006,2,21,17,30,10.9,133,20,0
2006,2,21,18,30,9.8,0,0,0
2006,2,21,19,30,9,0,0,0
2006,2,21,20,30,8.3,0,0,0
2006,2,21,21,30,7.6000000000000005,0,0,0
2006,2,21,22,30,7,0,0,0
2006,2,21,23,30,6.5,0,0,0
2006,2,22,0,30,6.1000000000000005,0,0,1
2006,2,22,1,30,5.9,0,0,1
2006,2,22,2,30,5.7,0,0,1
2006,2,22,3,30,5.7,0,0,1
2006,2,22,4,30,5.7,0,0,0
2006,2,22,5,30,5.9,0,0,1
2006,2,22,6,30,7.7,0,0,1
2006,2,22,7,30,10.600000000000001,543,162,1
2006,2,22,8,30,13.700000000000001,764,375,0
2006,2,22,9,30,16.5,866,564,0
2006,2,22,10,30,18.2,914,703,0
2006,2,22,11,30,19.3,934,779,0
2006,2,22,12,30,19.8,936,787,0
2006,2,22,13,30,19.900000000000002,916,720,0
2006,2,22,14,30,19.400000000000002,866,592,0
2006,2,22,15,30,18,771,411,0
2006,2,22,16,30,15.3,587,203,0
2006,2,22,17,30,13,109,20,0
2006,2,22,18,30,11.9,0,0,0
2006,2,22,19,30,11.4,0,0,0
2006,2,22,20,30,11.200000000000001,0,0,0
2006,2,22,21,30,10.9,0,0,0
2006,2,22,22,30,10.3,0,0,0
2006,2,22,23,30,9.700000000000001,0,0,0
2006,2,23,0,30,9.200000000000001,0,0,0
2006,2,23,1,30,8.9,0,0,1
2006,2,23,2,30,8.700000000000001,0,0,1
2006,2,23,3,30,8.5,0,0,1
2006,2,23,4,30,8.5,0,0,1
2006,2,23,5,30,8.700000000000001,0,0,3
2006,2,23,6,30,10.5,0,0,3
2006,2,23,7,30,13.600000000000001,570,168,1
2006,2,23,8,30,16.7,776,379,0
2006,2,23,9,30,19.5,876,568,0
2006,2,23,10,30,20.900000000000002,930,709,0
2006,2,23,11,30,21.5,951,785,0
2006,2,23,12,30,21.6,950,792,0
2006,2,23,13,30,21.400000000000002,939,731,0
2006,2,23,14,30,20.700000000000003,891,602,0
2006,2,23,15,30,19.200000000000003,801,421,0
2006,2,23,16,30,16.2,633,211,0
2006,2,23,17,30,13.9,159,22,0
2006,2,23,18,30,13,0,0,0
2006,2,23,19,30,12.8,0,0,0
2006,2,23,20,30,12.8,0,0,0
2006,2,23,21,30,12.700000000000001,0,0,0
2006,2,23,22,30,12.5,0,0,0
2006,2,23,23,30,12.100000000000001,0,0,0
2006,2,24,0,30,11.600000000000001,0,0,0
2006,2,24,1,30,11.100000000000001,0,0,0
2006,2,24,2,30,10.600000000000001,0,0,0
2006,2,24,3,30,10.200000000000001,0,0,0
2006,2,24,4,30,9.9,0,0,0
2006,2,24,5,30,9.8,0,0,0
2006,2,24,6,30,11,0,0,1
2006,2,24,7,30,13.600000000000001,519,166,1
2006,2,24,8,30,16.5,744,379,0
2006,2,24,9,30,19.1,851,568,0
2006,2,24,10,30,20.5,932,716,0
2006,2,24,11,30,20.900000000000002,950,791,0
2006,2,24,12,30,20.900000000000002,947,797,0
2006,2,24,13,30,20.700000000000003,933,735,0
2006,2,24,14,30,20,888,606,0
2006,2,24,15,30,18.6,801,426,0
2006,2,24,16,30,15.600000000000001,632,215,0
2006,2,24,17,30,12.700000000000001,175,25,0
2006,2,24,18,30,11.700000000000001,0,0,1
2006,2,24,19,30,11.700000000000001,0,0,0
2006,2,24,20,30,11.9,0,0,0
2006,2,24,21,30,12,0,0,0
2006,2,24,22,30,11.700000000000001,0,0,0
2006,2,24,23,30,11.4,0,0,0
2006,2,25,0,30,11.200000000000001,0,0,0
2006,2,25,1,30,11,0,0,0
2006,2,25,2,30,10.8,0,0,0
2006,2,25,3,30,10.8,0,0,0
2006,2,25,4,30,10.700000000000001,0,0,0
2006,2,25,5,30,10.5,0,0,1
2006,2,25,6,30,11.600000000000001,0,0,3
2006,2,25,7,30,14.3,0,47,3
2006,2,25,8,30,17.3,16,204,3
2006,2,25,9,30,19.700000000000003,183,432,3
2006,2,25,10,30,21.1,920,718,1
2006,2,25,11,30,21.8,940,794,0
2006,2,25,12,30,22.200000000000003,940,801,2
2006,2,25,13,30,22.400000000000002,406,576,7
2006,2,25,14,30,22.200000000000003,414,501,8
2006,2,25,15,30,20.700000000000003,153,296,7
2006,2,25,16,30,17.5,154,168,8
2006,2,25,17,30,15.200000000000001,1,19,7
2006,2,25,18,30,14.8,0,0,7
2006,2,25,19,30,15,0,0,6
2006,2,25,20,30,15,0,0,6
2006,2,25,21,30,14.700000000000001,0,0,6
2006,2,25,22,30,14.600000000000001,0,0,7
2006,2,25,23,30,14.600000000000001,0,0,7
2006,2,26,0,30,14.5,0,0,7
2006,2,26,1,30,14.4,0,0,7
2006,2,26,2,30,14.3,0,0,7
2006,2,26,3,30,14.3,0,0,4
2006,2,26,4,30,14.3,0,0,7
2006,2,26,5,30,14.100000000000001,0,0,7
2006,2,26,6,30,14.600000000000001,0,0,7
2006,2,26,7,30,16.3,0,7,4
2006,2,26,8,30,18.5,65,267,4
2006,2,26,9,30,20.1,526,519,8
2006,2,26,10,30,21.3,413,565,7
2006,2,26,11,30,21.700000000000003,543,670,8
2006,2,26,12,30,21.400000000000002,729,755,8
2006,2,26,13,30,20.8,438,588,8
2006,2,26,14,30,19.900000000000002,11,269,4
2006,2,26,15,30,18.8,295,333,8
2006,2,26,16,30,17,606,213,0
2006,2,26,17,30,15.200000000000001,197,28,0
2006,2,26,18,30,14.4,0,0,1
2006,2,26,19,30,14.100000000000001,0,0,1
2006,2,26,20,30,13.700000000000001,0,0,0
2006,2,26,21,30,12.9,0,0,4
2006,2,26,22,30,12.200000000000001,0,0,7
2006,2,26,23,30,11.8,0,0,7
2006,2,27,0,30,11.700000000000001,0,0,3
2006,2,27,1,30,11.700000000000001,0,0,7
2006,2,27,2,30,11.600000000000001,0,0,7
2006,2,27,3,30,11.8,0,0,7
2006,2,27,4,30,12.100000000000001,0,0,7
2006,2,27,5,30,12.3,0,0,4
2006,2,27,6,30,13.100000000000001,0,0,7
2006,2,27,7,30,14.5,0,8,7
2006,2,27,8,30,16.1,2,93,8
2006,2,27,9,30,17.3,1,97,6
2006,2,27,10,30,17.7,60,348,7
2006,2,27,11,30,17.2,1,135,6
2006,2,27,12,30,16.400000000000002,2,186,6
2006,2,27,13,30,15.5,16,267,6
2006,2,27,14,30,14.3,2,126,6
2006,2,27,15,30,13.200000000000001,0,33,6
2006,2,27,16,30,12.600000000000001,1,46,6
2006,2,27,17,30,12.5,0,7,6
2006,2,27,18,30,12.8,0,0,6
2006,2,27,19,30,13.200000000000001,0,0,7
2006,2,27,20,30,13.600000000000001,0,0,7
2006,2,27,21,30,14,0,0,7
2006,2,27,22,30,14.4,0,0,7
2006,2,27,23,30,14.5,0,0,7
2006,2,28,0,30,14.600000000000001,0,0,8
2006,2,28,1,30,14.600000000000001,0,0,7
2006,2,28,2,30,14.5,0,0,7
2006,2,28,3,30,14,0,0,6
2006,2,28,4,30,13.3,0,0,7
2006,2,28,5,30,12.9,0,0,7
2006,2,28,6,30,12.8,0,3,7
2006,2,28,7,30,13.100000000000001,0,7,8
2006,2,28,8,30,13.600000000000001,279,306,8
2006,2,28,9,30,14.5,330,445,7
2006,2,28,10,30,15.700000000000001,696,677,7
2006,2,28,11,30,16.7,951,802,1
2006,2,28,12,30,17.2,575,681,8
2006,2,28,13,30,17.1,730,707,8
2006,2,28,14,30,16.5,370,475,8
2006,2,28,15,30,15.5,272,333,8
2006,2,28,16,30,13.8,93,159,8
2006,2,28,17,30,12,179,32,0
2006,2,28,18,30,11.100000000000001,0,0,7
2006,2,28,19,30,11,0,0,7
2006,2,28,20,30,11,0,0,7
2006,2,28,21,30,10.9,0,0,3
2006,2,28,22,30,10.600000000000001,0,0,0
2006,2,28,23,30,10.100000000000001,0,0,0
2006,3,1,0,30,9.600000000000001,0,0,0
2006,3,1,1,30,9.1,0,0,0
2006,3,1,2,30,8.6,0,0,7
2006,3,1,3,30,8.3,0,0,7
2006,3,1,4,30,8.1,0,0,7
2006,3,1,5,30,8.1,0,0,7
2006,3,1,6,30,9.600000000000001,82,14,1
2006,3,1,7,30,12.3,583,192,0
2006,3,1,8,30,14.700000000000001,779,406,0
2006,3,1,9,30,16.400000000000002,869,593,0
2006,3,1,10,30,17.3,914,730,0
2006,3,1,11,30,17.8,931,805,0
2006,3,1,12,30,18,931,811,0
2006,3,1,13,30,17.8,918,748,0
2006,3,1,14,30,17.2,871,619,0
2006,3,1,15,30,16.1,778,437,0
2006,3,1,16,30,14.100000000000001,596,225,0
2006,3,1,17,30,11.9,157,32,0
2006,3,1,18,30,10.600000000000001,0,0,0
2006,3,1,19,30,10,0,0,0
2006,3,1,20,30,9.9,0,0,0
2006,3,1,21,30,9.9,0,0,0
2006,3,1,22,30,9.9,0,0,0
2006,3,1,23,30,9.8,0,0,0
2006,3,2,0,30,9.600000000000001,0,0,0
2006,3,2,1,30,9.4,0,0,0
2006,3,2,2,30,9.200000000000001,0,0,0
2006,3,2,3,30,8.9,0,0,0
2006,3,2,4,30,8.4,0,0,0
2006,3,2,5,30,8.1,0,0,0
2006,3,2,6,30,9.200000000000001,54,15,0
2006,3,2,7,30,11.5,564,196,0
2006,3,2,8,30,13.600000000000001,761,409,0
2006,3,2,9,30,15.200000000000001,860,598,0
2006,3,2,10,30,16.2,921,739,0
2006,3,2,11,30,16.900000000000002,945,815,0
2006,3,2,12,30,17.2,948,821,0
2006,3,2,13,30,17,932,757,0
2006,3,2,14,30,16.400000000000002,887,627,0
2006,3,2,15,30,15.200000000000001,806,446,0
2006,3,2,16,30,13.3,646,234,0
2006,3,2,17,30,11.200000000000001,220,36,0
2006,3,2,18,30,10.100000000000001,0,0,0
2006,3,2,19,30,9.8,0,0,0
2006,3,2,20,30,10,0,0,0
2006,3,2,21,30,10.3,0,0,0
2006,3,2,22,30,10.600000000000001,0,0,0
2006,3,2,23,30,10.8,0,0,0
2006,3,3,0,30,10.8,0,0,1
2006,3,3,1,30,10.600000000000001,0,0,1
2006,3,3,2,30,10.4,0,0,4
2006,3,3,3,30,10.4,0,0,1
2006,3,3,4,30,10.700000000000001,0,0,1
2006,3,3,5,30,11.100000000000001,0,0,4
2006,3,3,6,30,11.600000000000001,0,5,4
2006,3,3,7,30,12,0,7,4
2006,3,3,8,30,12.3,0,17,4
2006,3,3,9,30,12.600000000000001,0,166,4
2006,3,3,10,30,12.600000000000001,789,705,1
2006,3,3,11,30,12.4,1,285,4
2006,3,3,12,30,12.3,1,263,4
2006,3,3,13,30,12.5,2,290,4
2006,3,3,14,30,12.4,421,502,7
2006,3,3,15,30,11.9,225,329,7
2006,3,3,16,30,10.9,46,149,7
2006,3,3,17,30,10,3,30,7
2006,3,3,18,30,9.5,0,0,0
2006,3,3,19,30,9.200000000000001,0,0,0
2006,3,3,20,30,8.9,0,0,0
2006,3,3,21,30,8.700000000000001,0,0,0
2006,3,3,22,30,8.6,0,0,0
2006,3,3,23,30,8.4,0,0,1
2006,3,4,0,30,8,0,0,1
2006,3,4,1,30,7.5,0,0,1
2006,3,4,2,30,6.9,0,0,0
2006,3,4,3,30,6.5,0,0,0
2006,3,4,4,30,6,0,0,0
2006,3,4,5,30,5.9,0,0,7
2006,3,4,6,30,7.4,100,20,1
2006,3,4,7,30,10,619,210,0
2006,3,4,8,30,12.100000000000001,811,429,0
2006,3,4,9,30,13.8,894,618,0
2006,3,4,10,30,15.200000000000001,141,516,2
2006,3,4,11,30,16.3,369,686,2
2006,3,4,12,30,16.8,949,832,0
2006,3,4,13,30,16.8,747,733,8
2006,3,4,14,30,16.1,476,530,8
2006,3,4,15,30,14.9,784,450,1
2006,3,4,16,30,12.700000000000001,300,214,7
2006,3,4,17,30,10.5,204,39,0
2006,3,4,18,30,9.5,0,0,1
2006,3,4,19,30,9.600000000000001,0,0,4
2006,3,4,20,30,9.5,0,0,0
2006,3,4,21,30,9.3,0,0,0
2006,3,4,22,30,9,0,0,0
2006,3,4,23,30,8.8,0,0,0
2006,3,5,0,30,8.6,0,0,0
2006,3,5,1,30,8.4,0,0,0
2006,3,5,2,30,8.1,0,0,1
2006,3,5,3,30,7.9,0,0,1
2006,3,5,4,30,7.9,0,0,4
2006,3,5,5,30,8.200000000000001,0,0,7
2006,3,5,6,30,9.600000000000001,1,18,7
2006,3,5,7,30,11.600000000000001,568,208,1
2006,3,5,8,30,13.200000000000001,324,354,7
2006,3,5,9,30,14.200000000000001,138,387,7
2006,3,5,10,30,15,405,581,7
2006,3,5,11,30,16.3,559,688,8
2006,3,5,12,30,17.5,503,669,7
2006,3,5,13,30,17.900000000000002,743,737,7
2006,3,5,14,30,17.400000000000002,233,490,4
2006,3,5,15,30,16.2,300,356,7
2006,3,5,16,30,14.200000000000001,268,205,8
2006,3,5,17,30,12.5,6,36,7
2006,3,5,18,30,12,0,0,7
2006,3,5,19,30,11.8,0,0,7
2006,3,5,20,30,11.600000000000001,0,0,7
2006,3,5,21,30,11.4,0,0,7
2006,3,5,22,30,11.4,0,0,7
2006,3,5,23,30,11.5,0,0,7
2006,3,6,0,30,11.5,0,0,7
2006,3,6,1,30,11.4,0,0,7
2006,3,6,2,30,11.200000000000001,0,0,7
2006,3,6,3,30,10.9,0,0,7
2006,3,6,4,30,10.600000000000001,0,0,7
2006,3,6,5,30,10.5,0,0,7
2006,3,6,6,30,10.8,0,14,7
2006,3,6,7,30,11.700000000000001,20,120,7
2006,3,6,8,30,12.8,29,199,7
2006,3,6,9,30,13.8,46,299,6
2006,3,6,10,30,14.5,37,336,7
2006,3,6,11,30,14.8,60,441,4
2006,3,6,12,30,14.9,112,510,3
2006,3,6,13,30,14.700000000000001,0,199,3
2006,3,6,14,30,14.4,49,345,4
2006,3,6,15,30,14,0,72,4
2006,3,6,16,30,13.5,3,116,3
2006,3,6,17,30,13.100000000000001,0,19,4
2006,3,6,18,30,12.9,0,0,7
2006,3,6,19,30,12.9,0,0,7
2006,3,6,20,30,12.9,0,0,4
2006,3,6,21,30,12.700000000000001,0,0,1
2006,3,6,22,30,12.5,0,0,1
2006,3,6,23,30,12.200000000000001,0,0,1
2006,3,7,0,30,11.700000000000001,0,0,1
2006,3,7,1,30,11.200000000000001,0,0,1
2006,3,7,2,30,10.700000000000001,0,0,3
2006,3,7,3,30,10.4,0,0,1
2006,3,7,4,30,10.200000000000001,0,0,1
2006,3,7,5,30,10.200000000000001,0,0,0
2006,3,7,6,30,11.100000000000001,112,26,0
2006,3,7,7,30,12.3,527,211,0
2006,3,7,8,30,13.600000000000001,731,424,0
2006,3,7,9,30,15.100000000000001,835,612,0
2006,3,7,10,30,16.1,884,748,0
2006,3,7,11,30,16.6,911,824,0
2006,3,7,12,30,16.6,915,829,0
2006,3,7,13,30,16.2,886,759,0
2006,3,7,14,30,15.700000000000001,819,625,0
2006,3,7,15,30,14.9,727,446,0
2006,3,7,16,30,13.600000000000001,542,235,0
2006,3,7,17,30,12.100000000000001,171,43,0
2006,3,7,18,30,11,0,0,0
2006,3,7,19,30,10.4,0,0,7
2006,3,7,20,30,9.9,0,0,7
2006,3,7,21,30,9.4,0,0,0
2006,3,7,22,30,9,0,0,0
2006,3,7,23,30,8.700000000000001,0,0,0
2006,3,8,0,30,8.5,0,0,0
2006,3,8,1,30,8.200000000000001,0,0,0
2006,3,8,2,30,7.9,0,0,0
2006,3,8,3,30,7.6000000000000005,0,0,0
2006,3,8,4,30,7.2,0,0,0
2006,3,8,5,30,7.4,0,0,1
2006,3,8,6,30,8.9,147,30,1
2006,3,8,7,30,10.9,623,228,0
2006,3,8,8,30,12.8,809,448,0
2006,3,8,9,30,14.8,898,638,0
2006,3,8,10,30,16.400000000000002,931,773,0
2006,3,8,11,30,17.400000000000002,942,846,1
2006,3,8,12,30,17.8,930,844,0
2006,3,8,13,30,18.1,934,783,0
2006,3,8,14,30,18.2,888,649,0
2006,3,8,15,30,17.6,819,468,0
2006,3,8,16,30,15.700000000000001,678,254,0
2006,3,8,17,30,13.200000000000001,291,50,0
2006,3,8,18,30,11.9,0,0,3
2006,3,8,19,30,11.700000000000001,0,0,7
2006,3,8,20,30,11.5,0,0,7
2006,3,8,21,30,10.9,0,0,7
2006,3,8,22,30,10.3,0,0,7
2006,3,8,23,30,10.200000000000001,0,0,6
2006,3,9,0,30,10.200000000000001,0,0,6
2006,3,9,1,30,10.100000000000001,0,0,6
2006,3,9,2,30,9.8,0,0,7
2006,3,9,3,30,9.600000000000001,0,0,7
2006,3,9,4,30,9.600000000000001,0,0,7
2006,3,9,5,30,9.700000000000001,0,0,7
2006,3,9,6,30,10.5,1,23,7
2006,3,9,7,30,11.5,11,99,7
2006,3,9,8,30,12.700000000000001,338,357,8
2006,3,9,9,30,14.3,318,470,7
2006,3,9,10,30,15.5,66,400,6
2006,3,9,11,30,16.2,222,560,7
2006,3,9,12,30,16.6,262,584,7
2006,3,9,13,30,16.6,111,429,8
2006,3,9,14,30,15.9,138,382,7
2006,3,9,15,30,14.700000000000001,18,192,6
2006,3,9,16,30,13.200000000000001,150,194,8
2006,3,9,17,30,11.600000000000001,3,37,7
2006,3,9,18,30,10.5,0,0,1
2006,3,9,19,30,10.100000000000001,0,0,3
2006,3,9,20,30,9.8,0,0,1
2006,3,9,21,30,9.3,0,0,0
2006,3,9,22,30,8.6,0,0,0
2006,3,9,23,30,7.800000000000001,0,0,3
2006,3,10,0,30,7.1000000000000005,0,0,0
2006,3,10,1,30,6.6000000000000005,0,0,0
2006,3,10,2,30,6.2,0,0,1
2006,3,10,3,30,6.300000000000001,0,0,0
2006,3,10,4,30,6.9,0,0,4
2006,3,10,5,30,7.4,0,0,7
2006,3,10,6,30,8.200000000000001,1,27,7
2006,3,10,7,30,9.200000000000001,9,141,4
2006,3,10,8,30,9.9,36,269,4
2006,3,10,9,30,10.5,58,369,4
2006,3,10,10,30,11,33,393,4
2006,3,10,11,30,11.200000000000001,1,280,4
2006,3,10,12,30,11,116,542,2
2006,3,10,13,30,10.600000000000001,521,661,8
2006,3,10,14,30,10.200000000000001,10,295,4
2006,3,10,15,30,9.700000000000001,175,328,8
2006,3,10,16,30,8.9,23,136,8
2006,3,10,17,30,8.3,10,45,7
2006,3,10,18,30,8.1,0,0,7
2006,3,10,19,30,8,0,0,4
2006,3,10,20,30,7.800000000000001,0,0,7
2006,3,10,21,30,7.5,0,0,7
2006,3,10,22,30,7.1000000000000005,0,0,4
2006,3,10,23,30,6.800000000000001,0,0,4
2006,3,11,0,30,6.7,0,0,7
2006,3,11,1,30,6.6000000000000005,0,0,7
2006,3,11,2,30,6.300000000000001,0,0,7
2006,3,11,3,30,5.9,0,0,7
2006,3,11,4,30,5.7,0,0,6
2006,3,11,5,30,5.800000000000001,0,0,7
2006,3,11,6,30,6.4,0,23,7
2006,3,11,7,30,6.9,0,48,6
2006,3,11,8,30,7,14,188,7
2006,3,11,9,30,7.2,230,464,7
2006,3,11,10,30,7.7,159,527,7
2006,3,11,11,30,8.1,62,462,6
2006,3,11,12,30,8.1,609,784,0
2006,3,11,13,30,8.200000000000001,260,570,7
2006,3,11,14,30,8.5,246,464,7
2006,3,11,15,30,8.4,419,391,7
2006,3,11,16,30,7.6000000000000005,668,263,0
2006,3,11,17,30,6.6000000000000005,297,56,1
2006,3,11,18,30,5.9,0,0,1
2006,3,11,19,30,5.7,0,0,1
2006,3,11,20,30,5.4,0,0,0
2006,3,11,21,30,5,0,0,1
2006,3,11,22,30,4.6000000000000005,0,0,1
2006,3,11,23,30,4.4,0,0,1
2006,3,12,0,30,4.2,0,0,0
2006,3,12,1,30,4.1000000000000005,0,0,0
2006,3,12,2,30,4.2,0,0,1
2006,3,12,3,30,4.4,0,0,0
2006,3,12,4,30,4.800000000000001,0,0,1
2006,3,12,5,30,5.4,0,0,2
2006,3,12,6,30,6.9,5,33,7
2006,3,12,7,30,8.700000000000001,5,125,4
2006,3,12,8,30,9.8,569,427,8
2006,3,12,9,30,10.5,901,655,0
2006,3,12,10,30,10.8,290,623,2
2006,3,12,11,30,10.8,98,473,8
2006,3,12,12,30,10.600000000000001,0,168,4
2006,3,12,13,30,10.3,0,36,4
2006,3,12,14,30,10,0,203,4
2006,3,12,15,30,9.600000000000001,0,115,4
2006,3,12,16,30,8.9,366,233,7
2006,3,12,17,30,7.9,0,36,2
2006,3,12,18,30,7.5,0,0,4
2006,3,12,19,30,7.5,0,0,1
2006,3,12,20,30,7.6000000000000005,0,0,0
2006,3,12,21,30,7.6000000000000005,0,0,0
2006,3,12,22,30,7.6000000000000005,0,0,0
2006,3,12,23,30,7.7,0,0,0
2006,3,13,0,30,7.7,0,0,0
2006,3,13,1,30,7.5,0,0,0
2006,3,13,2,30,7,0,0,0
2006,3,13,3,30,6.4,0,0,0
2006,3,13,4,30,5.7,0,0,1
2006,3,13,5,30,5.6000000000000005,0,0,1
2006,3,13,6,30,7,253,48,1
2006,3,13,7,30,9,696,259,0
2006,3,13,8,30,10.8,842,478,0
2006,3,13,9,30,12.600000000000001,911,665,0
2006,3,13,10,30,14,940,797,0
2006,3,13,11,30,15.100000000000001,952,868,0
2006,3,13,12,30,15.600000000000001,945,868,0
2006,3,13,13,30,15.600000000000001,940,804,1
2006,3,13,14,30,15.200000000000001,896,671,0
2006,3,13,15,30,14.4,812,484,0
2006,3,13,16,30,12.600000000000001,681,270,0
2006,3,13,17,30,10.3,330,61,0
2006,3,13,18,30,8.9,0,0,0
2006,3,13,19,30,8.5,0,0,0
2006,3,13,20,30,8.5,0,0,0
2006,3,13,21,30,8.6,0,0,0
2006,3,13,22,30,8.700000000000001,0,0,0
2006,3,13,23,30,8.700000000000001,0,0,0
2006,3,14,0,30,8.5,0,0,0
2006,3,14,1,30,8.200000000000001,0,0,0
2006,3,14,2,30,8,0,0,0
2006,3,14,3,30,8,0,0,0
2006,3,14,4,30,8.3,0,0,0
2006,3,14,5,30,8.700000000000001,0,0,1
2006,3,14,6,30,10.200000000000001,269,50,1
2006,3,14,7,30,12.3,649,256,0
2006,3,14,8,30,14,802,473,0
2006,3,14,9,30,15.4,880,661,0
2006,3,14,10,30,16.5,922,797,0
2006,3,14,11,30,17.1,938,868,0
2006,3,14,12,30,17.1,936,870,0
2006,3,14,13,30,16.6,462,651,8
2006,3,14,14,30,15.600000000000001,495,568,8
2006,3,14,15,30,14.200000000000001,771,474,0
2006,3,14,16,30,12.8,624,262,0
2006,3,14,17,30,11.5,268,59,1
2006,3,14,18,30,11,0,0,3
2006,3,14,19,30,10.9,0,0,3
2006,3,14,20,30,10.600000000000001,0,0,0
2006,3,14,21,30,10.100000000000001,0,0,0
2006,3,14,22,30,9.4,0,0,0
2006,3,14,23,30,8.6,0,0,0
2006,3,15,0,30,7.9,0,0,0
2006,3,15,1,30,7.1000000000000005,0,0,0
2006,3,15,2,30,6.6000000000000005,0,0,0
2006,3,15,3,30,6.1000000000000005,0,0,0
2006,3,15,4,30,5.9,0,0,0
2006,3,15,5,30,6.4,0,0,1
2006,3,15,6,30,8.6,270,55,1
2006,3,15,7,30,11.4,660,265,0
2006,3,15,8,30,13.5,818,485,0
2006,3,15,9,30,15.200000000000001,896,673,0
2006,3,15,10,30,16.6,939,810,0
2006,3,15,11,30,17.5,951,880,0
2006,3,15,12,30,17.8,943,880,0
2006,3,15,13,30,17.7,935,814,0
2006,3,15,14,30,17.1,887,676,0
2006,3,15,15,30,16,805,490,0
2006,3,15,16,30,14,658,274,0
2006,3,15,17,30,11.5,310,64,0
2006,3,15,18,30,9.9,0,0,0
2006,3,15,19,30,9.4,0,0,0
2006,3,15,20,30,9.5,0,0,0
2006,3,15,21,30,9.5,0,0,0
2006,3,15,22,30,9.3,0,0,4
2006,3,15,23,30,9.200000000000001,0,0,3
2006,3,16,0,30,9.4,0,0,4
2006,3,16,1,30,9.5,0,0,4
2006,3,16,2,30,9.5,0,0,7
2006,3,16,3,30,9.4,0,0,7
2006,3,16,4,30,9.4,0,0,7
2006,3,16,5,30,9.700000000000001,0,0,7
2006,3,16,6,30,10.700000000000001,2,36,7
2006,3,16,7,30,12.3,105,195,7
2006,3,16,8,30,14.200000000000001,513,429,8
2006,3,16,9,30,16,864,667,0
2006,3,16,10,30,17.2,911,802,0
2006,3,16,11,30,17.900000000000002,939,878,0
2006,3,16,12,30,18.1,940,879,0
2006,3,16,13,30,17.7,915,808,0
2006,3,16,14,30,16.8,877,676,0
2006,3,16,15,30,15.5,796,491,1
2006,3,16,16,30,13.8,69,201,4
2006,3,16,17,30,12.100000000000001,9,51,7
2006,3,16,18,30,11,0,0,7
2006,3,16,19,30,10.3,0,0,7
2006,3,16,20,30,9.600000000000001,0,0,0
2006,3,16,21,30,9.3,0,0,0
2006,3,16,22,30,9.200000000000001,0,0,7
2006,3,16,23,30,9.5,0,0,1
2006,3,17,0,30,9.700000000000001,0,0,1
2006,3,17,1,30,9.4,0,0,1
2006,3,17,2,30,9.1,0,0,0
2006,3,17,3,30,9,0,0,0
2006,3,17,4,30,9.1,0,0,1
2006,3,17,5,30,9.4,0,0,7
2006,3,17,6,30,10.100000000000001,2,39,7
2006,3,17,7,30,10.600000000000001,70,191,7
2006,3,17,8,30,11.100000000000001,256,384,7
2006,3,17,9,30,11.9,0,62,4
2006,3,17,10,30,12.9,97,507,4
2006,3,17,11,30,13.9,0,222,4
2006,3,17,12,30,14.3,2,328,4
2006,3,17,13,30,13.8,0,165,4
2006,3,17,14,30,13.100000000000001,59,385,4
2006,3,17,15,30,12.5,36,284,4
2006,3,17,16,30,11.8,0,10,4
2006,3,17,17,30,10.700000000000001,2,39,7
2006,3,17,18,30,10,0,0,7
2006,3,17,19,30,9.8,0,0,1
2006,3,17,20,30,9.700000000000001,0,0,0
2006,3,17,21,30,9.5,0,0,0
2006,3,17,22,30,8.9,0,0,0
2006,3,17,23,30,8.5,0,0,0
2006,3,18,0,30,8.3,0,0,0
2006,3,18,1,30,8,0,0,0
2006,3,18,2,30,7.6000000000000005,0,0,0
2006,3,18,3,30,7.2,0,0,0
2006,3,18,4,30,7,0,0,0
2006,3,18,5,30,7.2,0,0,8
2006,3,18,6,30,8.4,0,41,2
2006,3,18,7,30,9.9,600,269,0
2006,3,18,8,30,11.5,779,488,0
2006,3,18,9,30,13,868,676,0
2006,3,18,10,30,14.200000000000001,904,809,0
2006,3,18,11,30,14.8,7,386,2
2006,3,18,12,30,14.9,0,117,4
2006,3,18,13,30,14.600000000000001,885,808,0
2006,3,18,14,30,14,841,675,0
2006,3,18,15,30,13.100000000000001,759,490,0
2006,3,18,16,30,11.9,584,272,7
2006,3,18,17,30,10.3,0,42,4
2006,3,18,18,30,9.3,0,0,3
2006,3,18,19,30,9,0,0,7
2006,3,18,20,30,8.9,0,0,2
2006,3,18,21,30,8.700000000000001,0,0,4
2006,3,18,22,30,8.4,0,0,4
2006,3,18,23,30,8.1,0,0,4
2006,3,19,0,30,7.800000000000001,0,0,1
2006,3,19,1,30,7.5,0,0,1
2006,3,19,2,30,7.1000000000000005,0,0,0
2006,3,19,3,30,6.7,0,0,0
2006,3,19,4,30,6.300000000000001,0,0,0
2006,3,19,5,30,6.6000000000000005,0,0,0
2006,3,19,6,30,8.200000000000001,0,36,2
2006,3,19,7,30,10.4,630,275,0
2006,3,19,8,30,12.5,780,491,0
2006,3,19,9,30,14,858,676,1
2006,3,19,10,30,14.600000000000001,894,809,0
2006,3,19,11,30,14.600000000000001,898,873,0
2006,3,19,12,30,14.4,142,594,2
2006,3,19,13,30,14.100000000000001,412,653,8
2006,3,19,14,30,13.700000000000001,794,666,0
2006,3,19,15,30,13,705,482,0
2006,3,19,16,30,11.9,525,268,0
2006,3,19,17,30,10.600000000000001,1,48,4
2006,3,19,18,30,9.600000000000001,0,0,0
2006,3,19,19,30,9.3,0,0,0
2006,3,19,20,30,9.200000000000001,0,0,0
2006,3,19,21,30,9.3,0,0,0
2006,3,19,22,30,9.5,0,0,0
2006,3,19,23,30,9.4,0,0,1
2006,3,20,0,30,9.4,0,0,7
2006,3,20,1,30,9.4,0,0,7
2006,3,20,2,30,9.3,0,0,7
2006,3,20,3,30,9.3,0,0,1
2006,3,20,4,30,9.200000000000001,0,0,1
2006,3,20,5,30,9.3,0,0,7
2006,3,20,6,30,9.9,154,64,0
2006,3,20,7,30,10.8,479,265,1
2006,3,20,8,30,11.9,680,479,0
2006,3,20,9,30,13.200000000000001,136,488,2
2006,3,20,10,30,14.200000000000001,86,478,2
2006,3,20,11,30,14.600000000000001,869,870,0
2006,3,20,12,30,14.5,117,560,2
2006,3,20,13,30,14.100000000000001,202,614,2
2006,3,20,14,30,13.4,791,663,0
2006,3,20,15,30,12.5,714,482,1
2006,3,20,16,30,11.4,47,199,2
2006,3,20,17,30,10.600000000000001,0,27,4
2006,3,20,18,30,10.3,0,0,4
2006,3,20,19,30,10.200000000000001,0,0,4
2006,3,20,20,30,10.200000000000001,0,0,4
2006,3,20,21,30,10.3,0,0,4
2006,3,20,22,30,10.4,0,0,4
2006,3,20,23,30,10.100000000000001,0,0,4
2006,3,21,0,30,9.600000000000001,0,0,4
2006,3,21,1,30,9.1,0,0,4
2006,3,21,2,30,8.4,0,0,7
2006,3,21,3,30,7.7,0,0,7
2006,3,21,4,30,7.1000000000000005,0,0,0
2006,3,21,5,30,7.300000000000001,0,0,1
2006,3,21,6,30,8.5,339,78,1
2006,3,21,7,30,9.9,699,295,0
2006,3,21,8,30,11.3,39,290,2
2006,3,21,9,30,12.600000000000001,917,703,0
2006,3,21,10,30,13.5,954,838,0
2006,3,21,11,30,14.100000000000001,968,908,0
2006,3,21,12,30,14.5,967,907,0
2006,3,21,13,30,14.8,946,836,0
2006,3,21,14,30,14.700000000000001,902,697,0
2006,3,21,15,30,14.200000000000001,832,511,0
2006,3,21,16,30,12.8,702,293,0
2006,3,21,17,30,10.9,369,78,0
2006,3,21,18,30,9.700000000000001,0,0,0
2006,3,21,19,30,9.4,0,0,0
2006,3,21,20,30,9.3,0,0,0
2006,3,21,21,30,9.200000000000001,0,0,0
2006,3,21,22,30,8.9,0,0,0
2006,3,21,23,30,8.5,0,0,0
2006,3,22,0,30,8,0,0,0
2006,3,22,1,30,7.300000000000001,0,0,0
2006,3,22,2,30,6.6000000000000005,0,0,0
2006,3,22,3,30,6.1000000000000005,0,0,0
2006,3,22,4,30,5.7,0,0,0
2006,3,22,5,30,6.5,0,0,0
2006,3,22,6,30,8.8,355,82,1
2006,3,22,7,30,11.8,691,300,1
2006,3,22,8,30,14.9,830,521,0
2006,3,22,9,30,17.2,894,704,0
2006,3,22,10,30,18.7,926,837,0
2006,3,22,11,30,19.5,936,905,0
2006,3,22,12,30,19.900000000000002,926,901,0
2006,3,22,13,30,19.8,683,829,2
2006,3,22,14,30,19.400000000000002,846,692,0
2006,3,22,15,30,18.5,482,502,10
2006,3,22,16,30,16.5,545,281,0
2006,3,22,17,30,14,4,60,3
2006,3,22,18,30,12.8,0,0,3
2006,3,22,19,30,12.600000000000001,0,0,7
2006,3,22,20,30,12.600000000000001,0,0,7
2006,3,22,21,30,12.5,0,0,3
2006,3,22,22,30,12.600000000000001,0,0,4
2006,3,22,23,30,12.5,0,0,7
2006,3,23,0,30,12.3,0,0,4
2006,3,23,1,30,11.9,0,0,4
2006,3,23,2,30,11.4,0,0,4
2006,3,23,3,30,10.8,0,0,3
2006,3,23,4,30,10.3,0,0,4
2006,3,23,5,30,10.8,0,0,3
2006,3,23,6,30,13.3,4,63,4
2006,3,23,7,30,16.7,162,247,3
2006,3,23,8,30,19.700000000000003,807,521,0
2006,3,23,9,30,21.8,884,709,0
2006,3,23,10,30,23.1,925,842,0
2006,3,23,11,30,23.8,939,911,0
2006,3,23,12,30,24,938,910,0
2006,3,23,13,30,23.8,934,843,0
2006,3,23,14,30,23.200000000000003,897,708,0
2006,3,23,15,30,21.8,824,520,0
2006,3,23,16,30,19.400000000000002,685,299,0
2006,3,23,17,30,16.5,360,82,0
2006,3,23,18,30,15.100000000000001,0,0,0
2006,3,23,19,30,14.8,0,0,0
2006,3,23,20,30,14.9,0,0,0
2006,3,23,21,30,15.100000000000001,0,0,0
2006,3,23,22,30,15,0,0,1
2006,3,23,23,30,14.600000000000001,0,0,3
2006,3,24,0,30,14.5,0,0,3
2006,3,24,1,30,14.100000000000001,0,0,3
2006,3,24,2,30,13.600000000000001,0,0,7
2006,3,24,3,30,13.100000000000001,0,0,7
2006,3,24,4,30,12.5,0,0,7
2006,3,24,5,30,12.600000000000001,0,0,7
2006,3,24,6,30,14.600000000000001,7,67,3
2006,3,24,7,30,17.5,421,290,7
2006,3,24,8,30,19.700000000000003,760,516,0
2006,3,24,9,30,21.200000000000003,841,701,0
2006,3,24,10,30,22.1,854,827,0
2006,3,24,11,30,22.700000000000003,869,894,1
2006,3,24,12,30,22.900000000000002,871,895,0
2006,3,24,13,30,22.8,883,832,0
2006,3,24,14,30,22.200000000000003,512,612,8
2006,3,24,15,30,21,429,449,8
2006,3,24,16,30,18.7,152,227,8
2006,3,24,17,30,15.9,21,69,7
2006,3,24,18,30,14.5,0,0,3
2006,3,24,19,30,14.600000000000001,0,0,1
2006,3,24,20,30,14.8,0,0,1
2006,3,24,21,30,14.4,0,0,3
2006,3,24,22,30,13.700000000000001,0,0,0
2006,3,24,23,30,13.100000000000001,0,0,0
2006,3,25,0,30,12.5,0,0,0
2006,3,25,1,30,12,0,0,0
2006,3,25,2,30,11.700000000000001,0,0,0
2006,3,25,3,30,11.4,0,0,0
2006,3,25,4,30,11,0,0,0
2006,3,25,5,30,11.4,0,0,7
2006,3,25,6,30,13.100000000000001,3,49,7
2006,3,25,7,30,15.100000000000001,6,154,4
2006,3,25,8,30,16.7,486,482,7
2006,3,25,9,30,18,306,540,8
2006,3,25,10,30,18.8,432,671,8
2006,3,25,11,30,19.1,0,257,4
2006,3,25,12,30,18.7,330,659,8
2006,3,25,13,30,18.2,684,770,8
2006,3,25,14,30,17.7,391,542,8
2006,3,25,15,30,16.7,13,235,4
2006,3,25,16,30,15.5,8,151,4
2006,3,25,17,30,14.5,0,47,3
2006,3,25,18,30,13.9,0,0,3
2006,3,25,19,30,13.5,0,0,1
2006,3,25,20,30,13.100000000000001,0,0,1
2006,3,25,21,30,12.600000000000001,0,0,3
2006,3,25,22,30,12,0,0,1
2006,3,25,23,30,11.3,0,0,0
2006,3,26,0,30,10.700000000000001,0,0,0
2006,3,26,1,30,10,0,0,0
2006,3,26,2,30,9.5,0,0,4
2006,3,26,3,30,9.3,0,0,4
2006,3,26,4,30,9,0,0,3
2006,3,26,5,30,9.4,0,0,3
2006,3,26,6,30,10.9,37,80,7
2006,3,26,7,30,13.4,111,229,7
2006,3,26,8,30,16.2,260,407,7
2006,3,26,9,30,18.3,389,579,7
2006,3,26,10,30,19.6,453,688,7
2006,3,26,11,30,20.400000000000002,384,718,7
2006,3,26,12,30,20.6,522,765,7
2006,3,26,13,30,20,442,702,8
2006,3,26,14,30,18.400000000000002,432,584,8
2006,3,26,15,30,16.6,248,400,7
2006,3,26,16,30,14.8,125,227,8
2006,3,26,17,30,13.200000000000001,7,63,7
2006,3,26,18,30,12,0,0,7
2006,3,26,19,30,11.4,0,0,7
2006,3,26,20,30,11.3,0,0,7
2006,3,26,21,30,11.5,0,0,7
2006,3,26,22,30,11.700000000000001,0,0,7
2006,3,26,23,30,11.9,0,0,4
2006,3,27,0,30,12,0,0,7
2006,3,27,1,30,11.8,0,0,7
2006,3,27,2,30,11.4,0,0,7
2006,3,27,3,30,11,0,0,3
2006,3,27,4,30,10.5,0,0,4
2006,3,27,5,30,10.8,0,0,4
2006,3,27,6,30,12,0,20,4
2006,3,27,7,30,13.4,395,280,7
2006,3,27,8,30,14.8,26,291,3
2006,3,27,9,30,16.1,384,595,8
2006,3,27,10,30,17.1,510,717,8
2006,3,27,11,30,17.7,423,714,7
2006,3,27,12,30,17.7,410,702,7
2006,3,27,13,30,17.2,378,667,8
2006,3,27,14,30,16.2,273,520,7
2006,3,27,15,30,15,37,262,7
2006,3,27,16,30,13.8,0,48,7
2006,3,27,17,30,12.8,0,31,7
2006,3,27,18,30,12.200000000000001,0,0,7
2006,3,27,19,30,11.9,0,0,4
2006,3,27,20,30,11.8,0,0,4
2006,3,27,21,30,11.600000000000001,0,0,4
2006,3,27,22,30,11.5,0,0,4
2006,3,27,23,30,11.4,0,0,7
2006,3,28,0,30,11.3,0,0,7
2006,3,28,1,30,11.3,0,0,7
2006,3,28,2,30,11.3,0,0,7
2006,3,28,3,30,11.3,0,0,7
2006,3,28,4,30,11.3,0,0,7
2006,3,28,5,30,11.5,0,0,4
2006,3,28,6,30,12,0,11,4
2006,3,28,7,30,12.700000000000001,0,52,4
2006,3,28,8,30,13.5,0,103,4
2006,3,28,9,30,14.3,0,80,4
2006,3,28,10,30,14.5,4,236,7
2006,3,28,11,30,14.3,0,95,7
2006,3,28,12,30,13.9,3,236,7
2006,3,28,13,30,13.700000000000001,0,24,7
2006,3,28,14,30,13.700000000000001,0,76,8
2006,3,28,15,30,13.8,1,110,8
2006,3,28,16,30,13.700000000000001,35,168,7
2006,3,28,17,30,13.200000000000001,0,17,8
2006,3,28,18,30,12.700000000000001,0,0,8
2006,3,28,19,30,12.200000000000001,0,0,4
2006,3,28,20,30,11.600000000000001,0,0,4
2006,3,28,21,30,11,0,0,4
2006,3,28,22,30,10.4,0,0,0
2006,3,28,23,30,10,0,0,1
2006,3,29,0,30,9.9,0,0,1
2006,3,29,1,30,10,0,0,1
2006,3,29,2,30,10,0,0,4
2006,3,29,3,30,10.100000000000001,0,0,4
2006,3,29,4,30,10.100000000000001,0,0,0
2006,3,29,5,30,10.5,0,0,0
2006,3,29,6,30,11.3,328,104,0
2006,3,29,7,30,12.100000000000001,646,322,0
2006,3,29,8,30,13.200000000000001,804,542,0
2006,3,29,9,30,14.4,885,729,0
2006,3,29,10,30,15.3,919,861,0
2006,3,29,11,30,15.700000000000001,934,929,0
2006,3,29,12,30,15.700000000000001,933,923,0
2006,3,29,13,30,15.4,918,852,0
2006,3,29,14,30,14.9,879,714,0
2006,3,29,15,30,14.200000000000001,799,524,0
2006,3,29,16,30,13.200000000000001,658,306,0
2006,3,29,17,30,11.9,344,92,0
2006,3,29,18,30,11.100000000000001,0,0,3
2006,3,29,19,30,10.9,0,0,4
2006,3,29,20,30,10.9,0,0,4
2006,3,29,21,30,10.8,0,0,3
2006,3,29,22,30,10.9,0,0,7
2006,3,29,23,30,11,0,0,7
2006,3,30,0,30,11,0,0,7
2006,3,30,1,30,10.9,0,0,7
2006,3,30,2,30,10.8,0,0,3
2006,3,30,3,30,10.8,0,0,7
2006,3,30,4,30,10.700000000000001,0,0,7
2006,3,30,5,30,10.9,0,0,7
2006,3,30,6,30,11.200000000000001,1,43,7
2006,3,30,7,30,11.700000000000001,26,188,7
2006,3,30,8,30,12.8,405,471,8
2006,3,30,9,30,14.600000000000001,641,687,8
2006,3,30,10,30,16.3,876,848,0
2006,3,30,11,30,17.400000000000002,133,602,2
2006,3,30,12,30,18.1,115,565,2
2006,3,30,13,30,18.1,359,642,7
2006,3,30,14,30,17.400000000000002,569,698,2
2006,3,30,15,30,16.1,400,452,7
2006,3,30,16,30,14.5,144,228,8
2006,3,30,17,30,12.8,28,77,7
2006,3,30,18,30,11.700000000000001,0,0,7
2006,3,30,19,30,11.3,0,0,7
2006,3,30,20,30,11.200000000000001,0,0,7
2006,3,30,21,30,11.200000000000001,0,0,7
2006,3,30,22,30,11.100000000000001,0,0,7
2006,3,30,23,30,11,0,0,7
2006,3,31,0,30,10.8,0,0,7
2006,3,31,1,30,10.5,0,0,7
2006,3,31,2,30,10.3,0,0,7
2006,3,31,3,30,10.3,0,0,7
2006,3,31,4,30,10.4,0,0,7
2006,3,31,5,30,10.600000000000001,0,0,7
2006,3,31,6,30,10.9,1,33,7
2006,3,31,7,30,11.200000000000001,0,54,7
2006,3,31,8,30,11.5,0,71,8
2006,3,31,9,30,11.9,20,298,7
2006,3,31,10,30,13,0,105,7
2006,3,31,11,30,14.5,80,501,7
2006,3,31,12,30,15.5,1,191,8
2006,3,31,13,30,15.8,193,550,8
2006,3,31,14,30,15.5,0,87,4
2006,3,31,15,30,14.700000000000001,0,22,4
2006,3,31,16,30,13.600000000000001,0,38,4
2006,3,31,17,30,12.5,0,41,4
2006,3,31,18,30,11.700000000000001,0,0,4
2006,3,31,19,30,11.3,0,0,4
2006,3,31,20,30,11.100000000000001,0,0,7
2006,3,31,21,30,11,0,0,4
2006,3,31,22,30,11,0,0,8
2006,3,31,23,30,11,0,0,1
2006,4,1,0,30,11,0,0,4
2006,4,1,1,30,10.9,0,0,4
2006,4,1,2,30,11,0,0,8
2006,4,1,3,30,11.100000000000001,0,0,7
2006,4,1,4,30,11.200000000000001,0,0,4
2006,4,1,5,30,11.5,0,0,4
2006,4,1,6,30,12,0,37,4
2006,4,1,7,30,12.5,0,48,4
2006,4,1,8,30,13.100000000000001,0,73,3
2006,4,1,9,30,13.9,1,234,3
2006,4,1,10,30,15,201,643,2
2006,4,1,11,30,16,1,300,2
2006,4,1,12,30,16.2,125,586,3
2006,4,1,13,30,16,34,434,2
2006,4,1,14,30,15.600000000000001,822,708,1
2006,4,1,15,30,15,772,530,1
2006,4,1,16,30,14,640,313,0
2006,4,1,17,30,12.600000000000001,343,99,0
2006,4,1,18,30,11.600000000000001,0,0,1
2006,4,1,19,30,11.200000000000001,0,0,7
2006,4,1,20,30,11,0,0,7
2006,4,1,21,30,10.700000000000001,0,0,0
2006,4,1,22,30,10.3,0,0,0
2006,4,1,23,30,10,0,0,0
2006,4,2,0,30,9.700000000000001,0,0,0
2006,4,2,1,30,9.700000000000001,0,0,0
2006,4,2,2,30,9.700000000000001,0,0,0
2006,4,2,3,30,9.3,0,0,0
2006,4,2,4,30,8.8,0,0,1
2006,4,2,5,30,9.200000000000001,0,0,3
2006,4,2,6,30,11,226,126,7
2006,4,2,7,30,13,196,279,3
2006,4,2,8,30,14.8,820,563,0
2006,4,2,9,30,16.5,879,743,0
2006,4,2,10,30,17.900000000000002,881,861,1
2006,4,2,11,30,18.900000000000002,539,795,8
2006,4,2,12,30,19.5,520,772,7
2006,4,2,13,30,19.5,488,710,8
2006,4,2,14,30,19,391,563,7
2006,4,2,15,30,17.900000000000002,127,338,7
2006,4,2,16,30,16.1,358,280,7
2006,4,2,17,30,14.4,343,98,7
2006,4,2,18,30,13.600000000000001,0,0,7
2006,4,2,19,30,13.600000000000001,0,0,4
2006,4,2,20,30,13.8,0,0,1
2006,4,2,21,30,13.9,0,0,1
2006,4,2,22,30,13.8,0,0,1
2006,4,2,23,30,13.600000000000001,0,0,4
2006,4,3,0,30,13.5,0,0,7
2006,4,3,1,30,13.4,0,0,0
2006,4,3,2,30,13.3,0,0,0
2006,4,3,3,30,13.100000000000001,0,0,7
2006,4,3,4,30,12.700000000000001,0,0,4
2006,4,3,5,30,13.200000000000001,0,0,4
2006,4,3,6,30,14.700000000000001,22,94,3
2006,4,3,7,30,16.2,486,329,8
2006,4,3,8,30,17,225,367,7
2006,4,3,9,30,17.1,67,373,7
2006,4,3,10,30,17.1,2,204,7
2006,4,3,11,30,17.2,182,563,7
2006,4,3,12,30,17.1,34,418,6
2006,4,3,13,30,17.1,51,398,7
2006,4,3,14,30,17,9,247,7
2006,4,3,15,30,16.7,9,183,8
2006,4,3,16,30,16.2,14,144,7
2006,4,3,17,30,15.5,15,72,7
2006,4,3,18,30,14.9,0,0,8
2006,4,3,19,30,14.5,0,0,7
2006,4,3,20,30,14.200000000000001,0,0,7
2006,4,3,21,30,14,0,0,7
2006,4,3,22,30,13.8,0,0,7
2006,4,3,23,30,13.600000000000001,0,0,7
2006,4,4,0,30,13.3,0,0,8
2006,4,4,1,30,13.200000000000001,0,0,7
2006,4,4,2,30,13.3,0,0,7
2006,4,4,3,30,13.3,0,0,7
2006,4,4,4,30,13.4,0,0,4
2006,4,4,5,30,13.8,0,0,8
2006,4,4,6,30,14.4,16,84,8
2006,4,4,7,30,14.8,69,209,8
2006,4,4,8,30,15.200000000000001,6,153,8
2006,4,4,9,30,15.600000000000001,2,188,8
2006,4,4,10,30,15.9,9,302,7
2006,4,4,11,30,16.3,4,240,7
2006,4,4,12,30,16.8,10,311,8
2006,4,4,13,30,17.1,0,144,4
2006,4,4,14,30,16.8,0,162,4
2006,4,4,15,30,16.1,0,24,4
2006,4,4,16,30,15,0,12,4
2006,4,4,17,30,14.100000000000001,0,24,4
2006,4,4,18,30,13.4,0,0,4
2006,4,4,19,30,12.700000000000001,0,0,4
2006,4,4,20,30,12,0,0,4
2006,4,4,21,30,11.4,0,0,8
2006,4,4,22,30,11,0,0,4
2006,4,4,23,30,10.600000000000001,0,0,4
2006,4,5,0,30,10.4,0,0,4
2006,4,5,1,30,10.5,0,0,1
2006,4,5,2,30,10.9,0,0,1
2006,4,5,3,30,11.4,0,0,8
2006,4,5,4,30,11.600000000000001,0,0,4
2006,4,5,5,30,11.700000000000001,0,0,4
2006,4,5,6,30,11.700000000000001,117,123,7
2006,4,5,7,30,11.600000000000001,644,352,0
2006,4,5,8,30,11.8,193,444,2
2006,4,5,9,30,12.4,0,102,4
2006,4,5,10,30,13.100000000000001,93,492,7
2006,4,5,11,30,13.700000000000001,228,716,2
2006,4,5,12,30,14,208,696,2
2006,4,5,13,30,14,77,504,2
2006,4,5,14,30,13.8,833,723,0
2006,4,5,15,30,13.3,765,538,0
2006,4,5,16,30,12.600000000000001,665,326,0
2006,4,5,17,30,11.5,397,110,0
2006,4,5,18,30,10.3,0,0,0
2006,4,5,19,30,9.600000000000001,0,0,0
2006,4,5,20,30,9.1,0,0,0
2006,4,5,21,30,8.8,0,0,0
2006,4,5,22,30,8.5,0,0,0
2006,4,5,23,30,8.3,0,0,0
2006,4,6,0,30,8.1,0,0,0
2006,4,6,1,30,7.9,0,0,0
2006,4,6,2,30,7.7,0,0,0
2006,4,6,3,30,7.4,0,0,0
2006,4,6,4,30,7.2,0,0,0
2006,4,6,5,30,8,0,0,0
2006,4,6,6,30,10.100000000000001,468,146,1
2006,4,6,7,30,12.200000000000001,734,371,0
2006,4,6,8,30,14,841,586,0
2006,4,6,9,30,15.3,151,535,2
2006,4,6,10,30,16.5,935,894,0
2006,4,6,11,30,17.3,941,954,0
2006,4,6,12,30,17.8,936,947,1
2006,4,6,13,30,17.900000000000002,929,875,0
2006,4,6,14,30,17.400000000000002,884,736,0
2006,4,6,15,30,16.400000000000002,812,547,0
2006,4,6,16,30,14.8,705,333,0
2006,4,6,17,30,12.8,434,114,0
2006,4,6,18,30,11.200000000000001,0,0,0
2006,4,6,19,30,10.700000000000001,0,0,0
2006,4,6,20,30,10.700000000000001,0,0,0
2006,4,6,21,30,10.600000000000001,0,0,0
2006,4,6,22,30,10.4,0,0,3
2006,4,6,23,30,9.9,0,0,1
2006,4,7,0,30,9.5,0,0,0
2006,4,7,1,30,9.700000000000001,0,0,1
2006,4,7,2,30,9.9,0,0,0
2006,4,7,3,30,9.700000000000001,0,0,0
2006,4,7,4,30,9.700000000000001,0,0,1
2006,4,7,5,30,10.3,0,0,1
2006,4,7,6,30,12,484,151,1
2006,4,7,7,30,13.9,725,375,0
2006,4,7,8,30,15.4,138,424,3
2006,4,7,9,30,16.6,1,257,3
2006,4,7,10,30,17.3,0,254,3
2006,4,7,11,30,17.5,963,969,0
2006,4,7,12,30,17.400000000000002,959,961,0
2006,4,7,13,30,17.1,949,888,0
2006,4,7,14,30,16.5,906,749,0
2006,4,7,15,30,15.700000000000001,841,560,0
2006,4,7,16,30,14.5,723,340,0
2006,4,7,17,30,12.600000000000001,463,119,0
2006,4,7,18,30,10.9,0,0,0
2006,4,7,19,30,10.3,0,0,0
2006,4,7,20,30,10.100000000000001,0,0,0
2006,4,7,21,30,10.100000000000001,0,0,0
2006,4,7,22,30,10.200000000000001,0,0,0
2006,4,7,23,30,9.9,0,0,0
2006,4,8,0,30,9.5,0,0,0
2006,4,8,1,30,9.3,0,0,0
2006,4,8,2,30,9.4,0,0,1
2006,4,8,3,30,9.700000000000001,0,0,0
2006,4,8,4,30,10,0,0,1
2006,4,8,5,30,10.700000000000001,0,0,1
2006,4,8,6,30,12.200000000000001,22,110,2
2006,4,8,7,30,14,707,375,0
2006,4,8,8,30,15.700000000000001,820,591,0
2006,4,8,9,30,17.2,886,771,0
2006,4,8,10,30,18.3,267,703,2
2006,4,8,11,30,19,938,961,0
2006,4,8,12,30,19.400000000000002,936,954,0
2006,4,8,13,30,19.400000000000002,929,883,0
2006,4,8,14,30,19,891,745,0
2006,4,8,15,30,18.1,824,558,0
2006,4,8,16,30,16.6,706,338,0
2006,4,8,17,30,14.200000000000001,441,118,0
2006,4,8,18,30,12.3,0,0,0
2006,4,8,19,30,11.5,0,0,0
2006,4,8,20,30,11.3,0,0,0
2006,4,8,21,30,11.4,0,0,0
2006,4,8,22,30,11.5,0,0,0
2006,4,8,23,30,11.5,0,0,0
2006,4,9,0,30,11.200000000000001,0,0,0
2006,4,9,1,30,11,0,0,1
2006,4,9,2,30,10.600000000000001,0,0,0
2006,4,9,3,30,10.3,0,0,0
2006,4,9,4,30,10.100000000000001,0,0,0
2006,4,9,5,30,10.600000000000001,0,0,0
2006,4,9,6,30,11.8,449,155,1
2006,4,9,7,30,13.4,707,383,0
2006,4,9,8,30,15.100000000000001,0,152,3
2006,4,9,9,30,16.5,59,436,2
2006,4,9,10,30,17.400000000000002,329,742,2
2006,4,9,11,30,17.8,525,876,2
2006,4,9,12,30,17.7,936,956,0
2006,4,9,13,30,17.2,921,882,0
2006,4,9,14,30,16.5,874,741,0
2006,4,9,15,30,15.600000000000001,794,552,1
2006,4,9,16,30,14.3,678,337,0
2006,4,9,17,30,12.600000000000001,407,118,0
2006,4,9,18,30,11.3,0,0,0
2006,4,9,19,30,10.700000000000001,0,0,0
2006,4,9,20,30,10.8,0,0,0
2006,4,9,21,30,11.100000000000001,0,0,0
2006,4,9,22,30,11.100000000000001,0,0,0
2006,4,9,23,30,11.100000000000001,0,0,0
2006,4,10,0,30,11,0,0,0
2006,4,10,1,30,10.9,0,0,0
2006,4,10,2,30,10.8,0,0,0
2006,4,10,3,30,10.600000000000001,0,0,0
2006,4,10,4,30,10.5,0,0,1
2006,4,10,5,30,10.9,0,0,0
2006,4,10,6,30,12,475,160,1
2006,4,10,7,30,13.4,22,216,2
2006,4,10,8,30,14.600000000000001,21,238,7
2006,4,10,9,30,15.4,58,365,7
2006,4,10,10,30,15.9,29,395,7
2006,4,10,11,30,16.1,190,635,7
2006,4,10,12,30,16.2,19,412,6
2006,4,10,13,30,16.1,0,92,3
2006,4,10,14,30,15.8,0,67,4
2006,4,10,15,30,15.100000000000001,802,549,0
2006,4,10,16,30,14.200000000000001,52,226,2
2006,4,10,17,30,13.3,0,43,3
2006,4,10,18,30,12.600000000000001,0,0,1
2006,4,10,19,30,12.3,0,0,0
2006,4,10,20,30,12.3,0,0,1
2006,4,10,21,30,12.3,0,0,1
2006,4,10,22,30,12.3,0,0,1
2006,4,10,23,30,12.100000000000001,0,0,4
2006,4,11,0,30,11.8,0,0,4
2006,4,11,1,30,11.8,0,0,3
2006,4,11,2,30,11.8,0,0,1
2006,4,11,3,30,11.700000000000001,0,0,3
2006,4,11,4,30,11.700000000000001,0,0,4
2006,4,11,5,30,12.3,0,0,1
2006,4,11,6,30,13.3,1,75,3
2006,4,11,7,30,14.3,27,225,4
2006,4,11,8,30,15.8,820,592,0
2006,4,11,9,30,17.2,1,276,3
2006,4,11,10,30,18.1,585,772,8
2006,4,11,11,30,18.7,924,949,0
2006,4,11,12,30,19,226,655,7
2006,4,11,13,30,18.8,281,688,4
2006,4,11,14,30,18.3,626,729,3
2006,4,11,15,30,17.5,400,457,8
2006,4,11,16,30,16.7,671,336,1
2006,4,11,17,30,15.600000000000001,424,121,0
2006,4,11,18,30,14.8,0,0,0
2006,4,11,19,30,14.4,0,0,0
2006,4,11,20,30,13.9,0,0,0
2006,4,11,21,30,13.4,0,0,0
2006,4,11,22,30,13,0,0,0
2006,4,11,23,30,12.600000000000001,0,0,0
2006,4,12,0,30,12.3,0,0,0
2006,4,12,1,30,11.9,0,0,0
2006,4,12,2,30,11.600000000000001,0,0,0
2006,4,12,3,30,11.3,0,0,0
2006,4,12,4,30,11.200000000000001,0,0,0
2006,4,12,5,30,12.100000000000001,0,0,0
2006,4,12,6,30,14,548,173,1
2006,4,12,7,30,15.9,760,398,0
2006,4,12,8,30,17.400000000000002,864,614,0
2006,4,12,9,30,18.6,920,792,0
2006,4,12,10,30,19.400000000000002,956,921,0
2006,4,12,11,30,19.900000000000002,971,983,0
2006,4,12,12,30,19.900000000000002,973,976,0
2006,4,12,13,30,19.8,963,902,0
2006,4,12,14,30,19.400000000000002,931,764,0
2006,4,12,15,30,18.5,871,576,0
2006,4,12,16,30,17,766,355,0
2006,4,12,17,30,15,525,132,0
2006,4,12,18,30,13.4,0,0,0
2006,4,12,19,30,12.9,0,0,0
2006,4,12,20,30,12.9,0,0,0
2006,4,12,21,30,12.8,0,0,0
2006,4,12,22,30,12.5,0,0,0
2006,4,12,23,30,12.3,0,0,0
2006,4,13,0,30,12.200000000000001,0,0,0
2006,4,13,1,30,12.100000000000001,0,0,0
2006,4,13,2,30,12,0,0,0
2006,4,13,3,30,11.9,0,0,0
2006,4,13,4,30,11.9,0,0,0
2006,4,13,5,30,13.4,0,0,0
2006,4,13,6,30,16.7,541,178,1
2006,4,13,7,30,20,783,407,0
2006,4,13,8,30,22.8,874,620,0
2006,4,13,9,30,24.700000000000003,922,795,0
2006,4,13,10,30,25.6,961,922,0
2006,4,13,11,30,26,974,983,0
2006,4,13,12,30,26.1,968,972,0
2006,4,13,13,30,25.8,954,897,0
2006,4,13,14,30,25.1,916,759,0
2006,4,13,15,30,24.1,848,569,0
2006,4,13,16,30,22.3,742,352,0
2006,4,13,17,30,19.700000000000003,505,132,0
2006,4,13,18,30,17.8,0,0,0
2006,4,13,19,30,16.900000000000002,0,0,0
2006,4,13,20,30,16.2,0,0,0
2006,4,13,21,30,15.600000000000001,0,0,0
2006,4,13,22,30,15.5,0,0,7
2006,4,13,23,30,15.5,0,0,7
2006,4,14,0,30,15.200000000000001,0,0,8
2006,4,14,1,30,14.8,0,0,8
2006,4,14,2,30,14.700000000000001,0,0,7
2006,4,14,3,30,14.3,0,0,7
2006,4,14,4,30,13.8,0,0,7
2006,4,14,5,30,13.9,0,0,7
2006,4,14,6,30,14.8,38,128,8
2006,4,14,7,30,15.9,404,355,8
2006,4,14,8,30,17.2,0,97,7
2006,4,14,9,30,17.6,0,63,7
2006,4,14,10,30,16.900000000000002,0,140,8
2006,4,14,11,30,16,270,642,7
2006,4,14,12,30,15.600000000000001,0,137,4
2006,4,14,13,30,15.8,0,216,4
2006,4,14,14,30,15.9,0,31,8
2006,4,14,15,30,15.5,8,176,7
2006,4,14,16,30,14.600000000000001,0,29,4
2006,4,14,17,30,13.4,1,64,3
2006,4,14,18,30,12.8,0,0,3
2006,4,14,19,30,12.700000000000001,0,0,1
2006,4,14,20,30,12.700000000000001,0,0,3
2006,4,14,21,30,12.700000000000001,0,0,1
2006,4,14,22,30,12.700000000000001,0,0,1
2006,4,14,23,30,12.600000000000001,0,0,3
2006,4,15,0,30,12.4,0,0,1
2006,4,15,1,30,12.3,0,0,1
2006,4,15,2,30,12.200000000000001,0,0,3
2006,4,15,3,30,12.100000000000001,0,0,1
2006,4,15,4,30,12.100000000000001,0,0,1
2006,4,15,5,30,12.5,21,10,1
2006,4,15,6,30,13.200000000000001,0,50,3
2006,4,15,7,30,14,4,175,3
2006,4,15,8,30,14.9,0,194,3
2006,4,15,9,30,16.1,1,278,3
2006,4,15,10,30,16.900000000000002,6,396,3
2006,4,15,11,30,17.3,1,329,3
2006,4,15,12,30,17.400000000000002,4,400,3
2006,4,15,13,30,17.3,120,548,2
2006,4,15,14,30,16.900000000000002,888,753,1
2006,4,15,15,30,16.2,173,425,2
2006,4,15,16,30,15.100000000000001,684,348,0
2006,4,15,17,30,13.5,411,128,0
2006,4,15,18,30,12.200000000000001,0,0,0
2006,4,15,19,30,11.8,0,0,0
2006,4,15,20,30,11.8,0,0,0
2006,4,15,21,30,11.9,0,0,0
2006,4,15,22,30,12,0,0,0
2006,4,15,23,30,12,0,0,0
2006,4,16,0,30,12,0,0,0
2006,4,16,1,30,12,0,0,0
2006,4,16,2,30,11.9,0,0,3
2006,4,16,3,30,11.9,0,0,1
2006,4,16,4,30,11.9,0,0,0
2006,4,16,5,30,12.100000000000001,28,12,1
2006,4,16,6,30,12.700000000000001,22,131,3
2006,4,16,7,30,13.600000000000001,205,333,2
2006,4,16,8,30,14.8,797,615,1
2006,4,16,9,30,16.3,490,728,2
2006,4,16,10,30,17.400000000000002,906,914,0
2006,4,16,11,30,17.8,931,977,0
2006,4,16,12,30,17.8,927,968,0
2006,4,16,13,30,17.5,901,889,0
2006,4,16,14,30,17.1,863,752,0
2006,4,16,15,30,16.6,797,566,0
2006,4,16,16,30,15.600000000000001,675,349,0
2006,4,16,17,30,14.200000000000001,376,128,0
2006,4,16,18,30,13,0,0,0
2006,4,16,19,30,12.5,0,0,0
2006,4,16,20,30,12.200000000000001,0,0,0
2006,4,16,21,30,12.100000000000001,0,0,1
2006,4,16,22,30,12.100000000000001,0,0,3
2006,4,16,23,30,11.8,0,0,0
2006,4,17,0,30,11.5,0,0,0
2006,4,17,1,30,11.5,0,0,0
2006,4,17,2,30,11,0,0,0
2006,4,17,3,30,10.3,0,0,0
2006,4,17,4,30,9.700000000000001,0,0,0
2006,4,17,5,30,10.200000000000001,44,15,0
2006,4,17,6,30,11.600000000000001,487,188,1
2006,4,17,7,30,13,696,412,0
2006,4,17,8,30,14.5,790,622,0
2006,4,17,9,30,16,849,799,0
2006,4,17,10,30,17.400000000000002,929,934,0
2006,4,17,11,30,18.400000000000002,935,990,0
2006,4,17,12,30,19.1,933,980,0
2006,4,17,13,30,19.3,934,906,0
2006,4,17,14,30,19.1,891,766,0
2006,4,17,15,30,18.400000000000002,803,572,0
2006,4,17,16,30,17.2,700,357,0
2006,4,17,17,30,15.200000000000001,449,136,0
2006,4,17,18,30,13.3,0,0,0
2006,4,17,19,30,12.5,0,0,0
2006,4,17,20,30,12,0,0,0
2006,4,17,21,30,11.5,0,0,0
2006,4,17,22,30,10.9,0,0,0
2006,4,17,23,30,10.3,0,0,0
2006,4,18,0,30,9.9,0,0,0
2006,4,18,1,30,9.700000000000001,0,0,0
2006,4,18,2,30,9.700000000000001,0,0,0
2006,4,18,3,30,9.9,0,0,0
2006,4,18,4,30,10.3,0,0,0
2006,4,18,5,30,11.700000000000001,76,17,0
2006,4,18,6,30,14.200000000000001,544,197,0
2006,4,18,7,30,16.8,734,421,0
2006,4,18,8,30,19.1,832,635,0
2006,4,18,9,30,21,886,811,0
2006,4,18,10,30,22.5,944,941,0
2006,4,18,11,30,23.400000000000002,948,996,0
2006,4,18,12,30,23.8,945,985,0
2006,4,18,13,30,23.700000000000003,926,908,0
2006,4,18,14,30,23.3,881,767,0
2006,4,18,15,30,22.5,807,578,0
2006,4,18,16,30,21,685,358,0
2006,4,18,17,30,18.7,435,137,0
2006,4,18,18,30,16.5,0,0,0
2006,4,18,19,30,15.100000000000001,0,0,0
2006,4,18,20,30,14.4,0,0,0
2006,4,18,21,30,14.100000000000001,0,0,0
2006,4,18,22,30,13.8,0,0,0
2006,4,18,23,30,13.4,0,0,1
2006,4,19,0,30,13,0,0,0
2006,4,19,1,30,12.5,0,0,1
2006,4,19,2,30,12.100000000000001,0,0,0
2006,4,19,3,30,11.700000000000001,0,0,0
2006,4,19,4,30,11.5,0,0,0
2006,4,19,5,30,13,69,18,1
2006,4,19,6,30,15.8,531,199,1
2006,4,19,7,30,18.5,734,425,0
2006,4,19,8,30,21.1,840,639,0
2006,4,19,9,30,23,900,817,0
2006,4,19,10,30,24.1,946,947,0
2006,4,19,11,30,24.6,960,1007,0
2006,4,19,12,30,24.8,956,994,0
2006,4,19,13,30,24.6,946,918,0
2006,4,19,14,30,24.1,912,780,0
2006,4,19,15,30,23.200000000000003,849,591,0
2006,4,19,16,30,21.6,737,371,0
2006,4,19,17,30,19,499,146,0
2006,4,19,18,30,16.900000000000002,0,0,0
2006,4,19,19,30,16.400000000000002,0,0,0
2006,4,19,20,30,16.3,0,0,0
2006,4,19,21,30,15.700000000000001,0,0,0
2006,4,19,22,30,14.9,0,0,0
2006,4,19,23,30,14.200000000000001,0,0,0
2006,4,20,0,30,13.600000000000001,0,0,0
2006,4,20,1,30,13.200000000000001,0,0,0
2006,4,20,2,30,13,0,0,0
2006,4,20,3,30,12.700000000000001,0,0,0
2006,4,20,4,30,12.5,0,0,1
2006,4,20,5,30,13.700000000000001,95,21,0
2006,4,20,6,30,16.2,542,203,0
2006,4,20,7,30,19.200000000000003,735,428,1
2006,4,20,8,30,22,256,516,3
2006,4,20,9,30,23.8,628,803,3
2006,4,20,10,30,24.400000000000002,905,934,1
2006,4,20,11,30,24.3,924,995,0
2006,4,20,12,30,24.1,919,982,1
2006,4,20,13,30,23.700000000000003,892,902,0
2006,4,20,14,30,23.1,567,678,8
2006,4,20,15,30,22.200000000000003,508,518,8
2006,4,20,16,30,20.8,404,356,2
2006,4,20,17,30,18.400000000000002,133,128,7
2006,4,20,18,30,16.6,0,0,1
2006,4,20,19,30,16,0,0,4
2006,4,20,20,30,15.600000000000001,0,0,4
2006,4,20,21,30,15.100000000000001,0,0,7
2006,4,20,22,30,14.700000000000001,0,0,7
2006,4,20,23,30,14.3,0,0,7
2006,4,21,0,30,13.9,0,0,7
2006,4,21,1,30,13.700000000000001,0,0,7
2006,4,21,2,30,13.600000000000001,0,0,6
2006,4,21,3,30,13.5,0,0,6
2006,4,21,4,30,13.5,0,0,7
2006,4,21,5,30,14.3,0,15,7
2006,4,21,6,30,16,1,85,4
2006,4,21,7,30,17.400000000000002,339,365,8
2006,4,21,8,30,18.2,727,611,0
2006,4,21,9,30,18.7,788,783,0
2006,4,21,10,30,19.200000000000003,909,925,0
2006,4,21,11,30,19.5,920,984,0
2006,4,21,12,30,19.5,916,974,0
2006,4,21,13,30,19.1,920,905,0
2006,4,21,14,30,18.3,886,770,1
2006,4,21,15,30,17.1,824,583,0
2006,4,21,16,30,15.600000000000001,361,336,2
2006,4,21,17,30,13.9,0,51,2
2006,4,21,18,30,12.8,0,0,0
2006,4,21,19,30,12.5,0,0,1
2006,4,21,20,30,12.3,0,0,1
2006,4,21,21,30,12.100000000000001,0,0,3
2006,4,21,22,30,11.9,0,0,3
2006,4,21,23,30,11.9,0,0,3
2006,4,22,0,30,11.8,0,0,3
2006,4,22,1,30,11.700000000000001,0,0,3
2006,4,22,2,30,11.600000000000001,0,0,3
2006,4,22,3,30,11.600000000000001,0,0,4
2006,4,22,4,30,11.600000000000001,0,0,4
2006,4,22,5,30,12,0,9,4
2006,4,22,6,30,12.8,0,48,4
2006,4,22,7,30,13.8,0,71,4
2006,4,22,8,30,15,0,136,4
2006,4,22,9,30,16,0,226,3
2006,4,22,10,30,16.7,457,827,2
2006,4,22,11,30,16.900000000000002,330,811,2
2006,4,22,12,30,16.8,156,659,2
2006,4,22,13,30,16.400000000000002,12,416,4
2006,4,22,14,30,15.600000000000001,2,292,4
2006,4,22,15,30,14.8,0,189,4
2006,4,22,16,30,13.8,1,126,4
2006,4,22,17,30,12.600000000000001,45,117,4
2006,4,22,18,30,11.600000000000001,0,0,1
2006,4,22,19,30,11.100000000000001,0,0,3
2006,4,22,20,30,10.9,0,0,4
2006,4,22,21,30,10.700000000000001,0,0,4
2006,4,22,22,30,10.5,0,0,1
2006,4,22,23,30,10.4,0,0,4
2006,4,23,0,30,10.200000000000001,0,0,4
2006,4,23,1,30,10,0,0,4
2006,4,23,2,30,9.9,0,0,4
2006,4,23,3,30,9.8,0,0,4
2006,4,23,4,30,9.8,0,0,4
2006,4,23,5,30,10.3,91,26,1
2006,4,23,6,30,11.3,508,209,0
2006,4,23,7,30,12.4,719,432,0
2006,4,23,8,30,14,120,446,3
2006,4,23,9,30,15.4,880,812,0
2006,4,23,10,30,16.400000000000002,244,716,2
2006,4,23,11,30,17,0,278,3
2006,4,23,12,30,17.3,1,338,3
2006,4,23,13,30,17,1,319,3
2006,4,23,14,30,16.5,0,221,2
2006,4,23,15,30,15.5,765,572,1
2006,4,23,16,30,14.4,4,162,3
2006,4,23,17,30,13.4,0,51,2
2006,4,23,18,30,12.5,0,0,0
2006,4,23,19,30,12.100000000000001,0,0,0
2006,4,23,20,30,11.9,0,0,0
2006,4,23,21,30,11.700000000000001,0,0,0
2006,4,23,22,30,11.5,0,0,0
2006,4,23,23,30,11.4,0,0,0
2006,4,24,0,30,11.4,0,0,0
2006,4,24,1,30,11.4,0,0,0
2006,4,24,2,30,11.3,0,0,0
2006,4,24,3,30,11.200000000000001,0,0,0
2006,4,24,4,30,11.200000000000001,0,0,0
2006,4,24,5,30,11.9,85,27,0
2006,4,24,6,30,13.3,481,210,1
2006,4,24,7,30,14.8,705,434,0
2006,4,24,8,30,16.400000000000002,802,642,0
2006,4,24,9,30,17.8,852,810,0
2006,4,24,10,30,18.900000000000002,1,312,3
2006,4,24,11,30,19.5,0,244,3
2006,4,24,12,30,19.900000000000002,901,978,0
2006,4,24,13,30,19.8,897,901,0
2006,4,24,14,30,19.3,857,765,0
2006,4,24,15,30,18.400000000000002,789,580,0
2006,4,24,16,30,17,684,368,0
2006,4,24,17,30,15.100000000000001,448,150,0
2006,4,24,18,30,13.5,0,0,0
2006,4,24,19,30,12.9,0,0,0
2006,4,24,20,30,12.9,0,0,0
2006,4,24,21,30,12.9,0,0,0
2006,4,24,22,30,13,0,0,0
2006,4,24,23,30,13,0,0,0
2006,4,25,0,30,12.8,0,0,0
2006,4,25,1,30,12.600000000000001,0,0,7
2006,4,25,2,30,12.4,0,0,7
2006,4,25,3,30,12.200000000000001,0,0,0
2006,4,25,4,30,12.100000000000001,0,0,0
2006,4,25,5,30,12.700000000000001,56,27,0
2006,4,25,6,30,13.9,0,77,3
2006,4,25,7,30,15.100000000000001,0,118,3
2006,4,25,8,30,16.5,7,291,3
2006,4,25,9,30,17.6,17,396,3
2006,4,25,10,30,18.2,31,481,3
2006,4,25,11,30,18.2,0,253,4
2006,4,25,12,30,18,116,610,4
2006,4,25,13,30,17.6,70,521,3
2006,4,25,14,30,17,75,458,4
2006,4,25,15,30,16.3,235,443,8
2006,4,25,16,30,15.4,0,95,4
2006,4,25,17,30,14.3,340,143,1
2006,4,25,18,30,13.3,0,0,3
2006,4,25,19,30,12.9,0,0,3
2006,4,25,20,30,12.600000000000001,0,0,7
2006,4,25,21,30,12.3,0,0,4
2006,4,25,22,30,12.100000000000001,0,0,7
2006,4,25,23,30,11.8,0,0,4
2006,4,26,0,30,11.700000000000001,0,0,4
2006,4,26,1,30,11.4,0,0,4
2006,4,26,2,30,11.200000000000001,0,0,1
2006,4,26,3,30,11.200000000000001,0,0,1
2006,4,26,4,30,11.200000000000001,0,0,3
2006,4,26,5,30,11.600000000000001,112,32,1
2006,4,26,6,30,12.5,522,219,0
2006,4,26,7,30,13.700000000000001,1,147,3
2006,4,26,8,30,15.200000000000001,2,261,4
2006,4,26,9,30,16.5,1,260,4
2006,4,26,10,30,17.3,906,939,0
2006,4,26,11,30,17.7,183,624,8
2006,4,26,12,30,17.8,908,983,1
2006,4,26,13,30,17.6,491,756,8
2006,4,26,14,30,17.1,839,764,0
2006,4,26,15,30,16.400000000000002,769,579,0
2006,4,26,16,30,15.3,628,362,1
2006,4,26,17,30,14.100000000000001,1,66,4
2006,4,26,18,30,13.100000000000001,0,0,4
2006,4,26,19,30,12.5,0,0,8
2006,4,26,20,30,12.200000000000001,0,0,4
2006,4,26,21,30,12,0,0,4
2006,4,26,22,30,11.9,0,0,7
2006,4,26,23,30,11.8,0,0,4
2006,4,27,0,30,11.8,0,0,4
2006,4,27,1,30,11.8,0,0,4
2006,4,27,2,30,11.8,0,0,4
2006,4,27,3,30,11.9,0,0,4
2006,4,27,4,30,12.100000000000001,0,0,6
2006,4,27,5,30,12.5,0,15,7
2006,4,27,6,30,13.100000000000001,0,6,7
2006,4,27,7,30,13.700000000000001,0,9,7
2006,4,27,8,30,14.9,0,104,6
2006,4,27,9,30,16.6,56,389,7
2006,4,27,10,30,18.6,317,707,7
2006,4,27,11,30,20.1,131,592,7
2006,4,27,12,30,20.700000000000003,193,662,7
2006,4,27,13,30,20.6,343,686,8
2006,4,27,14,30,19.8,80,454,4
2006,4,27,15,30,18.6,387,492,8
2006,4,27,16,30,17.1,121,261,8
2006,4,27,17,30,15.4,297,140,0
2006,4,27,18,30,14.3,0,0,7
2006,4,27,19,30,14,0,0,7
2006,4,27,20,30,13.8,0,0,0
2006,4,27,21,30,13.600000000000001,0,0,0
2006,4,27,22,30,13.5,0,0,0
2006,4,27,23,30,13.3,0,0,0
2006,4,28,0,30,13.200000000000001,0,0,0
2006,4,28,1,30,13.200000000000001,0,0,0
2006,4,28,2,30,13.100000000000001,0,0,3
2006,4,28,3,30,13,0,0,3
2006,4,28,4,30,13.100000000000001,0,0,3
2006,4,28,5,30,13.600000000000001,74,33,1
2006,4,28,6,30,14.600000000000001,0,50,3
2006,4,28,7,30,15.8,0,38,3
2006,4,28,8,30,17.6,0,170,3
2006,4,28,9,30,19.400000000000002,0,222,3
2006,4,28,10,30,20.900000000000002,0,178,3
2006,4,28,11,30,21.700000000000003,0,272,3
2006,4,28,12,30,21.8,0,229,3
2006,4,28,13,30,21.3,0,149,3
2006,4,28,14,30,20.400000000000002,2,305,3
2006,4,28,15,30,19.200000000000003,0,150,3
2006,4,28,16,30,17.8,0,64,3
2006,4,28,17,30,16.3,0,62,3
2006,4,28,18,30,15.4,0,0,3
2006,4,28,19,30,15.100000000000001,0,0,3
2006,4,28,20,30,14.9,0,0,3
2006,4,28,21,30,14.700000000000001,0,0,3
2006,4,28,22,30,14.600000000000001,0,0,3
2006,4,28,23,30,14.4,0,0,3
2006,4,29,0,30,14.3,0,0,3
2006,4,29,1,30,14,0,0,3
2006,4,29,2,30,13.9,0,0,3
2006,4,29,3,30,13.700000000000001,0,0,3
2006,4,29,4,30,13.8,0,0,3
2006,4,29,5,30,14.600000000000001,73,34,1
2006,4,29,6,30,15.8,0,39,3
2006,4,29,7,30,17.3,0,83,3
2006,4,29,8,30,19,0,142,3
2006,4,29,9,30,20.700000000000003,1,289,3
2006,4,29,10,30,22.1,4,389,3
2006,4,29,11,30,23.1,1,328,3
2006,4,29,12,30,23.6,126,590,3
2006,4,29,13,30,23.700000000000003,117,550,3
2006,4,29,14,30,23.200000000000003,836,763,0
2006,4,29,15,30,22.1,770,581,0
2006,4,29,16,30,20.5,656,371,0
2006,4,29,17,30,18.2,439,157,0
2006,4,29,18,30,16.1,0,0,0
2006,4,29,19,30,15.200000000000001,0,0,0
2006,4,29,20,30,14.9,0,0,0
2006,4,29,21,30,14.8,0,0,0
2006,4,29,22,30,14.700000000000001,0,0,0
2006,4,29,23,30,14.5,0,0,0
2006,4,30,0,30,14.3,0,0,0
2006,4,30,1,30,14,0,0,0
2006,4,30,2,30,13.8,0,0,0
2006,4,30,3,30,13.5,0,0,0
2006,4,30,4,30,13.5,0,0,0
2006,4,30,5,30,14.4,133,40,1
2006,4,30,6,30,16.3,0,60,3
2006,4,30,7,30,18.3,0,137,3
2006,4,30,8,30,20.400000000000002,1,241,3
2006,4,30,9,30,22.400000000000002,839,817,1
2006,4,30,10,30,23.8,884,936,0
2006,4,30,11,30,24.400000000000002,895,991,0
2006,4,30,12,30,24.5,886,976,0
2006,4,30,13,30,24.200000000000003,880,902,0
2006,4,30,14,30,23.6,841,766,0
2006,4,30,15,30,22.700000000000003,774,583,0
2006,4,30,16,30,21.3,651,371,0
2006,4,30,17,30,19.1,426,157,0
2006,4,30,18,30,17.1,0,0,0
2006,4,30,19,30,16.2,0,0,0
2006,4,30,20,30,15.8,0,0,0
2006,4,30,21,30,15.600000000000001,0,0,0
2006,4,30,22,30,15.4,0,0,0
2006,4,30,23,30,15.100000000000001,0,0,0
2006,5,1,0,30,14.9,0,0,0
2006,5,1,1,30,14.600000000000001,0,0,0
2006,5,1,2,30,14.5,0,0,0
2006,5,1,3,30,14.200000000000001,0,0,0
2006,5,1,4,30,14.200000000000001,0,0,0
2006,5,1,5,30,15.200000000000001,0,17,3
2006,5,1,6,30,17.1,0,12,3
2006,5,1,7,30,19.400000000000002,1,86,8
2006,5,1,8,30,21.5,0,165,4
2006,5,1,9,30,23.1,10,379,4
2006,5,1,10,30,24.200000000000003,270,768,3
2006,5,1,11,30,24.6,634,948,2
2006,5,1,12,30,24.6,528,851,8
2006,5,1,13,30,24.200000000000003,307,765,4
2006,5,1,14,30,23.700000000000003,728,747,2
2006,5,1,15,30,22.8,662,567,0
2006,5,1,16,30,21.5,543,360,0
2006,5,1,17,30,19.5,325,151,0
2006,5,1,18,30,17.400000000000002,0,0,0
2006,5,1,19,30,16.3,0,0,0
2006,5,1,20,30,15.700000000000001,0,0,1
2006,5,1,21,30,15.3,0,0,1
2006,5,1,22,30,15,0,0,0
2006,5,1,23,30,14.8,0,0,0
2006,5,2,0,30,14.600000000000001,0,0,1
2006,5,2,1,30,14.5,0,0,0
2006,5,2,2,30,14.4,0,0,0
2006,5,2,3,30,14.200000000000001,0,0,0
2006,5,2,4,30,14.200000000000001,0,0,1
2006,5,2,5,30,15,111,41,0
2006,5,2,6,30,16.8,0,37,3
2006,5,2,7,30,18.900000000000002,0,55,3
2006,5,2,8,30,20.700000000000003,0,98,3
2006,5,2,9,30,22,0,179,3
2006,5,2,10,30,22.700000000000003,0,248,3
2006,5,2,11,30,22.900000000000002,2,388,3
2006,5,2,12,30,22.6,368,845,2
2006,5,2,13,30,22.1,670,890,2
2006,5,2,14,30,21.3,831,771,0
2006,5,2,15,30,20.3,765,589,0
2006,5,2,16,30,18.900000000000002,649,377,0
2006,5,2,17,30,17.1,427,162,1
2006,5,2,18,30,15.600000000000001,0,0,3
2006,5,2,19,30,14.8,0,0,3
2006,5,2,20,30,14.5,0,0,3
2006,5,2,21,30,14.3,0,0,3
2006,5,2,22,30,14.200000000000001,0,0,3
2006,5,2,23,30,14.200000000000001,0,0,3
2006,5,3,0,30,14,0,0,3
2006,5,3,1,30,14,0,0,3
2006,5,3,2,30,14.100000000000001,0,0,3
2006,5,3,3,30,14,0,0,3
2006,5,3,4,30,14.100000000000001,0,0,3
2006,5,3,5,30,14.5,0,28,4
2006,5,3,6,30,15.4,0,20,3
2006,5,3,7,30,16.7,0,43,3
2006,5,3,8,30,18.1,0,150,4
2006,5,3,9,30,19.3,2,181,8
2006,5,3,10,30,20.1,0,148,3
2006,5,3,11,30,20.400000000000002,0,224,3
2006,5,3,12,30,20.3,1,331,3
2006,5,3,13,30,19.900000000000002,1,297,3
2006,5,3,14,30,19.3,0,187,3
2006,5,3,15,30,18.6,161,451,2
2006,5,3,16,30,17.6,184,293,7
2006,5,3,17,30,16.5,4,68,8
2006,5,3,18,30,15.700000000000001,0,4,7
2006,5,3,19,30,15.3,0,0,7
2006,5,3,20,30,15.100000000000001,0,0,3
2006,5,3,21,30,14.9,0,0,3
2006,5,3,22,30,14.600000000000001,0,0,3
2006,5,3,23,30,14.4,0,0,3
2006,5,4,0,30,14.100000000000001,0,0,3
2006,5,4,1,30,13.9,0,0,3
2006,5,4,2,30,13.700000000000001,0,0,3
2006,5,4,3,30,13.5,0,0,3
2006,5,4,4,30,13.4,0,0,3
2006,5,4,5,30,13.600000000000001,1,39,3
2006,5,4,6,30,14.100000000000001,28,172,3
2006,5,4,7,30,14.8,24,258,3
2006,5,4,8,30,15.600000000000001,1,250,3
2006,5,4,9,30,16.5,1,287,3
2006,5,4,10,30,17.400000000000002,166,682,3
2006,5,4,11,30,18.1,0,224,3
2006,5,4,12,30,18.400000000000002,836,977,0
2006,5,4,13,30,18.2,380,791,2
2006,5,4,14,30,17.8,236,620,3
2006,5,4,15,30,17.2,302,512,2
2006,5,4,16,30,16.3,541,367,0
2006,5,4,17,30,15.4,284,155,0
2006,5,4,18,30,14.700000000000001,5,7,1
2006,5,4,19,30,14.3,0,0,1
2006,5,4,20,30,14,0,0,0
2006,5,4,21,30,13.8,0,0,1
2006,5,4,22,30,13.600000000000001,0,0,3
2006,5,4,23,30,13.4,0,0,3
2006,5,5,0,30,13.200000000000001,0,0,3
2006,5,5,1,30,13.100000000000001,0,0,1
2006,5,5,2,30,13,0,0,3
2006,5,5,3,30,13,0,0,3
2006,5,5,4,30,13,0,0,3
2006,5,5,5,30,13.600000000000001,0,34,3
2006,5,5,6,30,14.700000000000001,329,225,1
2006,5,5,7,30,16.2,27,278,3
2006,5,5,8,30,17.8,662,641,1
2006,5,5,9,30,19.400000000000002,10,386,3
2006,5,5,10,30,20.5,1,316,3
2006,5,5,11,30,21.200000000000003,1,325,3
2006,5,5,12,30,21.5,18,471,3
2006,5,5,13,30,21.5,210,684,2
2006,5,5,14,30,21.200000000000003,840,778,0
2006,5,5,15,30,20.6,781,598,0
2006,5,5,16,30,19.5,639,382,0
2006,5,5,17,30,17.8,421,168,0
2006,5,5,18,30,16,28,11,0
2006,5,5,19,30,14.9,0,0,0
2006,5,5,20,30,14.4,0,0,0
2006,5,5,21,30,14.200000000000001,0,0,0
2006,5,5,22,30,13.9,0,0,0
2006,5,5,23,30,13.600000000000001,0,0,0
2006,5,6,0,30,13.4,0,0,0
2006,5,6,1,30,13.3,0,0,1
2006,5,6,2,30,13.200000000000001,0,0,3
2006,5,6,3,30,13.200000000000001,0,0,3
2006,5,6,4,30,13.3,0,0,3
2006,5,6,5,30,13.9,0,36,3
2006,5,6,6,30,15,4,136,3
2006,5,6,7,30,16.5,9,222,3
2006,5,6,8,30,18.3,10,313,3
2006,5,6,9,30,20.200000000000003,1,312,3
2006,5,6,10,30,21.6,0,261,3
2006,5,6,11,30,22.3,0,294,3
2006,5,6,12,30,22.200000000000003,233,764,2
2006,5,6,13,30,21.8,2,363,3
2006,5,6,14,30,21.1,106,511,3
2006,5,6,15,30,20.400000000000002,717,583,0
2006,5,6,16,30,19.3,580,372,0
2006,5,6,17,30,17.6,362,164,0
2006,5,6,18,30,15.8,16,10,1
2006,5,6,19,30,14.700000000000001,0,0,0
2006,5,6,20,30,14.100000000000001,0,0,0
2006,5,6,21,30,13.8,0,0,3
2006,5,6,22,30,13.600000000000001,0,0,3
2006,5,6,23,30,13.4,0,0,3
2006,5,7,0,30,13.200000000000001,0,0,3
2006,5,7,1,30,13,0,0,3
2006,5,7,2,30,12.700000000000001,0,0,3
2006,5,7,3,30,12.5,0,0,1
2006,5,7,4,30,12.600000000000001,0,0,3
2006,5,7,5,30,13.700000000000001,124,52,1
2006,5,7,6,30,15.8,466,242,1
2006,5,7,7,30,18.2,0,70,3
2006,5,7,8,30,20.200000000000003,0,113,3
2006,5,7,9,30,21.900000000000002,0,148,3
2006,5,7,10,30,23.200000000000003,2,360,3
2006,5,7,11,30,23.8,34,505,3
2006,5,7,12,30,24,866,980,0
2006,5,7,13,30,23.8,885,913,0
2006,5,7,14,30,23.400000000000002,847,779,0
2006,5,7,15,30,22.5,782,598,0
2006,5,7,16,30,21.3,651,385,0
2006,5,7,17,30,19.200000000000003,447,173,0
2006,5,7,18,30,17.1,48,13,0
2006,5,7,19,30,16,0,0,0
2006,5,7,20,30,15.5,0,0,0
2006,5,7,21,30,15,0,0,0
2006,5,7,22,30,14.4,0,0,0
2006,5,7,23,30,14,0,0,0
2006,5,8,0,30,13.700000000000001,0,0,0
2006,5,8,1,30,13.600000000000001,0,0,0
2006,5,8,2,30,13.5,0,0,0
2006,5,8,3,30,13.4,0,0,0
2006,5,8,4,30,13.600000000000001,0,0,1
2006,5,8,5,30,14.9,270,60,1
2006,5,8,6,30,16.900000000000002,594,253,1
2006,5,8,7,30,18.7,0,60,3
2006,5,8,8,30,20.5,0,93,3
2006,5,8,9,30,22.3,0,112,3
2006,5,8,10,30,23.8,0,139,3
2006,5,8,11,30,24.700000000000003,0,207,3
2006,5,8,12,30,25.1,1,310,3
2006,5,8,13,30,24.900000000000002,210,697,3
2006,5,8,14,30,24,801,772,0
2006,5,8,15,30,22.6,732,591,0
2006,5,8,16,30,20.700000000000003,572,374,0
2006,5,8,17,30,18.6,1,91,3
2006,5,8,18,30,16.7,0,7,3
2006,5,8,19,30,15.700000000000001,0,0,3
2006,5,8,20,30,15.3,0,0,3
2006,5,8,21,30,15,0,0,1
2006,5,8,22,30,14.700000000000001,0,0,1
2006,5,8,23,30,14.4,0,0,1
2006,5,9,0,30,14.100000000000001,0,0,1
2006,5,9,1,30,13.8,0,0,3
2006,5,9,2,30,13.8,0,0,1
2006,5,9,3,30,13.700000000000001,0,0,1
2006,5,9,4,30,13.9,0,0,1
2006,5,9,5,30,14.600000000000001,0,39,3
2006,5,9,6,30,16.2,460,241,1
2006,5,9,7,30,18.3,0,130,3
2006,5,9,8,30,20.6,0,183,3
2006,5,9,9,30,22.900000000000002,1,284,3
2006,5,9,10,30,24.8,0,240,3
2006,5,9,11,30,25.6,1,302,3
2006,5,9,12,30,25.6,4,411,3
2006,5,9,13,30,25.1,10,413,3
2006,5,9,14,30,24.1,14,367,3
2006,5,9,15,30,22.900000000000002,121,431,3
2006,5,9,16,30,21.3,617,380,0
2006,5,9,17,30,19.3,412,171,0
2006,5,9,18,30,17.400000000000002,35,13,0
2006,5,9,19,30,16.3,0,0,0
2006,5,9,20,30,15.8,0,0,0
2006,5,9,21,30,15.4,0,0,0
2006,5,9,22,30,15.100000000000001,0,0,0
2006,5,9,23,30,14.8,0,0,0
2006,5,10,0,30,14.5,0,0,0
2006,5,10,1,30,14.200000000000001,0,0,0
2006,5,10,2,30,13.9,0,0,0
2006,5,10,3,30,13.8,0,0,0
2006,5,10,4,30,14.200000000000001,0,0,1
2006,5,10,5,30,16.2,207,59,1
2006,5,10,6,30,19,0,86,3
2006,5,10,7,30,21.700000000000003,5,208,3
2006,5,10,8,30,24.400000000000002,12,317,3
2006,5,10,9,30,26.200000000000003,832,829,0
2006,5,10,10,30,27.200000000000003,867,945,0
2006,5,10,11,30,27.700000000000003,878,998,0
2006,5,10,12,30,27.700000000000003,872,983,0
2006,5,10,13,30,27.400000000000002,863,910,0
2006,5,10,14,30,26.700000000000003,823,774,0
2006,5,10,15,30,25.6,760,594,0
2006,5,10,16,30,24.1,377,376,3
2006,5,10,17,30,21.700000000000003,34,136,3
2006,5,10,18,30,19.400000000000002,0,13,7
2006,5,10,19,30,18.1,0,0,7
2006,5,10,20,30,17.5,0,0,1
2006,5,10,21,30,17.3,0,0,0
2006,5,10,22,30,17.1,0,0,1
2006,5,10,23,30,16.900000000000002,0,0,0
2006,5,11,0,30,16.900000000000002,0,0,0
2006,5,11,1,30,16.900000000000002,0,0,1
2006,5,11,2,30,17,0,0,1
2006,5,11,3,30,17.2,0,0,7
2006,5,11,4,30,17.6,0,0,7
2006,5,11,5,30,18.7,212,62,1
2006,5,11,6,30,20.5,0,29,3
2006,5,11,7,30,22.400000000000002,1,182,3
2006,5,11,8,30,24.200000000000003,0,155,3
2006,5,11,9,30,25.400000000000002,8,374,3
2006,5,11,10,30,26,196,707,3
2006,5,11,11,30,26.200000000000003,821,977,0
2006,5,11,12,30,26.1,817,965,0
2006,5,11,13,30,25.8,866,909,0
2006,5,11,14,30,25.1,833,777,0
2006,5,11,15,30,24.1,775,600,0
2006,5,11,16,30,22.700000000000003,674,393,0
2006,5,11,17,30,20.5,479,181,0
2006,5,11,18,30,18.1,75,17,0
2006,5,11,19,30,16.8,0,0,1
2006,5,11,20,30,16.400000000000002,0,0,1
2006,5,11,21,30,16.400000000000002,0,0,7
2006,5,11,22,30,16.3,0,0,7
2006,5,11,23,30,16.2,0,0,3
2006,5,12,0,30,15.9,0,0,1
2006,5,12,1,30,15.8,0,0,7
2006,5,12,2,30,15.8,0,0,7
2006,5,12,3,30,15.8,0,0,7
2006,5,12,4,30,15.8,0,0,7
2006,5,12,5,30,16.6,5,47,7
2006,5,12,6,30,18.5,39,157,7
2006,5,12,7,30,20.700000000000003,0,108,3
2006,5,12,8,30,22.6,0,122,3
2006,5,12,9,30,23.700000000000003,1,278,3
2006,5,12,10,30,24.200000000000003,2,355,3
2006,5,12,11,30,24.3,303,809,3
2006,5,12,12,30,24.3,860,976,0
2006,5,12,13,30,24.1,531,781,8
2006,5,12,14,30,23.5,412,618,7
2006,5,12,15,30,22.400000000000002,345,480,8
2006,5,12,16,30,21,422,381,8
2006,5,12,17,30,19.200000000000003,404,177,0
2006,5,12,18,30,17.400000000000002,52,17,7
2006,5,12,19,30,16.1,0,0,7
2006,5,12,20,30,15.4,0,0,1
2006,5,12,21,30,15,0,0,1
2006,5,12,22,30,14.9,0,0,1
2006,5,12,23,30,14.9,0,0,1
2006,5,13,0,30,14.9,0,0,1
2006,5,13,1,30,14.9,0,0,1
2006,5,13,2,30,14.9,0,0,1
2006,5,13,3,30,14.8,0,0,1
2006,5,13,4,30,14.8,0,0,1
2006,5,13,5,30,15.5,10,55,7
2006,5,13,6,30,17.3,0,21,3
2006,5,13,7,30,19.1,0,98,3
2006,5,13,8,30,20.700000000000003,7,304,3
2006,5,13,9,30,22,18,407,3
2006,5,13,10,30,22.8,500,869,3
2006,5,13,11,30,23.200000000000003,873,1000,0
2006,5,13,12,30,23.400000000000002,867,988,0
2006,5,13,13,30,23.6,849,910,0
2006,5,13,14,30,23.3,815,779,0
2006,5,13,15,30,22.5,750,601,0
2006,5,13,16,30,21.400000000000002,629,391,0
2006,5,13,17,30,19.700000000000003,435,182,0
2006,5,13,18,30,17.7,70,19,0
2006,5,13,19,30,16.2,0,0,0
2006,5,13,20,30,15.5,0,0,0
2006,5,13,21,30,15.200000000000001,0,0,0
2006,5,13,22,30,15,0,0,0
2006,5,13,23,30,14.9,0,0,0
2006,5,14,0,30,14.9,0,0,0
2006,5,14,1,30,14.600000000000001,0,0,0
2006,5,14,2,30,14.3,0,0,1
2006,5,14,3,30,14.100000000000001,0,0,1
2006,5,14,4,30,14.4,0,0,1
2006,5,14,5,30,16.1,13,59,3
2006,5,14,6,30,18.8,0,43,3
2006,5,14,7,30,21.400000000000002,0,144,3
2006,5,14,8,30,23.700000000000003,40,363,3
2006,5,14,9,30,25.200000000000003,891,853,0
2006,5,14,10,30,26,906,961,0
2006,5,14,11,30,26.3,906,1009,0
2006,5,14,12,30,26.400000000000002,894,993,0
2006,5,14,13,30,26.3,893,920,0
2006,5,14,14,30,25.8,629,776,2
2006,5,14,15,30,25,488,528,8
2006,5,14,16,30,23.6,458,377,8
2006,5,14,17,30,21.5,114,145,8
2006,5,14,18,30,19.5,0,16,7
2006,5,14,19,30,18.7,0,0,7
2006,5,14,20,30,18.3,0,0,7
2006,5,14,21,30,18,0,0,7
2006,5,14,22,30,17.900000000000002,0,0,7
2006,5,14,23,30,17.7,0,0,7
2006,5,15,0,30,17.3,0,0,7
2006,5,15,1,30,16.7,0,0,7
2006,5,15,2,30,16.2,0,0,7
2006,5,15,3,30,16.1,0,0,7
2006,5,15,4,30,16.400000000000002,0,0,7
2006,5,15,5,30,17.3,1,39,6
2006,5,15,6,30,18.5,233,226,7
2006,5,15,7,30,19.8,23,212,8
2006,5,15,8,30,21,405,567,8
2006,5,15,9,30,22.200000000000003,580,749,8
2006,5,15,10,30,23.5,455,770,8
2006,5,15,11,30,24.6,331,746,7
2006,5,15,12,30,25.200000000000003,642,874,8
2006,5,15,13,30,24.900000000000002,613,814,8
2006,5,15,14,30,24,822,781,0
2006,5,15,15,30,22.8,749,602,0
2006,5,15,16,30,21.200000000000003,630,394,0
2006,5,15,17,30,19.400000000000002,428,184,0
2006,5,15,18,30,18,69,21,1
2006,5,15,19,30,17.1,0,0,1
2006,5,15,20,30,16.6,0,0,1
2006,5,15,21,30,16.3,0,0,1
2006,5,15,22,30,16,0,0,0
2006,5,15,23,30,15.700000000000001,0,0,0
2006,5,16,0,30,15.3,0,0,3
2006,5,16,1,30,15,0,0,1
2006,5,16,2,30,14.700000000000001,0,0,1
2006,5,16,3,30,14.600000000000001,0,0,1
2006,5,16,4,30,14.8,0,0,1
2006,5,16,5,30,16.2,218,70,1
2006,5,16,6,30,18.3,0,28,3
2006,5,16,7,30,20.5,0,103,3
2006,5,16,8,30,22.5,0,196,3
2006,5,16,9,30,24.200000000000003,9,380,3
2006,5,16,10,30,25.5,172,667,3
2006,5,16,11,30,26.400000000000002,906,1013,0
2006,5,16,12,30,26.900000000000002,909,1005,0
2006,5,16,13,30,26.900000000000002,895,930,0
2006,5,16,14,30,26.3,866,800,0
2006,5,16,15,30,25.3,804,619,0
2006,5,16,16,30,23.700000000000003,703,410,0
2006,5,16,17,30,21.3,510,195,0
2006,5,16,18,30,19,110,24,0
2006,5,16,19,30,17.7,0,0,0
2006,5,16,20,30,17.3,0,0,0
2006,5,16,21,30,17.1,0,0,0
2006,5,16,22,30,16.900000000000002,0,0,0
2006,5,16,23,30,16.7,0,0,0
2006,5,17,0,30,16.6,0,0,0
2006,5,17,1,30,16.400000000000002,0,0,0
2006,5,17,2,30,16.2,0,0,0
2006,5,17,3,30,16,0,0,0
2006,5,17,4,30,16.3,0,0,0
2006,5,17,5,30,17.900000000000002,219,70,1
2006,5,17,6,30,20.400000000000002,494,257,1
2006,5,17,7,30,22.900000000000002,3,202,3
2006,5,17,8,30,25.400000000000002,0,209,3
2006,5,17,9,30,27.200000000000003,3,345,3
2006,5,17,10,30,27.900000000000002,202,698,3
2006,5,17,11,30,27.900000000000002,707,928,8
2006,5,17,12,30,27.5,815,958,1
2006,5,17,13,30,26.900000000000002,813,889,0
2006,5,17,14,30,26.400000000000002,767,758,0
2006,5,17,15,30,25.8,697,584,0
2006,5,17,16,30,25.200000000000003,581,384,0
2006,5,17,17,30,23.900000000000002,0,30,4
2006,5,17,18,30,22.200000000000003,0,12,4
2006,5,17,19,30,21.1,0,0,7
2006,5,17,20,30,20.3,0,0,1
2006,5,17,21,30,19.6,0,0,0
2006,5,17,22,30,18.6,0,0,0
2006,5,17,23,30,17.5,0,0,0
2006,5,18,0,30,16.8,0,0,0
2006,5,18,1,30,16.400000000000002,0,0,0
2006,5,18,2,30,16.1,0,0,0
2006,5,18,3,30,15.9,0,0,1
2006,5,18,4,30,16.3,0,0,1
2006,5,18,5,30,17.8,4,58,3
2006,5,18,6,30,20,529,261,1
2006,5,18,7,30,22.3,0,113,3
2006,5,18,8,30,24.3,0,200,3
2006,5,18,9,30,25.8,2,319,3
2006,5,18,10,30,26.700000000000003,2,356,3
2006,5,18,11,30,27,142,639,3
2006,5,18,12,30,27,527,904,3
2006,5,18,13,30,26.6,535,846,3
2006,5,18,14,30,25.900000000000002,792,769,0
2006,5,18,15,30,24.700000000000003,727,595,0
2006,5,18,16,30,23.1,619,393,0
2006,5,18,17,30,21.1,427,187,0
2006,5,18,18,30,19.3,79,23,0
2006,5,18,19,30,18.3,0,0,1
2006,5,18,20,30,17.900000000000002,0,0,0
2006,5,18,21,30,17.400000000000002,0,0,0
2006,5,18,22,30,17,0,0,1
2006,5,18,23,30,16.7,0,0,0
2006,5,19,0,30,16.5,0,0,0
2006,5,19,1,30,16.400000000000002,0,0,0
2006,5,19,2,30,16.400000000000002,0,0,0
2006,5,19,3,30,16.5,0,0,0
2006,5,19,4,30,16.900000000000002,0,0,1
2006,5,19,5,30,18.3,275,77,0
2006,5,19,6,30,20.200000000000003,0,83,3
2006,5,19,7,30,21.900000000000002,32,273,3
2006,5,19,8,30,23.3,804,680,0
2006,5,19,9,30,24.1,853,842,0
2006,5,19,10,30,24.5,885,953,0
2006,5,19,11,30,24.6,891,1004,0
2006,5,19,12,30,24.400000000000002,885,991,0
2006,5,19,13,30,23.900000000000002,890,922,0
2006,5,19,14,30,23.200000000000003,847,787,0
2006,5,19,15,30,22.3,779,609,0
2006,5,19,16,30,21.1,666,402,0
2006,5,19,17,30,19.6,1,86,3
2006,5,19,18,30,18,110,26,0
2006,5,19,19,30,17,0,0,8
2006,5,19,20,30,16.7,0,0,0
2006,5,19,21,30,16.5,0,0,0
2006,5,19,22,30,16.3,0,0,1
2006,5,19,23,30,15.9,0,0,1
2006,5,20,0,30,15.5,0,0,1
2006,5,20,1,30,15.100000000000001,0,0,0
2006,5,20,2,30,14.8,0,0,0
2006,5,20,3,30,14.5,0,0,0
2006,5,20,4,30,14.8,0,0,1
2006,5,20,5,30,16.3,330,82,0
2006,5,20,6,30,18.3,0,57,3
2006,5,20,7,30,20.1,1,177,3
2006,5,20,8,30,21.8,27,342,3
2006,5,20,9,30,22.900000000000002,859,843,0
2006,5,20,10,30,23.6,902,959,0
2006,5,20,11,30,24,915,1011,0
2006,5,20,12,30,24.3,915,1000,0
2006,5,20,13,30,24.5,918,933,1
2006,5,20,14,30,24.3,890,802,0
2006,5,20,15,30,23.6,839,626,0
2006,5,20,16,30,22.400000000000002,754,421,0
2006,5,20,17,30,20.6,584,207,0
2006,5,20,18,30,18.6,195,31,0
2006,5,20,19,30,17.400000000000002,0,0,1
2006,5,20,20,30,17.1,0,0,3
2006,5,20,21,30,16.8,0,0,3
2006,5,20,22,30,16.6,0,0,7
2006,5,20,23,30,16.400000000000002,0,0,7
2006,5,21,0,30,16.3,0,0,7
2006,5,21,1,30,16.2,0,0,7
2006,5,21,2,30,16.1,0,0,7
2006,5,21,3,30,16,0,0,7
2006,5,21,4,30,16.2,0,0,7
2006,5,21,5,30,16.8,12,59,7
2006,5,21,6,30,17.6,17,121,8
2006,5,21,7,30,18.400000000000002,2,122,6
2006,5,21,8,30,19.200000000000003,19,283,6
2006,5,21,9,30,19.700000000000003,103,483,7
2006,5,21,10,30,19.700000000000003,6,339,7
2006,5,21,11,30,19.3,50,508,7
2006,5,21,12,30,18.900000000000002,16,408,6
2006,5,21,13,30,18.6,1,227,6
2006,5,21,14,30,18.2,1,136,6
2006,5,21,15,30,17.7,1,118,6
2006,5,21,16,30,17.2,1,84,6
2006,5,21,17,30,16.6,2,62,6
2006,5,21,18,30,15.9,0,14,6
2006,5,21,19,30,15.4,0,0,6
2006,5,21,20,30,15.200000000000001,0,0,6
2006,5,21,21,30,15,0,0,7
2006,5,21,22,30,14.8,0,0,6
2006,5,21,23,30,14.8,0,0,6
2006,5,22,0,30,14.8,0,0,9
2006,5,22,1,30,14.700000000000001,0,0,6
2006,5,22,2,30,14.600000000000001,0,0,6
2006,5,22,3,30,14.200000000000001,0,0,6
2006,5,22,4,30,14,0,0,8
2006,5,22,5,30,14.3,0,22,4
2006,5,22,6,30,15,1,106,4
2006,5,22,7,30,15.700000000000001,0,76,4
2006,5,22,8,30,16.3,0,107,4
2006,5,22,9,30,17.3,0,101,3
2006,5,22,10,30,18.3,0,182,3
2006,5,22,11,30,19.3,278,791,2
2006,5,22,12,30,20,42,512,2
2006,5,22,13,30,20.3,933,942,1
2006,5,22,14,30,20.1,904,809,0
2006,5,22,15,30,19.400000000000002,856,634,0
2006,5,22,16,30,18.400000000000002,775,429,0
2006,5,22,17,30,17.1,616,215,0
2006,5,22,18,30,15.700000000000001,240,35,1
2006,5,22,19,30,14.700000000000001,0,0,0
2006,5,22,20,30,14.3,0,0,0
2006,5,22,21,30,14.100000000000001,0,0,0
2006,5,22,22,30,13.9,0,0,0
2006,5,22,23,30,13.600000000000001,0,0,0
2006,5,23,0,30,13.200000000000001,0,0,0
2006,5,23,1,30,12.9,0,0,0
2006,5,23,2,30,12.5,0,0,0
2006,5,23,3,30,12.200000000000001,0,0,0
2006,5,23,4,30,12.4,0,0,0
2006,5,23,5,30,13.9,405,91,1
2006,5,23,6,30,16.400000000000002,686,294,0
2006,5,23,7,30,18.8,825,512,0
2006,5,23,8,30,20.5,893,711,0
2006,5,23,9,30,22.1,929,871,0
2006,5,23,10,30,23.6,949,982,0
2006,5,23,11,30,24.700000000000003,956,1034,0
2006,5,23,12,30,25.400000000000002,948,1019,0
2006,5,23,13,30,25.6,943,947,0
2006,5,23,14,30,25.400000000000002,913,816,0
2006,5,23,15,30,24.8,862,639,0
2006,5,23,16,30,23.700000000000003,771,430,0
2006,5,23,17,30,21.6,608,216,0
2006,5,23,18,30,19.3,232,36,0
2006,5,23,19,30,18,0,0,0
2006,5,23,20,30,17.6,0,0,0
2006,5,23,21,30,17.3,0,0,0
2006,5,23,22,30,16.900000000000002,0,0,0
2006,5,23,23,30,16.5,0,0,0
2006,5,24,0,30,16,0,0,0
2006,5,24,1,30,15.5,0,0,0
2006,5,24,2,30,15.200000000000001,0,0,0
2006,5,24,3,30,15,0,0,0
2006,5,24,4,30,15.5,0,0,0
2006,5,24,5,30,17.5,425,93,0
2006,5,24,6,30,20.1,704,299,0
2006,5,24,7,30,22.8,826,517,0
2006,5,24,8,30,25.5,895,718,0
2006,5,24,9,30,27.400000000000002,935,882,0
2006,5,24,10,30,28.6,969,998,0
2006,5,24,11,30,29.400000000000002,975,1050,0
2006,5,24,12,30,29.8,967,1034,0
2006,5,24,13,30,30,959,961,0
2006,5,24,14,30,29.8,926,828,0
2006,5,24,15,30,29.200000000000003,873,649,0
2006,5,24,16,30,28,797,442,0
2006,5,24,17,30,25.6,629,223,0
2006,5,24,18,30,22.700000000000003,239,38,0
2006,5,24,19,30,21,0,0,0
2006,5,24,20,30,20.200000000000003,0,0,0
2006,5,24,21,30,19.5,0,0,0
2006,5,24,22,30,18.8,0,0,0
2006,5,24,23,30,18.1,0,0,0
2006,5,25,0,30,17.5,0,0,0
2006,5,25,1,30,17,0,0,0
2006,5,25,2,30,16.5,0,0,0
2006,5,25,3,30,16.2,0,0,0
2006,5,25,4,30,16.400000000000002,0,0,0
2006,5,25,5,30,18,390,92,0
2006,5,25,6,30,20.200000000000003,665,295,0
2006,5,25,7,30,22.400000000000002,791,511,0
2006,5,25,8,30,24.400000000000002,860,711,0
2006,5,25,9,30,25.8,894,869,0
2006,5,25,10,30,26.6,935,987,0
2006,5,25,11,30,27,937,1035,0
2006,5,25,12,30,27.1,926,1019,0
2006,5,25,13,30,27,907,944,0
2006,5,25,14,30,26.5,865,809,0
2006,5,25,15,30,25.700000000000003,801,631,0
2006,5,25,16,30,24.400000000000002,680,420,0
2006,5,25,17,30,22.3,493,208,0
2006,5,25,18,30,20.1,121,33,0
2006,5,25,19,30,18.5,0,0,0
2006,5,25,20,30,17.7,0,0,0
2006,5,25,21,30,17.1,0,0,0
2006,5,25,22,30,16.400000000000002,0,0,1
2006,5,25,23,30,15.8,0,0,0
2006,5,26,0,30,15.200000000000001,0,0,1
2006,5,26,1,30,14.700000000000001,0,0,1
2006,5,26,2,30,14.3,0,0,1
2006,5,26,3,30,14,0,0,1
2006,5,26,4,30,14.3,0,0,1
2006,5,26,5,30,15.700000000000001,11,71,3
2006,5,26,6,30,17.5,0,75,3
2006,5,26,7,30,19.3,31,276,3
2006,5,26,8,30,21.1,24,349,3
2006,5,26,9,30,22.3,215,657,3
2006,5,26,10,30,23.200000000000003,280,776,2
2006,5,26,11,30,23.8,346,853,3
2006,5,26,12,30,24.1,9,443,3
2006,5,26,13,30,23.700000000000003,1,319,2
2006,5,26,14,30,22.8,128,539,2
2006,5,26,15,30,21.700000000000003,228,495,3
2006,5,26,16,30,20.3,221,325,8
2006,5,26,17,30,18.6,0,50,3
2006,5,26,18,30,17,1,28,7
2006,5,26,19,30,16.2,0,0,8
2006,5,26,20,30,15.700000000000001,0,0,3
2006,5,26,21,30,15.5,0,0,3
2006,5,26,22,30,15.4,0,0,3
2006,5,26,23,30,15.3,0,0,3
2006,5,27,0,30,14.9,0,0,3
2006,5,27,1,30,14.5,0,0,3
2006,5,27,2,30,14.100000000000001,0,0,3
2006,5,27,3,30,13.600000000000001,0,0,3
2006,5,27,4,30,13.600000000000001,0,0,3
2006,5,27,5,30,14.5,0,39,3
2006,5,27,6,30,16,0,42,3
2006,5,27,7,30,17.7,64,329,3
2006,5,27,8,30,19.1,133,494,3
2006,5,27,9,30,20.400000000000002,127,561,2
2006,5,27,10,30,21.400000000000002,171,678,2
2006,5,27,11,30,22.200000000000003,0,290,3
2006,5,27,12,30,22.700000000000003,947,1036,1
2006,5,27,13,30,22.8,915,955,1
2006,5,27,14,30,22.5,890,824,0
2006,5,27,15,30,22,852,652,0
2006,5,27,16,30,21.1,777,446,0
2006,5,27,17,30,19.400000000000002,628,230,0
2006,5,27,18,30,17.2,263,43,0
2006,5,27,19,30,15.8,0,0,0
2006,5,27,20,30,15.200000000000001,0,0,0
2006,5,27,21,30,14.700000000000001,0,0,0
2006,5,27,22,30,14.200000000000001,0,0,0
2006,5,27,23,30,13.8,0,0,0
2006,5,28,0,30,13.4,0,0,0
2006,5,28,1,30,13,0,0,0
2006,5,28,2,30,12.3,0,0,0
2006,5,28,3,30,11.700000000000001,0,0,0
2006,5,28,4,30,11.9,0,0,0
2006,5,28,5,30,13.600000000000001,396,97,0
2006,5,28,6,30,16.6,681,305,0
2006,5,28,7,30,19.6,808,524,0
2006,5,28,8,30,21.700000000000003,883,726,0
2006,5,28,9,30,23.200000000000003,923,888,0
2006,5,28,10,30,24.200000000000003,947,1002,0
2006,5,28,11,30,24.8,948,1050,0
2006,5,28,12,30,24.900000000000002,935,1033,0
2006,5,28,13,30,24.5,930,962,0
2006,5,28,14,30,23.700000000000003,885,824,0
2006,5,28,15,30,22.5,316,538,3
2006,5,28,16,30,21.5,166,337,3
2006,5,28,17,30,19.900000000000002,81,170,3
2006,5,28,18,30,17.900000000000002,207,41,1
2006,5,28,19,30,16.8,0,0,4
2006,5,28,20,30,16.400000000000002,0,0,4
2006,5,28,21,30,15.8,0,0,3
2006,5,28,22,30,15.100000000000001,0,0,3
2006,5,28,23,30,14.5,0,0,7
2006,5,29,0,30,14.100000000000001,0,0,3
2006,5,29,1,30,13.600000000000001,0,0,0
2006,5,29,2,30,13.200000000000001,0,0,0
2006,5,29,3,30,12.8,0,0,0
2006,5,29,4,30,13.3,0,0,0
2006,5,29,5,30,15.3,393,96,0
2006,5,29,6,30,18.1,667,299,0
2006,5,29,7,30,21.1,797,516,0
2006,5,29,8,30,23.400000000000002,869,716,0
2006,5,29,9,30,24.900000000000002,911,879,0
2006,5,29,10,30,25.8,948,997,0
2006,5,29,11,30,26.200000000000003,948,1047,0
2006,5,29,12,30,26.3,937,1034,0
2006,5,29,13,30,26.200000000000003,944,966,0
2006,5,29,14,30,25.700000000000003,903,830,0
2006,5,29,15,30,24.8,844,651,0
2006,5,29,16,30,23.5,770,446,0
2006,5,29,17,30,21.3,594,228,0
2006,5,29,18,30,18.7,222,43,0
2006,5,29,19,30,17.5,0,0,0
2006,5,29,20,30,17.2,0,0,0
2006,5,29,21,30,16.6,0,0,0
2006,5,29,22,30,15.9,0,0,0
2006,5,29,23,30,15.4,0,0,0
2006,5,30,0,30,14.9,0,0,0
2006,5,30,1,30,14.5,0,0,0
2006,5,30,2,30,14.100000000000001,0,0,0
2006,5,30,3,30,13.8,0,0,0
2006,5,30,4,30,14.4,0,0,0
2006,5,30,5,30,16.400000000000002,361,95,0
2006,5,30,6,30,19.3,645,297,0
2006,5,30,7,30,22.5,771,511,0
2006,5,30,8,30,25.400000000000002,857,712,0
2006,5,30,9,30,27.200000000000003,908,877,0
2006,5,30,10,30,28,946,994,0
2006,5,30,11,30,28.400000000000002,956,1047,0
2006,5,30,12,30,28.5,949,1036,0
2006,5,30,13,30,28.400000000000002,937,960,0
2006,5,30,14,30,27.900000000000002,908,830,0
2006,5,30,15,30,27.1,860,654,0
2006,5,30,16,30,25.900000000000002,784,449,0
2006,5,30,17,30,23.700000000000003,628,233,0
2006,5,30,18,30,21,271,46,0
2006,5,30,19,30,19.700000000000003,0,0,0
2006,5,30,20,30,19.700000000000003,0,0,0
2006,5,30,21,30,19.6,0,0,0
2006,5,30,22,30,19.1,0,0,0
2006,5,30,23,30,18.5,0,0,0
2006,5,31,0,30,18,0,0,0
2006,5,31,1,30,17.6,0,0,0
2006,5,31,2,30,17.3,0,0,0
2006,5,31,3,30,17.2,0,0,0
2006,5,31,4,30,17.6,0,0,0
2006,5,31,5,30,19.700000000000003,374,96,0
2006,5,31,6,30,22.6,644,296,0
2006,5,31,7,30,25.6,772,510,0
2006,5,31,8,30,28.200000000000003,844,707,0
2006,5,31,9,30,29.700000000000003,885,868,0
2006,5,31,10,30,30.200000000000003,921,983,0
2006,5,31,11,30,30.200000000000003,927,1036,0
2006,5,31,12,30,30,921,1024,0
2006,5,31,13,30,29.5,920,955,0
2006,5,31,14,30,28.900000000000002,887,825,0
2006,5,31,15,30,28.1,835,649,0
2006,5,31,16,30,27,744,443,0
2006,5,31,17,30,24.8,580,229,0
2006,5,31,18,30,22.1,229,46,0
2006,5,31,19,30,20.6,0,0,0
2006,5,31,20,30,20.200000000000003,0,0,0
2006,5,31,21,30,19.700000000000003,0,0,0
2006,5,31,22,30,19.400000000000002,0,0,0
2006,5,31,23,30,19.3,0,0,0
2006,6,1,0,30,19.1,0,0,0
2006,6,1,1,30,18.6,0,0,0
2006,6,1,2,30,18,0,0,0
2006,6,1,3,30,17.6,0,0,0
2006,6,1,4,30,18,0,0,0
2006,6,1,5,30,20,388,97,1
2006,6,1,6,30,22.6,653,297,1
2006,6,1,7,30,25.200000000000003,66,328,3
2006,6,1,8,30,27.200000000000003,846,705,0
2006,6,1,9,30,28.3,881,863,0
2006,6,1,10,30,28.700000000000003,906,975,0
2006,6,1,11,30,28.8,910,1027,0
2006,6,1,12,30,28.6,900,1014,0
2006,6,1,13,30,28.400000000000002,912,949,0
2006,6,1,14,30,28,881,820,0
2006,6,1,15,30,27.400000000000002,834,649,0
2006,6,1,16,30,26.5,753,445,0
2006,6,1,17,30,24.8,599,233,0
2006,6,1,18,30,22.400000000000002,243,48,0
2006,6,1,19,30,20.8,0,0,3
2006,6,1,20,30,19.900000000000002,0,0,7
2006,6,1,21,30,19,0,0,0
2006,6,1,22,30,18.400000000000002,0,0,0
2006,6,1,23,30,18,0,0,0
2006,6,2,0,30,17.8,0,0,0
2006,6,2,1,30,17.7,0,0,0
2006,6,2,2,30,17.7,0,0,0
2006,6,2,3,30,17.6,0,0,0
2006,6,2,4,30,18.2,0,0,0
2006,6,2,5,30,20.3,380,98,0
2006,6,2,6,30,23.1,652,300,0
2006,6,2,7,30,25.8,782,514,0
2006,6,2,8,30,27.8,850,709,0
2006,6,2,9,30,28.900000000000002,890,870,0
2006,6,2,10,30,29.6,657,937,3
2006,6,2,11,30,30,669,977,3
2006,6,2,12,30,30.1,636,892,8
2006,6,2,13,30,29.900000000000002,608,831,8
2006,6,2,14,30,29.5,556,713,8
2006,6,2,15,30,28.8,513,564,8
2006,6,2,16,30,27.900000000000002,719,440,0
2006,6,2,17,30,26,556,227,0
2006,6,2,18,30,23.900000000000002,213,46,0
2006,6,2,19,30,22.6,0,0,0
2006,6,2,20,30,22,0,0,0
2006,6,2,21,30,21.700000000000003,0,0,0
2006,6,2,22,30,21.400000000000002,0,0,0
2006,6,2,23,30,21.1,0,0,0
2006,6,3,0,30,20.900000000000002,0,0,0
2006,6,3,1,30,20.700000000000003,0,0,0
2006,6,3,2,30,20.5,0,0,0
2006,6,3,3,30,20.3,0,0,0
2006,6,3,4,30,20.8,0,0,0
2006,6,3,5,30,22.8,378,95,1
2006,6,3,6,30,25.6,644,291,0
2006,6,3,7,30,28.6,771,501,0
2006,6,3,8,30,31.200000000000003,843,695,0
2006,6,3,9,30,32.800000000000004,887,855,0
2006,6,3,10,30,33.5,915,967,0
2006,6,3,11,30,33.6,923,1019,0
2006,6,3,12,30,33.4,919,1010,0
2006,6,3,13,30,33.2,912,942,0
2006,6,3,14,30,32.7,886,817,0
2006,6,3,15,30,32,836,645,0
2006,6,3,16,30,30.900000000000002,753,444,0
2006,6,3,17,30,28.700000000000003,598,233,0
2006,6,3,18,30,26.200000000000003,249,49,0
2006,6,3,19,30,24.8,0,0,0
2006,6,3,20,30,24.1,0,0,0
2006,6,3,21,30,23.3,0,0,0
2006,6,3,22,30,22.400000000000002,0,0,0
2006,6,3,23,30,21.6,0,0,0
2006,6,4,0,30,21,0,0,0
2006,6,4,1,30,20.6,0,0,0
2006,6,4,2,30,20.400000000000002,0,0,0
2006,6,4,3,30,20.200000000000003,0,0,0
2006,6,4,4,30,20.900000000000002,0,0,0
2006,6,4,5,30,23,381,97,1
2006,6,4,6,30,25.900000000000002,646,295,0
2006,6,4,7,30,28.6,771,505,0
2006,6,4,8,30,30.700000000000003,841,699,0
2006,6,4,9,30,31.6,879,858,0
2006,6,4,10,30,31.900000000000002,889,965,0
2006,6,4,11,30,32.1,897,1017,0
2006,6,4,12,30,32,893,1007,0
2006,6,4,13,30,31.5,879,939,0
2006,6,4,14,30,30.8,846,812,0
2006,6,4,15,30,29.700000000000003,790,639,0
2006,6,4,16,30,28.3,681,434,0
2006,6,4,17,30,26.200000000000003,516,226,0
2006,6,4,18,30,23.6,185,47,0
2006,6,4,19,30,22.200000000000003,0,0,0
2006,6,4,20,30,21.700000000000003,0,0,0
2006,6,4,21,30,21.200000000000003,0,0,1
2006,6,4,22,30,20.700000000000003,0,0,1
2006,6,4,23,30,20.3,0,0,1
2006,6,5,0,30,19.700000000000003,0,0,3
2006,6,5,1,30,19.200000000000003,0,0,3
2006,6,5,2,30,18.7,0,0,3
2006,6,5,3,30,18.3,0,0,3
2006,6,5,4,30,18.7,0,0,4
2006,6,5,5,30,20.3,337,94,1
2006,6,5,6,30,22.5,602,287,1
2006,6,5,7,30,24.6,0,86,3
2006,6,5,8,30,26.200000000000003,0,123,3
2006,6,5,9,30,27.400000000000002,0,170,3
2006,6,5,10,30,28,0,230,3
2006,6,5,11,30,27.900000000000002,1,364,3
2006,6,5,12,30,27.200000000000003,167,694,3
2006,6,5,13,30,26.200000000000003,633,894,2
2006,6,5,14,30,25.3,839,805,0
2006,6,5,15,30,24.400000000000002,783,634,0
2006,6,5,16,30,23.5,693,435,0
2006,6,5,17,30,22.5,531,227,0
2006,6,5,18,30,21.1,202,49,0
2006,6,5,19,30,20.1,0,0,0
2006,6,5,20,30,19.6,0,0,0
2006,6,5,21,30,19.1,0,0,0
2006,6,5,22,30,18.6,0,0,1
2006,6,5,23,30,18.3,0,0,7
2006,6,6,0,30,18.1,0,0,7
2006,6,6,1,30,17.900000000000002,0,0,7
2006,6,6,2,30,17.7,0,0,1
2006,6,6,3,30,17.7,0,0,1
2006,6,6,4,30,18,0,0,1
2006,6,6,5,30,19.400000000000002,16,75,3
2006,6,6,6,30,21.3,572,285,1
2006,6,6,7,30,23.200000000000003,369,416,7
2006,6,6,8,30,24.6,23,267,7
2006,6,6,9,30,25.3,46,415,7
2006,6,6,10,30,25.400000000000002,84,569,6
2006,6,6,11,30,25.3,2,273,6
2006,6,6,12,30,25.200000000000003,158,598,7
2006,6,6,13,30,25.200000000000003,165,595,7
2006,6,6,14,30,25.3,158,494,7
2006,6,6,15,30,25.5,12,221,7
2006,6,6,16,30,25.3,44,236,8
2006,6,6,17,30,24.200000000000003,36,151,7
2006,6,6,18,30,22.200000000000003,1,30,7
2006,6,6,19,30,20.400000000000002,0,0,1
2006,6,6,20,30,19.3,0,0,7
2006,6,6,21,30,18.6,0,0,3
2006,6,6,22,30,18.2,0,0,4
2006,6,6,23,30,18,0,0,1
2006,6,7,0,30,17.8,0,0,3
2006,6,7,1,30,17.7,0,0,1
2006,6,7,2,30,17.5,0,0,1
2006,6,7,3,30,17.3,0,0,1
2006,6,7,4,30,17.7,0,0,1
2006,6,7,5,30,19.1,260,89,1
2006,6,7,6,30,21.200000000000003,0,30,3
2006,6,7,7,30,23.400000000000002,12,233,3
2006,6,7,8,30,25.200000000000003,0,137,3
2006,6,7,9,30,26.5,0,182,3
2006,6,7,10,30,27.1,0,221,3
2006,6,7,11,30,27.1,2,371,3
2006,6,7,12,30,26.8,1,309,3
2006,6,7,13,30,26.400000000000002,0,249,3
2006,6,7,14,30,25.8,0,244,3
2006,6,7,15,30,25.1,1,207,3
2006,6,7,16,30,23.900000000000002,0,54,3
2006,6,7,17,30,22.3,0,43,3
2006,6,7,18,30,20.6,0,26,3
2006,6,7,19,30,19.400000000000002,0,0,3
2006,6,7,20,30,18.8,0,0,3
2006,6,7,21,30,18.3,0,0,3
2006,6,7,22,30,18,0,0,3
2006,6,7,23,30,17.7,0,0,1
2006,6,8,0,30,17.5,0,0,1
2006,6,8,1,30,17.400000000000002,0,0,1
2006,6,8,2,30,17.2,0,0,1
2006,6,8,3,30,17.1,0,0,1
2006,6,8,4,30,17.400000000000002,0,0,1
2006,6,8,5,30,18.8,218,85,1
2006,6,8,6,30,20.700000000000003,474,268,1
2006,6,8,7,30,22.6,0,95,3
2006,6,8,8,30,24.3,0,118,3
2006,6,8,9,30,25.6,0,226,3
2006,6,8,10,30,26.3,0,208,3
2006,6,8,11,30,26.700000000000003,0,227,3
2006,6,8,12,30,26.6,0,213,3
2006,6,8,13,30,26.1,0,261,3
2006,6,8,14,30,25.400000000000002,0,232,3
2006,6,8,15,30,24.5,0,190,3
2006,6,8,16,30,23.3,0,119,3
2006,6,8,17,30,21.700000000000003,0,50,3
2006,6,8,18,30,19.8,167,49,0
2006,6,8,19,30,18.5,0,0,3
2006,6,8,20,30,17.900000000000002,0,0,3
2006,6,8,21,30,17.6,0,0,1
2006,6,8,22,30,17.3,0,0,1
2006,6,8,23,30,17.1,0,0,1
2006,6,9,0,30,17,0,0,1
2006,6,9,1,30,17,0,0,1
2006,6,9,2,30,16.900000000000002,0,0,1
2006,6,9,3,30,16.8,0,0,1
2006,6,9,4,30,17,0,0,1
2006,6,9,5,30,17.7,0,48,3
2006,6,9,6,30,18.900000000000002,0,34,3
2006,6,9,7,30,20.400000000000002,0,117,3
2006,6,9,8,30,22.1,0,179,3
2006,6,9,9,30,23.5,0,229,3
2006,6,9,10,30,24.5,0,251,3
2006,6,9,11,30,24.900000000000002,4,420,3
2006,6,9,12,30,24.8,322,842,2
2006,6,9,13,30,24.400000000000002,883,947,1
2006,6,9,14,30,23.700000000000003,852,822,0
2006,6,9,15,30,22.6,794,649,0
2006,6,9,16,30,21.3,400,428,2
2006,6,9,17,30,19.700000000000003,4,140,3
2006,6,9,18,30,18.2,172,52,1
2006,6,9,19,30,17.2,0,0,3
2006,6,9,20,30,16.8,0,0,3
2006,6,9,21,30,16.6,0,0,3
2006,6,9,22,30,16.5,0,0,3
2006,6,9,23,30,16.400000000000002,0,0,3
2006,6,10,0,30,16.3,0,0,3
2006,6,10,1,30,16.2,0,0,3
2006,6,10,2,30,16,0,0,3
2006,6,10,3,30,15.9,0,0,3
2006,6,10,4,30,16.1,0,0,3
2006,6,10,5,30,17.1,0,10,3
2006,6,10,6,30,18.6,0,37,3
2006,6,10,7,30,20.200000000000003,0,95,3
2006,6,10,8,30,21.6,0,214,3
2006,6,10,9,30,22.900000000000002,0,244,3
2006,6,10,10,30,23.8,185,699,3
2006,6,10,11,30,24.3,39,526,3
2006,6,10,12,30,24.5,72,564,3
2006,6,10,13,30,24.200000000000003,885,945,0
2006,6,10,14,30,23.700000000000003,852,819,0
2006,6,10,15,30,22.8,798,648,0
2006,6,10,16,30,21.400000000000002,706,448,0
2006,6,10,17,30,19.6,530,236,0
2006,6,10,18,30,17.8,187,54,0
2006,6,10,19,30,16.900000000000002,0,0,0
2006,6,10,20,30,16.5,0,0,0
2006,6,10,21,30,16.3,0,0,0
2006,6,10,22,30,16.3,0,0,3
2006,6,10,23,30,16.3,0,0,3
2006,6,11,0,30,16.2,0,0,3
2006,6,11,1,30,16,0,0,3
2006,6,11,2,30,15.8,0,0,3
2006,6,11,3,30,15.700000000000001,0,0,3
2006,6,11,4,30,15.700000000000001,0,0,3
2006,6,11,5,30,16.3,0,8,3
2006,6,11,6,30,17.400000000000002,0,31,3
2006,6,11,7,30,18.7,0,79,3
2006,6,11,8,30,20.3,2,281,3
2006,6,11,9,30,21.700000000000003,42,458,3
2006,6,11,10,30,22.700000000000003,25,483,3
2006,6,11,11,30,23.200000000000003,873,1021,1
2006,6,11,12,30,23.3,874,1013,0
2006,6,11,13,30,23.200000000000003,664,919,2
2006,6,11,14,30,22.8,194,619,2
2006,6,11,15,30,22,810,655,1
2006,6,11,16,30,20.900000000000002,718,452,0
2006,6,11,17,30,19.3,552,240,0
2006,6,11,18,30,17.6,209,55,0
2006,6,11,19,30,16.400000000000002,0,0,0
2006,6,11,20,30,15.8,0,0,3
2006,6,11,21,30,15.600000000000001,0,0,3
2006,6,11,22,30,15.4,0,0,1
2006,6,11,23,30,15.3,0,0,3
2006,6,12,0,30,15.200000000000001,0,0,3
2006,6,12,1,30,15,0,0,3
2006,6,12,2,30,15,0,0,3
2006,6,12,3,30,15.100000000000001,0,0,3
2006,6,12,4,30,15.3,0,0,3
2006,6,12,5,30,15.9,0,45,3
2006,6,12,6,30,16.900000000000002,0,95,3
2006,6,12,7,30,18.3,4,216,3
2006,6,12,8,30,19.8,69,405,3
2006,6,12,9,30,21.3,28,434,3
2006,6,12,10,30,22.3,531,898,2
2006,6,12,11,30,22.900000000000002,924,1036,0
2006,6,12,12,30,23,928,1030,0
2006,6,12,13,30,22.900000000000002,919,963,0
2006,6,12,14,30,22.6,890,837,0
2006,6,12,15,30,22,840,664,0
2006,6,12,16,30,21.1,759,461,0
2006,6,12,17,30,19.6,606,248,0
2006,6,12,18,30,17.6,277,60,0
2006,6,12,19,30,16.2,0,0,0
2006,6,12,20,30,15.700000000000001,0,0,0
2006,6,12,21,30,15.3,0,0,0
2006,6,12,22,30,15,0,0,0
2006,6,12,23,30,14.700000000000001,0,0,0
2006,6,13,0,30,14.5,0,0,0
2006,6,13,1,30,14.4,0,0,0
2006,6,13,2,30,14.4,0,0,4
2006,6,13,3,30,14.5,0,0,4
2006,6,13,4,30,15,0,0,3
2006,6,13,5,30,16.6,31,80,3
2006,6,13,6,30,18.5,621,294,0
2006,6,13,7,30,20.400000000000002,778,511,0
2006,6,13,8,30,22.200000000000003,868,712,0
2006,6,13,9,30,23.5,917,876,0
2006,6,13,10,30,24.200000000000003,951,994,0
2006,6,13,11,30,24.5,968,1053,0
2006,6,13,12,30,24.6,968,1046,0
2006,6,13,13,30,24.5,959,979,0
2006,6,13,14,30,24,932,852,0
2006,6,13,15,30,23.400000000000002,880,676,0
2006,6,13,16,30,22.700000000000003,803,472,0
2006,6,13,17,30,21.5,653,255,0
2006,6,13,18,30,19.6,331,63,0
2006,6,13,19,30,18.3,0,0,0
2006,6,13,20,30,17.900000000000002,0,0,0
2006,6,13,21,30,17.5,0,0,0
2006,6,13,22,30,17.1,0,0,0
2006,6,13,23,30,16.7,0,0,0
2006,6,14,0,30,16.400000000000002,0,0,0
2006,6,14,1,30,16,0,0,0
2006,6,14,2,30,15.8,0,0,0
2006,6,14,3,30,15.5,0,0,0
2006,6,14,4,30,16.1,0,0,0
2006,6,14,5,30,18.2,436,103,1
2006,6,14,6,30,20.8,689,304,0
2006,6,14,7,30,23.200000000000003,814,518,0
2006,6,14,8,30,25.5,878,713,0
2006,6,14,9,30,27.400000000000002,915,872,0
2006,6,14,10,30,28.700000000000003,932,980,0
2006,6,14,11,30,29.6,937,1031,0
2006,6,14,12,30,30,933,1021,0
2006,6,14,13,30,30.1,925,953,0
2006,6,14,14,30,29.900000000000002,897,829,0
2006,6,14,15,30,29.1,850,659,0
2006,6,14,16,30,27.8,769,457,0
2006,6,14,17,30,25.6,620,247,0
2006,6,14,18,30,22.700000000000003,307,61,0
2006,6,14,19,30,21,0,0,0
2006,6,14,20,30,20.3,0,0,0
2006,6,14,21,30,19.8,0,0,0
2006,6,14,22,30,19.6,0,0,0
2006,6,14,23,30,19.400000000000002,0,0,0
2006,6,15,0,30,19.1,0,0,0
2006,6,15,1,30,18.6,0,0,0
2006,6,15,2,30,18.1,0,0,0
2006,6,15,3,30,17.6,0,0,0
2006,6,15,4,30,17.900000000000002,0,0,0
2006,6,15,5,30,19.400000000000002,2,62,3
2006,6,15,6,30,21.5,1,107,3
2006,6,15,7,30,23.5,17,243,3
2006,6,15,8,30,25.1,208,526,2
2006,6,15,9,30,26.3,888,855,0
2006,6,15,10,30,27.3,917,969,0
2006,6,15,11,30,28,928,1023,0
2006,6,15,12,30,28.400000000000002,926,1016,0
2006,6,15,13,30,28.6,925,953,0
2006,6,15,14,30,28.3,895,828,0
2006,6,15,15,30,27.700000000000003,848,660,0
2006,6,15,16,30,26.700000000000003,761,459,0
2006,6,15,17,30,25.1,616,248,0
2006,6,15,18,30,22.700000000000003,304,62,0
2006,6,15,19,30,20.900000000000002,0,0,0
2006,6,15,20,30,19.900000000000002,0,0,0
2006,6,15,21,30,19.1,0,0,0
2006,6,15,22,30,18.5,0,0,0
2006,6,15,23,30,18.1,0,0,0
2006,6,16,0,30,17.8,0,0,0
2006,6,16,1,30,17.7,0,0,0
2006,6,16,2,30,17.8,0,0,0
2006,6,16,3,30,18.1,0,0,0
2006,6,16,4,30,19.200000000000003,0,0,0
2006,6,16,5,30,21.6,406,99,0
2006,6,16,6,30,24.6,672,299,0
2006,6,16,7,30,27.6,796,510,0
2006,6,16,8,30,30.3,868,707,0
2006,6,16,9,30,32.4,912,871,0
2006,6,16,10,30,33.9,935,984,0
2006,6,16,11,30,34.4,943,1038,0
2006,6,16,12,30,34.4,938,1031,0
2006,6,16,13,30,34.1,927,965,0
2006,6,16,14,30,33.5,895,838,0
2006,6,16,15,30,32.6,844,666,0
2006,6,16,16,30,31.200000000000003,754,462,0
2006,6,16,17,30,28.700000000000003,603,250,0
2006,6,16,18,30,26.200000000000003,281,62,0
2006,6,16,19,30,24.900000000000002,0,0,0
2006,6,16,20,30,24.6,0,0,0
2006,6,16,21,30,23.900000000000002,0,0,0
2006,6,16,22,30,22.700000000000003,0,0,0
2006,6,16,23,30,21.6,0,0,0
2006,6,17,0,30,20.700000000000003,0,0,1
2006,6,17,1,30,19.900000000000002,0,0,0
2006,6,17,2,30,19.400000000000002,0,0,0
2006,6,17,3,30,19.1,0,0,0
2006,6,17,4,30,19.700000000000003,0,0,0
2006,6,17,5,30,21.700000000000003,385,97,0
2006,6,17,6,30,24.1,2,123,3
2006,6,17,7,30,26.3,775,506,0
2006,6,17,8,30,28.1,846,701,0
2006,6,17,9,30,29.5,888,862,0
2006,6,17,10,30,30.3,931,981,0
2006,6,17,11,30,30.5,938,1035,0
2006,6,17,12,30,30.400000000000002,933,1028,0
2006,6,17,13,30,30.200000000000003,919,959,0
2006,6,17,14,30,29.700000000000003,885,832,0
2006,6,17,15,30,28.900000000000002,835,661,0
2006,6,17,16,30,27.900000000000002,754,461,0
2006,6,17,17,30,26.3,605,250,0
2006,6,17,18,30,23.900000000000002,291,63,0
2006,6,17,19,30,22.200000000000003,0,0,0
2006,6,17,20,30,21.3,0,0,0
2006,6,17,21,30,20.700000000000003,0,0,0
2006,6,17,22,30,20.3,0,0,0
2006,6,17,23,30,19.900000000000002,0,0,0
2006,6,18,0,30,19.5,0,0,1
2006,6,18,1,30,19.1,0,0,0
2006,6,18,2,30,18.7,0,0,0
2006,6,18,3,30,18.2,0,0,0
2006,6,18,4,30,18.5,0,0,0
2006,6,18,5,30,19.700000000000003,359,95,0
2006,6,18,6,30,21.5,628,291,1
2006,6,18,7,30,23.6,0,154,3
2006,6,18,8,30,25.6,2,272,3
2006,6,18,9,30,27.1,114,529,3
2006,6,18,10,30,28.1,892,967,0
2006,6,18,11,30,28.6,904,1022,0
2006,6,18,12,30,28.6,901,1015,0
2006,6,18,13,30,28.400000000000002,902,952,0
2006,6,18,14,30,28,873,828,0
2006,6,18,15,30,27.200000000000003,824,659,0
2006,6,18,16,30,26.200000000000003,736,458,0
2006,6,18,17,30,24.6,585,248,0
2006,6,18,18,30,22.6,271,62,0
2006,6,18,19,30,20.900000000000002,0,0,0
2006,6,18,20,30,20.200000000000003,0,0,0
2006,6,18,21,30,19.700000000000003,0,0,0
2006,6,18,22,30,19.400000000000002,0,0,0
2006,6,18,23,30,19.200000000000003,0,0,1
2006,6,19,0,30,19.1,0,0,0
2006,6,19,1,30,18.7,0,0,0
2006,6,19,2,30,18.3,0,0,0
2006,6,19,3,30,17.900000000000002,0,0,0
2006,6,19,4,30,18.400000000000002,0,0,0
2006,6,19,5,30,19.900000000000002,368,95,1
2006,6,19,6,30,21.900000000000002,628,288,1
2006,6,19,7,30,23.700000000000003,0,112,3
2006,6,19,8,30,25.200000000000003,0,178,3
2006,6,19,9,30,26.5,4,351,3
2006,6,19,10,30,27.3,884,955,0
2006,6,19,11,30,27.6,894,1009,0
2006,6,19,12,30,27.400000000000002,892,1003,0
2006,6,19,13,30,27.200000000000003,885,940,0
2006,6,19,14,30,26.700000000000003,858,817,0
2006,6,19,15,30,26,812,652,0
2006,6,19,16,30,25,728,454,0
2006,6,19,17,30,23.5,585,248,0
2006,6,19,18,30,21.6,279,63,0
2006,6,19,19,30,20.1,0,0,0
2006,6,19,20,30,19.3,0,0,0
2006,6,19,21,30,18.900000000000002,0,0,0
2006,6,19,22,30,18.5,0,0,0
2006,6,19,23,30,18.3,0,0,0
2006,6,20,0,30,18.2,0,0,0
2006,6,20,1,30,17.900000000000002,0,0,0
2006,6,20,2,30,17.6,0,0,0
2006,6,20,3,30,17.400000000000002,0,0,0
2006,6,20,4,30,17.8,0,0,0
2006,6,20,5,30,19.400000000000002,0,4,3
2006,6,20,6,30,21.6,0,31,3
2006,6,20,7,30,23.8,0,164,3
2006,6,20,8,30,25.5,853,705,1
2006,6,20,9,30,26.6,892,867,0
2006,6,20,10,30,27.400000000000002,899,976,0
2006,6,20,11,30,27.8,909,1032,0
2006,6,20,12,30,27.8,909,1028,0
2006,6,20,13,30,27.5,907,963,0
2006,6,20,14,30,27.1,882,841,0
2006,6,20,15,30,26.3,837,673,0
2006,6,20,16,30,25.3,764,471,0
2006,6,20,17,30,23.700000000000003,620,258,0
2006,6,20,18,30,21.400000000000002,303,66,0
2006,6,20,19,30,19.700000000000003,0,0,0
2006,6,20,20,30,19,0,0,0
2006,6,20,21,30,18.5,0,0,0
2006,6,20,22,30,18.2,0,0,0
2006,6,20,23,30,18,0,0,0
2006,6,21,0,30,17.8,0,0,0
2006,6,21,1,30,17.400000000000002,0,0,0
2006,6,21,2,30,17,0,0,0
2006,6,21,3,30,16.6,0,0,0
2006,6,21,4,30,16.900000000000002,0,0,0
2006,6,21,5,30,18.5,363,96,0
2006,6,21,6,30,20.700000000000003,0,58,3
2006,6,21,7,30,22.8,0,131,3
2006,6,21,8,30,24.700000000000003,6,310,3
2006,6,21,9,30,26.3,891,872,0
2006,6,21,10,30,27.400000000000002,906,985,0
2006,6,21,11,30,28,918,1042,0
2006,6,21,12,30,28.200000000000003,916,1036,0
2006,6,21,13,30,28.200000000000003,902,967,0
2006,6,21,14,30,27.900000000000002,871,842,0
2006,6,21,15,30,27,812,667,0
2006,6,21,16,30,25.6,750,470,0
2006,6,21,17,30,23.6,592,255,0
2006,6,21,18,30,21.3,280,66,0
2006,6,21,19,30,19.6,0,0,0
2006,6,21,20,30,19,0,0,0
2006,6,21,21,30,18.7,0,0,0
2006,6,21,22,30,18.2,0,0,0
2006,6,21,23,30,17.7,0,0,0
2006,6,22,0,30,17.2,0,0,0
2006,6,22,1,30,16.8,0,0,0
2006,6,22,2,30,16.6,0,0,0
2006,6,22,3,30,16.5,0,0,0
2006,6,22,4,30,17.2,0,0,0
2006,6,22,5,30,19.3,330,94,0
2006,6,22,6,30,22,340,283,3
2006,6,22,7,30,24.6,791,512,0
2006,6,22,8,30,27,859,710,0
2006,6,22,9,30,28.8,899,873,0
2006,6,22,10,30,29.700000000000003,926,989,0
2006,6,22,11,30,30,931,1042,0
2006,6,22,12,30,29.8,927,1035,0
2006,6,22,13,30,29.400000000000002,923,970,0
2006,6,22,14,30,28.6,895,846,0
2006,6,22,15,30,27.400000000000002,842,671,0
2006,6,22,16,30,25.8,772,471,0
2006,6,22,17,30,23.700000000000003,624,258,0
2006,6,22,18,30,21.400000000000002,310,67,0
2006,6,22,19,30,20.1,0,0,0
2006,6,22,20,30,19.8,0,0,0
2006,6,22,21,30,19.700000000000003,0,0,0
2006,6,22,22,30,19.6,0,0,0
2006,6,22,23,30,19.400000000000002,0,0,0
2006,6,23,0,30,19.200000000000003,0,0,0
2006,6,23,1,30,18.900000000000002,0,0,0
2006,6,23,2,30,18.6,0,0,0
2006,6,23,3,30,18.5,0,0,0
2006,6,23,4,30,18.8,0,0,0
2006,6,23,5,30,20.3,368,94,0
2006,6,23,6,30,22.400000000000002,621,287,1
2006,6,23,7,30,24.400000000000002,77,331,3
2006,6,23,8,30,26.1,160,501,3
2006,6,23,9,30,27.700000000000003,855,845,0
2006,6,23,10,30,28.900000000000002,861,950,0
2006,6,23,11,30,29.3,869,1004,0
2006,6,23,12,30,29.400000000000002,867,998,0
2006,6,23,13,30,29.400000000000002,867,934,0
2006,6,23,14,30,29,833,812,0
2006,6,23,15,30,28.400000000000002,778,645,0
2006,6,23,16,30,27.3,705,451,0
2006,6,23,17,30,25.5,269,229,3
2006,6,23,18,30,23,7,46,7
2006,6,23,19,30,21.6,0,0,3
2006,6,23,20,30,21.400000000000002,0,0,4
2006,6,23,21,30,21.6,0,0,0
2006,6,23,22,30,21.8,0,0,0
2006,6,23,23,30,22.200000000000003,0,0,1
2006,6,24,0,30,22.3,0,0,7
2006,6,24,1,30,21.900000000000002,0,0,7
2006,6,24,2,30,21.3,0,0,7
2006,6,24,3,30,20.700000000000003,0,0,0
2006,6,24,4,30,20.400000000000002,0,0,0
2006,6,24,5,30,21.1,0,47,3
2006,6,24,6,30,22.700000000000003,0,57,3
2006,6,24,7,30,24.8,330,388,8
2006,6,24,8,30,27,224,531,3
2006,6,24,9,30,28.900000000000002,769,812,0
2006,6,24,10,30,30.200000000000003,241,739,4
2006,6,24,11,30,30.8,651,921,8
2006,6,24,12,30,31,511,807,7
2006,6,24,13,30,30.6,243,622,7
2006,6,24,14,30,30,88,454,8
2006,6,24,15,30,29.200000000000003,138,387,7
2006,6,24,16,30,28.200000000000003,0,125,4
2006,6,24,17,30,26.700000000000003,129,193,8
2006,6,24,18,30,25,9,51,7
2006,6,24,19,30,24.200000000000003,0,0,1
2006,6,24,20,30,24.1,0,0,0
2006,6,24,21,30,24.200000000000003,0,0,7
2006,6,24,22,30,24.3,0,0,3
2006,6,24,23,30,24,0,0,4
2006,6,25,0,30,23.5,0,0,7
2006,6,25,1,30,23,0,0,7
2006,6,25,2,30,22.8,0,0,7
2006,6,25,3,30,22.700000000000003,0,0,7
2006,6,25,4,30,22.900000000000002,0,0,7
2006,6,25,5,30,24.400000000000002,0,50,4
2006,6,25,6,30,26.5,20,151,7
2006,6,25,7,30,28.400000000000002,277,381,8
2006,6,25,8,30,30,355,528,7
2006,6,25,9,30,31.3,403,674,7
2006,6,25,10,30,32.2,447,780,8
2006,6,25,11,30,33.1,263,682,8
2006,6,25,12,30,33.800000000000004,516,817,7
2006,6,25,13,30,34.1,39,463,8
2006,6,25,14,30,33.7,300,616,7
2006,6,25,15,30,32.7,166,445,7
2006,6,25,16,30,31.200000000000003,101,292,8
2006,6,25,17,30,28.8,184,217,8
2006,6,25,18,30,26.3,7,51,7
2006,6,25,19,30,24.8,0,0,1
2006,6,25,20,30,24.3,0,0,0
2006,6,25,21,30,24,0,0,3
2006,6,25,22,30,23.400000000000002,0,0,8
2006,6,25,23,30,22.6,0,0,7
2006,6,26,0,30,22.5,0,0,7
2006,6,26,1,30,23.1,0,0,7
2006,6,26,2,30,24,0,0,7
2006,6,26,3,30,24,0,0,7
2006,6,26,4,30,24.200000000000003,0,0,7
2006,6,26,5,30,25.6,0,54,3
2006,6,26,6,30,27.6,333,245,1
2006,6,26,7,30,30.1,536,444,0
2006,6,26,8,30,32.5,379,570,7
2006,6,26,9,30,33.7,397,679,8
2006,6,26,10,30,33.9,227,694,7
2006,6,26,11,30,33.6,309,798,8
2006,6,26,12,30,33,96,612,4
2006,6,26,13,30,32.4,255,702,7
2006,6,26,14,30,31.5,41,440,4
2006,6,26,15,30,30.6,303,542,8
2006,6,26,16,30,29.6,65,320,3
2006,6,26,17,30,28.1,315,217,1
2006,6,26,18,30,26.400000000000002,1,45,3
2006,6,26,19,30,25.1,0,0,0
2006,6,26,20,30,24.400000000000002,0,0,1
2006,6,26,21,30,23.8,0,0,7
2006,6,26,22,30,23.3,0,0,4
2006,6,26,23,30,22.900000000000002,0,0,3
2006,6,27,0,30,22.6,0,0,4
2006,6,27,1,30,22.3,0,0,7
2006,6,27,2,30,22.1,0,0,7
2006,6,27,3,30,22.200000000000003,0,0,7
2006,6,27,4,30,22.6,0,0,7
2006,6,27,5,30,23.900000000000002,1,38,7
2006,6,27,6,30,26,13,174,4
2006,6,27,7,30,28.3,198,374,8
2006,6,27,8,30,30,396,588,8
2006,6,27,9,30,30.5,0,157,4
2006,6,27,10,30,29.6,5,287,8
2006,6,27,11,30,28.3,7,360,7
2006,6,27,12,30,27.400000000000002,20,431,8
2006,6,27,13,30,27.200000000000003,3,252,8
2006,6,27,14,30,27.700000000000003,0,132,4
2006,6,27,15,30,28.400000000000002,317,513,8
2006,6,27,16,30,29,642,436,0
2006,6,27,17,30,28.1,508,237,0
2006,6,27,18,30,25.8,236,62,0
2006,6,27,19,30,24.1,0,0,0
2006,6,27,20,30,23.400000000000002,0,0,0
2006,6,27,21,30,23.200000000000003,0,0,0
2006,6,27,22,30,23.200000000000003,0,0,0
2006,6,27,23,30,23.1,0,0,4
2006,6,28,0,30,23,0,0,4
2006,6,28,1,30,23,0,0,4
2006,6,28,2,30,23.200000000000003,0,0,7
2006,6,28,3,30,23.6,0,0,1
2006,6,28,4,30,24.400000000000002,0,0,1
2006,6,28,5,30,26.3,332,87,0
2006,6,28,6,30,28.5,609,278,0
2006,6,28,7,30,30.200000000000003,748,485,0
2006,6,28,8,30,31.700000000000003,822,677,0
2006,6,28,9,30,32.800000000000004,866,838,0
2006,6,28,10,30,33.300000000000004,671,908,3
2006,6,28,11,30,33.4,905,1009,0
2006,6,28,12,30,33.1,905,1005,0
2006,6,28,13,30,32.6,872,934,0
2006,6,28,14,30,31.900000000000002,849,817,0
2006,6,28,15,30,31,805,652,0
2006,6,28,16,30,29.8,756,462,0
2006,6,28,17,30,27.900000000000002,623,255,0
2006,6,28,18,30,25.6,341,69,0
2006,6,28,19,30,24.1,0,0,0
2006,6,28,20,30,23.700000000000003,0,0,0
2006,6,28,21,30,23.3,0,0,0
2006,6,28,22,30,23,0,0,0
2006,6,28,23,30,22.900000000000002,0,0,0
2006,6,29,0,30,22.8,0,0,0
2006,6,29,1,30,22.5,0,0,0
2006,6,29,2,30,22.1,0,0,0
2006,6,29,3,30,21.900000000000002,0,0,1
2006,6,29,4,30,22.5,0,0,7
2006,6,29,5,30,24.400000000000002,23,67,7
2006,6,29,6,30,27,615,275,8
2006,6,29,7,30,29.700000000000003,767,485,0
2006,6,29,8,30,31.400000000000002,835,676,0
2006,6,29,9,30,32.2,874,835,0
2006,6,29,10,30,32.6,888,946,0
2006,6,29,11,30,32.7,896,1003,0
2006,6,29,12,30,32.7,892,998,0
2006,6,29,13,30,32.6,725,853,8
2006,6,29,14,30,32.1,725,783,8
2006,6,29,15,30,31.3,816,653,0
2006,6,29,16,30,30.200000000000003,742,458,0
2006,6,29,17,30,28.5,24,165,3
2006,6,29,18,30,26.200000000000003,322,67,0
2006,6,29,19,30,24.700000000000003,0,0,0
2006,6,29,20,30,24.200000000000003,0,0,0
2006,6,29,21,30,23.700000000000003,0,0,0
2006,6,29,22,30,23.200000000000003,0,0,0
2006,6,29,23,30,22.900000000000002,0,0,0
2006,6,30,0,30,22.6,0,0,0
2006,6,30,1,30,22,0,0,0
2006,6,30,2,30,21.5,0,0,1
2006,6,30,3,30,21.200000000000003,0,0,0
2006,6,30,4,30,21.900000000000002,0,0,0
2006,6,30,5,30,23.700000000000003,305,83,0
2006,6,30,6,30,26.3,570,268,0
2006,6,30,7,30,29,716,474,0
2006,6,30,8,30,31.200000000000003,796,667,0
2006,6,30,9,30,32.300000000000004,843,825,0
2006,6,30,10,30,32.6,888,943,0
2006,6,30,11,30,32.5,895,999,0
2006,6,30,12,30,32.4,891,994,0
2006,6,30,13,30,32.2,888,933,0
2006,6,30,14,30,31.8,863,815,0
2006,6,30,15,30,31.200000000000003,820,652,0
2006,6,30,16,30,30.400000000000002,748,458,0
2006,6,30,17,30,28.8,607,251,0
2006,6,30,18,30,26.8,311,67,0
2006,6,30,19,30,25.5,0,0,0
2006,6,30,20,30,25,0,0,0
2006,6,30,21,30,24.400000000000002,0,0,0
2006,6,30,22,30,24.1,0,0,0
2006,6,30,23,30,23.8,0,0,0
2006,7,1,0,30,23.6,0,0,0
2006,7,1,1,30,23.5,0,0,0
2006,7,1,2,30,23.200000000000003,0,0,0
2006,7,1,3,30,22.900000000000002,0,0,0
2006,7,1,4,30,23.3,0,0,0
2006,7,1,5,30,24.900000000000002,331,83,0
2006,7,1,6,30,27.400000000000002,590,270,0
2006,7,1,7,30,30.200000000000003,748,480,0
2006,7,1,8,30,32.300000000000004,820,672,0
2006,7,1,9,30,33.2,859,830,0
2006,7,1,10,30,33.4,881,943,0
2006,7,1,11,30,33.300000000000004,887,999,0
2006,7,1,12,30,33.2,881,994,0
2006,7,1,13,30,33.1,884,934,0
2006,7,1,14,30,32.9,858,815,0
2006,7,1,15,30,32.4,812,651,0
2006,7,1,16,30,31.5,746,457,0
2006,7,1,17,30,30,607,251,0
2006,7,1,18,30,28,313,66,0
2006,7,1,19,30,26.700000000000003,0,0,0
2006,7,1,20,30,26.1,0,0,0
2006,7,1,21,30,25.200000000000003,0,0,0
2006,7,1,22,30,24.5,0,0,0
2006,7,1,23,30,23.900000000000002,0,0,0
2006,7,2,0,30,23.5,0,0,0
2006,7,2,1,30,23,0,0,0
2006,7,2,2,30,22.6,0,0,0
2006,7,2,3,30,22.3,0,0,0
2006,7,2,4,30,22.8,0,0,0
2006,7,2,5,30,24.700000000000003,290,80,0
2006,7,2,6,30,27.5,543,264,0
2006,7,2,7,30,30.200000000000003,723,473,0
2006,7,2,8,30,31.900000000000002,789,662,0
2006,7,2,9,30,32.7,823,817,0
2006,7,2,10,30,33,842,927,0
2006,7,2,11,30,33,846,982,1
2006,7,2,12,30,32.800000000000004,838,975,0
2006,7,2,13,30,32.4,838,915,0
2006,7,2,14,30,31.8,802,795,0
2006,7,2,15,30,31,748,633,0
2006,7,2,16,30,30,706,448,0
2006,7,2,17,30,28.400000000000002,562,245,0
2006,7,2,18,30,26.3,275,64,0
2006,7,2,19,30,24.700000000000003,0,0,0
2006,7,2,20,30,23.900000000000002,0,0,0
2006,7,2,21,30,23.400000000000002,0,0,0
2006,7,2,22,30,23.200000000000003,0,0,0
2006,7,2,23,30,23,0,0,0
2006,7,3,0,30,22.900000000000002,0,0,0
2006,7,3,1,30,22.6,0,0,0
2006,7,3,2,30,22.3,0,0,0
2006,7,3,3,30,22,0,0,1
2006,7,3,4,30,22.400000000000002,0,0,1
2006,7,3,5,30,23.900000000000002,224,75,0
2006,7,3,6,30,26,472,253,0
2006,7,3,7,30,28,644,455,0
2006,7,3,8,30,29.8,723,642,0
2006,7,3,9,30,31.1,775,801,0
2006,7,3,10,30,31.900000000000002,807,913,0
2006,7,3,11,30,32.300000000000004,816,969,0
2006,7,3,12,30,32.2,434,792,8
2006,7,3,13,30,31.8,449,748,8
2006,7,3,14,30,31.200000000000003,527,703,8
2006,7,3,15,30,30.200000000000003,746,632,0
2006,7,3,16,30,28.8,654,439,0
2006,7,3,17,30,26.8,496,237,0
2006,7,3,18,30,24.900000000000002,203,60,0
2006,7,3,19,30,23.8,0,0,0
2006,7,3,20,30,23.8,0,0,0
2006,7,3,21,30,24.200000000000003,0,0,0
2006,7,3,22,30,24.700000000000003,0,0,0
2006,7,3,23,30,24.700000000000003,0,0,0
2006,7,4,0,30,24.1,0,0,0
2006,7,4,1,30,23.1,0,0,0
2006,7,4,2,30,22.200000000000003,0,0,0
2006,7,4,3,30,21.6,0,0,0
2006,7,4,4,30,21.700000000000003,0,0,0
2006,7,4,5,30,22.8,229,74,1
2006,7,4,6,30,24.900000000000002,505,253,0
2006,7,4,7,30,27.200000000000003,713,463,0
2006,7,4,8,30,29.3,791,653,0
2006,7,4,9,30,30.8,837,811,0
2006,7,4,10,30,31.6,844,918,0
2006,7,4,11,30,31.700000000000003,853,974,0
2006,7,4,12,30,31.400000000000002,848,970,0
2006,7,4,13,30,30.8,853,913,0
2006,7,4,14,30,30,822,795,0
2006,7,4,15,30,29,773,635,0
2006,7,4,16,30,27.900000000000002,710,446,0
2006,7,4,17,30,26.5,571,244,0
2006,7,4,18,30,24.8,285,64,0
2006,7,4,19,30,23.400000000000002,0,0,0
2006,7,4,20,30,22.6,0,0,0
2006,7,4,21,30,22,0,0,0
2006,7,4,22,30,21.5,0,0,0
2006,7,4,23,30,21.1,0,0,0
2006,7,5,0,30,20.8,0,0,0
2006,7,5,1,30,20.400000000000002,0,0,0
2006,7,5,2,30,20.200000000000003,0,0,0
2006,7,5,3,30,20,0,0,0
2006,7,5,4,30,20.400000000000002,0,0,0
2006,7,5,5,30,22,301,77,1
2006,7,5,6,30,24.400000000000002,574,261,0
2006,7,5,7,30,26.8,736,469,0
2006,7,5,8,30,28.6,809,661,0
2006,7,5,9,30,29.700000000000003,850,820,0
2006,7,5,10,30,30.1,875,933,0
2006,7,5,11,30,30.200000000000003,884,992,0
2006,7,5,12,30,30.1,881,988,0
2006,7,5,13,30,30.1,876,929,0
2006,7,5,14,30,30,858,815,0
2006,7,5,15,30,29.400000000000002,818,652,0
2006,7,5,16,30,28.200000000000003,760,462,0
2006,7,5,17,30,26.5,630,256,0
2006,7,5,18,30,24.200000000000003,342,69,0
2006,7,5,19,30,22.400000000000002,0,0,0
2006,7,5,20,30,21.400000000000002,0,0,0
2006,7,5,21,30,20.8,0,0,0
2006,7,5,22,30,20.200000000000003,0,0,0
2006,7,5,23,30,19.700000000000003,0,0,0
2006,7,6,0,30,19.3,0,0,0
2006,7,6,1,30,19,0,0,0
2006,7,6,2,30,18.8,0,0,0
2006,7,6,3,30,18.6,0,0,0
2006,7,6,4,30,19.200000000000003,0,0,0
2006,7,6,5,30,21.1,364,84,1
2006,7,6,6,30,23.900000000000002,11,157,3
2006,7,6,7,30,26.5,81,330,3
2006,7,6,8,30,28.200000000000003,860,695,0
2006,7,6,9,30,29.3,901,860,0
2006,7,6,10,30,30.1,940,984,0
2006,7,6,11,30,30.400000000000002,948,1043,0
2006,7,6,12,30,30.5,945,1039,0
2006,7,6,13,30,30.400000000000002,937,975,0
2006,7,6,14,30,30.1,911,852,0
2006,7,6,15,30,29.3,871,685,0
2006,7,6,16,30,28.3,801,483,0
2006,7,6,17,30,26.5,664,267,0
2006,7,6,18,30,24.200000000000003,364,71,0
2006,7,6,19,30,22.6,0,0,0
2006,7,6,20,30,22,0,0,0
2006,7,6,21,30,21.5,0,0,0
2006,7,6,22,30,20.900000000000002,0,0,0
2006,7,6,23,30,20.400000000000002,0,0,0
2006,7,7,0,30,20,0,0,0
2006,7,7,1,30,19.5,0,0,0
2006,7,7,2,30,19.1,0,0,0
2006,7,7,3,30,18.8,0,0,0
2006,7,7,4,30,19.400000000000002,0,0,0
2006,7,7,5,30,21.6,388,84,0
2006,7,7,6,30,24.6,676,284,0
2006,7,7,7,30,27.8,824,503,0
2006,7,7,8,30,30.400000000000002,890,701,0
2006,7,7,9,30,31.700000000000003,930,868,0
2006,7,7,10,30,32.2,945,979,0
2006,7,7,11,30,32.300000000000004,945,1032,0
2006,7,7,12,30,32.2,934,1023,0
2006,7,7,13,30,32,922,956,0
2006,7,7,14,30,31.700000000000003,887,830,0
2006,7,7,15,30,31.200000000000003,838,662,0
2006,7,7,16,30,30.3,774,465,0
2006,7,7,17,30,28.700000000000003,635,255,0
2006,7,7,18,30,26.6,336,67,0
2006,7,7,19,30,25.3,0,0,0
2006,7,7,20,30,24.700000000000003,0,0,0
2006,7,7,21,30,24.1,0,0,0
2006,7,7,22,30,23.6,0,0,0
2006,7,7,23,30,23.200000000000003,0,0,0
2006,7,8,0,30,23,0,0,0
2006,7,8,1,30,22.900000000000002,0,0,0
2006,7,8,2,30,22.8,0,0,0
2006,7,8,3,30,22.700000000000003,0,0,0
2006,7,8,4,30,23.200000000000003,0,0,0
2006,7,8,5,30,24.900000000000002,288,74,0
2006,7,8,6,30,27.5,570,259,0
2006,7,8,7,30,29.8,735,469,0
2006,7,8,8,30,31.1,813,663,0
2006,7,8,9,30,31.8,854,824,0
2006,7,8,10,30,32.2,890,942,0
2006,7,8,11,30,32.300000000000004,899,1001,0
2006,7,8,12,30,32.300000000000004,894,998,0
2006,7,8,13,30,32.2,892,939,0
2006,7,8,14,30,31.900000000000002,861,818,0
2006,7,8,15,30,31.3,811,653,0
2006,7,8,16,30,30.400000000000002,734,457,0
2006,7,8,17,30,28.700000000000003,580,249,0
2006,7,8,18,30,26.5,274,64,0
2006,7,8,19,30,24.8,0,0,0
2006,7,8,20,30,24,0,0,0
2006,7,8,21,30,23.5,0,0,0
2006,7,8,22,30,23,0,0,0
2006,7,8,23,30,22.6,0,0,0
2006,7,9,0,30,22.3,0,0,0
2006,7,9,1,30,21.8,0,0,0
2006,7,9,2,30,21.200000000000003,0,0,0
2006,7,9,3,30,20.8,0,0,0
2006,7,9,4,30,21.3,0,0,0
2006,7,9,5,30,23.200000000000003,317,75,0
2006,7,9,6,30,25.900000000000002,601,264,0
2006,7,9,7,30,28.6,746,472,0
2006,7,9,8,30,30.6,822,668,0
2006,7,9,9,30,31.8,863,828,0
2006,7,9,10,30,32.5,887,943,0
2006,7,9,11,30,32.7,895,1002,0
2006,7,9,12,30,32.7,891,998,0
2006,7,9,13,30,32.4,912,944,0
2006,7,9,14,30,32,890,826,0
2006,7,9,15,30,31.200000000000003,851,665,0
2006,7,9,16,30,30.1,786,469,0
2006,7,9,17,30,28.400000000000002,657,259,0
2006,7,9,18,30,26.1,371,69,0
2006,7,9,19,30,24.5,0,0,0
2006,7,9,20,30,23.5,0,0,0
2006,7,9,21,30,22.5,0,0,0
2006,7,9,22,30,21.8,0,0,0
2006,7,9,23,30,21.200000000000003,0,0,0
2006,7,10,0,30,20.8,0,0,0
2006,7,10,1,30,20.400000000000002,0,0,0
2006,7,10,2,30,20.200000000000003,0,0,0
2006,7,10,3,30,20.1,0,0,0
2006,7,10,4,30,20.700000000000003,0,0,0
2006,7,10,5,30,22.700000000000003,343,76,0
2006,7,10,6,30,25.5,621,265,0
2006,7,10,7,30,27.900000000000002,778,477,0
2006,7,10,8,30,29.5,846,671,0
2006,7,10,9,30,30.3,885,833,0
2006,7,10,10,30,30.700000000000003,898,944,0
2006,7,10,11,30,30.700000000000003,907,1003,0
2006,7,10,12,30,30.8,905,1000,0
2006,7,10,13,30,30.700000000000003,902,941,0
2006,7,10,14,30,30.400000000000002,878,823,0
2006,7,10,15,30,29.8,836,659,0
2006,7,10,16,30,28.700000000000003,776,466,0
2006,7,10,17,30,27,639,255,0
2006,7,10,18,30,24.8,342,66,0
2006,7,10,19,30,23,0,0,0
2006,7,10,20,30,22.1,0,0,0
2006,7,10,21,30,21.5,0,0,0
2006,7,10,22,30,21.1,0,0,0
2006,7,10,23,30,20.8,0,0,0
2006,7,11,0,30,20.5,0,0,0
2006,7,11,1,30,20.400000000000002,0,0,0
2006,7,11,2,30,20.3,0,0,0
2006,7,11,3,30,20.200000000000003,0,0,0
2006,7,11,4,30,20.6,0,0,0
2006,7,11,5,30,22.1,352,76,0
2006,7,11,6,30,24.3,642,270,0
2006,7,11,7,30,26.5,801,487,1
2006,7,11,8,30,28.200000000000003,873,687,0
2006,7,11,9,30,29.5,916,854,0
2006,7,11,10,30,30.3,942,975,0
2006,7,11,11,30,30.6,953,1036,0
2006,7,11,12,30,30.6,957,1037,0
2006,7,11,13,30,30.6,952,976,0
2006,7,11,14,30,30.3,934,858,0
2006,7,11,15,30,29.6,898,691,0
2006,7,11,16,30,28.6,829,488,0
2006,7,11,17,30,26.8,706,272,0
2006,7,11,18,30,24.200000000000003,413,72,0
2006,7,11,19,30,22.5,0,0,0
2006,7,11,20,30,22.1,0,0,0
2006,7,11,21,30,22,0,0,0
2006,7,11,22,30,22,0,0,0
2006,7,11,23,30,22,0,0,0
2006,7,12,0,30,22,0,0,0
2006,7,12,1,30,22,0,0,0
2006,7,12,2,30,21.8,0,0,0
2006,7,12,3,30,21.5,0,0,0
2006,7,12,4,30,21.6,0,0,0
2006,7,12,5,30,23.1,406,79,0
2006,7,12,6,30,25.400000000000002,690,278,0
2006,7,12,7,30,27.700000000000003,812,494,0
2006,7,12,8,30,29.8,883,696,0
2006,7,12,9,30,31.6,925,864,0
2006,7,12,10,30,32.7,955,985,0
2006,7,12,11,30,33.2,965,1046,0
2006,7,12,12,30,33.300000000000004,964,1044,0
2006,7,12,13,30,33,956,980,0
2006,7,12,14,30,32.300000000000004,931,857,0
2006,7,12,15,30,31.5,888,686,0
2006,7,12,16,30,30.3,812,482,0
2006,7,12,17,30,28.400000000000002,671,264,0
2006,7,12,18,30,25.900000000000002,364,68,0
2006,7,12,19,30,24.400000000000002,0,0,0
2006,7,12,20,30,24.400000000000002,0,0,0
2006,7,12,21,30,24.400000000000002,0,0,0
2006,7,12,22,30,24,0,0,0
2006,7,12,23,30,23.400000000000002,0,0,0
2006,7,13,0,30,22.8,0,0,0
2006,7,13,1,30,22.3,0,0,0
2006,7,13,2,30,21.900000000000002,0,0,0
2006,7,13,3,30,21.6,0,0,0
2006,7,13,4,30,22,0,0,0
2006,7,13,5,30,24.200000000000003,384,75,0
2006,7,13,6,30,27.1,666,269,0
2006,7,13,7,30,29.700000000000003,807,482,0
2006,7,13,8,30,31.8,875,680,0
2006,7,13,9,30,33.1,915,845,0
2006,7,13,10,30,33.800000000000004,936,960,0
2006,7,13,11,30,34,943,1020,0
2006,7,13,12,30,34,944,1020,0
2006,7,13,13,30,33.7,934,957,0
2006,7,13,14,30,33.2,908,836,0
2006,7,13,15,30,32.300000000000004,864,668,0
2006,7,13,16,30,31.1,799,469,0
2006,7,13,17,30,29.200000000000003,664,256,0
2006,7,13,18,30,26.700000000000003,369,66,0
2006,7,13,19,30,24.700000000000003,0,0,0
2006,7,13,20,30,24,0,0,0
2006,7,13,21,30,23.700000000000003,0,0,0
2006,7,13,22,30,23.400000000000002,0,0,0
2006,7,13,23,30,23.200000000000003,0,0,0
2006,7,14,0,30,22.900000000000002,0,0,0
2006,7,14,1,30,22.6,0,0,0
2006,7,14,2,30,22.6,0,0,0
2006,7,14,3,30,22.6,0,0,0
2006,7,14,4,30,23.1,0,0,0
2006,7,14,5,30,24.8,362,72,0
2006,7,14,6,30,27.700000000000003,648,263,0
2006,7,14,7,30,30.6,795,476,0
2006,7,14,8,30,32.800000000000004,864,674,0
2006,7,14,9,30,34.2,900,836,0
2006,7,14,10,30,34.9,903,949,0
2006,7,14,11,30,35.1,915,1009,0
2006,7,14,12,30,34.9,911,1005,0
2006,7,14,13,30,34.5,886,938,0
2006,7,14,14,30,34,859,817,0
2006,7,14,15,30,33.2,816,652,0
2006,7,14,16,30,32.2,767,459,0
2006,7,14,17,30,30.3,632,250,0
2006,7,14,18,30,28,331,63,0
2006,7,14,19,30,26.8,0,0,0
2006,7,14,20,30,26.5,0,0,0
2006,7,14,21,30,25.6,0,0,0
2006,7,14,22,30,24.6,0,0,0
2006,7,14,23,30,24,0,0,0
2006,7,15,0,30,23.6,0,0,0
2006,7,15,1,30,23.3,0,0,0
2006,7,15,2,30,23.1,0,0,0
2006,7,15,3,30,23,0,0,0
2006,7,15,4,30,23.700000000000003,0,0,0
2006,7,15,5,30,25.700000000000003,326,67,0
2006,7,15,6,30,28.6,613,253,0
2006,7,15,7,30,31.6,715,454,0
2006,7,15,8,30,33.9,376,565,3
2006,7,15,9,30,35,836,807,0
2006,7,15,10,30,35.4,878,926,0
2006,7,15,11,30,35.5,884,983,0
2006,7,15,12,30,35.4,880,980,0
2006,7,15,13,30,35.4,880,922,0
2006,7,15,14,30,35,853,805,0
2006,7,15,15,30,34.300000000000004,803,641,0
2006,7,15,16,30,33.2,724,447,0
2006,7,15,17,30,31.700000000000003,576,240,0
2006,7,15,18,30,29.5,270,58,0
2006,7,15,19,30,27.8,0,0,0
2006,7,15,20,30,26.700000000000003,0,0,0
2006,7,15,21,30,25.8,0,0,0
2006,7,15,22,30,25,0,0,0
2006,7,15,23,30,24.400000000000002,0,0,0
2006,7,16,0,30,24.1,0,0,0
2006,7,16,1,30,24,0,0,0
2006,7,16,2,30,23.6,0,0,0
2006,7,16,3,30,23.1,0,0,0
2006,7,16,4,30,23.200000000000003,0,0,8
2006,7,16,5,30,24.400000000000002,14,54,7
2006,7,16,6,30,26.3,487,237,0
2006,7,16,7,30,28.3,657,440,1
2006,7,16,8,30,30.1,732,630,0
2006,7,16,9,30,32,649,742,8
2006,7,16,10,30,33.800000000000004,545,857,3
2006,7,16,11,30,35.2,27,476,4
2006,7,16,12,30,35.9,799,956,0
2006,7,16,13,30,35.9,800,899,0
2006,7,16,14,30,35.300000000000004,770,782,0
2006,7,16,15,30,34.2,713,620,0
2006,7,16,16,30,32.6,631,429,0
2006,7,16,17,30,30.200000000000003,470,226,0
2006,7,16,18,30,27.3,176,52,0
2006,7,16,19,30,25.200000000000003,0,0,0
2006,7,16,20,30,24,0,0,0
2006,7,16,21,30,23.3,0,0,0
2006,7,16,22,30,22.900000000000002,0,0,0
2006,7,16,23,30,22.700000000000003,0,0,1
2006,7,17,0,30,22.400000000000002,0,0,0
2006,7,17,1,30,22.1,0,0,7
2006,7,17,2,30,21.700000000000003,0,0,8
2006,7,17,3,30,21.3,0,0,8
2006,7,17,4,30,21.400000000000002,0,0,7
2006,7,17,5,30,22.5,0,23,4
2006,7,17,6,30,24.3,11,145,4
2006,7,17,7,30,26.200000000000003,405,404,8
2006,7,17,8,30,28.3,231,512,3
2006,7,17,9,30,30.400000000000002,553,714,8
2006,7,17,10,30,32.1,780,888,1
2006,7,17,11,30,32.9,803,950,0
2006,7,17,12,30,33,800,948,0
2006,7,17,13,30,32.4,606,802,8
2006,7,17,14,30,31.400000000000002,0,95,4
2006,7,17,15,30,30.200000000000003,291,486,8
2006,7,17,16,30,28.8,119,291,8
2006,7,17,17,30,27,393,216,0
2006,7,17,18,30,25.200000000000003,2,36,7
2006,7,17,19,30,24.1,0,0,7
2006,7,17,20,30,23.6,0,0,1
2006,7,17,21,30,23.3,0,0,0
2006,7,17,22,30,23.1,0,0,7
2006,7,17,23,30,22.8,0,0,0
2006,7,18,0,30,22.5,0,0,0
2006,7,18,1,30,22.5,0,0,4
2006,7,18,2,30,22.5,0,0,1
2006,7,18,3,30,22.6,0,0,0
2006,7,18,4,30,22.8,0,0,0
2006,7,18,5,30,23.5,140,53,0
2006,7,18,6,30,25,448,228,0
2006,7,18,7,30,27.8,613,428,0
2006,7,18,8,30,30.6,704,618,0
2006,7,18,9,30,32.4,758,777,0
2006,7,18,10,30,33.1,830,901,0
2006,7,18,11,30,33.1,844,960,0
2006,7,18,12,30,32.6,841,958,0
2006,7,18,13,30,32,833,898,0
2006,7,18,14,30,31.3,803,781,0
2006,7,18,15,30,30.5,754,621,0
2006,7,18,16,30,29.3,670,429,0
2006,7,18,17,30,27.6,515,227,0
2006,7,18,18,30,25.700000000000003,209,52,1
2006,7,18,19,30,24.200000000000003,0,0,0
2006,7,18,20,30,23.5,0,0,1
2006,7,18,21,30,23.1,0,0,1
2006,7,18,22,30,23,0,0,1
2006,7,18,23,30,22.8,0,0,0
2006,7,19,0,30,22.6,0,0,0
2006,7,19,1,30,22.400000000000002,0,0,0
2006,7,19,2,30,22.200000000000003,0,0,0
2006,7,19,3,30,21.900000000000002,0,0,0
2006,7,19,4,30,21.8,0,0,0
2006,7,19,5,30,22.700000000000003,176,54,0
2006,7,19,6,30,24.400000000000002,466,228,1
2006,7,19,7,30,26.5,184,348,3
2006,7,19,8,30,28.3,721,620,0
2006,7,19,9,30,29.900000000000002,781,781,0
2006,7,19,10,30,30.900000000000002,622,860,3
2006,7,19,11,30,31.5,871,967,0
2006,7,19,12,30,31.6,658,912,3
2006,7,19,13,30,31.3,853,905,1
2006,7,19,14,30,30.700000000000003,666,726,8
2006,7,19,15,30,29.900000000000002,528,553,8
2006,7,19,16,30,28.8,413,370,8
2006,7,19,17,30,27.200000000000003,224,192,8
2006,7,19,18,30,25.400000000000002,4,37,7
2006,7,19,19,30,24.1,0,0,0
2006,7,19,20,30,23.3,0,0,0
2006,7,19,21,30,22.8,0,0,0
2006,7,19,22,30,22.5,0,0,0
2006,7,19,23,30,22.5,0,0,0
2006,7,20,0,30,22.5,0,0,0
2006,7,20,1,30,22.5,0,0,0
2006,7,20,2,30,22.400000000000002,0,0,0
2006,7,20,3,30,22.200000000000003,0,0,0
2006,7,20,4,30,22.400000000000002,0,0,0
2006,7,20,5,30,23.6,176,53,0
2006,7,20,6,30,25.6,464,226,0
2006,7,20,7,30,27.700000000000003,616,425,0
2006,7,20,8,30,29.700000000000003,705,616,0
2006,7,20,9,30,31.3,758,776,0
2006,7,20,10,30,32.2,838,902,0
2006,7,20,11,30,32.4,845,961,0
2006,7,20,12,30,32.2,837,958,0
2006,7,20,13,30,31.900000000000002,840,901,0
2006,7,20,14,30,31.400000000000002,808,783,0
2006,7,20,15,30,30.8,756,621,0
2006,7,20,16,30,29.900000000000002,658,426,0
2006,7,20,17,30,28.6,498,223,0
2006,7,20,18,30,27.200000000000003,194,50,1
2006,7,20,19,30,26.1,0,0,0
2006,7,20,20,30,25.400000000000002,0,0,0
2006,7,20,21,30,24.8,0,0,0
2006,7,20,22,30,24.5,0,0,0
2006,7,20,23,30,24.3,0,0,0
2006,7,21,0,30,24.3,0,0,0
2006,7,21,1,30,24.200000000000003,0,0,0
2006,7,21,2,30,24,0,0,0
2006,7,21,3,30,23.900000000000002,0,0,0
2006,7,21,4,30,24.5,0,0,0
2006,7,21,5,30,26.1,211,53,0
2006,7,21,6,30,28.700000000000003,509,229,0
2006,7,21,7,30,31.200000000000003,663,431,0
2006,7,21,8,30,32.7,750,623,0
2006,7,21,9,30,33.6,801,784,0
2006,7,21,10,30,34.2,845,903,0
2006,7,21,11,30,34.6,858,965,0
2006,7,21,12,30,34.7,857,965,0
2006,7,21,13,30,34.7,838,903,0
2006,7,21,14,30,34.6,811,788,0
2006,7,21,15,30,34.4,762,625,0
2006,7,21,16,30,33.800000000000004,688,433,0
2006,7,21,17,30,32.4,534,229,0
2006,7,21,18,30,30,220,50,0
2006,7,21,19,30,28.3,0,0,0
2006,7,21,20,30,27.700000000000003,0,0,0
2006,7,21,21,30,27.400000000000002,0,0,0
2006,7,21,22,30,27.200000000000003,0,0,0
2006,7,21,23,30,26.900000000000002,0,0,0
2006,7,22,0,30,26.8,0,0,0
2006,7,22,1,30,26.900000000000002,0,0,0
2006,7,22,2,30,27,0,0,0
2006,7,22,3,30,27.1,0,0,0
2006,7,22,4,30,27.6,0,0,7
2006,7,22,5,30,29.5,0,31,4
2006,7,22,6,30,32.300000000000004,260,205,8
2006,7,22,7,30,34.800000000000004,636,424,0
2006,7,22,8,30,36.5,717,613,0
2006,7,22,9,30,37.6,567,700,8
2006,7,22,10,30,38,776,882,1
2006,7,22,11,30,37.7,675,875,8
2006,7,22,12,30,37.300000000000004,765,933,0
2006,7,22,13,30,37.300000000000004,786,882,0
2006,7,22,14,30,37.800000000000004,773,771,0
2006,7,22,15,30,38.2,742,615,0
2006,7,22,16,30,37.7,153,286,8
2006,7,22,17,30,36.1,2,68,6
2006,7,22,18,30,34,3,35,7
2006,7,22,19,30,32.6,0,0,6
2006,7,22,20,30,32,0,0,8
2006,7,22,21,30,31.6,0,0,0
2006,7,22,22,30,30.8,0,0,0
2006,7,22,23,30,29.700000000000003,0,0,0
2006,7,23,0,30,28.700000000000003,0,0,0
2006,7,23,1,30,28.1,0,0,0
2006,7,23,2,30,27.900000000000002,0,0,0
2006,7,23,3,30,27.900000000000002,0,0,1
2006,7,23,4,30,28.3,0,0,3
2006,7,23,5,30,29.700000000000003,0,35,3
2006,7,23,6,30,31.8,490,224,1
2006,7,23,7,30,33.7,608,420,0
2006,7,23,8,30,34.9,541,549,7
2006,7,23,9,30,35.9,0,42,8
2006,7,23,10,30,36.7,0,253,4
2006,7,23,11,30,37.6,331,808,3
2006,7,23,12,30,38.1,632,864,8
2006,7,23,13,30,37.9,774,881,0
2006,7,23,14,30,37.1,744,765,0
2006,7,23,15,30,35.800000000000004,62,380,3
2006,7,23,16,30,34.4,185,345,3
2006,7,23,17,30,32.6,405,211,0
2006,7,23,18,30,30.5,118,42,0
2006,7,23,19,30,29.1,0,0,0
2006,7,23,20,30,28.5,0,0,3
2006,7,23,21,30,28.1,0,0,0
2006,7,23,22,30,27.900000000000002,0,0,0
2006,7,23,23,30,27.700000000000003,0,0,0
2006,7,24,0,30,27.5,0,0,0
2006,7,24,1,30,27.200000000000003,0,0,0
2006,7,24,2,30,26.700000000000003,0,0,0
2006,7,24,3,30,26.200000000000003,0,0,0
2006,7,24,4,30,26.1,0,0,0
2006,7,24,5,30,27.200000000000003,150,46,0
2006,7,24,6,30,29.700000000000003,445,218,0
2006,7,24,7,30,32.7,602,417,0
2006,7,24,8,30,34.9,694,608,0
2006,7,24,9,30,36.2,748,767,0
2006,7,24,10,30,36.7,746,873,0
2006,7,24,11,30,36.6,756,930,0
2006,7,24,12,30,36.5,750,930,0
2006,7,24,13,30,36.300000000000004,750,872,0
2006,7,24,14,30,35.9,713,755,1
2006,7,24,15,30,35.1,649,593,1
2006,7,24,16,30,34.1,570,405,0
2006,7,24,17,30,32.6,201,199,8
2006,7,24,18,30,31,0,32,4
2006,7,24,19,30,29.6,0,0,7
2006,7,24,20,30,28.900000000000002,0,0,3
2006,7,24,21,30,28.3,0,0,1
2006,7,24,22,30,27.8,0,0,3
2006,7,24,23,30,27.3,0,0,3
2006,7,25,0,30,26.900000000000002,0,0,7
2006,7,25,1,30,26.6,0,0,7
2006,7,25,2,30,26.3,0,0,7
2006,7,25,3,30,26.200000000000003,0,0,7
2006,7,25,4,30,26.3,0,0,0
2006,7,25,5,30,27.1,126,43,1
2006,7,25,6,30,28.8,1,101,3
2006,7,25,7,30,30.700000000000003,70,300,3
2006,7,25,8,30,32.6,644,594,0
2006,7,25,9,30,34.1,706,755,0
2006,7,25,10,30,34.9,767,877,0
2006,7,25,11,30,35.1,781,938,0
2006,7,25,12,30,34.800000000000004,775,936,0
2006,7,25,13,30,34.2,765,877,0
2006,7,25,14,30,33.300000000000004,724,758,0
2006,7,25,15,30,32.2,661,596,0
2006,7,25,16,30,30.8,543,402,0
2006,7,25,17,30,28.900000000000002,364,203,0
2006,7,25,18,30,26.900000000000002,2,35,7
2006,7,25,19,30,25.6,0,0,7
2006,7,25,20,30,25,0,0,7
2006,7,25,21,30,24.700000000000003,0,0,8
2006,7,25,22,30,24.5,0,0,7
2006,7,25,23,30,24.400000000000002,0,0,3
2006,7,26,0,30,24.3,0,0,0
2006,7,26,1,30,24.200000000000003,0,0,0
2006,7,26,2,30,24.1,0,0,7
2006,7,26,3,30,23.900000000000002,0,0,7
2006,7,26,4,30,24.200000000000003,0,0,4
2006,7,26,5,30,25.200000000000003,2,35,7
2006,7,26,6,30,27,187,207,3
2006,7,26,7,30,28.900000000000002,351,378,7
2006,7,26,8,30,30.8,614,593,0
2006,7,26,9,30,32.6,680,754,0
2006,7,26,10,30,33.9,716,870,0
2006,7,26,11,30,34.7,616,870,8
2006,7,26,12,30,34.9,666,901,8
2006,7,26,13,30,34.6,727,872,1
2006,7,26,14,30,34.1,409,633,8
2006,7,26,15,30,33.2,160,447,8
2006,7,26,16,30,32,100,280,7
2006,7,26,17,30,30.3,13,114,7
2006,7,26,18,30,28.5,1,29,7
2006,7,26,19,30,27.400000000000002,0,0,7
2006,7,26,20,30,26.8,0,0,7
2006,7,26,21,30,26.400000000000002,0,0,7
2006,7,26,22,30,26.1,0,0,1
2006,7,26,23,30,25.8,0,0,0
2006,7,27,0,30,25.5,0,0,0
2006,7,27,1,30,25.3,0,0,0
2006,7,27,2,30,25.200000000000003,0,0,0
2006,7,27,3,30,25.1,0,0,3
2006,7,27,4,30,25.200000000000003,0,0,1
2006,7,27,5,30,25.900000000000002,0,28,3
2006,7,27,6,30,27,30,159,4
2006,7,27,7,30,28.3,287,362,8
2006,7,27,8,30,29.5,129,454,3
2006,7,27,9,30,30.5,687,750,1
2006,7,27,10,30,31.400000000000002,727,866,0
2006,7,27,11,30,32,744,925,0
2006,7,27,12,30,32.1,747,925,0
2006,7,27,13,30,31.8,752,868,1
2006,7,27,14,30,31.3,720,752,0
2006,7,27,15,30,30.400000000000002,660,590,0
2006,7,27,16,30,29.1,535,396,0
2006,7,27,17,30,27.5,6,127,3
2006,7,27,18,30,26,0,29,2
2006,7,27,19,30,25.1,0,0,3
2006,7,27,20,30,24.700000000000003,0,0,3
2006,7,27,21,30,24.3,0,0,3
2006,7,27,22,30,24,0,0,3
2006,7,27,23,30,23.700000000000003,0,0,7
2006,7,28,0,30,23.400000000000002,0,0,4
2006,7,28,1,30,23.3,0,0,4
2006,7,28,2,30,23.3,0,0,3
2006,7,28,3,30,23.400000000000002,0,0,1
2006,7,28,4,30,23.6,0,0,3
2006,7,28,5,30,24.1,0,30,3
2006,7,28,6,30,25,37,164,3
2006,7,28,7,30,26.200000000000003,32,261,3
2006,7,28,8,30,27.5,86,416,3
2006,7,28,9,30,28.900000000000002,432,715,2
2006,7,28,10,30,30,392,778,2
2006,7,28,11,30,30.900000000000002,267,758,3
2006,7,28,12,30,31.400000000000002,774,929,0
2006,7,28,13,30,31.3,775,871,0
2006,7,28,14,30,30.700000000000003,742,755,0
2006,7,28,15,30,29.8,682,592,0
2006,7,28,16,30,28.3,588,401,0
2006,7,28,17,30,26.5,386,200,0
2006,7,28,18,30,25.1,77,34,1
2006,7,28,19,30,24.3,0,0,0
2006,7,28,20,30,23.900000000000002,0,0,1
2006,7,28,21,30,23.5,0,0,1
2006,7,28,22,30,23.3,0,0,1
2006,7,28,23,30,23.1,0,0,3
2006,7,29,0,30,23,0,0,3
2006,7,29,1,30,22.8,0,0,1
2006,7,29,2,30,22.700000000000003,0,0,3
2006,7,29,3,30,22.6,0,0,1
2006,7,29,4,30,22.6,0,0,1
2006,7,29,5,30,23.1,76,36,0
2006,7,29,6,30,24,0,66,3
2006,7,29,7,30,25,1,154,3
2006,7,29,8,30,26.1,3,252,3
2006,7,29,9,30,27.1,10,353,3
2006,7,29,10,30,27.8,4,369,3
2006,7,29,11,30,28.200000000000003,93,560,3
2006,7,29,12,30,28.3,2,361,3
2006,7,29,13,30,28.1,778,873,1
2006,7,29,14,30,27.6,137,536,2
2006,7,29,15,30,26.900000000000002,685,593,0
2006,7,29,16,30,25.900000000000002,576,399,0
2006,7,29,17,30,24.700000000000003,394,199,0
2006,7,29,18,30,23.700000000000003,98,34,0
2006,7,29,19,30,23.1,0,0,3
2006,7,29,20,30,22.8,0,0,3
2006,7,29,21,30,22.6,0,0,1
2006,7,29,22,30,22.400000000000002,0,0,3
2006,7,29,23,30,22.200000000000003,0,0,3
2006,7,30,0,30,22,0,0,3
2006,7,30,1,30,21.700000000000003,0,0,3
2006,7,30,2,30,21.5,0,0,3
2006,7,30,3,30,21.3,0,0,3
2006,7,30,4,30,21.200000000000003,0,0,3
2006,7,30,5,30,21.700000000000003,0,17,3
2006,7,30,6,30,22.8,0,42,3
2006,7,30,7,30,24.200000000000003,1,158,3
2006,7,30,8,30,25.8,685,600,0
2006,7,30,9,30,27.200000000000003,27,386,3
2006,7,30,10,30,28.200000000000003,39,460,3
2006,7,30,11,30,28.900000000000002,809,943,1
2006,7,30,12,30,29.1,819,945,1
2006,7,30,13,30,28.8,530,823,2
2006,7,30,14,30,28,805,770,0
2006,7,30,15,30,26.8,756,607,0
2006,7,30,16,30,25.5,616,405,0
2006,7,30,17,30,24,441,202,0
2006,7,30,18,30,22.8,128,35,0
2006,7,30,19,30,22.1,0,0,0
2006,7,30,20,30,21.700000000000003,0,0,0
2006,7,30,21,30,21.400000000000002,0,0,0
2006,7,30,22,30,21.200000000000003,0,0,0
2006,7,30,23,30,21,0,0,1
2006,7,31,0,30,20.900000000000002,0,0,3
2006,7,31,1,30,20.6,0,0,3
2006,7,31,2,30,20.400000000000002,0,0,3
2006,7,31,3,30,20.200000000000003,0,0,3
2006,7,31,4,30,20.200000000000003,0,0,3
2006,7,31,5,30,20.6,163,41,1
2006,7,31,6,30,21.700000000000003,526,218,1
2006,7,31,7,30,23.200000000000003,0,111,3
2006,7,31,8,30,24.900000000000002,1,218,3
2006,7,31,9,30,26.5,4,328,3
2006,7,31,10,30,27.6,472,811,2
2006,7,31,11,30,28.200000000000003,635,915,2
2006,7,31,12,30,28.3,328,789,2
2006,7,31,13,30,28,857,904,0
2006,7,31,14,30,27.200000000000003,825,784,0
2006,7,31,15,30,26.200000000000003,767,616,0
2006,7,31,16,30,24.8,680,418,0
2006,7,31,17,30,23.200000000000003,2,112,3
2006,7,31,18,30,22,156,36,0
2006,7,31,19,30,21.5,0,0,0
2006,7,31,20,30,21.200000000000003,0,0,0
2006,7,31,21,30,20.900000000000002,0,0,3
2006,7,31,22,30,20.700000000000003,0,0,1
2006,7,31,23,30,20.5,0,0,3
2006,8,1,0,30,20.3,0,0,0
2006,8,1,1,30,20.1,0,0,1
2006,8,1,2,30,19.900000000000002,0,0,3
2006,8,1,3,30,19.700000000000003,0,0,3
2006,8,1,4,30,19.8,0,0,3
2006,8,1,5,30,20.5,114,38,1
2006,8,1,6,30,21.900000000000002,0,81,3
2006,8,1,7,30,23.5,1,157,3
2006,8,1,8,30,25.1,144,467,3
2006,8,1,9,30,26.400000000000002,157,576,2
2006,8,1,10,30,27.3,879,923,1
2006,8,1,11,30,27.8,897,988,0
2006,8,1,12,30,27.900000000000002,896,986,0
2006,8,1,13,30,27.6,898,927,0
2006,8,1,14,30,27,870,806,0
2006,8,1,15,30,26.1,821,637,0
2006,8,1,16,30,25,738,434,0
2006,8,1,17,30,23.6,570,220,0
2006,8,1,18,30,22.3,193,38,0
2006,8,1,19,30,21.3,0,0,0
2006,8,1,20,30,20.700000000000003,0,0,0
2006,8,1,21,30,20.3,0,0,0
2006,8,1,22,30,20,0,0,0
2006,8,1,23,30,19.8,0,0,0
2006,8,2,0,30,19.6,0,0,3
2006,8,2,1,30,19.400000000000002,0,0,3
2006,8,2,2,30,19.3,0,0,3
2006,8,2,3,30,19.200000000000003,0,0,3
2006,8,2,4,30,19.400000000000002,0,0,3
2006,8,2,5,30,20.1,58,32,1
2006,8,2,6,30,21.5,6,133,3
2006,8,2,7,30,23.400000000000002,723,441,1
2006,8,2,8,30,25.400000000000002,202,493,2
2006,8,2,9,30,27.3,871,818,1
2006,8,2,10,30,28.700000000000003,38,477,2
2006,8,2,11,30,29.5,920,1004,1
2006,8,2,12,30,29.8,921,1003,0
2006,8,2,13,30,29.6,909,937,0
2006,8,2,14,30,29,881,813,0
2006,8,2,15,30,27.900000000000002,831,641,0
2006,8,2,16,30,26.5,743,435,0
2006,8,2,17,30,24.6,570,218,0
2006,8,2,18,30,22.6,193,35,0
2006,8,2,19,30,21.200000000000003,0,0,0
2006,8,2,20,30,20.400000000000002,0,0,0
2006,8,2,21,30,19.900000000000002,0,0,0
2006,8,2,22,30,19.700000000000003,0,0,0
2006,8,2,23,30,19.400000000000002,0,0,0
2006,8,3,0,30,19.200000000000003,0,0,0
2006,8,3,1,30,18.900000000000002,0,0,1
2006,8,3,2,30,18.900000000000002,0,0,1
2006,8,3,3,30,19,0,0,1
2006,8,3,4,30,19.200000000000003,0,0,1
2006,8,3,5,30,19.900000000000002,120,35,1
2006,8,3,6,30,21.5,465,210,1
2006,8,3,7,30,23.5,0,62,3
2006,8,3,8,30,25.5,0,146,3
2006,8,3,9,30,27.200000000000003,1,245,3
2006,8,3,10,30,28.3,0,190,3
2006,8,3,11,30,28.700000000000003,0,175,3
2006,8,3,12,30,28.6,1,286,3
2006,8,3,13,30,28.200000000000003,186,652,3
2006,8,3,14,30,27.5,7,343,3
2006,8,3,15,30,26.6,3,250,3
2006,8,3,16,30,25.3,106,307,3
2006,8,3,17,30,23.8,472,204,0
2006,8,3,18,30,22.3,125,31,1
2006,8,3,19,30,21.400000000000002,0,0,1
2006,8,3,20,30,20.8,0,0,3
2006,8,3,21,30,20.3,0,0,3
2006,8,3,22,30,20.1,0,0,1
2006,8,3,23,30,19.900000000000002,0,0,3
2006,8,4,0,30,19.700000000000003,0,0,3
2006,8,4,1,30,19.6,0,0,1
2006,8,4,2,30,19.5,0,0,3
2006,8,4,3,30,19.400000000000002,0,0,3
2006,8,4,4,30,19.400000000000002,0,0,3
2006,8,4,5,30,19.900000000000002,106,34,1
2006,8,4,6,30,21,470,211,1
2006,8,4,7,30,22.6,41,271,3
2006,8,4,8,30,24.3,0,196,3
2006,8,4,9,30,25.8,844,802,1
2006,8,4,10,30,26.700000000000003,566,859,2
2006,8,4,11,30,27.200000000000003,940,1002,0
2006,8,4,12,30,27.1,946,1004,0
2006,8,4,13,30,26.8,938,941,0
2006,8,4,14,30,26.3,916,819,0
2006,8,4,15,30,25.5,869,645,0
2006,8,4,16,30,24.200000000000003,788,439,0
2006,8,4,17,30,22.5,619,220,0
2006,8,4,18,30,20.8,218,34,0
2006,8,4,19,30,19.700000000000003,0,0,0
2006,8,4,20,30,19.1,0,0,0
2006,8,4,21,30,18.7,0,0,0
2006,8,4,22,30,18.3,0,0,0
2006,8,4,23,30,17.900000000000002,0,0,0
2006,8,5,0,30,17.7,0,0,0
2006,8,5,1,30,17.6,0,0,0
2006,8,5,2,30,17.5,0,0,0
2006,8,5,3,30,17.400000000000002,0,0,0
2006,8,5,4,30,17.5,0,0,1
2006,8,5,5,30,18.6,207,38,0
2006,8,5,6,30,20.400000000000002,586,224,1
2006,8,5,7,30,22.400000000000002,738,438,0
2006,8,5,8,30,24.400000000000002,834,645,0
2006,8,5,9,30,26.1,892,818,0
2006,8,5,10,30,27.200000000000003,929,944,0
2006,8,5,11,30,27.700000000000003,943,1004,0
2006,8,5,12,30,27.6,945,1004,0
2006,8,5,13,30,27.3,940,940,0
2006,8,5,14,30,26.8,917,815,0
2006,8,5,15,30,26.200000000000003,873,642,0
2006,8,5,16,30,25.1,798,436,0
2006,8,5,17,30,23.200000000000003,641,218,0
2006,8,5,18,30,21.200000000000003,249,33,0
2006,8,5,19,30,19.900000000000002,0,0,0
2006,8,5,20,30,19.200000000000003,0,0,0
2006,8,5,21,30,18.8,0,0,0
2006,8,5,22,30,18.7,0,0,0
2006,8,5,23,30,18.6,0,0,0
2006,8,6,0,30,18.5,0,0,0
2006,8,6,1,30,18.400000000000002,0,0,0
2006,8,6,2,30,18.2,0,0,0
2006,8,6,3,30,18,0,0,0
2006,8,6,4,30,18.1,0,0,0
2006,8,6,5,30,19,190,35,0
2006,8,6,6,30,20.6,1,84,3
2006,8,6,7,30,22.400000000000002,1,163,3
2006,8,6,8,30,24.200000000000003,7,275,3
2006,8,6,9,30,25.6,42,414,3
2006,8,6,10,30,26.5,471,814,2
2006,8,6,11,30,26.900000000000002,928,991,0
2006,8,6,12,30,26.700000000000003,930,992,0
2006,8,6,13,30,26.3,926,930,0
2006,8,6,14,30,25.700000000000003,904,808,0
2006,8,6,15,30,24.900000000000002,857,635,0
2006,8,6,16,30,23.700000000000003,778,430,0
2006,8,6,17,30,22,616,214,0
2006,8,6,18,30,20.3,212,30,0
2006,8,6,19,30,19.200000000000003,0,0,0
2006,8,6,20,30,18.8,0,0,0
2006,8,6,21,30,18.6,0,0,0
2006,8,6,22,30,18.5,0,0,0
2006,8,6,23,30,18.5,0,0,1
2006,8,7,0,30,18.5,0,0,0
2006,8,7,1,30,18.400000000000002,0,0,0
2006,8,7,2,30,18.3,0,0,0
2006,8,7,3,30,18.1,0,0,1
2006,8,7,4,30,18.2,0,0,1
2006,8,7,5,30,18.8,156,34,1
2006,8,7,6,30,20.200000000000003,0,26,3
2006,8,7,7,30,22,0,79,3
2006,8,7,8,30,24,0,164,3
2006,8,7,9,30,25.8,1,259,3
2006,8,7,10,30,27.1,357,779,3
2006,8,7,11,30,27.700000000000003,957,1013,0
2006,8,7,12,30,27.8,959,1011,0
2006,8,7,13,30,27.5,952,948,0
2006,8,7,14,30,27.200000000000003,930,824,0
2006,8,7,15,30,26.5,885,648,0
2006,8,7,16,30,25.5,799,438,0
2006,8,7,17,30,23.6,635,216,0
2006,8,7,18,30,21.400000000000002,224,30,0
2006,8,7,19,30,20.1,0,0,0
2006,8,7,20,30,19.5,0,0,0
2006,8,7,21,30,19.1,0,0,0
2006,8,7,22,30,18.8,0,0,0
2006,8,7,23,30,18.6,0,0,0
2006,8,8,0,30,18.5,0,0,0
2006,8,8,1,30,18.400000000000002,0,0,0
2006,8,8,2,30,18.2,0,0,0
2006,8,8,3,30,17.8,0,0,0
2006,8,8,4,30,17.8,0,0,0
2006,8,8,5,30,19.6,271,37,0
2006,8,8,6,30,22.700000000000003,665,232,0
2006,8,8,7,30,25.6,821,458,0
2006,8,8,8,30,28.3,893,665,0
2006,8,8,9,30,30.400000000000002,933,836,0
2006,8,8,10,30,31.6,963,959,0
2006,8,8,11,30,32,964,1015,0
2006,8,8,12,30,32,957,1009,0
2006,8,8,13,30,31.8,945,940,0
2006,8,8,14,30,31.400000000000002,913,810,0
2006,8,8,15,30,30.6,863,633,0
2006,8,8,16,30,29.400000000000002,783,426,0
2006,8,8,17,30,27.1,620,208,0
2006,8,8,18,30,24.6,214,26,0
2006,8,8,19,30,23,0,0,0
2006,8,8,20,30,22.5,0,0,0
2006,8,8,21,30,22.5,0,0,0
2006,8,8,22,30,22.5,0,0,0
2006,8,8,23,30,22.400000000000002,0,0,0
2006,8,9,0,30,22.1,0,0,0
2006,8,9,1,30,21.700000000000003,0,0,0
2006,8,9,2,30,21.200000000000003,0,0,0
2006,8,9,3,30,20.8,0,0,0
2006,8,9,4,30,20.900000000000002,0,0,0
2006,8,9,5,30,23,232,32,0
2006,8,9,6,30,26.1,605,214,0
2006,8,9,7,30,29.3,763,428,0
2006,8,9,8,30,31.700000000000003,840,628,0
2006,8,9,9,30,32.6,880,794,0
2006,8,9,10,30,33,903,911,0
2006,8,9,11,30,33,909,970,0
2006,8,9,12,30,32.9,905,967,0
2006,8,9,13,30,32.7,896,903,0
2006,8,9,14,30,32.2,871,781,0
2006,8,9,15,30,31.6,825,612,0
2006,8,9,16,30,30.5,750,411,0
2006,8,9,17,30,28.6,587,198,0
2006,8,9,18,30,26.3,190,24,0
2006,8,9,19,30,24.8,0,0,0
2006,8,9,20,30,23.900000000000002,0,0,0
2006,8,9,21,30,23.1,0,0,0
2006,8,9,22,30,22.400000000000002,0,0,0
2006,8,9,23,30,22,0,0,0
2006,8,10,0,30,21.900000000000002,0,0,0
2006,8,10,1,30,22,0,0,0
2006,8,10,2,30,22.200000000000003,0,0,0
2006,8,10,3,30,22.3,0,0,0
2006,8,10,4,30,22.6,0,0,0
2006,8,10,5,30,24.1,189,30,0
2006,8,10,6,30,26.5,558,205,0
2006,8,10,7,30,28.6,713,414,0
2006,8,10,8,30,30.200000000000003,792,612,0
2006,8,10,9,30,31.400000000000002,836,777,0
2006,8,10,10,30,32.1,868,897,0
2006,8,10,11,30,32.4,873,955,0
2006,8,10,12,30,32.300000000000004,865,951,0
2006,8,10,13,30,32,873,891,0
2006,8,10,14,30,31.5,840,767,0
2006,8,10,15,30,30.6,787,597,0
2006,8,10,16,30,29.3,692,396,0
2006,8,10,17,30,27.5,514,187,0
2006,8,10,18,30,25.5,119,20,0
2006,8,10,19,30,24.1,0,0,0
2006,8,10,20,30,23.400000000000002,0,0,0
2006,8,10,21,30,23,0,0,0
2006,8,10,22,30,22.8,0,0,0
2006,8,10,23,30,22.6,0,0,0
2006,8,11,0,30,22.3,0,0,0
2006,8,11,1,30,22,0,0,0
2006,8,11,2,30,21.5,0,0,0
2006,8,11,3,30,21.1,0,0,0
2006,8,11,4,30,20.900000000000002,0,0,0
2006,8,11,5,30,21.900000000000002,143,27,0
2006,8,11,6,30,23.700000000000003,2,99,3
2006,8,11,7,30,25.8,714,413,1
2006,8,11,8,30,27.700000000000003,803,613,0
2006,8,11,9,30,29.3,856,783,0
2006,8,11,10,30,30.5,885,903,0
2006,8,11,11,30,31.1,900,966,0
2006,8,11,12,30,31,898,963,0
2006,8,11,13,30,30.5,886,899,0
2006,8,11,14,30,29.700000000000003,859,775,0
2006,8,11,15,30,28.700000000000003,806,603,0
2006,8,11,16,30,27.3,721,402,0
2006,8,11,17,30,25.5,543,189,0
2006,8,11,18,30,23.6,133,19,0
2006,8,11,19,30,22.3,0,0,0
2006,8,11,20,30,21.700000000000003,0,0,0
2006,8,11,21,30,21.200000000000003,0,0,0
2006,8,11,22,30,20.900000000000002,0,0,0
2006,8,11,23,30,20.5,0,0,0
2006,8,12,0,30,20.1,0,0,0
2006,8,12,1,30,19.6,0,0,0
2006,8,12,2,30,19.200000000000003,0,0,0
2006,8,12,3,30,18.900000000000002,0,0,0
2006,8,12,4,30,18.8,0,0,0
2006,8,12,5,30,19.700000000000003,155,27,1
2006,8,12,6,30,21.6,4,115,3
2006,8,12,7,30,23.700000000000003,675,416,1
2006,8,12,8,30,25.6,780,622,0
2006,8,12,9,30,27,843,796,0
2006,8,12,10,30,28,908,927,0
2006,8,12,11,30,28.400000000000002,923,990,0
2006,8,12,12,30,28.400000000000002,923,987,0
2006,8,12,13,30,28,926,925,0
2006,8,12,14,30,27.400000000000002,903,801,0
2006,8,12,15,30,26.5,856,625,0
2006,8,12,16,30,25.200000000000003,768,416,0
2006,8,12,17,30,23.200000000000003,590,196,0
2006,8,12,18,30,21.1,150,19,0
2006,8,12,19,30,19.8,0,0,0
2006,8,12,20,30,19.200000000000003,0,0,0
2006,8,12,21,30,18.900000000000002,0,0,0
2006,8,12,22,30,18.7,0,0,0
2006,8,12,23,30,18.5,0,0,0
2006,8,13,0,30,18.2,0,0,1
2006,8,13,1,30,18,0,0,0
2006,8,13,2,30,17.7,0,0,0
2006,8,13,3,30,17.5,0,0,0
2006,8,13,4,30,17.5,0,0,1
2006,8,13,5,30,18.5,176,27,1
2006,8,13,6,30,20.5,0,26,3
2006,8,13,7,30,22.700000000000003,2,166,3
2006,8,13,8,30,24.900000000000002,580,625,2
2006,8,13,9,30,26.8,901,813,0
2006,8,13,10,30,28.1,943,940,0
2006,8,13,11,30,28.700000000000003,954,1003,0
2006,8,13,12,30,28.700000000000003,957,1003,0
2006,8,13,13,30,28.3,944,934,0
2006,8,13,14,30,27.6,917,806,0
2006,8,13,15,30,26.5,867,628,0
2006,8,13,16,30,25.200000000000003,789,419,0
2006,8,13,17,30,23.1,612,196,0
2006,8,13,18,30,20.900000000000002,165,18,0
2006,8,13,19,30,19.5,0,0,0
2006,8,13,20,30,18.7,0,0,0
2006,8,13,21,30,18.2,0,0,0
2006,8,13,22,30,17.900000000000002,0,0,0
2006,8,13,23,30,17.6,0,0,0
2006,8,14,0,30,17.400000000000002,0,0,0
2006,8,14,1,30,17.3,0,0,0
2006,8,14,2,30,17.2,0,0,0
2006,8,14,3,30,17.1,0,0,0
2006,8,14,4,30,17.2,0,0,0
2006,8,14,5,30,18.1,179,26,1
2006,8,14,6,30,19.6,4,112,3
2006,8,14,7,30,21.5,75,291,3
2006,8,14,8,30,23.5,57,361,3
2006,8,14,9,30,25.3,873,806,0
2006,8,14,10,30,26.5,919,933,0
2006,8,14,11,30,27.3,933,996,0
2006,8,14,12,30,27.700000000000003,935,993,0
2006,8,14,13,30,27.6,941,929,0
2006,8,14,14,30,26.900000000000002,914,800,0
2006,8,14,15,30,25.8,868,625,0
2006,8,14,16,30,24.200000000000003,785,414,0
2006,8,14,17,30,22,605,192,0
2006,8,14,18,30,19.8,148,16,0
2006,8,14,19,30,18.5,0,0,0
2006,8,14,20,30,17.900000000000002,0,0,0
2006,8,14,21,30,17.5,0,0,0
2006,8,14,22,30,17.3,0,0,0
2006,8,14,23,30,17.2,0,0,0
2006,8,15,0,30,17.1,0,0,0
2006,8,15,1,30,16.900000000000002,0,0,0
2006,8,15,2,30,16.6,0,0,1
2006,8,15,3,30,16.400000000000002,0,0,1
2006,8,15,4,30,16.400000000000002,0,0,1
2006,8,15,5,30,17.3,162,25,1
2006,8,15,6,30,19.200000000000003,0,53,3
2006,8,15,7,30,21.200000000000003,0,115,3
2006,8,15,8,30,23.1,36,334,3
2006,8,15,9,30,24.5,883,805,0
2006,8,15,10,30,25.5,925,932,0
2006,8,15,11,30,25.900000000000002,936,995,0
2006,8,15,12,30,25.900000000000002,935,991,0
2006,8,15,13,30,25.5,932,924,0
2006,8,15,14,30,24.900000000000002,909,798,0
2006,8,15,15,30,23.900000000000002,862,620,0
2006,8,15,16,30,22.700000000000003,782,412,0
2006,8,15,17,30,21.200000000000003,604,189,0
2006,8,15,18,30,19.5,141,15,0
2006,8,15,19,30,18.6,0,0,0
2006,8,15,20,30,18.2,0,0,0
2006,8,15,21,30,17.900000000000002,0,0,0
2006,8,15,22,30,17.7,0,0,0
2006,8,15,23,30,17.5,0,0,0
2006,8,16,0,30,17.2,0,0,0
2006,8,16,1,30,16.900000000000002,0,0,0
2006,8,16,2,30,16.6,0,0,0
2006,8,16,3,30,16.3,0,0,0
2006,8,16,4,30,16.2,0,0,1
2006,8,16,5,30,17.2,142,23,1
2006,8,16,6,30,19,552,202,1
2006,8,16,7,30,21.1,0,102,3
2006,8,16,8,30,23.200000000000003,1,237,3
2006,8,16,9,30,25,121,523,3
2006,8,16,10,30,26.200000000000003,920,932,0
2006,8,16,11,30,26.700000000000003,929,994,0
2006,8,16,12,30,26.8,925,989,0
2006,8,16,13,30,26.5,936,926,0
2006,8,16,14,30,26,906,796,0
2006,8,16,15,30,25.200000000000003,857,619,0
2006,8,16,16,30,23.900000000000002,753,404,0
2006,8,16,17,30,22,561,183,0
2006,8,16,18,30,20.1,94,13,0
2006,8,16,19,30,19,0,0,0
2006,8,16,20,30,18.400000000000002,0,0,0
2006,8,16,21,30,17.8,0,0,0
2006,8,16,22,30,17.400000000000002,0,0,0
2006,8,16,23,30,17.1,0,0,0
2006,8,17,0,30,16.7,0,0,0
2006,8,17,1,30,16.3,0,0,0
2006,8,17,2,30,15.9,0,0,0
2006,8,17,3,30,15.700000000000001,0,0,0
2006,8,17,4,30,15.8,0,0,0
2006,8,17,5,30,17.1,162,23,1
2006,8,17,6,30,19.3,0,49,3
2006,8,17,7,30,21.700000000000003,5,184,3
2006,8,17,8,30,24,860,643,0
2006,8,17,9,30,25.900000000000002,911,817,0
2006,8,17,10,30,27.400000000000002,953,945,0
2006,8,17,11,30,28.1,964,1008,0
2006,8,17,12,30,28.3,962,1003,0
2006,8,17,13,30,28.1,951,931,0
2006,8,17,14,30,27.700000000000003,922,800,0
2006,8,17,15,30,26.900000000000002,868,617,0
2006,8,17,16,30,25.700000000000003,779,404,0
2006,8,17,17,30,23.5,588,181,0
2006,8,17,18,30,21.3,0,0,0
2006,8,17,19,30,20.3,0,0,0
2006,8,17,20,30,19.8,0,0,0
2006,8,17,21,30,19.6,0,0,0
2006,8,17,22,30,19.3,0,0,0
2006,8,17,23,30,19,0,0,0
2006,8,18,0,30,18.7,0,0,0
2006,8,18,1,30,18.3,0,0,0
2006,8,18,2,30,18,0,0,0
2006,8,18,3,30,17.900000000000002,0,0,0
2006,8,18,4,30,18,0,0,0
2006,8,18,5,30,19.1,157,21,1
2006,8,18,6,30,21.1,575,198,1
2006,8,18,7,30,23.3,0,133,3
2006,8,18,8,30,25.400000000000002,146,444,3
2006,8,18,9,30,27.3,878,792,0
2006,8,18,10,30,28.6,920,918,0
2006,8,18,11,30,29.3,934,980,0
2006,8,18,12,30,29.6,937,979,0
2006,8,18,13,30,29.5,933,911,0
2006,8,18,14,30,29.1,905,782,0
2006,8,18,15,30,28.200000000000003,853,602,0
2006,8,18,16,30,27,767,393,0
2006,8,18,17,30,24.8,579,175,0
2006,8,18,18,30,22.5,0,0,0
2006,8,18,19,30,21.5,0,0,0
2006,8,18,20,30,21.1,0,0,0
2006,8,18,21,30,20.700000000000003,0,0,0
2006,8,18,22,30,20.200000000000003,0,0,0
2006,8,18,23,30,19.700000000000003,0,0,0
2006,8,19,0,30,19.3,0,0,0
2006,8,19,1,30,18.900000000000002,0,0,0
2006,8,19,2,30,18.6,0,0,0
2006,8,19,3,30,18.400000000000002,0,0,0
2006,8,19,4,30,18.5,0,0,0
2006,8,19,5,30,19.6,150,19,1
2006,8,19,6,30,21.6,588,198,1
2006,8,19,7,30,23.700000000000003,0,98,3
2006,8,19,8,30,25.6,34,323,3
2006,8,19,9,30,27.3,896,797,0
2006,8,19,10,30,28.3,930,922,0
2006,8,19,11,30,28.6,939,983,0
2006,8,19,12,30,28.5,938,981,0
2006,8,19,13,30,28.200000000000003,938,914,0
2006,8,19,14,30,27.5,909,783,0
2006,8,19,15,30,26.6,860,606,0
2006,8,19,16,30,25.200000000000003,768,393,0
2006,8,19,17,30,23,575,173,0
2006,8,19,18,30,20.8,0,0,0
2006,8,19,19,30,19.5,0,0,0
2006,8,19,20,30,18.900000000000002,0,0,0
2006,8,19,21,30,18.400000000000002,0,0,0
2006,8,19,22,30,18.1,0,0,0
2006,8,19,23,30,17.900000000000002,0,0,0
2006,8,20,0,30,17.7,0,0,0
2006,8,20,1,30,17.400000000000002,0,0,0
2006,8,20,2,30,17.1,0,0,0
2006,8,20,3,30,16.7,0,0,0
2006,8,20,4,30,16.6,0,0,0
2006,8,20,5,30,17.5,148,19,1
2006,8,20,6,30,19.5,593,198,1
2006,8,20,7,30,21.900000000000002,1,157,3
2006,8,20,8,30,24.3,69,374,3
2006,8,20,9,30,26.3,917,808,0
2006,8,20,10,30,27.6,950,934,0
2006,8,20,11,30,28.200000000000003,960,995,0
2006,8,20,12,30,28.5,957,990,0
2006,8,20,13,30,28.5,949,923,0
2006,8,20,14,30,28.1,921,791,0
2006,8,20,15,30,27.3,871,609,0
2006,8,20,16,30,25.900000000000002,786,397,0
2006,8,20,17,30,23.5,595,173,0
2006,8,20,18,30,21,0,0,0
2006,8,20,19,30,19.8,0,0,0
2006,8,20,20,30,19.3,0,0,0
2006,8,20,21,30,19,0,0,0
2006,8,20,22,30,18.900000000000002,0,0,0
2006,8,20,23,30,19,0,0,0
2006,8,21,0,30,19.1,0,0,0
2006,8,21,1,30,19.1,0,0,0
2006,8,21,2,30,19.1,0,0,0
2006,8,21,3,30,19.200000000000003,0,0,0
2006,8,21,4,30,19.400000000000002,0,0,0
2006,8,21,5,30,20.700000000000003,135,17,1
2006,8,21,6,30,22.900000000000002,0,65,3
2006,8,21,7,30,25.200000000000003,20,211,3
2006,8,21,8,30,27.3,864,624,0
2006,8,21,9,30,29.1,907,795,0
2006,8,21,10,30,30.200000000000003,936,918,0
2006,8,21,11,30,30.6,947,979,0
2006,8,21,12,30,30.8,943,971,0
2006,8,21,13,30,30.8,935,902,0
2006,8,21,14,30,30.5,908,772,0
2006,8,21,15,30,29.8,856,592,0
2006,8,21,16,30,28.700000000000003,764,381,0
2006,8,21,17,30,26.400000000000002,570,163,0
2006,8,21,18,30,24,0,0,0
2006,8,21,19,30,22.8,0,0,0
2006,8,21,20,30,22.200000000000003,0,0,0
2006,8,21,21,30,21.700000000000003,0,0,0
2006,8,21,22,30,21.3,0,0,0
2006,8,21,23,30,21.200000000000003,0,0,0
2006,8,22,0,30,21.3,0,0,0
2006,8,22,1,30,21.400000000000002,0,0,0
2006,8,22,2,30,21.6,0,0,0
2006,8,22,3,30,21.700000000000003,0,0,0
2006,8,22,4,30,21.900000000000002,0,0,0
2006,8,22,5,30,23.400000000000002,103,15,0
2006,8,22,6,30,26.1,534,183,0
2006,8,22,7,30,28.700000000000003,715,396,0
2006,8,22,8,30,30.6,800,596,0
2006,8,22,9,30,31.700000000000003,846,763,0
2006,8,22,10,30,32.4,869,880,0
2006,8,22,11,30,32.800000000000004,877,939,0
2006,8,22,12,30,32.9,872,931,0
2006,8,22,13,30,32.800000000000004,872,867,0
2006,8,22,14,30,32.4,840,739,0
2006,8,22,15,30,31.6,782,564,0
2006,8,22,16,30,30.400000000000002,686,359,0
2006,8,22,17,30,28.3,474,148,0
2006,8,22,18,30,26,0,0,0
2006,8,22,19,30,24.5,0,0,0
2006,8,22,20,30,23.6,0,0,0
2006,8,22,21,30,23.1,0,0,0
2006,8,22,22,30,22.900000000000002,0,0,0
2006,8,22,23,30,23.1,0,0,0
2006,8,23,0,30,23.5,0,0,0
2006,8,23,1,30,23.8,0,0,0
2006,8,23,2,30,24.1,0,0,0
2006,8,23,3,30,24.3,0,0,0
2006,8,23,4,30,24.400000000000002,0,0,0
2006,8,23,5,30,25,96,14,0
2006,8,23,6,30,26.8,520,179,0
2006,8,23,7,30,28.900000000000002,693,388,0
2006,8,23,8,30,30.8,782,588,0
2006,8,23,9,30,32.300000000000004,833,755,0
2006,8,23,10,30,33.2,870,875,0
2006,8,23,11,30,33.5,879,933,0
2006,8,23,12,30,33.300000000000004,876,927,0
2006,8,23,13,30,32.800000000000004,877,862,0
2006,8,23,14,30,32.1,845,734,0
2006,8,23,15,30,31.200000000000003,789,560,0
2006,8,23,16,30,30,685,354,0
2006,8,23,17,30,28.1,473,144,0
2006,8,23,18,30,26.1,0,0,0
2006,8,23,19,30,25,0,0,0
2006,8,23,20,30,24.400000000000002,0,0,0
2006,8,23,21,30,24,0,0,0
2006,8,23,22,30,23.8,0,0,0
2006,8,23,23,30,23.6,0,0,0
2006,8,24,0,30,23.200000000000003,0,0,0
2006,8,24,1,30,22.8,0,0,0
2006,8,24,2,30,22.400000000000002,0,0,0
2006,8,24,3,30,22,0,0,0
2006,8,24,4,30,21.700000000000003,0,0,0
2006,8,24,5,30,22.700000000000003,97,13,0
2006,8,24,6,30,25,541,180,1
2006,8,24,7,30,27.3,731,395,0
2006,8,24,8,30,29.400000000000002,823,599,0
2006,8,24,9,30,31,876,770,0
2006,8,24,10,30,31.900000000000002,901,890,0
2006,8,24,11,30,32.1,914,952,0
2006,8,24,12,30,32,911,945,0
2006,8,24,13,30,31.5,902,877,0
2006,8,24,14,30,30.8,873,749,0
2006,8,24,15,30,29.8,817,570,0
2006,8,24,16,30,28.400000000000002,715,361,0
2006,8,24,17,30,26.200000000000003,507,147,0
2006,8,24,18,30,24.1,0,0,0
2006,8,24,19,30,22.8,0,0,0
2006,8,24,20,30,22,0,0,0
2006,8,24,21,30,21.5,0,0,0
2006,8,24,22,30,21.1,0,0,0
2006,8,24,23,30,20.900000000000002,0,0,0
2006,8,25,0,30,20.6,0,0,0
2006,8,25,1,30,20.200000000000003,0,0,0
2006,8,25,2,30,19.700000000000003,0,0,0
2006,8,25,3,30,19.400000000000002,0,0,0
2006,8,25,4,30,19.200000000000003,0,0,1
2006,8,25,5,30,20.200000000000003,117,13,1
2006,8,25,6,30,22.5,577,184,0
2006,8,25,7,30,24.700000000000003,5,170,3
2006,8,25,8,30,26.400000000000002,845,610,0
2006,8,25,9,30,27.900000000000002,897,783,0
2006,8,25,10,30,28.900000000000002,928,906,0
2006,8,25,11,30,29.3,940,966,0
2006,8,25,12,30,29.3,939,960,0
2006,8,25,13,30,29,927,890,0
2006,8,25,14,30,28.3,901,761,0
2006,8,25,15,30,27.200000000000003,846,579,0
2006,8,25,16,30,25.700000000000003,739,366,0
2006,8,25,17,30,23.400000000000002,531,148,0
2006,8,25,18,30,21.3,0,0,0
2006,8,25,19,30,20.3,0,0,0
2006,8,25,20,30,19.8,0,0,0
2006,8,25,21,30,19.3,0,0,0
2006,8,25,22,30,18.7,0,0,0
2006,8,25,23,30,18.2,0,0,0
2006,8,26,0,30,17.900000000000002,0,0,0
2006,8,26,1,30,17.6,0,0,0
2006,8,26,2,30,17.5,0,0,1
2006,8,26,3,30,17.5,0,0,0
2006,8,26,4,30,17.6,0,0,0
2006,8,26,5,30,18.900000000000002,119,13,0
2006,8,26,6,30,21.3,5,105,3
2006,8,26,7,30,23.6,783,411,0
2006,8,26,8,30,25.700000000000003,875,622,0
2006,8,26,9,30,27.400000000000002,924,797,0
2006,8,26,10,30,28.8,957,922,0
2006,8,26,11,30,29.700000000000003,968,983,0
2006,8,26,12,30,30,966,976,0
2006,8,26,13,30,29.900000000000002,955,903,0
2006,8,26,14,30,29.400000000000002,925,769,0
2006,8,26,15,30,28.6,869,585,0
2006,8,26,16,30,27.200000000000003,777,370,0
2006,8,26,17,30,24.8,567,148,0
2006,8,26,18,30,22.400000000000002,0,0,0
2006,8,26,19,30,21.400000000000002,0,0,0
2006,8,26,20,30,21.3,0,0,0
2006,8,26,21,30,21.3,0,0,0
2006,8,26,22,30,21.3,0,0,0
2006,8,26,23,30,21.400000000000002,0,0,0
2006,8,27,0,30,21.400000000000002,0,0,0
2006,8,27,1,30,21.3,0,0,0
2006,8,27,2,30,20.900000000000002,0,0,0
2006,8,27,3,30,20.6,0,0,0
2006,8,27,4,30,20.400000000000002,0,0,0
2006,8,27,5,30,21.3,0,0,0
2006,8,27,6,30,23.700000000000003,612,185,0
2006,8,27,7,30,26.6,805,410,0
2006,8,27,8,30,29.200000000000003,890,621,0
2006,8,27,9,30,30.900000000000002,936,795,0
2006,8,27,10,30,32.1,965,921,0
2006,8,27,11,30,32.6,974,981,0
2006,8,27,12,30,32.800000000000004,970,974,0
2006,8,27,13,30,32.6,960,901,0
2006,8,27,14,30,32,928,766,0
2006,8,27,15,30,30.900000000000002,869,581,0
2006,8,27,16,30,29.400000000000002,791,368,0
2006,8,27,17,30,26.6,580,146,0
2006,8,27,18,30,24.200000000000003,0,0,0
2006,8,27,19,30,23.5,0,0,0
2006,8,27,20,30,23.5,0,0,0
2006,8,27,21,30,23.6,0,0,0
2006,8,27,22,30,23.6,0,0,0
2006,8,27,23,30,23.5,0,0,0
2006,8,28,0,30,23.400000000000002,0,0,0
2006,8,28,1,30,23.1,0,0,0
2006,8,28,2,30,22.700000000000003,0,0,0
2006,8,28,3,30,22.400000000000002,0,0,0
2006,8,28,4,30,22.3,0,0,0
2006,8,28,5,30,23.3,0,0,0
2006,8,28,6,30,25.700000000000003,598,183,0
2006,8,28,7,30,28.8,790,407,0
2006,8,28,8,30,31.400000000000002,875,616,0
2006,8,28,9,30,32.800000000000004,920,790,0
2006,8,28,10,30,33.4,952,915,0
2006,8,28,11,30,33.7,958,973,0
2006,8,28,12,30,33.6,951,965,0
2006,8,28,13,30,33.4,948,892,0
2006,8,28,14,30,32.7,912,756,0
2006,8,28,15,30,31.700000000000003,851,571,0
2006,8,28,16,30,30,742,356,0
2006,8,28,17,30,27.400000000000002,510,136,0
2006,8,28,18,30,24.900000000000002,0,0,0
2006,8,28,19,30,23.900000000000002,0,0,0
2006,8,28,20,30,23.400000000000002,0,0,0
2006,8,28,21,30,22.900000000000002,0,0,0
2006,8,28,22,30,22.700000000000003,0,0,0
2006,8,28,23,30,22.6,0,0,0
2006,8,29,0,30,22.5,0,0,0
2006,8,29,1,30,22.400000000000002,0,0,0
2006,8,29,2,30,22.200000000000003,0,0,0
2006,8,29,3,30,22.1,0,0,0
2006,8,29,4,30,22.200000000000003,0,0,0
2006,8,29,5,30,23.3,0,0,0
2006,8,29,6,30,25.6,556,175,0
2006,8,29,7,30,28.3,761,395,0
2006,8,29,8,30,30.5,853,603,0
2006,8,29,9,30,31.8,901,774,0
2006,8,29,10,30,32.6,927,893,0
2006,8,29,11,30,32.9,935,949,0
2006,8,29,12,30,32.800000000000004,933,942,0
2006,8,29,13,30,32.6,915,867,0
2006,8,29,14,30,32.1,881,734,0
2006,8,29,15,30,31.1,821,553,0
2006,8,29,16,30,29.8,707,340,0
2006,8,29,17,30,27.5,476,127,0
2006,8,29,18,30,25.3,0,0,0
2006,8,29,19,30,24.400000000000002,0,0,0
2006,8,29,20,30,23.900000000000002,0,0,0
2006,8,29,21,30,23.400000000000002,0,0,0
2006,8,29,22,30,22.900000000000002,0,0,0
2006,8,29,23,30,22.400000000000002,0,0,0
2006,8,30,0,30,21.900000000000002,0,0,0
2006,8,30,1,30,21.5,0,0,1
2006,8,30,2,30,21.200000000000003,0,0,1
2006,8,30,3,30,21.1,0,0,0
2006,8,30,4,30,21.1,0,0,0
2006,8,30,5,30,22.200000000000003,0,0,1
2006,8,30,6,30,24.6,0,22,3
2006,8,30,7,30,27,1,134,3
2006,8,30,8,30,29.1,825,590,1
2006,8,30,9,30,30.6,879,761,0
2006,8,30,10,30,31.700000000000003,894,876,0
2006,8,30,11,30,32.4,905,934,0
2006,8,30,12,30,32.6,903,926,0
2006,8,30,13,30,32.4,903,857,0
2006,8,30,14,30,31.8,867,724,0
2006,8,30,15,30,30.900000000000002,805,543,0
2006,8,30,16,30,29.5,703,335,0
2006,8,30,17,30,27.200000000000003,468,122,0
2006,8,30,18,30,25,0,0,0
2006,8,30,19,30,23.700000000000003,0,0,0
2006,8,30,20,30,22.8,0,0,0
2006,8,30,21,30,22,0,0,0
2006,8,30,22,30,21.400000000000002,0,0,0
2006,8,30,23,30,21,0,0,0
2006,8,31,0,30,20.8,0,0,0
2006,8,31,1,30,20.700000000000003,0,0,0
2006,8,31,2,30,20.700000000000003,0,0,0
2006,8,31,3,30,20.700000000000003,0,0,0
2006,8,31,4,30,20.8,0,0,0
2006,8,31,5,30,22.200000000000003,0,0,1
2006,8,31,6,30,24.900000000000002,551,169,1
2006,8,31,7,30,27.6,4,158,3
2006,8,31,8,30,30,58,340,3
2006,8,31,9,30,31.6,892,763,0
2006,8,31,10,30,32.5,920,883,0
2006,8,31,11,30,32.9,929,941,0
2006,8,31,12,30,32.800000000000004,926,933,0
2006,8,31,13,30,32.6,908,858,0
2006,8,31,14,30,32,875,725,0
2006,8,31,15,30,31.1,815,543,0
2006,8,31,16,30,29.700000000000003,706,332,0
2006,8,31,17,30,27.400000000000002,467,119,0
2006,8,31,18,30,25.1,0,0,0
2006,8,31,19,30,23.900000000000002,0,0,0
2006,8,31,20,30,23.1,0,0,0
2006,8,31,21,30,22.5,0,0,0
2006,8,31,22,30,22.1,0,0,0
2006,8,31,23,30,21.900000000000002,0,0,0
2006,9,1,0,30,21.8,0,0,0
2006,9,1,1,30,21.700000000000003,0,0,0
2006,9,1,2,30,21.700000000000003,0,0,0
2006,9,1,3,30,21.6,0,0,0
2006,9,1,4,30,21.700000000000003,0,0,0
2006,9,1,5,30,23.1,0,0,0
2006,9,1,6,30,25.8,539,166,0
2006,9,1,7,30,28.900000000000002,732,381,0
2006,9,1,8,30,31.5,827,586,0
2006,9,1,9,30,32.9,878,757,0
2006,9,1,10,30,33.4,906,875,0
2006,9,1,11,30,33.4,913,932,0
2006,9,1,12,30,33.2,907,923,0
2006,9,1,13,30,32.9,898,850,0
2006,9,1,14,30,32.6,864,718,0
2006,9,1,15,30,31.900000000000002,803,536,0
2006,9,1,16,30,30.700000000000003,702,327,0
2006,9,1,17,30,28.400000000000002,462,115,0
2006,9,1,18,30,26.3,0,0,0
2006,9,1,19,30,25.700000000000003,0,0,0
2006,9,1,20,30,25.5,0,0,0
2006,9,1,21,30,24.700000000000003,0,0,0
2006,9,1,22,30,23.700000000000003,0,0,0
2006,9,1,23,30,23.1,0,0,0
2006,9,2,0,30,22.8,0,0,0
2006,9,2,1,30,22.6,0,0,0
2006,9,2,2,30,22.400000000000002,0,0,0
2006,9,2,3,30,22.3,0,0,0
2006,9,2,4,30,22.3,0,0,0
2006,9,2,5,30,24,0,0,0
2006,9,2,6,30,27.1,537,163,0
2006,9,2,7,30,30.5,726,377,0
2006,9,2,8,30,33.4,820,581,0
2006,9,2,9,30,34.6,871,751,0
2006,9,2,10,30,34.7,916,873,0
2006,9,2,11,30,34.4,924,930,0
2006,9,2,12,30,34.1,917,920,0
2006,9,2,13,30,33.7,899,843,0
2006,9,2,14,30,33.300000000000004,864,711,0
2006,9,2,15,30,32.6,802,530,0
2006,9,2,16,30,31.400000000000002,75,223,3
2006,9,2,17,30,29.200000000000003,31,83,3
2006,9,2,18,30,27.3,0,0,1
2006,9,2,19,30,26.8,0,0,1
2006,9,2,20,30,26.400000000000002,0,0,3
2006,9,2,21,30,25.3,0,0,3
2006,9,2,22,30,24.200000000000003,0,0,1
2006,9,2,23,30,23.6,0,0,0
2006,9,3,0,30,23.3,0,0,1
2006,9,3,1,30,23.400000000000002,0,0,0
2006,9,3,2,30,24.1,0,0,1
2006,9,3,3,30,24.700000000000003,0,0,0
2006,9,3,4,30,24.900000000000002,0,0,1
2006,9,3,5,30,26,0,0,3
2006,9,3,6,30,28.700000000000003,4,91,3
2006,9,3,7,30,31.400000000000002,703,369,0
2006,9,3,8,30,33.300000000000004,796,570,0
2006,9,3,9,30,34.300000000000004,842,736,0
2006,9,3,10,30,34.9,885,857,0
2006,9,3,11,30,35.4,894,913,0
2006,9,3,12,30,35.5,890,903,0
2006,9,3,13,30,35.2,880,832,0
2006,9,3,14,30,34.5,840,699,0
2006,9,3,15,30,33.5,772,519,0
2006,9,3,16,30,31.900000000000002,655,311,0
2006,9,3,17,30,29.400000000000002,395,103,0
2006,9,3,18,30,27.200000000000003,0,0,0
2006,9,3,19,30,26.400000000000002,0,0,0
2006,9,3,20,30,26.1,0,0,0
2006,9,3,21,30,26.1,0,0,0
2006,9,3,22,30,26.3,0,0,0
2006,9,3,23,30,26.200000000000003,0,0,0
2006,9,4,0,30,25.8,0,0,0
2006,9,4,1,30,25.1,0,0,0
2006,9,4,2,30,24.400000000000002,0,0,0
2006,9,4,3,30,24.1,0,0,0
2006,9,4,4,30,24.1,0,0,0
2006,9,4,5,30,25.5,0,0,0
2006,9,4,6,30,28.400000000000002,441,150,1
2006,9,4,7,30,31.6,743,373,0
2006,9,4,8,30,34,832,576,0
2006,9,4,9,30,35,876,742,0
2006,9,4,10,30,35.4,899,858,0
2006,9,4,11,30,35.4,901,910,0
2006,9,4,12,30,35.2,890,899,0
2006,9,4,13,30,34.7,873,825,0
2006,9,4,14,30,34,825,689,0
2006,9,4,15,30,32.9,751,508,0
2006,9,4,16,30,31.400000000000002,625,300,0
2006,9,4,17,30,29.1,348,96,0
2006,9,4,18,30,26.900000000000002,0,0,0
2006,9,4,19,30,26,0,0,0
2006,9,4,20,30,25.8,0,0,0
2006,9,4,21,30,26,0,0,0
2006,9,4,22,30,26,0,0,0
2006,9,4,23,30,25.8,0,0,0
2006,9,5,0,30,25.3,0,0,0
2006,9,5,1,30,24.700000000000003,0,0,0
2006,9,5,2,30,24.1,0,0,0
2006,9,5,3,30,23.8,0,0,0
2006,9,5,4,30,23.700000000000003,0,0,0
2006,9,5,5,30,25,0,0,0
2006,9,5,6,30,27.700000000000003,482,151,1
2006,9,5,7,30,30.3,710,364,0
2006,9,5,8,30,32.2,804,564,0
2006,9,5,9,30,33.5,853,730,0
2006,9,5,10,30,34.2,881,844,0
2006,9,5,11,30,34.4,886,897,0
2006,9,5,12,30,34.300000000000004,875,885,0
2006,9,5,13,30,33.9,859,809,0
2006,9,5,14,30,33.1,803,673,0
2006,9,5,15,30,32.2,727,493,0
2006,9,5,16,30,31.200000000000003,623,292,0
2006,9,5,17,30,29.5,358,91,0
2006,9,5,18,30,27.8,0,0,0
2006,9,5,19,30,26.8,0,0,0
2006,9,5,20,30,26.3,0,0,0
2006,9,5,21,30,26,0,0,0
2006,9,5,22,30,25.400000000000002,0,0,0
2006,9,5,23,30,24.8,0,0,0
2006,9,6,0,30,24.1,0,0,0
2006,9,6,1,30,23.6,0,0,0
2006,9,6,2,30,23.3,0,0,0
2006,9,6,3,30,23,0,0,0
2006,9,6,4,30,22.900000000000002,0,0,0
2006,9,6,5,30,23.8,0,0,0
2006,9,6,6,30,26.3,482,149,0
2006,9,6,7,30,29,693,361,0
2006,9,6,8,30,31.200000000000003,795,563,0
2006,9,6,9,30,32.6,850,732,0
2006,9,6,10,30,33.1,886,852,0
2006,9,6,11,30,33.300000000000004,897,907,0
2006,9,6,12,30,33.1,891,896,0
2006,9,6,13,30,32.7,878,822,0
2006,9,6,14,30,31.900000000000002,837,687,0
2006,9,6,15,30,30.8,763,505,0
2006,9,6,16,30,29.3,645,297,0
2006,9,6,17,30,27.1,376,91,0
2006,9,6,18,30,25.1,0,0,0
2006,9,6,19,30,24.1,0,0,0
2006,9,6,20,30,23.5,0,0,0
2006,9,6,21,30,22.900000000000002,0,0,0
2006,9,6,22,30,22.400000000000002,0,0,0
2006,9,6,23,30,21.900000000000002,0,0,0
2006,9,7,0,30,21.400000000000002,0,0,0
2006,9,7,1,30,21,0,0,0
2006,9,7,2,30,20.700000000000003,0,0,0
2006,9,7,3,30,20.400000000000002,0,0,0
2006,9,7,4,30,20.200000000000003,0,0,1
2006,9,7,5,30,20.900000000000002,0,0,0
2006,9,7,6,30,22.8,445,145,1
2006,9,7,7,30,25,662,356,0
2006,9,7,8,30,27.1,773,559,0
2006,9,7,9,30,29,836,730,0
2006,9,7,10,30,30.3,877,851,0
2006,9,7,11,30,30.8,889,906,0
2006,9,7,12,30,30.700000000000003,883,895,0
2006,9,7,13,30,30,856,817,0
2006,9,7,14,30,28.900000000000002,813,681,0
2006,9,7,15,30,27.5,739,498,0
2006,9,7,16,30,25.700000000000003,604,288,0
2006,9,7,17,30,23.5,323,84,0
2006,9,7,18,30,21.700000000000003,0,0,0
2006,9,7,19,30,20.8,0,0,1
2006,9,7,20,30,20.3,0,0,1
2006,9,7,21,30,19.8,0,0,1
2006,9,7,22,30,19.400000000000002,0,0,1
2006,9,7,23,30,19,0,0,1
2006,9,8,0,30,18.5,0,0,1
2006,9,8,1,30,18.2,0,0,1
2006,9,8,2,30,18,0,0,1
2006,9,8,3,30,17.900000000000002,0,0,1
2006,9,8,4,30,17.8,0,0,1
2006,9,8,5,30,18.6,0,0,3
2006,9,8,6,30,20.5,0,61,3
2006,9,8,7,30,22.5,11,177,3
2006,9,8,8,30,24.400000000000002,799,567,0
2006,9,8,9,30,26,858,737,0
2006,9,8,10,30,26.900000000000002,871,851,0
2006,9,8,11,30,27.200000000000003,879,905,0
2006,9,8,12,30,27.200000000000003,874,895,0
2006,9,8,13,30,26.900000000000002,882,824,0
2006,9,8,14,30,26.200000000000003,842,688,0
2006,9,8,15,30,25.1,768,503,0
2006,9,8,16,30,23.5,616,288,0
2006,9,8,17,30,21.6,327,83,0
2006,9,8,18,30,19.900000000000002,0,0,0
2006,9,8,19,30,19,0,0,0
2006,9,8,20,30,18.400000000000002,0,0,1
2006,9,8,21,30,17.8,0,0,1
2006,9,8,22,30,17.3,0,0,1
2006,9,8,23,30,16.900000000000002,0,0,1
2006,9,9,0,30,16.6,0,0,1
2006,9,9,1,30,16.3,0,0,1
2006,9,9,2,30,16.1,0,0,1
2006,9,9,3,30,15.9,0,0,1
2006,9,9,4,30,15.9,0,0,1
2006,9,9,5,30,16.7,0,0,3
2006,9,9,6,30,18.5,0,34,3
2006,9,9,7,30,20.400000000000002,2,147,3
2006,9,9,8,30,22.400000000000002,7,254,3
2006,9,9,9,30,24.200000000000003,184,548,3
2006,9,9,10,30,25.3,917,868,0
2006,9,9,11,30,25.8,930,925,0
2006,9,9,12,30,25.900000000000002,925,910,0
2006,9,9,13,30,25.6,920,835,0
2006,9,9,14,30,25,887,698,0
2006,9,9,15,30,24,821,511,0
2006,9,9,16,30,22.5,690,295,0
2006,9,9,17,30,20.400000000000002,401,84,0
2006,9,9,18,30,18.7,0,0,0
2006,9,9,19,30,17.900000000000002,0,0,0
2006,9,9,20,30,17.5,0,0,0
2006,9,9,21,30,17.3,0,0,0
2006,9,9,22,30,17,0,0,0
2006,9,9,23,30,16.7,0,0,0
2006,9,10,0,30,16.5,0,0,0
2006,9,10,1,30,16.2,0,0,0
2006,9,10,2,30,16,0,0,0
2006,9,10,3,30,15.700000000000001,0,0,1
2006,9,10,4,30,15.5,0,0,1
2006,9,10,5,30,16.2,0,0,3
2006,9,10,6,30,18.1,0,31,3
2006,9,10,7,30,20.400000000000002,1,128,3
2006,9,10,8,30,22.900000000000002,27,295,3
2006,9,10,9,30,25.1,896,751,0
2006,9,10,10,30,26.900000000000002,927,870,0
2006,9,10,11,30,27.8,943,928,0
2006,9,10,12,30,28.1,943,916,0
2006,9,10,13,30,28,915,834,0
2006,9,10,14,30,27.5,879,694,0
2006,9,10,15,30,26.5,806,504,0
2006,9,10,16,30,25,676,288,0
2006,9,10,17,30,22.6,378,79,0
2006,9,10,18,30,20.8,0,0,0
2006,9,10,19,30,20.6,0,0,0
2006,9,10,20,30,20.8,0,0,0
2006,9,10,21,30,21,0,0,0
2006,9,10,22,30,21.1,0,0,0
2006,9,10,23,30,21.1,0,0,0
2006,9,11,0,30,21,0,0,0
2006,9,11,1,30,20.5,0,0,0
2006,9,11,2,30,20,0,0,0
2006,9,11,3,30,19.5,0,0,0
2006,9,11,4,30,19.3,0,0,0
2006,9,11,5,30,20.400000000000002,0,0,0
2006,9,11,6,30,23,507,144,0
2006,9,11,7,30,26.200000000000003,722,357,0
2006,9,11,8,30,28.900000000000002,824,563,0
2006,9,11,9,30,30.3,877,732,0
2006,9,11,10,30,30.900000000000002,911,850,0
2006,9,11,11,30,31,917,903,0
2006,9,11,12,30,30.900000000000002,905,887,0
2006,9,11,13,30,30.700000000000003,896,812,0
2006,9,11,14,30,30.200000000000003,853,673,0
2006,9,11,15,30,29.5,778,488,0
2006,9,11,16,30,28.200000000000003,650,276,0
2006,9,11,17,30,26,344,72,0
2006,9,11,18,30,24.3,0,0,0
2006,9,11,19,30,23.5,0,0,0
2006,9,11,20,30,23.200000000000003,0,0,0
2006,9,11,21,30,23.3,0,0,0
2006,9,11,22,30,23.400000000000002,0,0,0
2006,9,11,23,30,23.200000000000003,0,0,0
2006,9,12,0,30,22.6,0,0,0
2006,9,12,1,30,21.900000000000002,0,0,0
2006,9,12,2,30,21.400000000000002,0,0,0
2006,9,12,3,30,21,0,0,0
2006,9,12,4,30,20.6,0,0,0
2006,9,12,5,30,21.400000000000002,0,0,0
2006,9,12,6,30,23.700000000000003,441,135,0
2006,9,12,7,30,26.8,718,353,0
2006,9,12,8,30,29.6,814,555,1
2006,9,12,9,30,31.200000000000003,865,722,0
2006,9,12,10,30,31.900000000000002,883,836,0
2006,9,12,11,30,32.2,892,889,0
2006,9,12,12,30,32.1,882,876,0
2006,9,12,13,30,31.8,843,792,0
2006,9,12,14,30,31.1,794,654,0
2006,9,12,15,30,30,713,471,0
2006,9,12,16,30,28.200000000000003,563,261,0
2006,9,12,17,30,25.700000000000003,253,64,0
2006,9,12,18,30,23.5,0,0,0
2006,9,12,19,30,22.6,0,0,0
2006,9,12,20,30,22.200000000000003,0,0,0
2006,9,12,21,30,21.900000000000002,0,0,0
2006,9,12,22,30,21.6,0,0,0
2006,9,12,23,30,21.3,0,0,0
2006,9,13,0,30,21.200000000000003,0,0,0
2006,9,13,1,30,21,0,0,0
2006,9,13,2,30,20.700000000000003,0,0,0
2006,9,13,3,30,20.3,0,0,0
2006,9,13,4,30,20,0,0,0
2006,9,13,5,30,20.6,0,0,1
2006,9,13,6,30,22.3,0,59,3
2006,9,13,7,30,24.5,4,148,3
2006,9,13,8,30,26.5,93,368,3
2006,9,13,9,30,27.900000000000002,829,712,0
2006,9,13,10,30,28.8,848,826,0
2006,9,13,11,30,29.1,859,879,0
2006,9,13,12,30,29,855,867,0
2006,9,13,13,30,28.6,800,780,0
2006,9,13,14,30,27.900000000000002,752,642,0
2006,9,13,15,30,26.8,664,458,0
2006,9,13,16,30,25,429,241,0
2006,9,13,17,30,22.700000000000003,149,53,0
2006,9,13,18,30,20.8,0,0,0
2006,9,13,19,30,19.8,0,0,0
2006,9,13,20,30,19.200000000000003,0,0,0
2006,9,13,21,30,18.7,0,0,1
2006,9,13,22,30,18.3,0,0,4
2006,9,13,23,30,18,0,0,4
2006,9,14,0,30,17.7,0,0,4
2006,9,14,1,30,17.400000000000002,0,0,1
2006,9,14,2,30,17.3,0,0,1
2006,9,14,3,30,17.2,0,0,4
2006,9,14,4,30,17.2,0,0,4
2006,9,14,5,30,17.5,0,0,8
2006,9,14,6,30,18.3,0,59,3
2006,9,14,7,30,19.400000000000002,0,91,3
2006,9,14,8,30,20.8,0,81,3
2006,9,14,9,30,22.400000000000002,0,103,3
2006,9,14,10,30,23.6,1,307,3
2006,9,14,11,30,24.1,1,299,3
2006,9,14,12,30,24.1,5,367,3
2006,9,14,13,30,23.8,36,404,2
2006,9,14,14,30,23.1,377,577,2
2006,9,14,15,30,22,277,400,3
2006,9,14,16,30,20.6,42,179,3
2006,9,14,17,30,19.400000000000002,1,39,3
2006,9,14,18,30,18.6,0,0,3
2006,9,14,19,30,18.2,0,0,3
2006,9,14,20,30,17.900000000000002,0,0,3
2006,9,14,21,30,17.6,0,0,3
2006,9,14,22,30,17.3,0,0,3
2006,9,14,23,30,16.900000000000002,0,0,3
2006,9,15,0,30,16.7,0,0,3
2006,9,15,1,30,16.6,0,0,3
2006,9,15,2,30,16.5,0,0,3
2006,9,15,3,30,16.400000000000002,0,0,0
2006,9,15,4,30,16.400000000000002,0,0,3
2006,9,15,5,30,16.6,0,0,3
2006,9,15,6,30,17.3,0,34,3
2006,9,15,7,30,18.3,11,181,3
2006,9,15,8,30,19.6,778,555,0
2006,9,15,9,30,20.8,861,730,0
2006,9,15,10,30,22,929,858,0
2006,9,15,11,30,22.700000000000003,945,914,0
2006,9,15,12,30,22.900000000000002,697,873,2
2006,9,15,13,30,22.900000000000002,602,777,2
2006,9,15,14,30,22.5,883,676,0
2006,9,15,15,30,21.700000000000003,803,484,0
2006,9,15,16,30,20.400000000000002,673,267,0
2006,9,15,17,30,18.6,324,60,0
2006,9,15,18,30,17,0,0,0
2006,9,15,19,30,16.2,0,0,0
2006,9,15,20,30,15.700000000000001,0,0,0
2006,9,15,21,30,15.3,0,0,0
2006,9,15,22,30,15,0,0,0
2006,9,15,23,30,14.8,0,0,0
2006,9,16,0,30,14.700000000000001,0,0,0
2006,9,16,1,30,14.5,0,0,0
2006,9,16,2,30,14.100000000000001,0,0,0
2006,9,16,3,30,13.700000000000001,0,0,0
2006,9,16,4,30,13.200000000000001,0,0,0
2006,9,16,5,30,13.9,0,0,0
2006,9,16,6,30,16,535,141,0
2006,9,16,7,30,19,778,365,0
2006,9,16,8,30,22,884,579,0
2006,9,16,9,30,24.400000000000002,939,753,0
2006,9,16,10,30,26.3,970,876,0
2006,9,16,11,30,27.700000000000003,982,931,0
2006,9,16,12,30,28.5,976,916,0
2006,9,16,13,30,28.8,950,831,0
2006,9,16,14,30,28.5,909,685,0
2006,9,16,15,30,27.700000000000003,835,491,0
2006,9,16,16,30,25.700000000000003,708,271,0
2006,9,16,17,30,22.700000000000003,348,59,0
2006,9,16,18,30,20.400000000000002,0,0,0
2006,9,16,19,30,19.400000000000002,0,0,0
2006,9,16,20,30,18.900000000000002,0,0,0
2006,9,16,21,30,18.5,0,0,0
2006,9,16,22,30,18.2,0,0,0
2006,9,16,23,30,17.8,0,0,0
2006,9,17,0,30,17.5,0,0,0
2006,9,17,1,30,17.2,0,0,0
2006,9,17,2,30,16.900000000000002,0,0,0
2006,9,17,3,30,16.8,0,0,0
2006,9,17,4,30,16.7,0,0,0
2006,9,17,5,30,17.8,0,0,1
2006,9,17,6,30,20.5,541,141,0
2006,9,17,7,30,24,781,367,0
2006,9,17,8,30,27.3,887,581,0
2006,9,17,9,30,29.5,943,756,0
2006,9,17,10,30,30.8,972,877,0
2006,9,17,11,30,31.5,984,931,0
2006,9,17,12,30,31.8,979,915,0
2006,9,17,13,30,31.5,952,826,0
2006,9,17,14,30,30.8,911,680,0
2006,9,17,15,30,29.700000000000003,832,485,0
2006,9,17,16,30,27.3,714,267,0
2006,9,17,17,30,24.3,348,56,0
2006,9,17,18,30,22.3,0,0,0
2006,9,17,19,30,21.3,0,0,0
2006,9,17,20,30,20.6,0,0,0
2006,9,17,21,30,20.200000000000003,0,0,0
2006,9,17,22,30,19.900000000000002,0,0,0
2006,9,17,23,30,19.700000000000003,0,0,0
2006,9,18,0,30,19.5,0,0,0
2006,9,18,1,30,19.3,0,0,0
2006,9,18,2,30,19.200000000000003,0,0,0
2006,9,18,3,30,19,0,0,0
2006,9,18,4,30,18.900000000000002,0,0,0
2006,9,18,5,30,19.700000000000003,0,0,1
2006,9,18,6,30,22.5,535,137,0
2006,9,18,7,30,26.1,767,358,0
2006,9,18,8,30,28.900000000000002,870,570,0
2006,9,18,9,30,30.700000000000003,922,742,0
2006,9,18,10,30,31.6,950,860,0
2006,9,18,11,30,31.900000000000002,957,912,0
2006,9,18,12,30,31.900000000000002,950,896,0
2006,9,18,13,30,31.5,932,813,0
2006,9,18,14,30,30.8,887,667,0
2006,9,18,15,30,29.400000000000002,807,474,0
2006,9,18,16,30,27.1,674,256,0
2006,9,18,17,30,24,309,50,0
2006,9,18,18,30,21.8,0,0,0
2006,9,18,19,30,21.200000000000003,0,0,0
2006,9,18,20,30,21.200000000000003,0,0,0
2006,9,18,21,30,21.1,0,0,0
2006,9,18,22,30,20.5,0,0,0
2006,9,18,23,30,20,0,0,0
2006,9,19,0,30,19.8,0,0,0
2006,9,19,1,30,19.900000000000002,0,0,0
2006,9,19,2,30,20.1,0,0,0
2006,9,19,3,30,20.3,0,0,0
2006,9,19,4,30,20.200000000000003,0,0,0
2006,9,19,5,30,20.6,0,0,0
2006,9,19,6,30,22.3,462,128,0
2006,9,19,7,30,24.5,683,341,0
2006,9,19,8,30,26.5,803,550,0
2006,9,19,9,30,27.900000000000002,867,722,0
2006,9,19,10,30,28.8,928,847,0
2006,9,19,11,30,29.1,943,901,0
2006,9,19,12,30,29.1,942,886,0
2006,9,19,13,30,28.900000000000002,927,803,0
2006,9,19,14,30,28.200000000000003,892,660,0
2006,9,19,15,30,27,826,471,0
2006,9,19,16,30,25.1,682,251,0
2006,9,19,17,30,22.400000000000002,313,47,0
2006,9,19,18,30,20.3,0,0,0
2006,9,19,19,30,19.6,0,0,0
2006,9,19,20,30,19.400000000000002,0,0,0
2006,9,19,21,30,19.200000000000003,0,0,0
2006,9,19,22,30,19.1,0,0,0
2006,9,19,23,30,18.8,0,0,0
2006,9,20,0,30,18.2,0,0,0
2006,9,20,1,30,17.400000000000002,0,0,0
2006,9,20,2,30,16.900000000000002,0,0,0
2006,9,20,3,30,16.6,0,0,0
2006,9,20,4,30,16.3,0,0,1
2006,9,20,5,30,16.7,0,0,1
2006,9,20,6,30,18.400000000000002,0,30,3
2006,9,20,7,30,20.700000000000003,19,195,3
2006,9,20,8,30,22.8,858,557,0
2006,9,20,9,30,24.400000000000002,914,729,0
2006,9,20,10,30,25.6,937,844,0
2006,9,20,11,30,26.400000000000002,944,895,0
2006,9,20,12,30,26.8,933,874,0
2006,9,20,13,30,26.8,913,790,0
2006,9,20,14,30,26.400000000000002,867,646,0
2006,9,20,15,30,25.3,781,453,0
2006,9,20,16,30,23.5,652,241,0
2006,9,20,17,30,21,265,41,0
2006,9,20,18,30,19.1,0,0,0
2006,9,20,19,30,18.5,0,0,0
2006,9,20,20,30,18.2,0,0,0
2006,9,20,21,30,17.7,0,0,0
2006,9,20,22,30,17.3,0,0,0
2006,9,20,23,30,17.1,0,0,0
2006,9,21,0,30,16.8,0,0,0
2006,9,21,1,30,16.6,0,0,0
2006,9,21,2,30,16.400000000000002,0,0,0
2006,9,21,3,30,16.2,0,0,0
2006,9,21,4,30,16.2,0,0,0
2006,9,21,5,30,16.8,0,0,1
2006,9,21,6,30,18.7,487,124,0
2006,9,21,7,30,21.400000000000002,747,341,0
2006,9,21,8,30,23.900000000000002,850,546,0
2006,9,21,9,30,25.6,899,713,0
2006,9,21,10,30,26.6,905,823,0
2006,9,21,11,30,27,910,872,0
2006,9,21,12,30,26.900000000000002,896,853,0
2006,9,21,13,30,26.400000000000002,848,764,0
2006,9,21,14,30,25.5,787,616,0
2006,9,21,15,30,24,686,427,0
2006,9,21,16,30,21.900000000000002,534,220,0
2006,9,21,17,30,19.5,159,33,0
2006,9,21,18,30,17.7,0,0,0
2006,9,21,19,30,16.900000000000002,0,0,0
2006,9,21,20,30,16.6,0,0,0
2006,9,21,21,30,16.400000000000002,0,0,1
2006,9,21,22,30,16.2,0,0,0
2006,9,21,23,30,16,0,0,0
2006,9,22,0,30,15.8,0,0,0
2006,9,22,1,30,15.700000000000001,0,0,1
2006,9,22,2,30,15.700000000000001,0,0,1
2006,9,22,3,30,15.700000000000001,0,0,1
2006,9,22,4,30,15.700000000000001,0,0,1
2006,9,22,5,30,16,0,0,3
2006,9,22,6,30,16.7,0,53,3
2006,9,22,7,30,17.8,6,164,3
2006,9,22,8,30,19.5,6,236,3
2006,9,22,9,30,21.700000000000003,0,201,3
2006,9,22,10,30,23.900000000000002,0,141,3
2006,9,22,11,30,25.5,50,450,3
2006,9,22,12,30,26.3,890,841,1
2006,9,22,13,30,26.400000000000002,864,760,1
2006,9,22,14,30,25.900000000000002,819,619,0
2006,9,22,15,30,24.8,736,432,0
2006,9,22,16,30,22.8,565,221,0
2006,9,22,17,30,20.3,156,32,0
2006,9,22,18,30,18.5,0,0,3
2006,9,22,19,30,17.7,0,0,3
2006,9,22,20,30,17.1,0,0,0
2006,9,22,21,30,16.6,0,0,0
2006,9,22,22,30,16.2,0,0,0
2006,9,22,23,30,15.8,0,0,0
2006,9,23,0,30,15.600000000000001,0,0,0
2006,9,23,1,30,15.3,0,0,0
2006,9,23,2,30,15.200000000000001,0,0,0
2006,9,23,3,30,15,0,0,0
2006,9,23,4,30,14.9,0,0,0
2006,9,23,5,30,15.600000000000001,0,0,0
2006,9,23,6,30,17.7,489,121,0
2006,9,23,7,30,20.700000000000003,751,339,0
2006,9,23,8,30,23.400000000000002,857,545,0
2006,9,23,9,30,25.400000000000002,913,715,0
2006,9,23,10,30,26.900000000000002,943,830,0
2006,9,23,11,30,27.900000000000002,954,881,0
2006,9,23,12,30,28.200000000000003,947,863,0
2006,9,23,13,30,28,922,775,0
2006,9,23,14,30,27.200000000000003,877,631,0
2006,9,23,15,30,25.900000000000002,791,438,0
2006,9,23,16,30,23.6,644,224,0
2006,9,23,17,30,20.6,229,31,0
2006,9,23,18,30,18.7,0,0,0
2006,9,23,19,30,18.1,0,0,0
2006,9,23,20,30,17.8,0,0,0
2006,9,23,21,30,17.6,0,0,0
2006,9,23,22,30,17.3,0,0,0
2006,9,23,23,30,17.2,0,0,0
2006,9,24,0,30,17,0,0,0
2006,9,24,1,30,16.7,0,0,0
2006,9,24,2,30,16.400000000000002,0,0,0
2006,9,24,3,30,16.2,0,0,0
2006,9,24,4,30,16.1,0,0,0
2006,9,24,5,30,16.900000000000002,0,0,1
2006,9,24,6,30,19.3,494,120,0
2006,9,24,7,30,22.5,738,335,0
2006,9,24,8,30,25.3,846,542,0
2006,9,24,9,30,27.200000000000003,903,711,0
2006,9,24,10,30,28.200000000000003,941,828,0
2006,9,24,11,30,28.8,946,875,0
2006,9,24,12,30,28.8,938,857,0
2006,9,24,13,30,28.6,920,772,0
2006,9,24,14,30,28,874,627,0
2006,9,24,15,30,27,789,434,0
2006,9,24,16,30,24.900000000000002,636,220,0
2006,9,24,17,30,22.400000000000002,213,28,0
2006,9,24,18,30,21.1,0,0,0
2006,9,24,19,30,20.700000000000003,0,0,0
2006,9,24,20,30,20.3,0,0,0
2006,9,24,21,30,20.1,0,0,0
2006,9,24,22,30,19.8,0,0,0
2006,9,24,23,30,19.5,0,0,0
2006,9,25,0,30,19.3,0,0,0
2006,9,25,1,30,18.8,0,0,0
2006,9,25,2,30,18.400000000000002,0,0,0
2006,9,25,3,30,18,0,0,0
2006,9,25,4,30,17.7,0,0,0
2006,9,25,5,30,18.1,0,0,0
2006,9,25,6,30,20.400000000000002,459,115,1
2006,9,25,7,30,23.6,39,208,3
2006,9,25,8,30,26.3,68,331,3
2006,9,25,9,30,27.900000000000002,909,707,0
2006,9,25,10,30,28.8,937,822,0
2006,9,25,11,30,29.200000000000003,942,869,0
2006,9,25,12,30,29.1,934,850,0
2006,9,25,13,30,28.700000000000003,905,761,0
2006,9,25,14,30,27.900000000000002,857,616,0
2006,9,25,15,30,26.6,768,423,0
2006,9,25,16,30,24.700000000000003,619,213,0
2006,9,25,17,30,22.1,189,25,0
2006,9,25,18,30,20.3,0,0,0
2006,9,25,19,30,19.6,0,0,1
2006,9,25,20,30,19.200000000000003,0,0,1
2006,9,25,21,30,19,0,0,0
2006,9,25,22,30,18.900000000000002,0,0,0
2006,9,25,23,30,18.900000000000002,0,0,0
2006,9,26,0,30,18.900000000000002,0,0,0
2006,9,26,1,30,18.8,0,0,0
2006,9,26,2,30,18.6,0,0,0
2006,9,26,3,30,18.5,0,0,0
2006,9,26,4,30,18.3,0,0,0
2006,9,26,5,30,18.7,0,0,1
2006,9,26,6,30,20.3,417,109,0
2006,9,26,7,30,22.8,0,108,3
2006,9,26,8,30,25,1,189,3
2006,9,26,9,30,26.5,107,454,3
2006,9,26,10,30,27.3,918,813,0
2006,9,26,11,30,27.700000000000003,929,863,0
2006,9,26,12,30,27.700000000000003,929,846,0
2006,9,26,13,30,27.400000000000002,920,765,0
2006,9,26,14,30,26.8,883,622,0
2006,9,26,15,30,25.700000000000003,805,430,0
2006,9,26,16,30,23.900000000000002,643,214,0
2006,9,26,17,30,21.5,209,24,0
2006,9,26,18,30,20.1,0,0,0
2006,9,26,19,30,19.8,0,0,0
2006,9,26,20,30,19.6,0,0,0
2006,9,26,21,30,19.200000000000003,0,0,0
2006,9,26,22,30,18.8,0,0,0
2006,9,26,23,30,18.5,0,0,0
2006,9,27,0,30,18.3,0,0,0
2006,9,27,1,30,18.2,0,0,0
2006,9,27,2,30,18.1,0,0,0
2006,9,27,3,30,18.1,0,0,0
2006,9,27,4,30,18.1,0,0,0
2006,9,27,5,30,18.5,0,0,1
2006,9,27,6,30,20.1,0,12,3
2006,9,27,7,30,22.5,1,109,3
2006,9,27,8,30,24.8,64,325,3
2006,9,27,9,30,27,910,702,0
2006,9,27,10,30,28.400000000000002,939,816,0
2006,9,27,11,30,29.1,949,865,0
2006,9,27,12,30,29.200000000000003,946,848,0
2006,9,27,13,30,28.900000000000002,928,764,0
2006,9,27,14,30,28.1,887,620,0
2006,9,27,15,30,26.900000000000002,810,428,0
2006,9,27,16,30,25,644,210,0
2006,9,27,17,30,22.6,204,21,0
2006,9,27,18,30,21.3,0,0,0
2006,9,27,19,30,21.3,0,0,0
2006,9,27,20,30,21.3,0,0,0
2006,9,27,21,30,21.200000000000003,0,0,0
2006,9,27,22,30,21,0,0,0
2006,9,27,23,30,20.700000000000003,0,0,0
2006,9,28,0,30,20.5,0,0,0
2006,9,28,1,30,20.200000000000003,0,0,3
2006,9,28,2,30,19.900000000000002,0,0,3
2006,9,28,3,30,19.700000000000003,0,0,1
2006,9,28,4,30,19.700000000000003,0,0,7
2006,9,28,5,30,20,0,0,1
2006,9,28,6,30,21.5,512,116,1
2006,9,28,7,30,23.900000000000002,779,338,0
2006,9,28,8,30,26.5,883,548,0
2006,9,28,9,30,28.5,938,720,0
2006,9,28,10,30,29.200000000000003,959,834,0
2006,9,28,11,30,29.5,969,884,0
2006,9,28,12,30,29.900000000000002,964,864,1
2006,9,28,13,30,30.1,189,505,6
2006,9,28,14,30,29.700000000000003,537,532,8
2006,9,28,15,30,28.6,817,430,0
2006,9,28,16,30,26.1,642,208,0
2006,9,28,17,30,23.400000000000002,171,18,0
2006,9,28,18,30,22.3,0,0,0
2006,9,28,19,30,22.400000000000002,0,0,0
2006,9,28,20,30,22.6,0,0,0
2006,9,28,21,30,22.6,0,0,0
2006,9,28,22,30,22.400000000000002,0,0,0
2006,9,28,23,30,22.1,0,0,1
2006,9,29,0,30,21.700000000000003,0,0,1
2006,9,29,1,30,21.200000000000003,0,0,0
2006,9,29,2,30,20.700000000000003,0,0,0
2006,9,29,3,30,20.400000000000002,0,0,3
2006,9,29,4,30,20.200000000000003,0,0,3
2006,9,29,5,30,20.400000000000002,0,0,3
2006,9,29,6,30,22.200000000000003,425,104,0
2006,9,29,7,30,25,161,248,3
2006,9,29,8,30,27.5,18,254,3
2006,9,29,9,30,29.5,863,686,0
2006,9,29,10,30,30.5,669,718,8
2006,9,29,11,30,30.700000000000003,655,766,8
2006,9,29,12,30,30.5,925,836,0
2006,9,29,13,30,30,572,645,8
2006,9,29,14,30,29.400000000000002,427,482,8
2006,9,29,15,30,28.3,407,350,8
2006,9,29,16,30,26.1,175,155,8
2006,9,29,17,30,24,0,7,10
2006,9,29,18,30,23.1,0,0,0
2006,9,29,19,30,22.700000000000003,0,0,0
2006,9,29,20,30,22.200000000000003,0,0,0
2006,9,29,21,30,21.5,0,0,0
2006,9,29,22,30,20.900000000000002,0,0,0
2006,9,29,23,30,20.200000000000003,0,0,0
2006,9,30,0,30,19.5,0,0,0
2006,9,30,1,30,19.1,0,0,0
2006,9,30,2,30,19.1,0,0,0
2006,9,30,3,30,19.1,0,0,0
2006,9,30,4,30,19,0,0,0
2006,9,30,5,30,19.200000000000003,0,0,0
2006,9,30,6,30,20.200000000000003,8,72,3
2006,9,30,7,30,22,13,172,3
2006,9,30,8,30,24.1,469,450,7
2006,9,30,9,30,25.8,562,576,8
2006,9,30,10,30,26.700000000000003,572,684,8
2006,9,30,11,30,27.1,407,659,7
2006,9,30,12,30,26.900000000000002,251,560,7
2006,9,30,13,30,26.1,194,490,6
2006,9,30,14,30,25.200000000000003,56,305,6
2006,9,30,15,30,24.400000000000002,44,219,7
2006,9,30,16,30,23.200000000000003,160,156,7
2006,9,30,17,30,21.900000000000002,0,7,7
2006,9,30,18,30,21.1,0,0,4
2006,9,30,19,30,20.900000000000002,0,0,7
2006,9,30,20,30,21,0,0,7
2006,9,30,21,30,21.1,0,0,4
2006,9,30,22,30,21,0,0,7
2006,9,30,23,30,20.6,0,0,7
2006,10,1,0,30,20,0,0,7
2006,10,1,1,30,19.5,0,0,7
2006,10,1,2,30,19.1,0,0,7
2006,10,1,3,30,18.8,0,0,3
2006,10,1,4,30,18.5,0,0,8
2006,10,1,5,30,18.6,0,0,8
2006,10,1,6,30,19.400000000000002,7,62,7
2006,10,1,7,30,20.400000000000002,53,173,8
2006,10,1,8,30,21.8,164,344,7
2006,10,1,9,30,24.400000000000002,793,647,1
2006,10,1,10,30,26.900000000000002,837,760,8
2006,10,1,11,30,27.400000000000002,129,473,8
2006,10,1,12,30,26.200000000000003,354,605,8
2006,10,1,13,30,24.900000000000002,94,392,8
2006,10,1,14,30,24.400000000000002,41,261,8
2006,10,1,15,30,24.1,32,189,8
2006,10,1,16,30,23.200000000000003,14,90,7
2006,10,1,17,30,21.900000000000002,0,0,8
2006,10,1,18,30,21.200000000000003,0,0,8
2006,10,1,19,30,21,0,0,7
2006,10,1,20,30,20.8,0,0,7
2006,10,1,21,30,20.6,0,0,7
2006,10,1,22,30,20.3,0,0,8
2006,10,1,23,30,20,0,0,7
2006,10,2,0,30,19.900000000000002,0,0,7
2006,10,2,1,30,19.8,0,0,7
2006,10,2,2,30,19.6,0,0,4
2006,10,2,3,30,19.5,0,0,4
2006,10,2,4,30,19.5,0,0,4
2006,10,2,5,30,19.8,0,0,4
2006,10,2,6,30,20.8,28,75,3
2006,10,2,7,30,22.5,542,278,0
2006,10,2,8,30,24.200000000000003,686,473,0
2006,10,2,9,30,25.6,767,636,0
2006,10,2,10,30,26.5,860,759,0
2006,10,2,11,30,26.700000000000003,873,804,0
2006,10,2,12,30,26.6,870,786,0
2006,10,2,13,30,26.200000000000003,856,703,0
2006,10,2,14,30,25.6,812,561,0
2006,10,2,15,30,24.5,728,376,0
2006,10,2,16,30,22.900000000000002,561,172,0
2006,10,2,17,30,21.200000000000003,0,0,0
2006,10,2,18,30,19.900000000000002,0,0,0
2006,10,2,19,30,19.200000000000003,0,0,0
2006,10,2,20,30,18.8,0,0,0
2006,10,2,21,30,18.7,0,0,0
2006,10,2,22,30,18.5,0,0,0
2006,10,2,23,30,18.2,0,0,0
2006,10,3,0,30,17.8,0,0,0
2006,10,3,1,30,17.400000000000002,0,0,0
2006,10,3,2,30,17.2,0,0,0
2006,10,3,3,30,17,0,0,0
2006,10,3,4,30,16.8,0,0,0
2006,10,3,5,30,17,0,0,1
2006,10,3,6,30,18.2,407,94,0
2006,10,3,7,30,20.1,687,300,0
2006,10,3,8,30,21.8,807,501,0
2006,10,3,9,30,23.3,873,666,0
2006,10,3,10,30,24.3,911,780,1
2006,10,3,11,30,24.700000000000003,923,827,0
2006,10,3,12,30,24.6,344,659,3
2006,10,3,13,30,24.1,894,721,1
2006,10,3,14,30,23.400000000000002,844,575,0
2006,10,3,15,30,22.1,745,383,0
2006,10,3,16,30,20.5,585,175,0
2006,10,3,17,30,18.7,0,0,0
2006,10,3,18,30,17.400000000000002,0,0,0
2006,10,3,19,30,16.7,0,0,0
2006,10,3,20,30,16.3,0,0,7
2006,10,3,21,30,16,0,0,0
2006,10,3,22,30,15.9,0,0,7
2006,10,3,23,30,15.8,0,0,1
2006,10,4,0,30,15.700000000000001,0,0,1
2006,10,4,1,30,15.600000000000001,0,0,7
2006,10,4,2,30,15.5,0,0,7
2006,10,4,3,30,15.4,0,0,7
2006,10,4,4,30,15.4,0,0,7
2006,10,4,5,30,15.5,0,0,7
2006,10,4,6,30,16.400000000000002,6,66,3
2006,10,4,7,30,18,102,225,3
2006,10,4,8,30,19.900000000000002,796,505,0
2006,10,4,9,30,21.700000000000003,869,672,0
2006,10,4,10,30,22.900000000000002,930,791,0
2006,10,4,11,30,23.8,940,838,0
2006,10,4,12,30,24.200000000000003,931,815,0
2006,10,4,13,30,24,512,604,8
2006,10,4,14,30,23.3,582,524,8
2006,10,4,15,30,22.200000000000003,764,384,0
2006,10,4,16,30,20.5,25,118,3
2006,10,4,17,30,18.6,0,0,1
2006,10,4,18,30,17.5,0,0,0
2006,10,4,19,30,17.2,0,0,0
2006,10,4,20,30,17,0,0,0
2006,10,4,21,30,16.7,0,0,0
2006,10,4,22,30,16.400000000000002,0,0,0
2006,10,4,23,30,16.2,0,0,0
2006,10,5,0,30,16,0,0,0
2006,10,5,1,30,15.700000000000001,0,0,0
2006,10,5,2,30,15.5,0,0,0
2006,10,5,3,30,15.3,0,0,1
2006,10,5,4,30,15.100000000000001,0,0,0
2006,10,5,5,30,15.200000000000001,0,0,0
2006,10,5,6,30,16.2,417,92,0
2006,10,5,7,30,18,695,297,0
2006,10,5,8,30,19.900000000000002,817,499,0
2006,10,5,9,30,21.5,881,663,0
2006,10,5,10,30,22.5,918,775,0
2006,10,5,11,30,23,937,825,0
2006,10,5,12,30,23.1,934,803,0
2006,10,5,13,30,22.900000000000002,912,716,0
2006,10,5,14,30,22.200000000000003,869,571,0
2006,10,5,15,30,21,774,378,0
2006,10,5,16,30,19.400000000000002,597,167,0
2006,10,5,17,30,17.6,0,0,0
2006,10,5,18,30,16.3,0,0,0
2006,10,5,19,30,15.600000000000001,0,0,0
2006,10,5,20,30,15.3,0,0,0
2006,10,5,21,30,15.200000000000001,0,0,0
2006,10,5,22,30,15.100000000000001,0,0,0
2006,10,5,23,30,14.9,0,0,0
2006,10,6,0,30,14.700000000000001,0,0,0
2006,10,6,1,30,14.4,0,0,0
2006,10,6,2,30,14.3,0,0,0
2006,10,6,3,30,14.4,0,0,0
2006,10,6,4,30,14.5,0,0,0
2006,10,6,5,30,14.700000000000001,0,0,0
2006,10,6,6,30,15.3,203,79,0
2006,10,6,7,30,16,519,277,0
2006,10,6,8,30,17.2,681,475,0
2006,10,6,9,30,18.5,795,644,0
2006,10,6,10,30,19.5,856,759,0
2006,10,6,11,30,20.1,875,806,0
2006,10,6,12,30,20.3,867,783,0
2006,10,6,13,30,20,823,691,0
2006,10,6,14,30,19.700000000000003,748,542,0
2006,10,6,15,30,19.3,637,353,0
2006,10,6,16,30,18.400000000000002,425,148,0
2006,10,6,17,30,16.8,0,0,0
2006,10,6,18,30,15.600000000000001,0,0,0
2006,10,6,19,30,15,0,0,0
2006,10,6,20,30,14.5,0,0,0
2006,10,6,21,30,14.200000000000001,0,0,0
2006,10,6,22,30,14.4,0,0,0
2006,10,6,23,30,14.5,0,0,0
2006,10,7,0,30,14.600000000000001,0,0,0
2006,10,7,1,30,14.600000000000001,0,0,1
2006,10,7,2,30,14.5,0,0,1
2006,10,7,3,30,14.3,0,0,0
2006,10,7,4,30,14.100000000000001,0,0,3
2006,10,7,5,30,14.3,0,0,0
2006,10,7,6,30,15.200000000000001,238,78,0
2006,10,7,7,30,16.8,591,280,0
2006,10,7,8,30,18.8,738,480,0
2006,10,7,9,30,21,819,644,0
2006,10,7,10,30,22.900000000000002,889,763,1
2006,10,7,11,30,24.3,901,808,0
2006,10,7,12,30,25,893,785,0
2006,10,7,13,30,24.8,861,694,0
2006,10,7,14,30,24,797,545,0
2006,10,7,15,30,22.6,678,354,0
2006,10,7,16,30,20.400000000000002,416,144,0
2006,10,7,17,30,18.1,0,0,0
2006,10,7,18,30,16.900000000000002,0,0,0
2006,10,7,19,30,16.5,0,0,0
2006,10,7,20,30,16.1,0,0,0
2006,10,7,21,30,15.600000000000001,0,0,0
2006,10,7,22,30,15.200000000000001,0,0,0
2006,10,7,23,30,14.9,0,0,0
2006,10,8,0,30,14.5,0,0,0
2006,10,8,1,30,14,0,0,0
2006,10,8,2,30,13.5,0,0,0
2006,10,8,3,30,13.3,0,0,0
2006,10,8,4,30,13.100000000000001,0,0,0
2006,10,8,5,30,13.5,0,0,0
2006,10,8,6,30,15.3,332,80,0
2006,10,8,7,30,18.2,259,235,7
2006,10,8,8,30,21.200000000000003,795,486,0
2006,10,8,9,30,23.5,861,650,1
2006,10,8,10,30,25.1,897,760,0
2006,10,8,11,30,26.1,908,806,0
2006,10,8,12,30,26.400000000000002,897,780,0
2006,10,8,13,30,26.3,860,688,0
2006,10,8,14,30,25.6,797,539,0
2006,10,8,15,30,24.3,684,348,0
2006,10,8,16,30,21.8,124,126,7
2006,10,8,17,30,19.200000000000003,0,0,0
2006,10,8,18,30,17.900000000000002,0,0,0
2006,10,8,19,30,17.3,0,0,0
2006,10,8,20,30,16.7,0,0,0
2006,10,8,21,30,16.1,0,0,0
2006,10,8,22,30,15.600000000000001,0,0,1
2006,10,8,23,30,15.200000000000001,0,0,1
2006,10,9,0,30,14.9,0,0,1
2006,10,9,1,30,14.5,0,0,1
2006,10,9,2,30,14.3,0,0,1
2006,10,9,3,30,14.100000000000001,0,0,1
2006,10,9,4,30,14,0,0,1
2006,10,9,5,30,14.200000000000001,0,0,3
2006,10,9,6,30,15.700000000000001,238,73,0
2006,10,9,7,30,18.2,0,55,3
2006,10,9,8,30,20.6,0,123,3
2006,10,9,9,30,23,0,164,3
2006,10,9,10,30,24.6,2,295,3
2006,10,9,11,30,25.1,48,419,3
2006,10,9,12,30,25,53,415,3
2006,10,9,13,30,24.400000000000002,788,664,0
2006,10,9,14,30,23.3,715,516,0
2006,10,9,15,30,21.700000000000003,588,329,0
2006,10,9,16,30,19.6,304,126,0
2006,10,9,17,30,17.6,0,0,0
2006,10,9,18,30,16.6,0,0,0
2006,10,9,19,30,16.400000000000002,0,0,3
2006,10,9,20,30,16.3,0,0,3
2006,10,9,21,30,16.2,0,0,3
2006,10,9,22,30,16.1,0,0,3
2006,10,9,23,30,16,0,0,3
2006,10,10,0,30,16,0,0,3
2006,10,10,1,30,15.9,0,0,7
2006,10,10,2,30,15.9,0,0,7
2006,10,10,3,30,15.9,0,0,3
2006,10,10,4,30,15.9,0,0,1
2006,10,10,5,30,15.9,0,0,1
2006,10,10,6,30,16.3,9,56,7
2006,10,10,7,30,17.2,36,161,8
2006,10,10,8,30,18.6,53,302,2
2006,10,10,9,30,20.200000000000003,318,493,7
2006,10,10,10,30,21.5,363,633,3
2006,10,10,11,30,22.200000000000003,862,785,1
2006,10,10,12,30,22.400000000000002,849,760,1
2006,10,10,13,30,22.1,585,671,2
2006,10,10,14,30,21.6,765,525,0
2006,10,10,15,30,20.5,648,335,0
2006,10,10,16,30,19,472,136,0
2006,10,10,17,30,17.1,0,0,0
2006,10,10,18,30,15.9,0,0,0
2006,10,10,19,30,15.5,0,0,0
2006,10,10,20,30,15.4,0,0,0
2006,10,10,21,30,15.3,0,0,0
2006,10,10,22,30,15.100000000000001,0,0,0
2006,10,10,23,30,14.9,0,0,0
2006,10,11,0,30,14.700000000000001,0,0,0
2006,10,11,1,30,14.5,0,0,0
2006,10,11,2,30,14.200000000000001,0,0,0
2006,10,11,3,30,14,0,0,0
2006,10,11,4,30,13.8,0,0,0
2006,10,11,5,30,13.8,0,0,0
2006,10,11,6,30,15.4,343,77,0
2006,10,11,7,30,18.1,653,280,0
2006,10,11,8,30,20.6,784,479,1
2006,10,11,9,30,22.5,68,386,2
2006,10,11,10,30,23.700000000000003,917,759,0
2006,10,11,11,30,24.400000000000002,926,804,0
2006,10,11,12,30,24.6,916,777,0
2006,10,11,13,30,24.3,901,690,0
2006,10,11,14,30,23.5,842,539,0
2006,10,11,15,30,22.1,728,344,0
2006,10,11,16,30,19.8,507,136,0
2006,10,11,17,30,17.3,0,0,0
2006,10,11,18,30,15.9,0,0,0
2006,10,11,19,30,15.3,0,0,0
2006,10,11,20,30,15.200000000000001,0,0,0
2006,10,11,21,30,15.200000000000001,0,0,1
2006,10,11,22,30,15.100000000000001,0,0,0
2006,10,11,23,30,15,0,0,0
2006,10,12,0,30,14.8,0,0,0
2006,10,12,1,30,14.700000000000001,0,0,0
2006,10,12,2,30,14.600000000000001,0,0,0
2006,10,12,3,30,14.5,0,0,0
2006,10,12,4,30,14.4,0,0,0
2006,10,12,5,30,14.5,0,0,0
2006,10,12,6,30,15.4,262,70,0
2006,10,12,7,30,17.1,566,263,0
2006,10,12,8,30,19,712,457,0
2006,10,12,9,30,20.8,793,619,0
2006,10,12,10,30,22.3,876,734,0
2006,10,12,11,30,23,888,778,0
2006,10,12,12,30,23.1,879,753,0
2006,10,12,13,30,22.700000000000003,851,664,0
2006,10,12,14,30,21.8,790,516,0
2006,10,12,15,30,20.5,676,327,0
2006,10,12,16,30,18.6,478,128,0
2006,10,12,17,30,17,0,0,0
2006,10,12,18,30,16.1,0,0,0
2006,10,12,19,30,15.8,0,0,0
2006,10,12,20,30,15.600000000000001,0,0,0
2006,10,12,21,30,15.4,0,0,1
2006,10,12,22,30,15.200000000000001,0,0,3
2006,10,12,23,30,15,0,0,3
2006,10,13,0,30,14.700000000000001,0,0,3
2006,10,13,1,30,14.4,0,0,1
2006,10,13,2,30,14.200000000000001,0,0,0
2006,10,13,3,30,14,0,0,1
2006,10,13,4,30,13.9,0,0,3
2006,10,13,5,30,14,0,0,1
2006,10,13,6,30,15.200000000000001,0,25,4
2006,10,13,7,30,17.3,46,183,3
2006,10,13,8,30,19.3,782,462,0
2006,10,13,9,30,20.700000000000003,417,503,8
2006,10,13,10,30,21.5,880,728,0
2006,10,13,11,30,21.8,889,769,1
2006,10,13,12,30,21.5,477,612,8
2006,10,13,13,30,20.8,61,369,4
2006,10,13,14,30,19.900000000000002,190,364,8
2006,10,13,15,30,18.8,98,211,8
2006,10,13,16,30,17.8,0,26,3
2006,10,13,17,30,16.900000000000002,0,0,7
2006,10,13,18,30,16.400000000000002,0,0,7
2006,10,13,19,30,16,0,0,8
2006,10,13,20,30,15.8,0,0,7
2006,10,13,21,30,15.700000000000001,0,0,8
2006,10,13,22,30,15.600000000000001,0,0,0
2006,10,13,23,30,15.600000000000001,0,0,0
2006,10,14,0,30,15.5,0,0,0
2006,10,14,1,30,15.200000000000001,0,0,3
2006,10,14,2,30,14.9,0,0,1
2006,10,14,3,30,14.8,0,0,7
2006,10,14,4,30,14.600000000000001,0,0,3
2006,10,14,5,30,14.600000000000001,0,0,7
2006,10,14,6,30,15.200000000000001,3,48,7
2006,10,14,7,30,16.2,0,12,4
2006,10,14,8,30,17.3,3,189,4
2006,10,14,9,30,18.5,1,218,4
2006,10,14,10,30,19.5,2,271,4
2006,10,14,11,30,20.3,77,435,2
2006,10,14,12,30,20.8,800,717,0
2006,10,14,13,30,20.900000000000002,395,569,2
2006,10,14,14,30,20.6,687,483,1
2006,10,14,15,30,19.700000000000003,561,300,0
2006,10,14,16,30,18.3,284,106,1
2006,10,14,17,30,16.8,0,0,0
2006,10,14,18,30,15.700000000000001,0,0,3
2006,10,14,19,30,15.3,0,0,3
2006,10,14,20,30,15.3,0,0,3
2006,10,14,21,30,15.200000000000001,0,0,3
2006,10,14,22,30,15.100000000000001,0,0,3
2006,10,14,23,30,15,0,0,3
2006,10,15,0,30,14.9,0,0,3
2006,10,15,1,30,14.8,0,0,3
2006,10,15,2,30,14.700000000000001,0,0,3
2006,10,15,3,30,14.600000000000001,0,0,3
2006,10,15,4,30,14.5,0,0,3
2006,10,15,5,30,14.5,0,0,3
2006,10,15,6,30,15,0,23,3
2006,10,15,7,30,15.700000000000001,0,78,3
2006,10,15,8,30,16.8,0,153,3
2006,10,15,9,30,18.5,662,584,1
2006,10,15,10,30,20.3,79,431,3
2006,10,15,11,30,21.700000000000003,1,279,3
2006,10,15,12,30,22.400000000000002,0,182,3
2006,10,15,13,30,22.6,0,117,3
2006,10,15,14,30,22.1,0,138,3
2006,10,15,15,30,20.8,0,82,3
2006,10,15,16,30,18.8,0,11,3
2006,10,15,17,30,16.7,0,0,3
2006,10,15,18,30,15.600000000000001,0,0,3
2006,10,15,19,30,15.3,0,0,3
2006,10,15,20,30,15.3,0,0,3
2006,10,15,21,30,15.3,0,0,3
2006,10,15,22,30,15.200000000000001,0,0,3
2006,10,15,23,30,15.100000000000001,0,0,3
2006,10,16,0,30,15,0,0,3
2006,10,16,1,30,14.8,0,0,3
2006,10,16,2,30,14.700000000000001,0,0,3
2006,10,16,3,30,14.700000000000001,0,0,3
2006,10,16,4,30,14.700000000000001,0,0,3
2006,10,16,5,30,14.8,0,0,3
2006,10,16,6,30,15.4,195,58,1
2006,10,16,7,30,16.5,0,72,3
2006,10,16,8,30,18.1,3,183,3
2006,10,16,9,30,19.700000000000003,112,422,3
2006,10,16,10,30,20.900000000000002,1,238,3
2006,10,16,11,30,21.6,1,252,3
2006,10,16,12,30,21.900000000000002,1,250,3
2006,10,16,13,30,21.700000000000003,15,303,3
2006,10,16,14,30,21.1,0,152,3
2006,10,16,15,30,19.900000000000002,1,116,3
2006,10,16,16,30,18.2,0,22,3
2006,10,16,17,30,16.7,0,0,3
2006,10,16,18,30,16.1,0,0,3
2006,10,16,19,30,16,0,0,3
2006,10,16,20,30,15.8,0,0,3
2006,10,16,21,30,15.600000000000001,0,0,3
2006,10,16,22,30,15.4,0,0,1
2006,10,16,23,30,15.200000000000001,0,0,3
2006,10,17,0,30,14.8,0,0,1
2006,10,17,1,30,14.600000000000001,0,0,3
2006,10,17,2,30,14.3,0,0,1
2006,10,17,3,30,14,0,0,0
2006,10,17,4,30,13.700000000000001,0,0,1
2006,10,17,5,30,13.5,0,0,3
2006,10,17,6,30,14.5,255,60,0
2006,10,17,7,30,16.3,0,45,2
2006,10,17,8,30,18.1,790,459,0
2006,10,17,9,30,19.8,120,426,2
2006,10,17,10,30,21.200000000000003,905,729,1
2006,10,17,11,30,22.200000000000003,915,771,0
2006,10,17,12,30,22.6,903,745,0
2006,10,17,13,30,22.6,887,656,0
2006,10,17,14,30,22,821,505,0
2006,10,17,15,30,20.900000000000002,700,313,0
2006,10,17,16,30,19,468,111,0
2006,10,17,17,30,16.900000000000002,0,0,0
2006,10,17,18,30,15.8,0,0,0
2006,10,17,19,30,15.3,0,0,0
2006,10,17,20,30,14.9,0,0,0
2006,10,17,21,30,14.600000000000001,0,0,0
2006,10,17,22,30,14.3,0,0,0
2006,10,17,23,30,14,0,0,0
2006,10,18,0,30,13.8,0,0,0
2006,10,18,1,30,13.8,0,0,0
2006,10,18,2,30,14,0,0,0
2006,10,18,3,30,14.200000000000001,0,0,0
2006,10,18,4,30,14.200000000000001,0,0,0
2006,10,18,5,30,14.3,0,0,0
2006,10,18,6,30,15.700000000000001,422,67,0
2006,10,18,7,30,18.400000000000002,756,273,0
2006,10,18,8,30,21,884,476,0
2006,10,18,9,30,22.900000000000002,945,640,0
2006,10,18,10,30,24.3,965,747,0
2006,10,18,11,30,25.400000000000002,974,790,0
2006,10,18,12,30,26.200000000000003,965,763,0
2006,10,18,13,30,26.400000000000002,930,668,0
2006,10,18,14,30,26.1,872,516,0
2006,10,18,15,30,25.200000000000003,759,321,0
2006,10,18,16,30,22.6,508,112,0
2006,10,18,17,30,19.8,0,0,0
2006,10,18,18,30,18.5,0,0,0
2006,10,18,19,30,17.6,0,0,0
2006,10,18,20,30,16.900000000000002,0,0,0
2006,10,18,21,30,16.400000000000002,0,0,0
2006,10,18,22,30,16,0,0,0
2006,10,18,23,30,15.600000000000001,0,0,0
2006,10,19,0,30,15.3,0,0,0
2006,10,19,1,30,15,0,0,0
2006,10,19,2,30,14.700000000000001,0,0,1
2006,10,19,3,30,14.5,0,0,1
2006,10,19,4,30,14.3,0,0,1
2006,10,19,5,30,14.5,0,0,1
2006,10,19,6,30,16.6,368,62,1
2006,10,19,7,30,20,707,262,0
2006,10,19,8,30,22.900000000000002,842,462,0
2006,10,19,9,30,25.200000000000003,908,625,0
2006,10,19,10,30,26.700000000000003,942,733,0
2006,10,19,11,30,27.6,952,775,0
2006,10,19,12,30,27.900000000000002,943,748,0
2006,10,19,13,30,27.8,916,656,0
2006,10,19,14,30,27.1,851,502,0
2006,10,19,15,30,25.700000000000003,732,309,0
2006,10,19,16,30,23,484,105,0
2006,10,19,17,30,20.400000000000002,0,0,0
2006,10,19,18,30,19,0,0,0
2006,10,19,19,30,18.3,0,0,0
2006,10,19,20,30,18,0,0,0
2006,10,19,21,30,17.8,0,0,0
2006,10,19,22,30,17.6,0,0,0
2006,10,19,23,30,17.3,0,0,0
2006,10,20,0,30,17.2,0,0,0
2006,10,20,1,30,17,0,0,1
2006,10,20,2,30,16.8,0,0,0
2006,10,20,3,30,16.6,0,0,0
2006,10,20,4,30,16.5,0,0,1
2006,10,20,5,30,16.5,0,0,1
2006,10,20,6,30,18.400000000000002,327,57,0
2006,10,20,7,30,21.700000000000003,679,253,0
2006,10,20,8,30,24.8,815,450,0
2006,10,20,9,30,27.400000000000002,883,610,0
2006,10,20,10,30,28.8,918,717,0
2006,10,20,11,30,29.400000000000002,929,759,0
2006,10,20,12,30,29.5,919,733,0
2006,10,20,13,30,29.3,895,642,0
2006,10,20,14,30,28.5,832,492,0
2006,10,20,15,30,26.900000000000002,710,301,0
2006,10,20,16,30,24,443,99,0
2006,10,20,17,30,21.6,0,0,0
2006,10,20,18,30,20.6,0,0,0
2006,10,20,19,30,20.5,0,0,0
2006,10,20,20,30,20.5,0,0,0
2006,10,20,21,30,20.400000000000002,0,0,0
2006,10,20,22,30,19.8,0,0,0
2006,10,20,23,30,19,0,0,0
2006,10,21,0,30,18.3,0,0,0
2006,10,21,1,30,17.7,0,0,0
2006,10,21,2,30,17.1,0,0,0
2006,10,21,3,30,16.8,0,0,1
2006,10,21,4,30,16.7,0,0,1
2006,10,21,5,30,16.8,0,0,1
2006,10,21,6,30,18.1,291,53,1
2006,10,21,7,30,20.700000000000003,654,247,1
2006,10,21,8,30,23.700000000000003,803,445,0
2006,10,21,9,30,26.6,875,606,0
2006,10,21,10,30,28.400000000000002,918,717,0
2006,10,21,11,30,29.3,928,758,0
2006,10,21,12,30,29.700000000000003,919,731,0
2006,10,21,13,30,29.5,886,638,0
2006,10,21,14,30,28.8,819,487,0
2006,10,21,15,30,27.200000000000003,691,295,0
2006,10,21,16,30,24.1,395,93,0
2006,10,21,17,30,21.1,0,0,0
2006,10,21,18,30,19.6,0,0,0
2006,10,21,19,30,18.8,0,0,0
2006,10,21,20,30,18.3,0,0,0
2006,10,21,21,30,17.900000000000002,0,0,0
2006,10,21,22,30,17.5,0,0,0
2006,10,21,23,30,17.2,0,0,0
2006,10,22,0,30,17,0,0,1
2006,10,22,1,30,17,0,0,0
2006,10,22,2,30,17,0,0,0
2006,10,22,3,30,16.900000000000002,0,0,0
2006,10,22,4,30,16.900000000000002,0,0,0
2006,10,22,5,30,17,0,0,0
2006,10,22,6,30,18.8,279,51,1
2006,10,22,7,30,21.900000000000002,665,247,0
2006,10,22,8,30,24.900000000000002,817,446,0
2006,10,22,9,30,27.5,897,612,0
2006,10,22,10,30,29,936,720,0
2006,10,22,11,30,29.700000000000003,949,762,0
2006,10,22,12,30,29.8,941,735,0
2006,10,22,13,30,29.400000000000002,906,639,0
2006,10,22,14,30,28.6,841,488,0
2006,10,22,15,30,26.8,709,293,0
2006,10,22,16,30,24,421,91,0
2006,10,22,17,30,21.5,0,0,0
2006,10,22,18,30,20,0,0,0
2006,10,22,19,30,19.3,0,0,0
2006,10,22,20,30,19.3,0,0,0
2006,10,22,21,30,19.6,0,0,0
2006,10,22,22,30,20,0,0,0
2006,10,22,23,30,20.3,0,0,0
2006,10,23,0,30,20.3,0,0,1
2006,10,23,1,30,19.8,0,0,1
2006,10,23,2,30,19,0,0,7
2006,10,23,3,30,18.5,0,0,8
2006,10,23,4,30,18.400000000000002,0,0,7
2006,10,23,5,30,18.6,0,0,1
2006,10,23,6,30,19.900000000000002,0,32,3
2006,10,23,7,30,22.5,660,243,0
2006,10,23,8,30,25.3,804,439,0
2006,10,23,9,30,27.8,876,598,0
2006,10,23,10,30,29.400000000000002,915,705,0
2006,10,23,11,30,30.3,928,747,0
2006,10,23,12,30,30.6,920,720,0
2006,10,23,13,30,30.200000000000003,456,513,8
2006,10,23,14,30,29.3,293,358,8
2006,10,23,15,30,27.400000000000002,288,228,8
2006,10,23,16,30,24.200000000000003,14,58,7
2006,10,23,17,30,21.700000000000003,0,0,8
2006,10,23,18,30,21.1,0,0,7
2006,10,23,19,30,20.8,0,0,0
2006,10,23,20,30,20.3,0,0,0
2006,10,23,21,30,19.700000000000003,0,0,0
2006,10,23,22,30,19.200000000000003,0,0,1
2006,10,23,23,30,18.8,0,0,1
2006,10,24,0,30,18.400000000000002,0,0,1
2006,10,24,1,30,17.8,0,0,0
2006,10,24,2,30,17.3,0,0,7
2006,10,24,3,30,16.900000000000002,0,0,8
2006,10,24,4,30,16.6,0,0,7
2006,10,24,5,30,16.400000000000002,0,0,4
2006,10,24,6,30,17.400000000000002,0,25,4
2006,10,24,7,30,19.5,2,106,4
2006,10,24,8,30,21.5,701,410,0
2006,10,24,9,30,23.200000000000003,787,567,0
2006,10,24,10,30,24.400000000000002,829,671,0
2006,10,24,11,30,25.1,842,712,0
2006,10,24,12,30,25.200000000000003,831,685,0
2006,10,24,13,30,25,800,596,0
2006,10,24,14,30,24.3,725,449,0
2006,10,24,15,30,23,581,265,0
2006,10,24,16,30,20.900000000000002,214,71,0
2006,10,24,17,30,18.6,0,0,0
2006,10,24,18,30,17.3,0,0,0
2006,10,24,19,30,16.6,0,0,0
2006,10,24,20,30,16.2,0,0,0
2006,10,24,21,30,16,0,0,0
2006,10,24,22,30,15.9,0,0,0
2006,10,24,23,30,15.8,0,0,1
2006,10,25,0,30,15.600000000000001,0,0,0
2006,10,25,1,30,15.4,0,0,0
2006,10,25,2,30,15.200000000000001,0,0,1
2006,10,25,3,30,15.100000000000001,0,0,3
2006,10,25,4,30,14.9,0,0,1
2006,10,25,5,30,14.8,0,0,1
2006,10,25,6,30,15.600000000000001,0,28,3
2006,10,25,7,30,17.6,0,61,3
2006,10,25,8,30,19.8,6,195,3
2006,10,25,9,30,22.1,113,420,2
2006,10,25,10,30,24.200000000000003,848,684,0
2006,10,25,11,30,25.6,862,727,0
2006,10,25,12,30,26,850,700,0
2006,10,25,13,30,25.8,817,607,0
2006,10,25,14,30,25,748,460,0
2006,10,25,15,30,23.5,604,270,0
2006,10,25,16,30,20.6,327,77,0
2006,10,25,17,30,17.6,0,0,0
2006,10,25,18,30,16.3,0,0,0
2006,10,25,19,30,15.600000000000001,0,0,0
2006,10,25,20,30,15.3,0,0,0
2006,10,25,21,30,15.200000000000001,0,0,0
2006,10,25,22,30,15.100000000000001,0,0,0
2006,10,25,23,30,15.200000000000001,0,0,0
2006,10,26,0,30,15.200000000000001,0,0,0
2006,10,26,1,30,15.200000000000001,0,0,0
2006,10,26,2,30,15.200000000000001,0,0,0
2006,10,26,3,30,15.100000000000001,0,0,0
2006,10,26,4,30,15,0,0,0
2006,10,26,5,30,15,0,0,1
2006,10,26,6,30,16,282,45,1
2006,10,26,7,30,18.5,678,240,0
2006,10,26,8,30,21.400000000000002,839,444,0
2006,10,26,9,30,23.900000000000002,914,608,0
2006,10,26,10,30,25.8,946,715,0
2006,10,26,11,30,27.3,960,757,0
2006,10,26,12,30,28.1,961,736,0
2006,10,26,13,30,28,922,639,0
2006,10,26,14,30,27.200000000000003,849,480,0
2006,10,26,15,30,25.3,719,285,0
2006,10,26,16,30,21.900000000000002,401,81,0
2006,10,26,17,30,19,0,0,0
2006,10,26,18,30,17.8,0,0,1
2006,10,26,19,30,17.3,0,0,0
2006,10,26,20,30,16.900000000000002,0,0,0
2006,10,26,21,30,16.6,0,0,0
2006,10,26,22,30,16.2,0,0,0
2006,10,26,23,30,15.9,0,0,0
2006,10,27,0,30,15.5,0,0,0
2006,10,27,1,30,15.200000000000001,0,0,1
2006,10,27,2,30,15,0,0,1
2006,10,27,3,30,14.8,0,0,1
2006,10,27,4,30,14.8,0,0,1
2006,10,27,5,30,14.9,0,0,3
2006,10,27,6,30,16.5,1,30,3
2006,10,27,7,30,19.5,725,245,0
2006,10,27,8,30,22.6,872,448,0
2006,10,27,9,30,25.400000000000002,941,613,0
2006,10,27,10,30,27.400000000000002,957,717,0
2006,10,27,11,30,28.8,971,760,0
2006,10,27,12,30,29.3,961,731,0
2006,10,27,13,30,29.200000000000003,929,636,0
2006,10,27,14,30,28.400000000000002,864,481,0
2006,10,27,15,30,26.3,721,281,0
2006,10,27,16,30,22.900000000000002,376,76,0
2006,10,27,17,30,20.1,0,0,0
2006,10,27,18,30,18.8,0,0,0
2006,10,27,19,30,18.3,0,0,0
2006,10,27,20,30,18.1,0,0,0
2006,10,27,21,30,18,0,0,0
2006,10,27,22,30,17.900000000000002,0,0,0
2006,10,27,23,30,17.8,0,0,0
2006,10,28,0,30,17.6,0,0,1
2006,10,28,1,30,17.400000000000002,0,0,1
2006,10,28,2,30,17.3,0,0,7
2006,10,28,3,30,17.1,0,0,1
2006,10,28,4,30,17,0,0,7
2006,10,28,5,30,17,0,0,7
2006,10,28,6,30,18.2,0,26,4
2006,10,28,7,30,20.700000000000003,351,212,7
2006,10,28,8,30,23.6,180,328,3
2006,10,28,9,30,26.1,568,572,2
2006,10,28,10,30,27.6,923,695,0
2006,10,28,11,30,28.3,935,736,0
2006,10,28,12,30,28.5,927,706,0
2006,10,28,13,30,28.3,892,612,0
2006,10,28,14,30,27.5,822,461,0
2006,10,28,15,30,25.900000000000002,675,268,0
2006,10,28,16,30,22.6,369,72,0
2006,10,28,17,30,20,0,0,0
2006,10,28,18,30,19.3,0,0,0
2006,10,28,19,30,19,0,0,0
2006,10,28,20,30,18.6,0,0,0
2006,10,28,21,30,18,0,0,0
2006,10,28,22,30,17.3,0,0,0
2006,10,28,23,30,16.7,0,0,0
2006,10,29,0,30,16.3,0,0,0
2006,10,29,1,30,15.9,0,0,0
2006,10,29,2,30,15.600000000000001,0,0,0
2006,10,29,3,30,15.4,0,0,0
2006,10,29,4,30,15.200000000000001,0,0,0
2006,10,29,5,30,15.100000000000001,0,0,0
2006,10,29,6,30,15.600000000000001,184,34,0
2006,10,29,7,30,17.3,2,109,3
2006,10,29,8,30,19.3,38,260,3
2006,10,29,9,30,21.1,754,551,0
2006,10,29,10,30,22.6,863,669,0
2006,10,29,11,30,23.400000000000002,873,710,0
2006,10,29,12,30,23.5,858,682,0
2006,10,29,13,30,23.1,802,585,0
2006,10,29,14,30,22.1,716,435,0
2006,10,29,15,30,20.5,554,248,0
2006,10,29,16,30,18.2,200,59,0
2006,10,29,17,30,16,0,0,0
2006,10,29,18,30,14.9,0,0,0
2006,10,29,19,30,14.4,0,0,0
2006,10,29,20,30,14,0,0,0
2006,10,29,21,30,13.600000000000001,0,0,0
2006,10,29,22,30,13.3,0,0,0
2006,10,29,23,30,12.9,0,0,0
2006,10,30,0,30,12.700000000000001,0,0,0
2006,10,30,1,30,12.700000000000001,0,0,1
2006,10,30,2,30,12.8,0,0,1
2006,10,30,3,30,12.700000000000001,0,0,0
2006,10,30,4,30,12.4,0,0,1
2006,10,30,5,30,12.100000000000001,0,0,1
2006,10,30,6,30,12.8,0,15,3
2006,10,30,7,30,14.5,1,84,3
2006,10,30,8,30,16.400000000000002,43,265,3
2006,10,30,9,30,18.3,140,416,2
2006,10,30,10,30,19.5,126,468,3
2006,10,30,11,30,20.1,138,502,3
2006,10,30,12,30,20.5,818,669,1
2006,10,30,13,30,20.6,760,574,0
2006,10,30,14,30,20.3,685,428,0
2006,10,30,15,30,19.3,4,126,2
2006,10,30,16,30,17.2,161,56,0
2006,10,30,17,30,15.200000000000001,0,0,1
2006,10,30,18,30,14.5,0,0,7
2006,10,30,19,30,14.3,0,0,0
2006,10,30,20,30,14.200000000000001,0,0,0
2006,10,30,21,30,14.100000000000001,0,0,3
2006,10,30,22,30,14.100000000000001,0,0,3
2006,10,30,23,30,13.9,0,0,3
2006,10,31,0,30,13.8,0,0,3
2006,10,31,1,30,13.8,0,0,3
2006,10,31,2,30,13.9,0,0,3
2006,10,31,3,30,13.9,0,0,3
2006,10,31,4,30,13.9,0,0,3
2006,10,31,5,30,13.9,0,0,3
2006,10,31,6,30,14.3,30,22,1
2006,10,31,7,30,15.100000000000001,381,194,1
2006,10,31,8,30,16.3,580,380,1
2006,10,31,9,30,17.900000000000002,35,309,3
2006,10,31,10,30,19.200000000000003,0,149,3
2006,10,31,11,30,20.1,3,286,3
2006,10,31,12,30,20.6,152,489,3
2006,10,31,13,30,20.700000000000003,812,576,1
2006,10,31,14,30,20.400000000000002,8,201,2
2006,10,31,15,30,19.400000000000002,595,245,0
2006,10,31,16,30,17.2,217,56,0
2006,10,31,17,30,15,0,0,0
2006,10,31,18,30,14,0,0,0
2006,10,31,19,30,13.5,0,0,0
2006,10,31,20,30,13.200000000000001,0,0,0
2006,10,31,21,30,13,0,0,0
2006,10,31,22,30,13,0,0,3
2006,10,31,23,30,13.100000000000001,0,0,0
2006,11,1,0,30,13,0,0,0
2006,11,1,1,30,12.8,0,0,4
2006,11,1,2,30,12.3,0,0,0
2006,11,1,3,30,11.8,0,0,3
2006,11,1,4,30,11.5,0,0,7
2006,11,1,5,30,11.700000000000001,0,0,7
2006,11,1,6,30,12.600000000000001,0,19,3
2006,11,1,7,30,14.100000000000001,9,129,3
2006,11,1,8,30,16,73,279,3
2006,11,1,9,30,18.5,139,407,3
2006,11,1,10,30,21,783,634,1
2006,11,1,11,30,22.6,804,675,0
2006,11,1,12,30,23.5,788,646,0
2006,11,1,13,30,23.700000000000003,791,563,0
2006,11,1,14,30,23.200000000000003,711,417,0
2006,11,1,15,30,21.700000000000003,561,235,0
2006,11,1,16,30,19.200000000000003,195,52,0
2006,11,1,17,30,17.400000000000002,0,0,0
2006,11,1,18,30,16.7,0,0,3
2006,11,1,19,30,16.400000000000002,0,0,7
2006,11,1,20,30,16.2,0,0,0
2006,11,1,21,30,16.1,0,0,0
2006,11,1,22,30,16,0,0,7
2006,11,1,23,30,16,0,0,7
2006,11,2,0,30,15.9,0,0,7
2006,11,2,1,30,15.8,0,0,7
2006,11,2,2,30,15.700000000000001,0,0,7
2006,11,2,3,30,15.600000000000001,0,0,7
2006,11,2,4,30,15.600000000000001,0,0,7
2006,11,2,5,30,15.600000000000001,0,0,7
2006,11,2,6,30,16.2,1,20,7
2006,11,2,7,30,17.8,36,133,8
2006,11,2,8,30,19.900000000000002,501,361,7
2006,11,2,9,30,22,786,532,1
2006,11,2,10,30,23.6,222,442,8
2006,11,2,11,30,24.700000000000003,859,677,0
2006,11,2,12,30,25.200000000000003,852,651,0
2006,11,2,13,30,25.1,851,568,0
2006,11,2,14,30,24.400000000000002,787,425,0
2006,11,2,15,30,23,647,241,0
2006,11,2,16,30,20.400000000000002,296,55,0
2006,11,2,17,30,18.2,0,0,0
2006,11,2,18,30,17.6,0,0,0
2006,11,2,19,30,17.3,0,0,0
2006,11,2,20,30,16.900000000000002,0,0,0
2006,11,2,21,30,16.5,0,0,7
2006,11,2,22,30,16.2,0,0,1
2006,11,2,23,30,16,0,0,0
2006,11,3,0,30,15.8,0,0,3
2006,11,3,1,30,15.5,0,0,7
2006,11,3,2,30,15.3,0,0,1
2006,11,3,3,30,15.100000000000001,0,0,1
2006,11,3,4,30,14.9,0,0,0
2006,11,3,5,30,14.700000000000001,0,0,1
2006,11,3,6,30,15.600000000000001,187,26,1
2006,11,3,7,30,17.7,0,22,3
2006,11,3,8,30,20.6,0,56,3
2006,11,3,9,30,23,9,172,8
2006,11,3,10,30,24.200000000000003,129,374,8
2006,11,3,11,30,24.400000000000002,236,497,7
2006,11,3,12,30,24,248,465,7
2006,11,3,13,30,23.6,70,307,6
2006,11,3,14,30,23.3,417,397,3
2006,11,3,15,30,22.5,549,225,0
2006,11,3,16,30,20.400000000000002,297,53,0
2006,11,3,17,30,18.400000000000002,0,0,0
2006,11,3,18,30,17.400000000000002,0,0,0
2006,11,3,19,30,16.8,0,0,0
2006,11,3,20,30,16.3,0,0,1
2006,11,3,21,30,15.8,0,0,0
2006,11,3,22,30,15.4,0,0,0
2006,11,3,23,30,15.100000000000001,0,0,0
2006,11,4,0,30,14.8,0,0,0
2006,11,4,1,30,14.5,0,0,0
2006,11,4,2,30,14.200000000000001,0,0,0
2006,11,4,3,30,13.9,0,0,0
2006,11,4,4,30,13.600000000000001,0,0,0
2006,11,4,5,30,13.200000000000001,0,0,1
2006,11,4,6,30,13.9,160,24,1
2006,11,4,7,30,16.2,634,201,0
2006,11,4,8,30,19.700000000000003,35,232,3
2006,11,4,9,30,23.400000000000002,869,546,0
2006,11,4,10,30,26.1,903,648,0
2006,11,4,11,30,27.6,914,688,0
2006,11,4,12,30,28.3,907,661,0
2006,11,4,13,30,28.400000000000002,864,568,0
2006,11,4,14,30,28,796,422,0
2006,11,4,15,30,26.5,654,237,0
2006,11,4,16,30,23.700000000000003,292,52,0
2006,11,4,17,30,21.3,0,0,3
2006,11,4,18,30,20,0,0,0
2006,11,4,19,30,19,0,0,0
2006,11,4,20,30,18.3,0,0,0
2006,11,4,21,30,17.7,0,0,0
2006,11,4,22,30,17.3,0,0,0
2006,11,4,23,30,17,0,0,0
2006,11,5,0,30,16.7,0,0,0
2006,11,5,1,30,16.6,0,0,0
2006,11,5,2,30,16.5,0,0,0
2006,11,5,3,30,16.5,0,0,0
2006,11,5,4,30,16.400000000000002,0,0,1
2006,11,5,5,30,16.400000000000002,0,0,1
2006,11,5,6,30,17.400000000000002,0,13,3
2006,11,5,7,30,19.900000000000002,611,196,0
2006,11,5,8,30,23.1,146,287,3
2006,11,5,9,30,26.400000000000002,861,542,0
2006,11,5,10,30,28.8,909,647,0
2006,11,5,11,30,29.900000000000002,924,687,0
2006,11,5,12,30,30.400000000000002,917,661,0
2006,11,5,13,30,30.3,414,438,8
2006,11,5,14,30,29.3,380,344,7
2006,11,5,15,30,27.1,205,192,3
2006,11,5,16,30,23.8,1,34,3
2006,11,5,17,30,21.400000000000002,0,0,3
2006,11,5,18,30,20.5,0,0,7
2006,11,5,19,30,20.1,0,0,7
2006,11,5,20,30,19.8,0,0,1
2006,11,5,21,30,19.6,0,0,3
2006,11,5,22,30,19.3,0,0,3
2006,11,5,23,30,19.1,0,0,3
2006,11,6,0,30,18.900000000000002,0,0,3
2006,11,6,1,30,18.900000000000002,0,0,3
2006,11,6,2,30,18.900000000000002,0,0,3
2006,11,6,3,30,19,0,0,3
2006,11,6,4,30,18.900000000000002,0,0,3
2006,11,6,5,30,18.7,0,0,1
2006,11,6,6,30,19.400000000000002,155,21,1
2006,11,6,7,30,21.6,638,194,0
2006,11,6,8,30,24.8,798,382,0
2006,11,6,9,30,28.1,869,536,0
2006,11,6,10,30,30.6,908,639,0
2006,11,6,11,30,32,918,679,0
2006,11,6,12,30,32.4,911,652,0
2006,11,6,13,30,32.1,884,563,0
2006,11,6,14,30,31,811,415,0
2006,11,6,15,30,28.6,663,231,0
2006,11,6,16,30,25.200000000000003,314,48,0
2006,11,6,17,30,22.900000000000002,0,0,1
2006,11,6,18,30,22.3,0,0,0
2006,11,6,19,30,21.900000000000002,0,0,3
2006,11,6,20,30,21.6,0,0,3
2006,11,6,21,30,21.200000000000003,0,0,0
2006,11,6,22,30,20.8,0,0,1
2006,11,6,23,30,20.5,0,0,0
2006,11,7,0,30,20.3,0,0,0
2006,11,7,1,30,20.1,0,0,1
2006,11,7,2,30,19.900000000000002,0,0,1
2006,11,7,3,30,19.6,0,0,0
2006,11,7,4,30,19.400000000000002,0,0,0
2006,11,7,5,30,19.3,0,0,1
2006,11,7,6,30,20.6,109,18,1
2006,11,7,7,30,23.6,670,193,0
2006,11,7,8,30,27.1,822,380,0
2006,11,7,9,30,30.200000000000003,892,533,0
2006,11,7,10,30,32.1,927,634,0
2006,11,7,11,30,32.800000000000004,935,673,0
2006,11,7,12,30,32.800000000000004,923,646,0
2006,11,7,13,30,32.300000000000004,887,556,0
2006,11,7,14,30,31.200000000000003,816,411,0
2006,11,7,15,30,28.900000000000002,675,228,0
2006,11,7,16,30,25.5,344,47,0
2006,11,7,17,30,23.400000000000002,0,0,0
2006,11,7,18,30,22.900000000000002,0,0,0
2006,11,7,19,30,22.400000000000002,0,0,0
2006,11,7,20,30,22.200000000000003,0,0,0
2006,11,7,21,30,22,0,0,0
2006,11,7,22,30,21.400000000000002,0,0,0
2006,11,7,23,30,20.700000000000003,0,0,0
2006,11,8,0,30,20.200000000000003,0,0,0
2006,11,8,1,30,19.900000000000002,0,0,0
2006,11,8,2,30,19.8,0,0,0
2006,11,8,3,30,19.6,0,0,0
2006,11,8,4,30,19.3,0,0,0
2006,11,8,5,30,18.900000000000002,0,0,1
2006,11,8,6,30,19.400000000000002,172,18,1
2006,11,8,7,30,21.400000000000002,632,187,0
2006,11,8,8,30,24,800,376,0
2006,11,8,9,30,26.5,877,531,0
2006,11,8,10,30,28.1,919,634,0
2006,11,8,11,30,28.6,929,674,0
2006,11,8,12,30,28.5,918,647,0
2006,11,8,13,30,27.900000000000002,881,555,0
2006,11,8,14,30,26.8,805,408,0
2006,11,8,15,30,24.900000000000002,655,225,0
2006,11,8,16,30,22.1,277,43,0
2006,11,8,17,30,19.900000000000002,0,0,3
2006,11,8,18,30,19.1,0,0,1
2006,11,8,19,30,18.5,0,0,0
2006,11,8,20,30,18,0,0,0
2006,11,8,21,30,17.5,0,0,0
2006,11,8,22,30,17.1,0,0,1
2006,11,8,23,30,16.400000000000002,0,0,0
2006,11,9,0,30,15.8,0,0,1
2006,11,9,1,30,15.5,0,0,1
2006,11,9,2,30,15,0,0,1
2006,11,9,3,30,14.4,0,0,0
2006,11,9,4,30,13.700000000000001,0,0,0
2006,11,9,5,30,13.100000000000001,0,0,0
2006,11,9,6,30,13.600000000000001,161,17,1
2006,11,9,7,30,15.5,651,191,1
2006,11,9,8,30,17.900000000000002,828,387,0
2006,11,9,9,30,19.900000000000002,55,323,2
2006,11,9,10,30,21.5,948,652,0
2006,11,9,11,30,22.700000000000003,973,700,0
2006,11,9,12,30,23.5,969,674,0
2006,11,9,13,30,23.700000000000003,923,575,0
2006,11,9,14,30,23.400000000000002,855,425,0
2006,11,9,15,30,21.900000000000002,704,234,0
2006,11,9,16,30,19.1,315,45,0
2006,11,9,17,30,16.900000000000002,0,0,0
2006,11,9,18,30,16,0,0,0
2006,11,9,19,30,15.3,0,0,0
2006,11,9,20,30,14.600000000000001,0,0,0
2006,11,9,21,30,13.9,0,0,0
2006,11,9,22,30,13.3,0,0,0
2006,11,9,23,30,12.8,0,0,0
2006,11,10,0,30,12.600000000000001,0,0,0
2006,11,10,1,30,12.600000000000001,0,0,0
2006,11,10,2,30,12.8,0,0,0
2006,11,10,3,30,13.100000000000001,0,0,0
2006,11,10,4,30,13.200000000000001,0,0,0
2006,11,10,5,30,13.200000000000001,0,0,0
2006,11,10,6,30,14,165,16,0
2006,11,10,7,30,16.2,639,186,0
2006,11,10,8,30,19.200000000000003,817,377,0
2006,11,10,9,30,22.200000000000003,905,537,0
2006,11,10,10,30,24.400000000000002,938,640,0
2006,11,10,11,30,25.700000000000003,948,681,0
2006,11,10,12,30,26.200000000000003,940,654,0
2006,11,10,13,30,26.1,898,561,0
2006,11,10,14,30,25.400000000000002,815,410,0
2006,11,10,15,30,23.6,193,182,3
2006,11,10,16,30,20.700000000000003,5,32,7
2006,11,10,17,30,18.5,0,0,7
2006,11,10,18,30,17.900000000000002,0,0,3
2006,11,10,19,30,18.1,0,0,8
2006,11,10,20,30,18.2,0,0,7
2006,11,10,21,30,17.900000000000002,0,0,7
2006,11,10,22,30,17.400000000000002,0,0,7
2006,11,10,23,30,17.3,0,0,3
2006,11,11,0,30,17.2,0,0,7
2006,11,11,1,30,17.1,0,0,1
2006,11,11,2,30,17,0,0,7
2006,11,11,3,30,16.6,0,0,7
2006,11,11,4,30,16.1,0,0,7
2006,11,11,5,30,15.8,0,0,7
2006,11,11,6,30,15.8,0,7,7
2006,11,11,7,30,17,1,48,7
2006,11,11,8,30,18.8,114,248,7
2006,11,11,9,30,19.900000000000002,72,333,4
2006,11,11,10,30,20.700000000000003,519,533,8
2006,11,11,11,30,21.200000000000003,209,491,4
2006,11,11,12,30,21.3,308,504,4
2006,11,11,13,30,20.900000000000002,5,221,4
2006,11,11,14,30,20.3,0,118,4
2006,11,11,15,30,19.3,113,164,3
2006,11,11,16,30,17.3,0,24,3
2006,11,11,17,30,15.600000000000001,0,0,1
2006,11,11,18,30,14.9,0,0,1
2006,11,11,19,30,14.5,0,0,3
2006,11,11,20,30,14,0,0,1
2006,11,11,21,30,13.600000000000001,0,0,4
2006,11,11,22,30,13.100000000000001,0,0,4
2006,11,11,23,30,12.5,0,0,0
2006,11,12,0,30,12,0,0,0
2006,11,12,1,30,11.600000000000001,0,0,0
2006,11,12,2,30,11.4,0,0,0
2006,11,12,3,30,11.200000000000001,0,0,0
2006,11,12,4,30,11.5,0,0,1
2006,11,12,5,30,12.100000000000001,0,0,7
2006,11,12,6,30,13.100000000000001,0,6,7
2006,11,12,7,30,14.9,45,114,8
2006,11,12,8,30,17.1,85,232,7
2006,11,12,9,30,18.8,572,466,7
2006,11,12,10,30,20.3,905,620,1
2006,11,12,11,30,21.900000000000002,539,562,8
2006,11,12,12,30,23.200000000000003,553,543,8
2006,11,12,13,30,23.6,890,550,0
2006,11,12,14,30,23.200000000000003,819,404,0
2006,11,12,15,30,21.5,677,221,0
2006,11,12,16,30,18.400000000000002,291,39,0
2006,11,12,17,30,16.1,0,0,0
2006,11,12,18,30,15.3,0,0,0
2006,11,12,19,30,14.700000000000001,0,0,0
2006,11,12,20,30,14.4,0,0,0
2006,11,12,21,30,14.3,0,0,1
2006,11,12,22,30,14,0,0,1
2006,11,12,23,30,13.5,0,0,0
2006,11,13,0,30,13.3,0,0,0
2006,11,13,1,30,13.3,0,0,3
2006,11,13,2,30,13.600000000000001,0,0,1
2006,11,13,3,30,14,0,0,1
2006,11,13,4,30,14.3,0,0,8
2006,11,13,5,30,14.600000000000001,0,0,7
2006,11,13,6,30,15.200000000000001,0,0,7
2006,11,13,7,30,16.900000000000002,574,166,0
2006,11,13,8,30,19.200000000000003,760,349,0
2006,11,13,9,30,21.200000000000003,845,503,0
2006,11,13,10,30,22.5,886,604,0
2006,11,13,11,30,23.3,898,642,0
2006,11,13,12,30,23.6,889,616,0
2006,11,13,13,30,23.5,851,526,0
2006,11,13,14,30,22.900000000000002,773,382,0
2006,11,13,15,30,21.400000000000002,613,203,0
2006,11,13,16,30,19,244,34,1
2006,11,13,17,30,17.1,0,0,0
2006,11,13,18,30,16.3,0,0,0
2006,11,13,19,30,16.1,0,0,0
2006,11,13,20,30,16,0,0,0
2006,11,13,21,30,15.8,0,0,0
2006,11,13,22,30,15.5,0,0,0
2006,11,13,23,30,15.100000000000001,0,0,0
2006,11,14,0,30,14.700000000000001,0,0,0
2006,11,14,1,30,14.4,0,0,1
2006,11,14,2,30,14.200000000000001,0,0,1
2006,11,14,3,30,14,0,0,0
2006,11,14,4,30,13.8,0,0,1
2006,11,14,5,30,13.8,0,0,1
2006,11,14,6,30,14.4,0,0,1
2006,11,14,7,30,15.8,0,16,3
2006,11,14,8,30,17.5,0,34,3
2006,11,14,9,30,19.400000000000002,15,232,2
2006,11,14,10,30,21.3,0,172,3
2006,11,14,11,30,22.6,338,513,2
2006,11,14,12,30,23.400000000000002,841,595,1
2006,11,14,13,30,23.6,804,509,0
2006,11,14,14,30,23.1,733,372,0
2006,11,14,15,30,21.8,577,199,0
2006,11,14,16,30,19.6,149,30,0
2006,11,14,17,30,17.7,0,0,0
2006,11,14,18,30,16.6,0,0,0
2006,11,14,19,30,16,0,0,0
2006,11,14,20,30,15.700000000000001,0,0,0
2006,11,14,21,30,15.3,0,0,0
2006,11,14,22,30,15.100000000000001,0,0,0
2006,11,14,23,30,15.100000000000001,0,0,0
2006,11,15,0,30,15.100000000000001,0,0,0
2006,11,15,1,30,15.100000000000001,0,0,0
2006,11,15,2,30,15,0,0,0
2006,11,15,3,30,14.9,0,0,0
2006,11,15,4,30,14.8,0,0,0
2006,11,15,5,30,14.9,0,0,0
2006,11,15,6,30,15.9,0,0,0
2006,11,15,7,30,18.3,633,169,0
2006,11,15,8,30,21.3,810,355,0
2006,11,15,9,30,24.3,894,512,0
2006,11,15,10,30,26.6,932,615,0
2006,11,15,11,30,27.900000000000002,942,655,0
2006,11,15,12,30,28.3,931,629,0
2006,11,15,13,30,28,893,537,0
2006,11,15,14,30,27.200000000000003,818,393,0
2006,11,15,15,30,24.900000000000002,663,210,0
2006,11,15,16,30,21.700000000000003,280,34,0
2006,11,15,17,30,19.3,0,0,0
2006,11,15,18,30,18.2,0,0,0
2006,11,15,19,30,17.7,0,0,0
2006,11,15,20,30,17.6,0,0,0
2006,11,15,21,30,17.400000000000002,0,0,0
2006,11,15,22,30,17.1,0,0,0
2006,11,15,23,30,16.900000000000002,0,0,0
2006,11,16,0,30,16.8,0,0,0
2006,11,16,1,30,16.8,0,0,0
2006,11,16,2,30,16.7,0,0,0
2006,11,16,3,30,16.7,0,0,0
2006,11,16,4,30,16.8,0,0,0
2006,11,16,5,30,16.900000000000002,0,0,1
2006,11,16,6,30,17.7,0,0,1
2006,11,16,7,30,19.900000000000002,639,166,0
2006,11,16,8,30,22.700000000000003,819,354,0
2006,11,16,9,30,25.200000000000003,899,509,0
2006,11,16,10,30,27,946,616,0
2006,11,16,11,30,27.900000000000002,956,657,0
2006,11,16,12,30,28.1,939,628,0
2006,11,16,13,30,27.700000000000003,911,539,0
2006,11,16,14,30,26.8,833,392,0
2006,11,16,15,30,24.200000000000003,679,210,0
2006,11,16,16,30,21,284,32,0
2006,11,16,17,30,19.200000000000003,0,0,0
2006,11,16,18,30,18.400000000000002,0,0,0
2006,11,16,19,30,17.8,0,0,0
2006,11,16,20,30,17.5,0,0,0
2006,11,16,21,30,17.2,0,0,0
2006,11,16,22,30,16.900000000000002,0,0,0
2006,11,16,23,30,16.7,0,0,0
2006,11,17,0,30,16.6,0,0,0
2006,11,17,1,30,16.5,0,0,0
2006,11,17,2,30,16.400000000000002,0,0,0
2006,11,17,3,30,16.3,0,0,0
2006,11,17,4,30,16.2,0,0,0
2006,11,17,5,30,16.1,0,0,0
2006,11,17,6,30,16.7,0,0,1
2006,11,17,7,30,18.5,579,153,0
2006,11,17,8,30,21.3,761,332,0
2006,11,17,9,30,24.3,846,482,0
2006,11,17,10,30,26.700000000000003,890,583,0
2006,11,17,11,30,27.8,902,623,0
2006,11,17,12,30,28.1,893,598,0
2006,11,17,13,30,27.700000000000003,859,512,0
2006,11,17,14,30,26.8,782,371,0
2006,11,17,15,30,24.8,626,196,0
2006,11,17,16,30,22.1,230,29,0
2006,11,17,17,30,20.3,0,0,0
2006,11,17,18,30,19.400000000000002,0,0,0
2006,11,17,19,30,18.900000000000002,0,0,0
2006,11,17,20,30,18.7,0,0,0
2006,11,17,21,30,18.5,0,0,0
2006,11,17,22,30,18.1,0,0,0
2006,11,17,23,30,17.8,0,0,0
2006,11,18,0,30,17.5,0,0,0
2006,11,18,1,30,17.400000000000002,0,0,1
2006,11,18,2,30,17.3,0,0,0
2006,11,18,3,30,17.2,0,0,0
2006,11,18,4,30,16.900000000000002,0,0,3
2006,11,18,5,30,16.5,0,0,1
2006,11,18,6,30,17,0,0,3
2006,11,18,7,30,19.1,2,75,3
2006,11,18,8,30,22.200000000000003,756,330,0
2006,11,18,9,30,25.200000000000003,847,482,0
2006,11,18,10,30,27.1,871,580,0
2006,11,18,11,30,28.1,886,621,0
2006,11,18,12,30,28.5,874,597,0
2006,11,18,13,30,28.3,856,515,0
2006,11,18,14,30,27.6,779,374,0
2006,11,18,15,30,25.6,625,198,0
2006,11,18,16,30,22.6,248,29,0
2006,11,18,17,30,20.3,0,0,0
2006,11,18,18,30,19.400000000000002,0,0,0
2006,11,18,19,30,19.200000000000003,0,0,0
2006,11,18,20,30,19.1,0,0,7
2006,11,18,21,30,18.900000000000002,0,0,3
2006,11,18,22,30,18.6,0,0,0
2006,11,18,23,30,18.400000000000002,0,0,0
2006,11,19,0,30,18.2,0,0,0
2006,11,19,1,30,18,0,0,0
2006,11,19,2,30,17.8,0,0,0
2006,11,19,3,30,17.6,0,0,0
2006,11,19,4,30,17.5,0,0,0
2006,11,19,5,30,17.3,0,0,1
2006,11,19,6,30,17.8,0,0,1
2006,11,19,7,30,19.8,608,154,0
2006,11,19,8,30,22.900000000000002,801,340,0
2006,11,19,9,30,26.3,887,495,0
2006,11,19,10,30,28.8,928,598,0
2006,11,19,11,30,29.8,941,639,0
2006,11,19,12,30,30,926,612,0
2006,11,19,13,30,29.8,890,524,0
2006,11,19,14,30,29.1,813,381,0
2006,11,19,15,30,27.200000000000003,652,200,0
2006,11,19,16,30,24.3,243,29,0
2006,11,19,17,30,22,0,0,0
2006,11,19,18,30,21,0,0,0
2006,11,19,19,30,20.700000000000003,0,0,0
2006,11,19,20,30,20.400000000000002,0,0,0
2006,11,19,21,30,19.8,0,0,0
2006,11,19,22,30,19.200000000000003,0,0,0
2006,11,19,23,30,18.7,0,0,0
2006,11,20,0,30,18.2,0,0,0
2006,11,20,1,30,17.8,0,0,1
2006,11,20,2,30,17.5,0,0,1
2006,11,20,3,30,17.2,0,0,1
2006,11,20,4,30,17,0,0,1
2006,11,20,5,30,16.8,0,0,1
2006,11,20,6,30,17.8,0,0,1
2006,11,20,7,30,20.8,595,151,1
2006,11,20,8,30,24.200000000000003,790,335,0
2006,11,20,9,30,27,876,489,0
2006,11,20,10,30,28.6,919,595,0
2006,11,20,11,30,29.3,930,636,0
2006,11,20,12,30,29.6,920,611,0
2006,11,20,13,30,29.400000000000002,882,523,0
2006,11,20,14,30,28.5,802,379,0
2006,11,20,15,30,26,635,199,0
2006,11,20,16,30,22.900000000000002,228,28,0
2006,11,20,17,30,21.6,0,0,0
2006,11,20,18,30,21.3,0,0,0
2006,11,20,19,30,20.5,0,0,0
2006,11,20,20,30,19.6,0,0,0
2006,11,20,21,30,18.8,0,0,0
2006,11,20,22,30,18.400000000000002,0,0,0
2006,11,20,23,30,18.2,0,0,0
2006,11,21,0,30,17.900000000000002,0,0,3
2006,11,21,1,30,17.6,0,0,7
2006,11,21,2,30,17.2,0,0,8
2006,11,21,3,30,16.8,0,0,3
2006,11,21,4,30,16.6,0,0,1
2006,11,21,5,30,16.6,0,0,3
2006,11,21,6,30,16.900000000000002,0,0,3
2006,11,21,7,30,18.5,0,26,3
2006,11,21,8,30,20.6,7,152,3
2006,11,21,9,30,22,834,474,0
2006,11,21,10,30,22.700000000000003,874,576,0
2006,11,21,11,30,22.900000000000002,886,617,0
2006,11,21,12,30,22.6,872,593,1
2006,11,21,13,30,22.200000000000003,558,459,8
2006,11,21,14,30,21.5,297,290,8
2006,11,21,15,30,20.1,599,191,0
2006,11,21,16,30,17.900000000000002,162,25,1
2006,11,21,17,30,16.5,0,0,7
2006,11,21,18,30,16,0,0,7
2006,11,21,19,30,15.600000000000001,0,0,8
2006,11,21,20,30,15.3,0,0,7
2006,11,21,21,30,15,0,0,7
2006,11,21,22,30,14.9,0,0,7
2006,11,21,23,30,15,0,0,0
2006,11,22,0,30,14.9,0,0,1
2006,11,22,1,30,14.8,0,0,1
2006,11,22,2,30,14.700000000000001,0,0,7
2006,11,22,3,30,14.700000000000001,0,0,7
2006,11,22,4,30,14.8,0,0,1
2006,11,22,5,30,15,0,0,7
2006,11,22,6,30,15.4,0,0,7
2006,11,22,7,30,16.400000000000002,0,47,4
2006,11,22,8,30,17.7,481,289,8
2006,11,22,9,30,18.900000000000002,359,367,8
2006,11,22,10,30,20,150,413,4
2006,11,22,11,30,20.8,195,461,4
2006,11,22,12,30,21.3,267,418,7
2006,11,22,13,30,21.200000000000003,73,289,6
2006,11,22,14,30,20.6,32,187,6
2006,11,22,15,30,19.200000000000003,3,61,6
2006,11,22,16,30,17.8,0,16,7
2006,11,22,17,30,17.2,0,0,7
2006,11,22,18,30,17,0,0,7
2006,11,22,19,30,16.5,0,0,7
2006,11,22,20,30,16,0,0,7
2006,11,22,21,30,15.700000000000001,0,0,7
2006,11,22,22,30,15.5,0,0,7
2006,11,22,23,30,15.200000000000001,0,0,0
2006,11,23,0,30,14.9,0,0,7
2006,11,23,1,30,14.9,0,0,7
2006,11,23,2,30,14.9,0,0,7
2006,11,23,3,30,14.8,0,0,7
2006,11,23,4,30,14.600000000000001,0,0,7
2006,11,23,5,30,14.5,0,0,8
2006,11,23,6,30,14.700000000000001,0,0,7
2006,11,23,7,30,15.700000000000001,59,97,7
2006,11,23,8,30,17.2,414,281,7
2006,11,23,9,30,19,787,454,1
2006,11,23,10,30,21.200000000000003,393,480,2
2006,11,23,11,30,22.8,477,501,8
2006,11,23,12,30,23.5,408,467,8
2006,11,23,13,30,23.3,296,379,7
2006,11,23,14,30,22.200000000000003,504,327,8
2006,11,23,15,30,20.3,16,105,7
2006,11,23,16,30,18.400000000000002,0,16,7
2006,11,23,17,30,16.900000000000002,0,0,7
2006,11,23,18,30,15.9,0,0,7
2006,11,23,19,30,15.3,0,0,0
2006,11,23,20,30,14.9,0,0,0
2006,11,23,21,30,14.5,0,0,0
2006,11,23,22,30,14.100000000000001,0,0,0
2006,11,23,23,30,13.700000000000001,0,0,0
2006,11,24,0,30,13.200000000000001,0,0,0
2006,11,24,1,30,12.700000000000001,0,0,0
2006,11,24,2,30,12.100000000000001,0,0,0
2006,11,24,3,30,11.600000000000001,0,0,0
2006,11,24,4,30,11.200000000000001,0,0,0
2006,11,24,5,30,10.8,0,0,1
2006,11,24,6,30,11.4,0,0,1
2006,11,24,7,30,13.4,572,138,0
2006,11,24,8,30,16.2,3,130,3
2006,11,24,9,30,18.7,22,235,3
2006,11,24,10,30,20.200000000000003,123,397,2
2006,11,24,11,30,20.8,172,449,2
2006,11,24,12,30,21,95,390,2
2006,11,24,13,30,20.6,556,497,2
2006,11,24,14,30,19.8,767,366,0
2006,11,24,15,30,17.900000000000002,589,188,1
2006,11,24,16,30,15.200000000000001,166,24,0
2006,11,24,17,30,13.3,0,0,0
2006,11,24,18,30,12.600000000000001,0,0,3
2006,11,24,19,30,12.4,0,0,3
2006,11,24,20,30,12.3,0,0,3
2006,11,24,21,30,12.200000000000001,0,0,3
2006,11,24,22,30,12.100000000000001,0,0,0
2006,11,24,23,30,12,0,0,1
2006,11,25,0,30,11.9,0,0,0
2006,11,25,1,30,11.9,0,0,0
2006,11,25,2,30,12,0,0,3
2006,11,25,3,30,11.8,0,0,0
2006,11,25,4,30,11.4,0,0,7
2006,11,25,5,30,11,0,0,4
2006,11,25,6,30,11.200000000000001,0,0,1
2006,11,25,7,30,12.5,532,130,0
2006,11,25,8,30,14.600000000000001,743,310,0
2006,11,25,9,30,16.3,839,463,0
2006,11,25,10,30,17.6,168,411,2
2006,11,25,11,30,18.400000000000002,17,282,3
2006,11,25,12,30,18.8,369,491,2
2006,11,25,13,30,18.8,838,498,0
2006,11,25,14,30,18.3,760,359,0
2006,11,25,15,30,16.7,194,157,2
2006,11,25,16,30,14.4,155,22,0
2006,11,25,17,30,12.8,0,0,0
2006,11,25,18,30,12.100000000000001,0,0,0
2006,11,25,19,30,11.700000000000001,0,0,0
2006,11,25,20,30,11.5,0,0,0
2006,11,25,21,30,11.3,0,0,0
2006,11,25,22,30,11,0,0,0
2006,11,25,23,30,10.700000000000001,0,0,0
2006,11,26,0,30,10.3,0,0,0
2006,11,26,1,30,10,0,0,0
2006,11,26,2,30,9.8,0,0,0
2006,11,26,3,30,9.700000000000001,0,0,0
2006,11,26,4,30,9.5,0,0,0
2006,11,26,5,30,9.4,0,0,1
2006,11,26,6,30,9.9,0,0,1
2006,11,26,7,30,11.600000000000001,0,8,3
2006,11,26,8,30,13.9,778,313,0
2006,11,26,9,30,15.5,870,468,0
2006,11,26,10,30,16.7,180,414,2
2006,11,26,11,30,17.400000000000002,911,610,1
2006,11,26,12,30,17.7,142,412,2
2006,11,26,13,30,17.6,851,499,0
2006,11,26,14,30,17,769,360,0
2006,11,26,15,30,15.600000000000001,587,183,0
2006,11,26,16,30,13.8,0,13,3
2006,11,26,17,30,12.8,0,0,7
2006,11,26,18,30,12.4,0,0,7
2006,11,26,19,30,12,0,0,7
2006,11,26,20,30,11.700000000000001,0,0,7
2006,11,26,21,30,11.4,0,0,7
2006,11,26,22,30,11,0,0,7
2006,11,26,23,30,10.9,0,0,7
2006,11,27,0,30,11,0,0,7
2006,11,27,1,30,10.9,0,0,4
2006,11,27,2,30,10.600000000000001,0,0,1
2006,11,27,3,30,10.5,0,0,4
2006,11,27,4,30,10.600000000000001,0,0,4
2006,11,27,5,30,10.8,0,0,4
2006,11,27,6,30,11.200000000000001,0,0,4
2006,11,27,7,30,11.8,0,40,4
2006,11,27,8,30,12.4,0,72,3
2006,11,27,9,30,13.100000000000001,18,214,3
2006,11,27,10,30,14.200000000000001,1,176,2
2006,11,27,11,30,15.3,12,268,2
2006,11,27,12,30,16.1,236,440,2
2006,11,27,13,30,16.400000000000002,850,492,1
2006,11,27,14,30,16.1,770,354,1
2006,11,27,15,30,15.100000000000001,604,182,0
2006,11,27,16,30,13.4,166,22,0
2006,11,27,17,30,12.100000000000001,0,0,0
2006,11,27,18,30,11.600000000000001,0,0,1
2006,11,27,19,30,11.100000000000001,0,0,0
2006,11,27,20,30,10.8,0,0,0
2006,11,27,21,30,10.700000000000001,0,0,0
2006,11,27,22,30,10.5,0,0,0
2006,11,27,23,30,10.4,0,0,0
2006,11,28,0,30,10.3,0,0,0
2006,11,28,1,30,10.200000000000001,0,0,0
2006,11,28,2,30,9.9,0,0,0
2006,11,28,3,30,9.5,0,0,0
2006,11,28,4,30,8.9,0,0,0
2006,11,28,5,30,8.4,0,0,1
2006,11,28,6,30,8.700000000000001,0,0,1
2006,11,28,7,30,10.200000000000001,554,126,0
2006,11,28,8,30,11.9,779,309,0
2006,11,28,9,30,13.5,888,468,0
2006,11,28,10,30,15,935,575,0
2006,11,28,11,30,16.2,958,623,0
2006,11,28,12,30,16.900000000000002,651,592,2
2006,11,28,13,30,17,910,515,0
2006,11,28,14,30,16.400000000000002,835,373,0
2006,11,28,15,30,14.9,680,195,0
2006,11,28,16,30,12.4,243,24,0
2006,11,28,17,30,10.600000000000001,0,0,0
2006,11,28,18,30,9.700000000000001,0,0,0
2006,11,28,19,30,8.9,0,0,0
2006,11,28,20,30,8.1,0,0,0
2006,11,28,21,30,7.4,0,0,0
2006,11,28,22,30,6.800000000000001,0,0,0
2006,11,28,23,30,6.6000000000000005,0,0,0
2006,11,29,0,30,6.5,0,0,0
2006,11,29,1,30,6.5,0,0,0
2006,11,29,2,30,6.6000000000000005,0,0,0
2006,11,29,3,30,6.800000000000001,0,0,0
2006,11,29,4,30,6.9,0,0,0
2006,11,29,5,30,6.9,0,0,0
2006,11,29,6,30,7.5,0,0,1
2006,11,29,7,30,9.1,594,128,1
2006,11,29,8,30,11.100000000000001,813,313,0
2006,11,29,9,30,12.9,908,471,0
2006,11,29,10,30,14.100000000000001,957,582,0
2006,11,29,11,30,14.9,970,627,0
2006,11,29,12,30,15.5,969,611,0
2006,11,29,13,30,15.8,923,522,0
2006,11,29,14,30,15.5,832,374,0
2006,11,29,15,30,14.3,658,193,0
2006,11,29,16,30,12.100000000000001,199,23,0
2006,11,29,17,30,10.5,0,0,0
2006,11,29,18,30,9.700000000000001,0,0,0
2006,11,29,19,30,9.200000000000001,0,0,0
2006,11,29,20,30,8.700000000000001,0,0,0
2006,11,29,21,30,8.1,0,0,0
2006,11,29,22,30,7.7,0,0,0
2006,11,29,23,30,7.2,0,0,0
2006,11,30,0,30,6.9,0,0,1
2006,11,30,1,30,6.6000000000000005,0,0,3
2006,11,30,2,30,6.5,0,0,3
2006,11,30,3,30,6.4,0,0,1
2006,11,30,4,30,6.4,0,0,1
2006,11,30,5,30,6.4,0,0,1
2006,11,30,6,30,7.1000000000000005,0,0,4
2006,11,30,7,30,9.3,553,122,0
2006,11,30,8,30,11.8,781,306,0
2006,11,30,9,30,14,882,463,0
2006,11,30,10,30,15.8,925,567,0
2006,11,30,11,30,17.1,941,612,0
2006,11,30,12,30,17.900000000000002,931,590,0
2006,11,30,13,30,18.3,899,506,0
2006,11,30,14,30,18,823,367,0
2006,11,30,15,30,16.1,652,188,0
2006,11,30,16,30,13.4,235,23,0
2006,11,30,17,30,11.8,0,0,0
2006,11,30,18,30,11.100000000000001,0,0,1
2006,11,30,19,30,10.600000000000001,0,0,1
2006,11,30,20,30,10.200000000000001,0,0,1
2006,11,30,21,30,9.9,0,0,0
2006,11,30,22,30,9.700000000000001,0,0,0
2006,11,30,23,30,9.600000000000001,0,0,0
2006,12,1,0,30,9.4,0,0,0
2006,12,1,1,30,9.200000000000001,0,0,0
2006,12,1,2,30,9.1,0,0,0
2006,12,1,3,30,9,0,0,0
2006,12,1,4,30,9,0,0,1
2006,12,1,5,30,9,0,0,1
2006,12,1,6,30,9.600000000000001,0,0,1
2006,12,1,7,30,11.600000000000001,563,118,0
2006,12,1,8,30,14.700000000000001,782,299,0
2006,12,1,9,30,18,886,457,0
2006,12,1,10,30,20.700000000000003,932,563,0
2006,12,1,11,30,22.400000000000002,950,608,0
2006,12,1,12,30,23.400000000000002,950,592,0
2006,12,1,13,30,23.5,917,508,0
2006,12,1,14,30,22.8,845,369,0
2006,12,1,15,30,20,680,190,0
2006,12,1,16,30,16.5,257,23,0
2006,12,1,17,30,14.600000000000001,0,0,0
2006,12,1,18,30,14,0,0,0
2006,12,1,19,30,13.700000000000001,0,0,0
2006,12,1,20,30,13.4,0,0,1
2006,12,1,21,30,13.200000000000001,0,0,0
2006,12,1,22,30,13,0,0,1
2006,12,1,23,30,12.8,0,0,1
2006,12,2,0,30,12.700000000000001,0,0,1
2006,12,2,1,30,12.600000000000001,0,0,1
2006,12,2,2,30,12.5,0,0,1
2006,12,2,3,30,12.3,0,0,1
2006,12,2,4,30,12.100000000000001,0,0,1
2006,12,2,5,30,11.9,0,0,1
2006,12,2,6,30,12.100000000000001,0,0,3
2006,12,2,7,30,13.700000000000001,553,116,0
2006,12,2,8,30,16.6,785,299,0
2006,12,2,9,30,19.5,894,459,0
2006,12,2,10,30,21.6,940,567,0
2006,12,2,11,30,22.8,967,618,0
2006,12,2,12,30,23.5,960,598,0
2006,12,2,13,30,23.5,927,514,0
2006,12,2,14,30,22.700000000000003,864,378,0
2006,12,2,15,30,20.3,702,197,0
2006,12,2,16,30,17.1,241,24,0
2006,12,2,17,30,15.4,0,0,0
2006,12,2,18,30,14.8,0,0,0
2006,12,2,19,30,14.200000000000001,0,0,0
2006,12,2,20,30,13.600000000000001,0,0,1
2006,12,2,21,30,13,0,0,0
2006,12,2,22,30,12.600000000000001,0,0,1
2006,12,2,23,30,12.200000000000001,0,0,0
2006,12,3,0,30,11.8,0,0,1
2006,12,3,1,30,11.3,0,0,3
2006,12,3,2,30,10.8,0,0,1
2006,12,3,3,30,10.200000000000001,0,0,3
2006,12,3,4,30,9.700000000000001,0,0,3
2006,12,3,5,30,9.3,0,0,3
2006,12,3,6,30,9.5,0,0,3
2006,12,3,7,30,11.200000000000001,1,57,3
2006,12,3,8,30,14,834,308,0
2006,12,3,9,30,16.900000000000002,927,468,0
2006,12,3,10,30,19.200000000000003,969,576,0
2006,12,3,11,30,20.700000000000003,979,622,0
2006,12,3,12,30,21.6,968,602,0
2006,12,3,13,30,22,936,517,0
2006,12,3,14,30,21.5,855,375,0
2006,12,3,15,30,19.400000000000002,673,193,0
2006,12,3,16,30,16.3,241,24,0
2006,12,3,17,30,14.4,0,0,0
2006,12,3,18,30,13.4,0,0,0
2006,12,3,19,30,12.700000000000001,0,0,0
2006,12,3,20,30,12.200000000000001,0,0,0
2006,12,3,21,30,11.8,0,0,1
2006,12,3,22,30,11.4,0,0,1
2006,12,3,23,30,11,0,0,1
2006,12,4,0,30,10.700000000000001,0,0,1
2006,12,4,1,30,10.4,0,0,1
2006,12,4,2,30,10.100000000000001,0,0,1
2006,12,4,3,30,9.8,0,0,1
2006,12,4,4,30,9.5,0,0,1
2006,12,4,5,30,9.3,0,0,3
2006,12,4,6,30,9.600000000000001,0,0,3
2006,12,4,7,30,11.5,1,56,3
2006,12,4,8,30,14.9,825,305,0
2006,12,4,9,30,18.400000000000002,924,465,0
2006,12,4,10,30,21.200000000000003,970,574,0
2006,12,4,11,30,23.1,987,621,0
2006,12,4,12,30,24.1,981,602,0
2006,12,4,13,30,24.200000000000003,944,518,0
2006,12,4,14,30,23.200000000000003,872,377,0
2006,12,4,15,30,20,714,197,0
2006,12,4,16,30,16.3,275,24,0
2006,12,4,17,30,14.600000000000001,0,0,0
2006,12,4,18,30,14,0,0,0
2006,12,4,19,30,13.600000000000001,0,0,1
2006,12,4,20,30,13.3,0,0,1
2006,12,4,21,30,12.9,0,0,0
2006,12,4,22,30,12.5,0,0,1
2006,12,4,23,30,12.200000000000001,0,0,1
2006,12,5,0,30,11.9,0,0,1
2006,12,5,1,30,11.5,0,0,1
2006,12,5,2,30,11.200000000000001,0,0,1
2006,12,5,3,30,11,0,0,1
2006,12,5,4,30,10.9,0,0,1
2006,12,5,5,30,10.8,0,0,3
2006,12,5,6,30,11.4,0,0,3
2006,12,5,7,30,14,564,112,1
2006,12,5,8,30,17.1,796,295,0
2006,12,5,9,30,19.8,894,453,0
2006,12,5,10,30,22.1,946,563,0
2006,12,5,11,30,23.3,961,610,0
2006,12,5,12,30,23.700000000000003,954,591,0
2006,12,5,13,30,23.6,920,508,0
2006,12,5,14,30,22.6,843,369,0
2006,12,5,15,30,20.3,679,191,0
2006,12,5,16,30,17.2,258,23,0
2006,12,5,17,30,14.9,0,0,0
2006,12,5,18,30,13.600000000000001,0,0,0
2006,12,5,19,30,13,0,0,1
2006,12,5,20,30,12.600000000000001,0,0,1
2006,12,5,21,30,12.3,0,0,0
2006,12,5,22,30,12.100000000000001,0,0,0
2006,12,5,23,30,11.9,0,0,1
2006,12,6,0,30,11.700000000000001,0,0,0
2006,12,6,1,30,11.600000000000001,0,0,1
2006,12,6,2,30,11.5,0,0,1
2006,12,6,3,30,11.4,0,0,1
2006,12,6,4,30,11.3,0,0,1
2006,12,6,5,30,11.3,0,0,1
2006,12,6,6,30,12,0,0,3
2006,12,6,7,30,14.600000000000001,547,108,1
2006,12,6,8,30,17.8,788,292,0
2006,12,6,9,30,20.700000000000003,889,450,0
2006,12,6,10,30,23,937,559,0
2006,12,6,11,30,24,954,606,0
2006,12,6,12,30,24.400000000000002,946,588,0
2006,12,6,13,30,24.3,912,505,0
2006,12,6,14,30,23.3,827,363,0
2006,12,6,15,30,20.8,662,188,0
2006,12,6,16,30,17.6,214,22,0
2006,12,6,17,30,15.5,0,0,0
2006,12,6,18,30,14.5,0,0,0
2006,12,6,19,30,14.200000000000001,0,0,0
2006,12,6,20,30,14,0,0,0
2006,12,6,21,30,13.9,0,0,0
2006,12,6,22,30,13.8,0,0,1
2006,12,6,23,30,13.8,0,0,1
2006,12,7,0,30,13.700000000000001,0,0,1
2006,12,7,1,30,13.700000000000001,0,0,1
2006,12,7,2,30,13.600000000000001,0,0,3
2006,12,7,3,30,13.600000000000001,0,0,3
2006,12,7,4,30,13.5,0,0,3
2006,12,7,5,30,13.600000000000001,0,0,1
2006,12,7,6,30,14.200000000000001,0,0,3
2006,12,7,7,30,16.400000000000002,550,104,0
2006,12,7,8,30,19.3,789,285,0
2006,12,7,9,30,22.1,890,441,0
2006,12,7,10,30,24.6,935,548,0
2006,12,7,11,30,26.1,952,596,0
2006,12,7,12,30,26.6,944,578,0
2006,12,7,13,30,26.400000000000002,909,497,0
2006,12,7,14,30,25.3,832,361,0
2006,12,7,15,30,22.200000000000003,669,187,0
2006,12,7,16,30,18.6,267,23,0
2006,12,7,17,30,16.7,0,0,0
2006,12,7,18,30,16.1,0,0,0
2006,12,7,19,30,15.8,0,0,0
2006,12,7,20,30,15.600000000000001,0,0,0
2006,12,7,21,30,15.4,0,0,0
2006,12,7,22,30,15.200000000000001,0,0,0
2006,12,7,23,30,14.9,0,0,0
2006,12,8,0,30,14.600000000000001,0,0,1
2006,12,8,1,30,14.3,0,0,1
2006,12,8,2,30,14,0,0,1
2006,12,8,3,30,13.700000000000001,0,0,1
2006,12,8,4,30,13.5,0,0,1
2006,12,8,5,30,13.4,0,0,1
2006,12,8,6,30,13.9,0,0,1
2006,12,8,7,30,16.3,430,95,0
2006,12,8,8,30,19.200000000000003,686,268,0
2006,12,8,9,30,21,796,421,0
2006,12,8,10,30,22.1,870,532,0
2006,12,8,11,30,22.5,888,579,0
2006,12,8,12,30,22.3,872,558,0
2006,12,8,13,30,21.400000000000002,848,482,0
2006,12,8,14,30,20,766,349,0
2006,12,8,15,30,17.8,589,178,0
2006,12,8,16,30,15.200000000000001,175,21,0
2006,12,8,17,30,13.700000000000001,0,0,1
2006,12,8,18,30,13,0,0,1
2006,12,8,19,30,12.4,0,0,4
2006,12,8,20,30,11.700000000000001,0,0,4
2006,12,8,21,30,11.4,0,0,4
2006,12,8,22,30,11.4,0,0,0
2006,12,8,23,30,11.600000000000001,0,0,1
2006,12,9,0,30,11.9,0,0,1
2006,12,9,1,30,12.100000000000001,0,0,1
2006,12,9,2,30,12.3,0,0,0
2006,12,9,3,30,12.3,0,0,0
2006,12,9,4,30,12.100000000000001,0,0,0
2006,12,9,5,30,11.700000000000001,0,0,0
2006,12,9,6,30,11.700000000000001,0,0,1
2006,12,9,7,30,12.9,425,91,0
2006,12,9,8,30,14.700000000000001,696,265,0
2006,12,9,9,30,16.5,818,419,0
2006,12,9,10,30,17.7,867,523,0
2006,12,9,11,30,18.2,884,570,1
2006,12,9,12,30,18.2,871,551,0
2006,12,9,13,30,17.7,820,471,0
2006,12,9,14,30,16.8,728,338,0
2006,12,9,15,30,15.600000000000001,552,172,0
2006,12,9,16,30,14.3,142,20,0
2006,12,9,17,30,13.700000000000001,0,0,1
2006,12,9,18,30,13.600000000000001,0,0,4
2006,12,9,19,30,13.4,0,0,0
2006,12,9,20,30,13.100000000000001,0,0,1
2006,12,9,21,30,13.100000000000001,0,0,8
2006,12,9,22,30,13.4,0,0,8
2006,12,9,23,30,13.5,0,0,0
2006,12,10,0,30,13.100000000000001,0,0,1
2006,12,10,1,30,12.4,0,0,1
2006,12,10,2,30,11.9,0,0,0
2006,12,10,3,30,11.4,0,0,1
2006,12,10,4,30,10.700000000000001,0,0,3
2006,12,10,5,30,10.100000000000001,0,0,3
2006,12,10,6,30,10.200000000000001,0,0,1
2006,12,10,7,30,11.3,458,91,0
2006,12,10,8,30,12.9,713,264,0
2006,12,10,9,30,14.200000000000001,822,416,0
2006,12,10,10,30,15.4,862,519,0
2006,12,10,11,30,16.2,877,565,0
2006,12,10,12,30,16.5,863,547,0
2006,12,10,13,30,16.400000000000002,820,469,0
2006,12,10,14,30,15.9,437,327,2
2006,12,10,15,30,14.8,12,111,3
2006,12,10,16,30,13.3,83,19,1
2006,12,10,17,30,12.5,0,0,4
2006,12,10,18,30,12.200000000000001,0,0,3
2006,12,10,19,30,12.100000000000001,0,0,1
2006,12,10,20,30,12.100000000000001,0,0,3
2006,12,10,21,30,11.9,0,0,3
2006,12,10,22,30,11.8,0,0,1
2006,12,10,23,30,11.700000000000001,0,0,3
2006,12,11,0,30,11.5,0,0,3
2006,12,11,1,30,11.3,0,0,1
2006,12,11,2,30,11,0,0,0
2006,12,11,3,30,10.600000000000001,0,0,0
2006,12,11,4,30,10,0,0,0
2006,12,11,5,30,9.4,0,0,1
2006,12,11,6,30,9.3,0,0,1
2006,12,11,7,30,10.4,0,22,3
2006,12,11,8,30,12.200000000000001,654,255,1
2006,12,11,9,30,14.600000000000001,792,410,0
2006,12,11,10,30,16.7,858,520,0
2006,12,11,11,30,18.1,885,569,0
2006,12,11,12,30,18.900000000000002,882,555,0
2006,12,11,13,30,19.1,853,479,0
2006,12,11,14,30,18.7,775,346,0
2006,12,11,15,30,17,613,179,0
2006,12,11,16,30,14.700000000000001,1,16,7
2006,12,11,17,30,13.200000000000001,0,0,7
2006,12,11,18,30,12.4,0,0,0
2006,12,11,19,30,11.9,0,0,1
2006,12,11,20,30,11.600000000000001,0,0,0
2006,12,11,21,30,11.4,0,0,0
2006,12,11,22,30,11.4,0,0,0
2006,12,11,23,30,11.100000000000001,0,0,0
2006,12,12,0,30,10.700000000000001,0,0,0
2006,12,12,1,30,10.600000000000001,0,0,0
2006,12,12,2,30,10.5,0,0,0
2006,12,12,3,30,10.5,0,0,8
2006,12,12,4,30,10.600000000000001,0,0,7
2006,12,12,5,30,10.700000000000001,0,0,7
2006,12,12,6,30,11,0,0,7
2006,12,12,7,30,12.600000000000001,17,61,7
2006,12,12,8,30,15.200000000000001,680,256,0
2006,12,12,9,30,17.7,792,408,0
2006,12,12,10,30,19.200000000000003,540,468,7
2006,12,12,11,30,19.900000000000002,434,458,8
2006,12,12,12,30,20.700000000000003,452,452,8
2006,12,12,13,30,20.900000000000002,783,459,0
2006,12,12,14,30,20,350,287,7
2006,12,12,15,30,18.1,94,132,8
2006,12,12,16,30,16.1,0,14,7
2006,12,12,17,30,14.9,0,0,7
2006,12,12,18,30,14.200000000000001,0,0,0
2006,12,12,19,30,13.700000000000001,0,0,0
2006,12,12,20,30,13.4,0,0,0
2006,12,12,21,30,13.200000000000001,0,0,0
2006,12,12,22,30,12.8,0,0,0
2006,12,12,23,30,12.3,0,0,0
2006,12,13,0,30,11.8,0,0,0
2006,12,13,1,30,11.5,0,0,0
2006,12,13,2,30,11.5,0,0,3
2006,12,13,3,30,11.700000000000001,0,0,0
2006,12,13,4,30,12,0,0,0
2006,12,13,5,30,12,0,0,1
2006,12,13,6,30,12.3,0,0,1
2006,12,13,7,30,13.9,356,79,0
2006,12,13,8,30,16.5,646,247,1
2006,12,13,9,30,19.3,384,327,8
2006,12,13,10,30,21.8,605,458,7
2006,12,13,11,30,23.3,471,469,7
2006,12,13,12,30,24,561,484,8
2006,12,13,13,30,24,178,353,3
2006,12,13,14,30,23.1,701,334,1
2006,12,13,15,30,20.700000000000003,530,171,0
2006,12,13,16,30,18,0,13,3
2006,12,13,17,30,16.8,0,0,3
2006,12,13,18,30,16.3,0,0,7
2006,12,13,19,30,15.9,0,0,7
2006,12,13,20,30,15.4,0,0,7
2006,12,13,21,30,15.200000000000001,0,0,7
2006,12,13,22,30,14.9,0,0,3
2006,12,13,23,30,14.5,0,0,3
2006,12,14,0,30,14.100000000000001,0,0,3
2006,12,14,1,30,13.700000000000001,0,0,1
2006,12,14,2,30,13.5,0,0,7
2006,12,14,3,30,13.3,0,0,7
2006,12,14,4,30,13.200000000000001,0,0,3
2006,12,14,5,30,13.100000000000001,0,0,3
2006,12,14,6,30,13.600000000000001,0,0,1
2006,12,14,7,30,15.4,402,80,0
2006,12,14,8,30,18.1,45,170,3
2006,12,14,9,30,21.200000000000003,545,369,7
2006,12,14,10,30,23.700000000000003,408,404,8
2006,12,14,11,30,24.8,878,560,1
2006,12,14,12,30,24.900000000000002,876,547,0
2006,12,14,13,30,24.5,839,472,0
2006,12,14,14,30,23.400000000000002,753,342,0
2006,12,14,15,30,21,587,177,1
2006,12,14,16,30,18.5,2,18,7
2006,12,14,17,30,17.1,0,0,7
2006,12,14,18,30,16.3,0,0,0
2006,12,14,19,30,15.9,0,0,3
2006,12,14,20,30,15.600000000000001,0,0,4
2006,12,14,21,30,15.4,0,0,0
2006,12,14,22,30,15.200000000000001,0,0,7
2006,12,14,23,30,14.9,0,0,4
2006,12,15,0,30,14.5,0,0,3
2006,12,15,1,30,14.200000000000001,0,0,3
2006,12,15,2,30,14,0,0,1
2006,12,15,3,30,13.8,0,0,3
2006,12,15,4,30,13.8,0,0,3
2006,12,15,5,30,13.9,0,0,4
2006,12,15,6,30,13.8,0,0,4
2006,12,15,7,30,14.9,5,45,7
2006,12,15,8,30,17,0,64,4
2006,12,15,9,30,18.900000000000002,0,114,3
2006,12,15,10,30,20.200000000000003,2,110,7
2006,12,15,11,30,20.8,1,200,3
2006,12,15,12,30,20.8,8,240,3
2006,12,15,13,30,20.1,107,335,3
2006,12,15,14,30,19,113,255,3
2006,12,15,15,30,16.8,143,148,3
2006,12,15,16,30,14.600000000000001,0,13,4
2006,12,15,17,30,13.4,0,0,4
2006,12,15,18,30,13.100000000000001,0,0,7
2006,12,15,19,30,12.8,0,0,7
2006,12,15,20,30,12.4,0,0,7
2006,12,15,21,30,11.9,0,0,7
2006,12,15,22,30,11.600000000000001,0,0,7
2006,12,15,23,30,11.4,0,0,7
2006,12,16,0,30,11.600000000000001,0,0,7
2006,12,16,1,30,12.100000000000001,0,0,7
2006,12,16,2,30,12.3,0,0,7
2006,12,16,3,30,12.3,0,0,7
2006,12,16,4,30,12.4,0,0,7
2006,12,16,5,30,12.4,0,0,7
2006,12,16,6,30,12.600000000000001,0,0,7
2006,12,16,7,30,12.9,1,38,6
2006,12,16,8,30,13.100000000000001,15,120,7
2006,12,16,9,30,13.200000000000001,23,184,7
2006,12,16,10,30,13.200000000000001,27,243,7
2006,12,16,11,30,13,70,310,6
2006,12,16,12,30,12.9,38,266,7
2006,12,16,13,30,12.8,138,302,7
2006,12,16,14,30,12.4,143,229,8
2006,12,16,15,30,11.3,5,73,8
2006,12,16,16,30,10.3,0,11,8
2006,12,16,17,30,9.9,0,0,4
2006,12,16,18,30,10,0,0,4
2006,12,16,19,30,10.100000000000001,0,0,4
2006,12,16,20,30,10.100000000000001,0,0,4
2006,12,16,21,30,9.700000000000001,0,0,4
2006,12,16,22,30,8.8,0,0,1
2006,12,16,23,30,7.800000000000001,0,0,1
2006,12,17,0,30,7.300000000000001,0,0,1
2006,12,17,1,30,7.2,0,0,1
2006,12,17,2,30,7.1000000000000005,0,0,1
2006,12,17,3,30,7.1000000000000005,0,0,0
2006,12,17,4,30,7.1000000000000005,0,0,1
2006,12,17,5,30,7.2,0,0,1
2006,12,17,6,30,7.4,0,0,1
2006,12,17,7,30,8.6,423,79,1
2006,12,17,8,30,10.100000000000001,708,252,0
2006,12,17,9,30,11.200000000000001,103,284,2
2006,12,17,10,30,12.100000000000001,896,523,1
2006,12,17,11,30,12.8,923,575,0
2006,12,17,12,30,13.200000000000001,918,563,1
2006,12,17,13,30,13.200000000000001,883,488,0
2006,12,17,14,30,12.9,807,357,0
2006,12,17,15,30,11.600000000000001,654,190,0
2006,12,17,16,30,10,236,26,0
2006,12,17,17,30,9.1,0,0,0
2006,12,17,18,30,8.4,0,0,0
2006,12,17,19,30,7.800000000000001,0,0,0
2006,12,17,20,30,7.2,0,0,0
2006,12,17,21,30,6.7,0,0,0
2006,12,17,22,30,6.300000000000001,0,0,1
2006,12,17,23,30,5.9,0,0,1
2006,12,18,0,30,5.7,0,0,0
2006,12,18,1,30,5.5,0,0,1
2006,12,18,2,30,5.4,0,0,1
2006,12,18,3,30,5.300000000000001,0,0,1
2006,12,18,4,30,5.4,0,0,1
2006,12,18,5,30,5.300000000000001,0,0,1
2006,12,18,6,30,5.7,0,0,4
2006,12,18,7,30,7.4,437,79,1
2006,12,18,8,30,9.600000000000001,717,253,1
2006,12,18,9,30,11.5,502,363,7
2006,12,18,10,30,12.600000000000001,647,481,7
2006,12,18,11,30,13.3,901,570,0
2006,12,18,12,30,13.600000000000001,894,559,0
2006,12,18,13,30,13.600000000000001,866,485,0
2006,12,18,14,30,13.200000000000001,791,356,0
2006,12,18,15,30,11.8,632,188,0
2006,12,18,16,30,9.600000000000001,221,26,0
2006,12,18,17,30,8.200000000000001,0,0,1
2006,12,18,18,30,7.4,0,0,1
2006,12,18,19,30,6.9,0,0,0
2006,12,18,20,30,6.4,0,0,1
2006,12,18,21,30,6,0,0,1
2006,12,18,22,30,5.800000000000001,0,0,1
2006,12,18,23,30,5.6000000000000005,0,0,1
2006,12,19,0,30,5.4,0,0,4
2006,12,19,1,30,5.4,0,0,4
2006,12,19,2,30,5.300000000000001,0,0,4
2006,12,19,3,30,5.4,0,0,4
2006,12,19,4,30,5.4,0,0,4
2006,12,19,5,30,5.5,0,0,4
2006,12,19,6,30,5.9,0,0,1
2006,12,19,7,30,7.9,471,79,1
2006,12,19,8,30,10.5,747,256,1
2006,12,19,9,30,12.4,871,419,0
2006,12,19,10,30,13.600000000000001,926,532,0
2006,12,19,11,30,14.4,944,585,0
2006,12,19,12,30,14.9,939,574,0
2006,12,19,13,30,15,907,499,0
2006,12,19,14,30,14.600000000000001,820,363,0
2006,12,19,15,30,13.100000000000001,658,193,0
2006,12,19,16,30,11.200000000000001,267,28,0
2006,12,19,17,30,10.3,0,0,0
2006,12,19,18,30,9.700000000000001,0,0,0
2006,12,19,19,30,9.200000000000001,0,0,0
2006,12,19,20,30,8.8,0,0,0
2006,12,19,21,30,8.4,0,0,0
2006,12,19,22,30,7.9,0,0,0
2006,12,19,23,30,7.4,0,0,4
2006,12,20,0,30,6.9,0,0,1
2006,12,20,1,30,6.5,0,0,4
2006,12,20,2,30,6.300000000000001,0,0,4
2006,12,20,3,30,6.1000000000000005,0,0,4
2006,12,20,4,30,5.800000000000001,0,0,4
2006,12,20,5,30,5.7,0,0,4
2006,12,20,6,30,5.9,0,0,4
2006,12,20,7,30,7.7,15,53,7
2006,12,20,8,30,10.3,682,245,1
2006,12,20,9,30,12.4,122,290,3
2006,12,20,10,30,14.100000000000001,883,517,0
2006,12,20,11,30,15.100000000000001,906,571,0
2006,12,20,12,30,15.600000000000001,901,560,0
2006,12,20,13,30,15.600000000000001,874,488,0
2006,12,20,14,30,14.9,793,357,0
2006,12,20,15,30,13.100000000000001,633,190,0
2006,12,20,16,30,10.9,236,28,0
2006,12,20,17,30,10,0,0,0
2006,12,20,18,30,9.700000000000001,0,0,1
2006,12,20,19,30,9.700000000000001,0,0,0
2006,12,20,20,30,9.5,0,0,1
2006,12,20,21,30,9.1,0,0,0
2006,12,20,22,30,8.6,0,0,0
2006,12,20,23,30,8.1,0,0,0
2006,12,21,0,30,7.6000000000000005,0,0,0
2006,12,21,1,30,7.2,0,0,0
2006,12,21,2,30,6.7,0,0,1
2006,12,21,3,30,6.300000000000001,0,0,1
2006,12,21,4,30,6.1000000000000005,0,0,1
2006,12,21,5,30,6,0,0,1
2006,12,21,6,30,6.4,0,0,1
2006,12,21,7,30,8.200000000000001,396,72,0
2006,12,21,8,30,10.600000000000001,140,176,8
2006,12,21,9,30,12.8,404,328,8
2006,12,21,10,30,14.8,855,511,0
2006,12,21,11,30,15.600000000000001,855,561,0
2006,12,21,12,30,15.8,835,546,1
2006,12,21,13,30,15.8,277,363,7
2006,12,21,14,30,15.4,301,287,7
2006,12,21,15,30,13.8,7,80,7
2006,12,21,16,30,11.9,177,26,0
2006,12,21,17,30,10.700000000000001,0,0,7
2006,12,21,18,30,10.200000000000001,0,0,7
2006,12,21,19,30,10.200000000000001,0,0,7
2006,12,21,20,30,10.3,0,0,0
2006,12,21,21,30,10.3,0,0,0
2006,12,21,22,30,10,0,0,8
2006,12,21,23,30,9.8,0,0,1
2006,12,22,0,30,9.600000000000001,0,0,4
2006,12,22,1,30,9.600000000000001,0,0,4
2006,12,22,2,30,9.9,0,0,4
2006,12,22,3,30,10.100000000000001,0,0,1
2006,12,22,4,30,9.9,0,0,1
2006,12,22,5,30,9.5,0,0,3
2006,12,22,6,30,9.3,0,0,4
2006,12,22,7,30,10.200000000000001,322,67,0
2006,12,22,8,30,11.600000000000001,665,240,0
2006,12,22,9,30,12.8,812,402,0
2006,12,22,10,30,14.5,880,514,0
2006,12,22,11,30,16.2,910,570,0
2006,12,22,12,30,17.400000000000002,915,564,0
2006,12,22,13,30,18,886,492,0
2006,12,22,14,30,17.8,821,366,0
2006,12,22,15,30,15.9,669,197,0
2006,12,22,16,30,13.3,280,32,0
2006,12,22,17,30,12.100000000000001,0,0,1
2006,12,22,18,30,11.600000000000001,0,0,1
2006,12,22,19,30,11.200000000000001,0,0,1
2006,12,22,20,30,10.700000000000001,0,0,1
2006,12,22,21,30,10.200000000000001,0,0,1
2006,12,22,22,30,9.8,0,0,1
2006,12,22,23,30,9.5,0,0,1
2006,12,23,0,30,9.200000000000001,0,0,1
2006,12,23,1,30,8.8,0,0,1
2006,12,23,2,30,8.5,0,0,1
2006,12,23,3,30,8.4,0,0,1
2006,12,23,4,30,8.6,0,0,1
2006,12,23,5,30,8.4,0,0,1
2006,12,23,6,30,8.700000000000001,0,0,3
2006,12,23,7,30,10.700000000000001,5,49,3
2006,12,23,8,30,13.600000000000001,744,250,1
2006,12,23,9,30,16.5,870,413,0
2006,12,23,10,30,18.900000000000002,920,527,0
2006,12,23,11,30,20.6,943,583,0
2006,12,23,12,30,21.6,940,574,0
2006,12,23,13,30,21.700000000000003,892,496,0
2006,12,23,14,30,20.5,821,367,0
2006,12,23,15,30,17.400000000000002,661,197,0
2006,12,23,16,30,14.3,1,20,7
2006,12,23,17,30,12.9,0,0,7
2006,12,23,18,30,12.200000000000001,0,0,7
2006,12,23,19,30,11.8,0,0,7
2006,12,23,20,30,11.600000000000001,0,0,7
2006,12,23,21,30,11.5,0,0,1
2006,12,23,22,30,11.100000000000001,0,0,0
2006,12,23,23,30,10.700000000000001,0,0,0
2006,12,24,0,30,10.4,0,0,1
2006,12,24,1,30,10.200000000000001,0,0,1
2006,12,24,2,30,10.100000000000001,0,0,1
2006,12,24,3,30,10,0,0,1
2006,12,24,4,30,10,0,0,7
2006,12,24,5,30,9.9,0,0,7
2006,12,24,6,30,10.200000000000001,0,0,3
2006,12,24,7,30,12,436,71,0
2006,12,24,8,30,14.8,726,245,0
2006,12,24,9,30,17.7,846,403,0
2006,12,24,10,30,20.200000000000003,902,515,0
2006,12,24,11,30,21.8,226,427,4
2006,12,24,12,30,22.6,918,562,0
2006,12,24,13,30,22.700000000000003,882,490,1
2006,12,24,14,30,21.8,802,361,0
2006,12,24,15,30,19.200000000000003,644,195,0
2006,12,24,16,30,16.1,293,33,0
2006,12,24,17,30,14.4,0,0,0
2006,12,24,18,30,13.600000000000001,0,0,1
2006,12,24,19,30,13.200000000000001,0,0,3
2006,12,24,20,30,12.9,0,0,3
2006,12,24,21,30,12.600000000000001,0,0,4
2006,12,24,22,30,12.4,0,0,4
2006,12,24,23,30,12.200000000000001,0,0,0
2006,12,25,0,30,12,0,0,0
2006,12,25,1,30,11.9,0,0,3
2006,12,25,2,30,11.9,0,0,3
2006,12,25,3,30,11.700000000000001,0,0,1
2006,12,25,4,30,11.5,0,0,3
2006,12,25,5,30,11.5,0,0,3
2006,12,25,6,30,12.100000000000001,0,0,3
2006,12,25,7,30,14.200000000000001,9,45,8
2006,12,25,8,30,16.900000000000002,11,138,3
2006,12,25,9,30,19.6,823,400,0
2006,12,25,10,30,22.3,868,512,0
2006,12,25,11,30,24,479,472,8
2006,12,25,12,30,24.400000000000002,359,435,8
2006,12,25,13,30,24.1,850,486,0
2006,12,25,14,30,22.700000000000003,772,359,0
2006,12,25,15,30,19.900000000000002,608,194,0
2006,12,25,16,30,17.2,257,33,1
2006,12,25,17,30,15.8,0,0,1
2006,12,25,18,30,15.200000000000001,0,0,1
2006,12,25,19,30,15,0,0,0
2006,12,25,20,30,14.9,0,0,0
2006,12,25,21,30,14.700000000000001,0,0,0
2006,12,25,22,30,14.5,0,0,0
2006,12,25,23,30,14.5,0,0,1
2006,12,26,0,30,14.600000000000001,0,0,1
2006,12,26,1,30,14.5,0,0,8
2006,12,26,2,30,14.4,0,0,8
2006,12,26,3,30,14.3,0,0,4
2006,12,26,4,30,14.4,0,0,3
2006,12,26,5,30,14.5,0,0,4
2006,12,26,6,30,14.8,0,0,7
2006,12,26,7,30,16.1,5,43,7
2006,12,26,8,30,18.3,527,206,8
2006,12,26,9,30,20.200000000000003,1,81,6
2006,12,26,10,30,21.8,23,208,6
2006,12,26,11,30,22.5,8,180,6
2006,12,26,12,30,22.1,237,394,7
2006,12,26,13,30,20.700000000000003,392,392,8
2006,12,26,14,30,18.900000000000002,268,286,8
2006,12,26,15,30,17.2,194,125,8
2006,12,26,16,30,15.700000000000001,1,20,6
2006,12,26,17,30,15.200000000000001,0,0,7
2006,12,26,18,30,15.100000000000001,0,0,7
2006,12,26,19,30,14.9,0,0,6
2006,12,26,20,30,14.4,0,0,7
2006,12,26,21,30,13.8,0,0,7
2006,12,26,22,30,13,0,0,7
2006,12,26,23,30,12.3,0,0,7
2006,12,27,0,30,11.8,0,0,7
2006,12,27,1,30,11.100000000000001,0,0,7
2006,12,27,2,30,10.700000000000001,0,0,8
2006,12,27,3,30,11.200000000000001,0,0,4
2006,12,27,4,30,11.9,0,0,6
2006,12,27,5,30,11.5,0,0,7
2006,12,27,6,30,11,0,0,1
2006,12,27,7,30,11.5,389,65,0
2006,12,27,8,30,12.600000000000001,700,238,0
2006,12,27,9,30,13.4,806,392,0
2006,12,27,10,30,13.9,824,498,0
2006,12,27,11,30,14.100000000000001,821,549,0
2006,12,27,12,30,14.100000000000001,820,544,0
2006,12,27,13,30,14,680,460,1
2006,12,27,14,30,13.600000000000001,202,284,8
2006,12,27,15,30,12.600000000000001,395,179,0
2006,12,27,16,30,11.4,0,16,3
2006,12,27,17,30,10.5,0,0,1
2006,12,27,18,30,9.9,0,0,0
2006,12,27,19,30,9.600000000000001,0,0,0
2006,12,27,20,30,9.3,0,0,0
2006,12,27,21,30,9.1,0,0,0
2006,12,27,22,30,8.9,0,0,0
2006,12,27,23,30,8.700000000000001,0,0,1
2006,12,28,0,30,8.4,0,0,1
2006,12,28,1,30,8,0,0,1
2006,12,28,2,30,7.6000000000000005,0,0,1
2006,12,28,3,30,7.300000000000001,0,0,1
2006,12,28,4,30,7,0,0,1
2006,12,28,5,30,6.9,0,0,1
2006,12,28,6,30,7.300000000000001,0,0,1
2006,12,28,7,30,8.9,454,69,1
2006,12,28,8,30,11.3,763,248,0
2006,12,28,9,30,13.3,880,411,0
2006,12,28,10,30,14.600000000000001,931,531,0
2006,12,28,11,30,15.5,946,588,0
2006,12,28,12,30,16,936,581,0
2006,12,28,13,30,16.1,906,510,0
2006,12,28,14,30,15.700000000000001,833,381,0
2006,12,28,15,30,14.200000000000001,687,212,0
2006,12,28,16,30,12.100000000000001,309,40,0
2006,12,28,17,30,10.8,0,0,1
2006,12,28,18,30,10.3,0,0,1
2006,12,28,19,30,9.9,0,0,1
2006,12,28,20,30,9.5,0,0,1
2006,12,28,21,30,9.200000000000001,0,0,0
2006,12,28,22,30,8.6,0,0,1
2006,12,28,23,30,8,0,0,0
2006,12,29,0,30,7.6000000000000005,0,0,1
2006,12,29,1,30,7.4,0,0,1
2006,12,29,2,30,7.300000000000001,0,0,1
2006,12,29,3,30,7.4,0,0,1
2006,12,29,4,30,7.4,0,0,1
2006,12,29,5,30,7.5,0,0,3
2006,12,29,6,30,8.1,0,0,1
2006,12,29,7,30,10,467,70,1
2006,12,29,8,30,12.700000000000001,759,248,0
2006,12,29,9,30,15.3,878,411,0
2006,12,29,10,30,17.5,927,528,0
2006,12,29,11,30,19,949,586,0
2006,12,29,12,30,19.8,944,580,0
2006,12,29,13,30,19.700000000000003,917,511,0
2006,12,29,14,30,19,845,383,0
2006,12,29,15,30,16.400000000000002,698,214,0
2006,12,29,16,30,13.5,347,42,0
2006,12,29,17,30,11.9,0,0,0
2006,12,29,18,30,11.100000000000001,0,0,3
2006,12,29,19,30,10.600000000000001,0,0,1
2006,12,29,20,30,10.5,0,0,0
2006,12,29,21,30,10.3,0,0,0
2006,12,29,22,30,9.9,0,0,0
2006,12,29,23,30,9.600000000000001,0,0,0
2006,12,30,0,30,9.4,0,0,0
2006,12,30,1,30,9.200000000000001,0,0,0
2006,12,30,2,30,8.9,0,0,1
2006,12,30,3,30,8.700000000000001,0,0,1
2006,12,30,4,30,8.6,0,0,1
2006,12,30,5,30,8.5,0,0,1
2006,12,30,6,30,8.8,0,0,1
2006,12,30,7,30,11,452,68,0
2006,12,30,8,30,13.9,746,246,0
2006,12,30,9,30,16.3,865,408,0
2006,12,30,10,30,18.2,924,527,0
2006,12,30,11,30,19.200000000000003,937,582,0
2006,12,30,12,30,19.5,933,577,0
2006,12,30,13,30,19.200000000000003,908,508,0
2006,12,30,14,30,18.2,839,382,0
2006,12,30,15,30,15.9,687,212,0
2006,12,30,16,30,13.3,346,43,0
2006,12,30,17,30,12,0,0,0
2006,12,30,18,30,11.600000000000001,0,0,0
2006,12,30,19,30,11.4,0,0,0
2006,12,30,20,30,11.200000000000001,0,0,0
2006,12,30,21,30,10.700000000000001,0,0,0
2006,12,30,22,30,10.200000000000001,0,0,0
2006,12,30,23,30,9.9,0,0,0
2006,12,31,0,30,9.600000000000001,0,0,0
2006,12,31,1,30,9.200000000000001,0,0,0
2006,12,31,2,30,8.9,0,0,0
2006,12,31,3,30,8.700000000000001,0,0,0
2006,12,31,4,30,8.700000000000001,0,0,1
2006,12,31,5,30,8.9,0,0,0
2006,12,31,6,30,9.3,0,0,1
2006,12,31,7,30,10.700000000000001,398,64,0
2006,12,31,8,30,13,700,237,0
2006,12,31,9,30,15,828,398,0
2006,12,31,10,30,16.400000000000002,881,513,0
2006,12,31,11,30,17.1,888,568,0
2006,12,31,12,30,17.1,874,561,0
2006,12,31,13,30,16.400000000000002,824,489,1
2006,12,31,14,30,15.3,220,272,8
2006,12,31,15,30,13.8,116,159,8
2006,12,31,16,30,13.8,2,28,7
2006,12,31,17,30,13.100000000000001,0,0,7
2006,12,31,18,30,12.8,0,0,7
2006,12,31,19,30,12.600000000000001,0,0,7
2006,12,31,20,30,12.600000000000001,0,0,7
2006,12,31,21,30,12.600000000000001,0,0,7
2006,12,31,22,30,12.600000000000001,0,0,0
2006,12,31,23,30,12.5,0,0,1
