Source,Location ID,City,State,Country,Latitude,Longitude,Time Zone,Elevation,Local Time Zone,Clearsky DHI Units,Clearsky DNI Units,Clearsky GHI Units,Dew Point Units,DHI Units,DNI Units,GHI Units,Solar Zenith Angle Units,Temperature Units,Pressure Units,Relative Humidity Units,Precipitable Water Units,Wind Direction Units,Wind Speed Units,Cloud Type -15,Cloud Type 0,Cloud Type 1,Cloud Type 2,Cloud Type 3,Cloud Type 4,Cloud Type 5,Cloud Type 6,Cloud Type 7,Cloud Type 8,Cloud Type 9,Cloud Type 10,Cloud Type 11,Cloud Type 12,Fill Flag 0,Fill Flag 1,Fill Flag 2,Fill Flag 3,Fill Flag 4,Fill Flag 5,Surface Albedo Units,Version
NSRDB,209677,-,-,-,34.65,-117.94,-8,765,-8,w/m2,w/m2,w/m2,c,w/m2,w/m2,w/m2,Degree,c,mbar,%,cm,Degrees,m/s,N/A,Clear,Probably Clear,Fog,Water,Super-Cooled Water,Mixed,Opaque Ice,Cirrus,Overlapping,Overshooting,Unknown,Dust,Smoke,N/A,Missing Image,Low Irradiance,Exceeds Clearsky,Missing CLoud Properties,Rayleigh Violation,N/A,4.0.1
Year,Month,Day,Hour,Minute,Temperature,Cloud Type,DNI,GHI
2006,1,1,0,30,5.9,4,0,0
2006,1,1,1,30,5.7,7,0,0
2006,1,1,2,30,5.800000000000001,7,0,0
2006,1,1,3,30,6,7,0,0
2006,1,1,4,30,6.2,7,0,0
2006,1,1,5,30,6.2,7,0,0
2006,1,1,6,30,6.2,4,0,0
2006,1,1,7,30,6.9,7,3,36
2006,1,1,8,30,7.9,7,88,159
2006,1,1,9,30,9,7,5,115
2006,1,1,10,30,10,6,1,108
2006,1,1,11,30,10.700000000000001,6,2,127
2006,1,1,12,30,11.3,6,2,139
2006,1,1,13,30,11.3,7,24,209
2006,1,1,14,30,10.700000000000001,7,2,89
2006,1,1,15,30,9.700000000000001,7,10,92
2006,1,1,16,30,8.9,7,0,11
2006,1,1,17,30,8.3,7,0,0
2006,1,1,18,30,8.3,7,0,0
2006,1,1,19,30,8.700000000000001,7,0,0
2006,1,1,20,30,9.4,7,0,0
2006,1,1,21,30,10.3,7,0,0
2006,1,1,22,30,11,7,0,0
2006,1,1,23,30,11.4,7,0,0
2006,1,2,0,30,11.600000000000001,7,0,0
2006,1,2,1,30,11.9,0,0,0
2006,1,2,2,30,12,8,0,0
2006,1,2,3,30,11.9,1,0,0
2006,1,2,4,30,11.8,7,0,0
2006,1,2,5,30,11.600000000000001,7,0,0
2006,1,2,6,30,11.5,7,0,0
2006,1,2,7,30,11.5,7,3,34
2006,1,2,8,30,11.8,7,0,39
2006,1,2,9,30,12.4,6,0,15
2006,1,2,10,30,12.700000000000001,6,0,40
2006,1,2,11,30,12.4,7,0,17
2006,1,2,12,30,11.9,8,143,341
2006,1,2,13,30,11.600000000000001,7,417,419
2006,1,2,14,30,11,7,344,308
2006,1,2,15,30,9.700000000000001,7,319,189
2006,1,2,16,30,8.700000000000001,0,194,37
2006,1,2,17,30,8.200000000000001,0,0,0
2006,1,2,18,30,8.1,1,0,0
2006,1,2,19,30,8,0,0,0
2006,1,2,20,30,7.7,0,0,0
2006,1,2,21,30,7.2,0,0,0
2006,1,2,22,30,6.800000000000001,0,0,0
2006,1,2,23,30,6.5,0,0,0
2006,1,3,0,30,5.9,0,0,0
2006,1,3,1,30,5.2,0,0,0
2006,1,3,2,30,4.7,0,0,0
2006,1,3,3,30,4.3,0,0,0
2006,1,3,4,30,4,0,0,0
2006,1,3,5,30,3.8000000000000003,0,0,0
2006,1,3,6,30,3.8000000000000003,1,0,0
2006,1,3,7,30,5.1000000000000005,7,3,37
2006,1,3,8,30,7.2,0,724,238
2006,1,3,9,30,9.200000000000001,0,853,400
2006,1,3,10,30,11.100000000000001,0,918,519
2006,1,3,11,30,12.700000000000001,7,624,525
2006,1,3,12,30,13.600000000000001,0,939,573
2006,1,3,13,30,13.8,0,906,505
2006,1,3,14,30,13,0,833,378
2006,1,3,15,30,11.100000000000001,1,697,213
2006,1,3,16,30,8.6,4,0,24
2006,1,3,17,30,6.800000000000001,0,0,0
2006,1,3,18,30,5.7,0,0,0
2006,1,3,19,30,5,0,0,0
2006,1,3,20,30,4.5,0,0,0
2006,1,3,21,30,4,7,0,0
2006,1,3,22,30,3.8000000000000003,0,0,0
2006,1,3,23,30,3.8000000000000003,8,0,0
2006,1,4,0,30,4.4,0,0,0
2006,1,4,1,30,5.5,7,0,0
2006,1,4,2,30,6.300000000000001,7,0,0
2006,1,4,3,30,6.4,7,0,0
2006,1,4,4,30,6,7,0,0
2006,1,4,5,30,5.5,7,0,0
2006,1,4,6,30,6,0,0,0
2006,1,4,7,30,7.9,0,421,60
2006,1,4,8,30,10.600000000000001,0,727,231
2006,1,4,9,30,13.4,1,848,390
2006,1,4,10,30,15.700000000000001,7,464,411
2006,1,4,11,30,17.3,8,677,526
2006,1,4,12,30,18,8,613,503
2006,1,4,13,30,17.8,8,542,427
2006,1,4,14,30,16.900000000000002,4,69,251
2006,1,4,15,30,14.5,8,151,157
2006,1,4,16,30,12,7,3,28
2006,1,4,17,30,10.8,7,0,0
2006,1,4,18,30,10.3,7,0,0
2006,1,4,19,30,9.9,7,0,0
2006,1,4,20,30,9.600000000000001,7,0,0
2006,1,4,21,30,9.4,4,0,0
2006,1,4,22,30,9.200000000000001,4,0,0
2006,1,4,23,30,9.1,4,0,0
2006,1,5,0,30,9.1,4,0,0
2006,1,5,1,30,9.1,0,0,0
2006,1,5,2,30,9.1,0,0,0
2006,1,5,3,30,9.1,0,0,0
2006,1,5,4,30,9,0,0,0
2006,1,5,5,30,8.9,0,0,0
2006,1,5,6,30,9.3,0,0,0
2006,1,5,7,30,11.100000000000001,1,456,62
2006,1,5,8,30,14,4,78,166
2006,1,5,9,30,16.8,0,874,399
2006,1,5,10,30,19,0,916,516
2006,1,5,11,30,20.200000000000003,0,935,576
2006,1,5,12,30,20.6,0,931,573
2006,1,5,13,30,20.1,0,905,507
2006,1,5,14,30,18.7,0,838,383
2006,1,5,15,30,16.5,0,697,218
2006,1,5,16,30,14.4,1,357,48
2006,1,5,17,30,13.4,1,0,0
2006,1,5,18,30,12.9,4,0,0
2006,1,5,19,30,12.5,4,0,0
2006,1,5,20,30,12.100000000000001,7,0,0
2006,1,5,21,30,11.600000000000001,8,0,0
2006,1,5,22,30,11.100000000000001,0,0,0
2006,1,5,23,30,10.700000000000001,0,0,0
2006,1,6,0,30,10.3,4,0,0
2006,1,6,1,30,10,4,0,0
2006,1,6,2,30,9.5,4,0,0
2006,1,6,3,30,9.1,4,0,0
2006,1,6,4,30,8.700000000000001,1,0,0
2006,1,6,5,30,8.3,1,0,0
2006,1,6,6,30,8.700000000000001,0,0,0
2006,1,6,7,30,11.100000000000001,4,1,35
2006,1,6,8,30,14,0,787,247
2006,1,6,9,30,16.5,0,901,413
2006,1,6,10,30,18.900000000000002,0,956,534
2006,1,6,11,30,20.700000000000003,0,979,596
2006,1,6,12,30,21.900000000000002,0,979,594
2006,1,6,13,30,22.400000000000002,0,957,527
2006,1,6,14,30,21.3,0,900,402
2006,1,6,15,30,18,0,771,233
2006,1,6,16,30,14.600000000000001,0,438,53
2006,1,6,17,30,12.8,0,0,0
2006,1,6,18,30,11.9,0,0,0
2006,1,6,19,30,11.5,4,0,0
2006,1,6,20,30,11.4,4,0,0
2006,1,6,21,30,11.5,1,0,0
2006,1,6,22,30,11.3,7,0,0
2006,1,6,23,30,11,7,0,0
2006,1,7,0,30,10.5,8,0,0
2006,1,7,1,30,9.700000000000001,1,0,0
2006,1,7,2,30,8.5,4,0,0
2006,1,7,3,30,7.300000000000001,0,0,0
2006,1,7,4,30,6.6000000000000005,0,0,0
2006,1,7,5,30,6.2,0,0,0
2006,1,7,6,30,6.5,0,0,0
2006,1,7,7,30,8.6,0,351,58
2006,1,7,8,30,11.4,0,690,234
2006,1,7,9,30,13.9,0,838,401
2006,1,7,10,30,16.1,0,911,524
2006,1,7,11,30,17.3,0,945,589
2006,1,7,12,30,17.6,0,948,588
2006,1,7,13,30,17.2,0,912,517
2006,1,7,14,30,16.2,0,850,394
2006,1,7,15,30,13.4,0,719,227
2006,1,7,16,30,10.100000000000001,0,394,53
2006,1,7,17,30,8.4,0,0,0
2006,1,7,18,30,7.9,0,0,0
2006,1,7,19,30,7.800000000000001,0,0,0
2006,1,7,20,30,7.6000000000000005,0,0,0
2006,1,7,21,30,7.300000000000001,0,0,0
2006,1,7,22,30,6.9,0,0,0
2006,1,7,23,30,6.2,0,0,0
2006,1,8,0,30,5.4,0,0,0
2006,1,8,1,30,4.800000000000001,0,0,0
2006,1,8,2,30,4.4,0,0,0
2006,1,8,3,30,4.1000000000000005,0,0,0
2006,1,8,4,30,3.8000000000000003,0,0,0
2006,1,8,5,30,3.7,0,0,0
2006,1,8,6,30,4.2,0,0,0
2006,1,8,7,30,5.9,0,385,61
2006,1,8,8,30,8.9,0,709,238
2006,1,8,9,30,12.4,0,842,404
2006,1,8,10,30,15.3,0,895,524
2006,1,8,11,30,17.3,0,926,586
2006,1,8,12,30,18.7,0,931,586
2006,1,8,13,30,19,0,891,517
2006,1,8,14,30,18,0,820,391
2006,1,8,15,30,14.700000000000001,0,681,225
2006,1,8,16,30,10.9,0,326,51
2006,1,8,17,30,9.3,0,0,0
2006,1,8,18,30,8.700000000000001,0,0,0
2006,1,8,19,30,8.1,0,0,0
2006,1,8,20,30,7.5,0,0,0
2006,1,8,21,30,7.1000000000000005,0,0,0
2006,1,8,22,30,7.1000000000000005,0,0,0
2006,1,8,23,30,7.1000000000000005,0,0,0
2006,1,9,0,30,7,0,0,0
2006,1,9,1,30,6.800000000000001,0,0,0
2006,1,9,2,30,6.5,0,0,0
2006,1,9,3,30,6.1000000000000005,0,0,0
2006,1,9,4,30,5.7,0,0,0
2006,1,9,5,30,5.300000000000001,0,0,0
2006,1,9,6,30,5.6000000000000005,1,0,0
2006,1,9,7,30,7.5,0,393,60
2006,1,9,8,30,10.4,0,724,238
2006,1,9,9,30,13,0,854,405
2006,1,9,10,30,14.9,0,903,525
2006,1,9,11,30,16.1,0,923,585
2006,1,9,12,30,16.6,0,923,584
2006,1,9,13,30,16.6,0,910,521
2006,1,9,14,30,15.700000000000001,0,848,398
2006,1,9,15,30,13,0,719,233
2006,1,9,16,30,9.600000000000001,0,373,55
2006,1,9,17,30,7.9,0,0,0
2006,1,9,18,30,7.4,0,0,0
2006,1,9,19,30,6.9,0,0,0
2006,1,9,20,30,6.4,0,0,0
2006,1,9,21,30,6,0,0,0
2006,1,9,22,30,5.7,0,0,0
2006,1,9,23,30,5.4,0,0,0
2006,1,10,0,30,5.1000000000000005,0,0,0
2006,1,10,1,30,4.7,0,0,0
2006,1,10,2,30,4.4,0,0,0
2006,1,10,3,30,4,0,0,0
2006,1,10,4,30,3.7,0,0,0
2006,1,10,5,30,3.5,0,0,0
2006,1,10,6,30,4.1000000000000005,0,0,0
2006,1,10,7,30,6.800000000000001,0,308,56
2006,1,10,8,30,10.5,0,653,231
2006,1,10,9,30,13.5,0,797,398
2006,1,10,10,30,15.8,0,888,525
2006,1,10,11,30,17.1,0,916,590
2006,1,10,12,30,17.8,0,916,590
2006,1,10,13,30,17.900000000000002,0,892,525
2006,1,10,14,30,16.900000000000002,0,827,401
2006,1,10,15,30,14,0,689,233
2006,1,10,16,30,10.700000000000001,0,350,56
2006,1,10,17,30,8.9,0,0,0
2006,1,10,18,30,8,0,0,0
2006,1,10,19,30,7.5,0,0,0
2006,1,10,20,30,7.300000000000001,0,0,0
2006,1,10,21,30,7.2,0,0,0
2006,1,10,22,30,6.9,0,0,0
2006,1,10,23,30,6.6000000000000005,0,0,0
2006,1,11,0,30,6.300000000000001,0,0,0
2006,1,11,1,30,5.9,0,0,0
2006,1,11,2,30,5.5,0,0,0
2006,1,11,3,30,5.1000000000000005,0,0,0
2006,1,11,4,30,4.800000000000001,0,0,0
2006,1,11,5,30,4.5,1,0,0
2006,1,11,6,30,4.9,7,0,0
2006,1,11,7,30,7.2,7,5,41
2006,1,11,8,30,10.3,7,327,200
2006,1,11,9,30,13.600000000000001,4,255,321
2006,1,11,10,30,16.6,3,296,418
2006,1,11,11,30,18.3,8,576,500
2006,1,11,12,30,18.900000000000002,4,386,487
2006,1,11,13,30,18.7,8,431,423
2006,1,11,14,30,17.5,6,7,131
2006,1,11,15,30,14.600000000000001,6,0,34
2006,1,11,16,30,11.3,7,3,34
2006,1,11,17,30,9.4,6,0,0
2006,1,11,18,30,8.3,6,0,0
2006,1,11,19,30,7.300000000000001,7,0,0
2006,1,11,20,30,6.800000000000001,7,0,0
2006,1,11,21,30,6.4,1,0,0
2006,1,11,22,30,5.9,7,0,0
2006,1,11,23,30,5.4,0,0,0
2006,1,12,0,30,5.1000000000000005,0,0,0
2006,1,12,1,30,5.2,1,0,0
2006,1,12,2,30,5.1000000000000005,4,0,0
2006,1,12,3,30,4.9,4,0,0
2006,1,12,4,30,5,7,0,0
2006,1,12,5,30,4.9,4,0,0
2006,1,12,6,30,5.2,4,0,0
2006,1,12,7,30,7.4,7,4,35
2006,1,12,8,30,10.8,0,713,235
2006,1,12,9,30,14.200000000000001,0,842,399
2006,1,12,10,30,16.6,0,895,519
2006,1,12,11,30,17.8,0,918,583
2006,1,12,12,30,18.400000000000002,0,918,583
2006,1,12,13,30,18.400000000000002,0,875,516
2006,1,12,14,30,17.8,0,812,396
2006,1,12,15,30,15.100000000000001,0,683,234
2006,1,12,16,30,11.600000000000001,0,360,60
2006,1,12,17,30,9.8,0,0,0
2006,1,12,18,30,9,0,0,0
2006,1,12,19,30,8.5,0,0,0
2006,1,12,20,30,8.1,0,0,0
2006,1,12,21,30,7.7,0,0,0
2006,1,12,22,30,7.2,0,0,0
2006,1,12,23,30,6.800000000000001,0,0,0
2006,1,13,0,30,6.5,0,0,0
2006,1,13,1,30,6.2,0,0,0
2006,1,13,2,30,6,0,0,0
2006,1,13,3,30,5.7,0,0,0
2006,1,13,4,30,5.5,0,0,0
2006,1,13,5,30,5.2,0,0,0
2006,1,13,6,30,5.9,0,0,0
2006,1,13,7,30,8.9,0,390,61
2006,1,13,8,30,12.700000000000001,0,713,237
2006,1,13,9,30,16,0,842,403
2006,1,13,10,30,18.8,0,908,526
2006,1,13,11,30,20.6,0,932,591
2006,1,13,12,30,21.400000000000002,0,926,589
2006,1,13,13,30,21.200000000000003,0,902,526
2006,1,13,14,30,19.900000000000002,0,842,405
2006,1,13,15,30,16.6,0,715,241
2006,1,13,16,30,12.8,0,372,63
2006,1,13,17,30,10.5,7,0,0
2006,1,13,18,30,9.3,7,0,0
2006,1,13,19,30,8.700000000000001,6,0,0
2006,1,13,20,30,8.4,7,0,0
2006,1,13,21,30,8.200000000000001,7,0,0
2006,1,13,22,30,8.1,0,0,0
2006,1,13,23,30,8.200000000000001,1,0,0
2006,1,14,0,30,8.4,7,0,0
2006,1,14,1,30,8.6,1,0,0
2006,1,14,2,30,8.8,8,0,0
2006,1,14,3,30,8.8,0,0,0
2006,1,14,4,30,8.6,1,0,0
2006,1,14,5,30,8.4,0,0,0
2006,1,14,6,30,8.4,0,0,0
2006,1,14,7,30,9,0,285,57
2006,1,14,8,30,9.8,3,8,132
2006,1,14,9,30,10.600000000000001,7,277,302
2006,1,14,10,30,10.8,8,536,469
2006,1,14,11,30,10.700000000000001,8,272,440
2006,1,14,12,30,10.700000000000001,7,0,89
2006,1,14,13,30,10.8,2,300,434
2006,1,14,14,30,10.5,7,435,350
2006,1,14,15,30,9.5,7,373,227
2006,1,14,16,30,7.7,7,4,40
2006,1,14,17,30,6.4,7,0,0
2006,1,14,18,30,5.800000000000001,4,0,0
2006,1,14,19,30,5.4,0,0,0
2006,1,14,20,30,5,4,0,0
2006,1,14,21,30,4.5,4,0,0
2006,1,14,22,30,4.2,0,0,0
2006,1,14,23,30,4.1000000000000005,0,0,0
2006,1,15,0,30,3.9000000000000004,0,0,0
2006,1,15,1,30,3.7,0,0,0
2006,1,15,2,30,3.4000000000000004,0,0,0
2006,1,15,3,30,3.2,0,0,0
2006,1,15,4,30,3.1,0,0,0
2006,1,15,5,30,3.3000000000000003,0,0,0
2006,1,15,6,30,3.7,7,0,0
2006,1,15,7,30,4.5,7,8,44
2006,1,15,8,30,5.800000000000001,0,761,251
2006,1,15,9,30,7.4,0,894,424
2006,1,15,10,30,9,0,952,550
2006,1,15,11,30,10,0,989,622
2006,1,15,12,30,10.3,0,992,624
2006,1,15,13,30,9.9,0,965,559
2006,1,15,14,30,8.9,0,912,435
2006,1,15,15,30,7.1000000000000005,0,787,261
2006,1,15,16,30,4.9,0,494,76
2006,1,15,17,30,3.6,0,0,0
2006,1,15,18,30,3.2,0,0,0
2006,1,15,19,30,3,0,0,0
2006,1,15,20,30,2.6,0,0,0
2006,1,15,21,30,1.8,0,0,0
2006,1,15,22,30,1,0,0,0
2006,1,15,23,30,0.4,0,0,0
2006,1,16,0,30,0,0,0,0
2006,1,16,1,30,-0.2,0,0,0
2006,1,16,2,30,-0.30000000000000004,0,0,0
2006,1,16,3,30,-0.30000000000000004,0,0,0
2006,1,16,4,30,-0.2,0,0,0
2006,1,16,5,30,0,0,0,0
2006,1,16,6,30,0.9,0,0,0
2006,1,16,7,30,3.1,0,472,68
2006,1,16,8,30,6.4,0,776,253
2006,1,16,9,30,9.200000000000001,0,892,421
2006,1,16,10,30,11,0,939,545
2006,1,16,11,30,12.3,0,957,609
2006,1,16,12,30,13.100000000000001,0,960,611
2006,1,16,13,30,13.4,0,921,544
2006,1,16,14,30,12.9,0,857,420
2006,1,16,15,30,10.600000000000001,0,728,254
2006,1,16,16,30,7.7,7,8,47
2006,1,16,17,30,6.2,7,0,0
2006,1,16,18,30,5.300000000000001,1,0,0
2006,1,16,19,30,4.9,4,0,0
2006,1,16,20,30,5.1000000000000005,7,0,0
2006,1,16,21,30,5.5,7,0,0
2006,1,16,22,30,5.6000000000000005,7,0,0
2006,1,16,23,30,5.2,0,0,0
2006,1,17,0,30,4.9,0,0,0
2006,1,17,1,30,4.5,0,0,0
2006,1,17,2,30,4.1000000000000005,0,0,0
2006,1,17,3,30,3.7,0,0,0
2006,1,17,4,30,3.4000000000000004,4,0,0
2006,1,17,5,30,3.2,7,0,0
2006,1,17,6,30,4.1000000000000005,8,0,0
2006,1,17,7,30,6.800000000000001,7,5,39
2006,1,17,8,30,10.100000000000001,4,33,160
2006,1,17,9,30,12.8,4,98,287
2006,1,17,10,30,14.9,0,900,538
2006,1,17,11,30,16.3,0,920,604
2006,1,17,12,30,17.400000000000002,0,918,606
2006,1,17,13,30,17.5,3,174,403
2006,1,17,14,30,16.400000000000002,3,112,300
2006,1,17,15,30,13.700000000000001,1,705,254
2006,1,17,16,30,10.9,7,7,49
2006,1,17,17,30,9.5,7,0,0
2006,1,17,18,30,9.1,7,0,0
2006,1,17,19,30,8.8,7,0,0
2006,1,17,20,30,8.4,7,0,0
2006,1,17,21,30,7.9,7,0,0
2006,1,17,22,30,7.2,7,0,0
2006,1,17,23,30,6.4,7,0,0
2006,1,18,0,30,5.9,7,0,0
2006,1,18,1,30,5.300000000000001,4,0,0
2006,1,18,2,30,4.7,7,0,0
2006,1,18,3,30,4.1000000000000005,7,0,0
2006,1,18,4,30,3.7,0,0,0
2006,1,18,5,30,3.3000000000000003,0,0,0
2006,1,18,6,30,3.8000000000000003,0,0,0
2006,1,18,7,30,6.1000000000000005,0,399,65
2006,1,18,8,30,9,0,708,242
2006,1,18,9,30,11.100000000000001,1,828,408
2006,1,18,10,30,12.100000000000001,7,602,469
2006,1,18,11,30,12.8,7,470,474
2006,1,18,12,30,13.100000000000001,1,918,605
2006,1,18,13,30,12.9,8,182,355
2006,1,18,14,30,12.100000000000001,4,0,26
2006,1,18,15,30,10.3,7,47,149
2006,1,18,16,30,7.9,7,5,45
2006,1,18,17,30,6.6000000000000005,7,0,0
2006,1,18,18,30,6.4,7,0,0
2006,1,18,19,30,6.2,7,0,0
2006,1,18,20,30,5.9,7,0,0
2006,1,18,21,30,5.5,7,0,0
2006,1,18,22,30,5,0,0,0
2006,1,18,23,30,4.6000000000000005,0,0,0
2006,1,19,0,30,4.2,4,0,0
2006,1,19,1,30,3.6,0,0,0
2006,1,19,2,30,2.9000000000000004,0,0,0
2006,1,19,3,30,2.4000000000000004,0,0,0
2006,1,19,4,30,2,1,0,0
2006,1,19,5,30,1.7000000000000002,0,0,0
2006,1,19,6,30,2.3000000000000003,0,0,0
2006,1,19,7,30,4.1000000000000005,0,490,72
2006,1,19,8,30,6.300000000000001,0,780,259
2006,1,19,9,30,8.700000000000001,0,903,433
2006,1,19,10,30,10.8,0,954,561
2006,1,19,11,30,12.3,8,523,507
2006,1,19,12,30,13.100000000000001,7,505,506
2006,1,19,13,30,13.200000000000001,7,430,458
2006,1,19,14,30,12.600000000000001,7,267,334
2006,1,19,15,30,10.100000000000001,7,123,185
2006,1,19,16,30,6.5,7,13,55
2006,1,19,17,30,4.4,1,0,0
2006,1,19,18,30,3.4000000000000004,0,0,0
2006,1,19,19,30,2.6,0,0,0
2006,1,19,20,30,2.1,0,0,0
2006,1,19,21,30,1.7000000000000002,0,0,0
2006,1,19,22,30,1.5,0,0,0
2006,1,19,23,30,1.3,0,0,0
2006,1,20,0,30,1.1,0,0,0
2006,1,20,1,30,0.8,0,0,0
2006,1,20,2,30,0.5,0,0,0
2006,1,20,3,30,0.2,0,0,0
2006,1,20,4,30,-0.1,0,0,0
2006,1,20,5,30,-0.2,0,0,0
2006,1,20,6,30,0.8,1,0,0
2006,1,20,7,30,3.9000000000000004,0,509,75
2006,1,20,8,30,7.5,0,804,265
2006,1,20,9,30,10.3,0,919,440
2006,1,20,10,30,12.3,0,968,569
2006,1,20,11,30,13.600000000000001,0,992,639
2006,1,20,12,30,14.3,0,993,642
2006,1,20,13,30,14.3,0,969,579
2006,1,20,14,30,13.600000000000001,0,917,455
2006,1,20,15,30,11.200000000000001,0,804,283
2006,1,20,16,30,7.9,0,523,91
2006,1,20,17,30,5.800000000000001,0,0,0
2006,1,20,18,30,4.7,0,0,0
2006,1,20,19,30,4,0,0,0
2006,1,20,20,30,3.4000000000000004,0,0,0
2006,1,20,21,30,2.9000000000000004,0,0,0
2006,1,20,22,30,2.5,0,0,0
2006,1,20,23,30,2.1,0,0,0
2006,1,21,0,30,1.7000000000000002,0,0,0
2006,1,21,1,30,1.3,0,0,0
2006,1,21,2,30,0.9,0,0,0
2006,1,21,3,30,0.6000000000000001,0,0,0
2006,1,21,4,30,0.4,0,0,0
2006,1,21,5,30,0.30000000000000004,0,0,0
2006,1,21,6,30,1.3,1,0,0
2006,1,21,7,30,4,4,1,40
2006,1,21,8,30,7.4,0,737,258
2006,1,21,9,30,10.8,0,862,432
2006,1,21,10,30,13.4,0,924,561
2006,1,21,11,30,14.8,0,942,630
2006,1,21,12,30,15.5,0,933,632
2006,1,21,13,30,15.600000000000001,0,906,566
2006,1,21,14,30,14.8,7,442,380
2006,1,21,15,30,11.9,4,143,212
2006,1,21,16,30,8.3,3,58,71
2006,1,21,17,30,6.5,7,0,0
2006,1,21,18,30,5.6000000000000005,8,0,0
2006,1,21,19,30,4.800000000000001,0,0,0
2006,1,21,20,30,4.2,0,0,0
2006,1,21,21,30,3.7,0,0,0
2006,1,21,22,30,3.4000000000000004,0,0,0
2006,1,21,23,30,3.1,0,0,0
2006,1,22,0,30,2.7,0,0,0
2006,1,22,1,30,2.4000000000000004,0,0,0
2006,1,22,2,30,1.9000000000000001,0,0,0
2006,1,22,3,30,1.6,0,0,0
2006,1,22,4,30,1.7000000000000002,0,0,0
2006,1,22,5,30,1.9000000000000001,0,0,0
2006,1,22,6,30,3.2,1,0,0
2006,1,22,7,30,6,1,422,71
2006,1,22,8,30,9,4,1,102
2006,1,22,9,30,11.5,4,66,282
2006,1,22,10,30,12.8,0,924,559
2006,1,22,11,30,13.3,1,945,628
2006,1,22,12,30,13.4,0,942,631
2006,1,22,13,30,13.4,0,914,568
2006,1,22,14,30,13,0,852,445
2006,1,22,15,30,11.4,0,726,276
2006,1,22,16,30,8.700000000000001,0,446,91
2006,1,22,17,30,6.9,0,0,0
2006,1,22,18,30,6.1000000000000005,0,0,0
2006,1,22,19,30,5.5,0,0,0
2006,1,22,20,30,5.300000000000001,0,0,0
2006,1,22,21,30,5.2,0,0,0
2006,1,22,22,30,4.9,0,0,0
2006,1,22,23,30,4.5,0,0,0
2006,1,23,0,30,4,0,0,0
2006,1,23,1,30,3.7,1,0,0
2006,1,23,2,30,3.5,0,0,0
2006,1,23,3,30,3.3000000000000003,0,0,0
2006,1,23,4,30,3.1,0,0,0
2006,1,23,5,30,3,0,0,0
2006,1,23,6,30,3.7,1,0,0
2006,1,23,7,30,5.7,0,492,79
2006,1,23,8,30,8.6,0,797,273
2006,1,23,9,30,11,0,913,452
2006,1,23,10,30,12.700000000000001,0,965,583
2006,1,23,11,30,13.8,0,984,653
2006,1,23,12,30,14.600000000000001,0,981,657
2006,1,23,13,30,14.9,0,951,588
2006,1,23,14,30,14.600000000000001,0,902,465
2006,1,23,15,30,13,0,789,292
2006,1,23,16,30,10.100000000000001,0,521,99
2006,1,23,17,30,8.1,0,0,0
2006,1,23,18,30,7.7,0,0,0
2006,1,23,19,30,7.9,0,0,0
2006,1,23,20,30,8.3,0,0,0
2006,1,23,21,30,8.5,0,0,0
2006,1,23,22,30,8.4,1,0,0
2006,1,23,23,30,7.9,0,0,0
2006,1,24,0,30,7.1000000000000005,0,0,0
2006,1,24,1,30,6.7,0,0,0
2006,1,24,2,30,6.5,0,0,0
2006,1,24,3,30,6.2,0,0,0
2006,1,24,4,30,6,0,0,0
2006,1,24,5,30,5.800000000000001,0,0,0
2006,1,24,6,30,6.300000000000001,1,0,0
2006,1,24,7,30,8.1,0,449,77
2006,1,24,8,30,10.9,0,759,268
2006,1,24,9,30,13.5,0,881,444
2006,1,24,10,30,15.3,0,940,575
2006,1,24,11,30,16.5,0,954,644
2006,1,24,12,30,17.1,0,934,641
2006,1,24,13,30,17,0,943,585
2006,1,24,14,30,16.3,0,882,461
2006,1,24,15,30,13.8,0,756,289
2006,1,24,16,30,9.8,0,454,98
2006,1,24,17,30,7.4,0,0,0
2006,1,24,18,30,6.5,0,0,0
2006,1,24,19,30,5.6000000000000005,0,0,0
2006,1,24,20,30,4.9,0,0,0
2006,1,24,21,30,4.5,0,0,0
2006,1,24,22,30,4.1000000000000005,0,0,0
2006,1,24,23,30,3.8000000000000003,0,0,0
2006,1,25,0,30,3.7,7,0,0
2006,1,25,1,30,3.7,1,0,0
2006,1,25,2,30,3.8000000000000003,1,0,0
2006,1,25,3,30,3.8000000000000003,4,0,0
2006,1,25,4,30,3.8000000000000003,7,0,0
2006,1,25,5,30,3.9000000000000004,4,0,0
2006,1,25,6,30,4.6000000000000005,4,0,0
2006,1,25,7,30,6.7,4,1,46
2006,1,25,8,30,9.9,0,670,256
2006,1,25,9,30,12.700000000000001,8,422,362
2006,1,25,10,30,14.600000000000001,0,811,549
2006,1,25,11,30,15.700000000000001,0,832,618
2006,1,25,12,30,16.400000000000002,2,352,543
2006,1,25,13,30,16.5,0,892,574
2006,1,25,14,30,15.9,0,841,454
2006,1,25,15,30,13.3,0,725,286
2006,1,25,16,30,9.5,0,454,98
2006,1,25,17,30,7.1000000000000005,0,0,0
2006,1,25,18,30,6.2,0,0,0
2006,1,25,19,30,5.7,0,0,0
2006,1,25,20,30,5.5,0,0,0
2006,1,25,21,30,5.9,0,0,0
2006,1,25,22,30,6.2,0,0,0
2006,1,25,23,30,6.300000000000001,7,0,0
2006,1,26,0,30,6.300000000000001,7,0,0
2006,1,26,1,30,6.300000000000001,7,0,0
2006,1,26,2,30,6.2,7,0,0
2006,1,26,3,30,6.2,7,0,0
2006,1,26,4,30,6.1000000000000005,6,0,0
2006,1,26,5,30,5.800000000000001,8,0,0
2006,1,26,6,30,6,0,0,0
2006,1,26,7,30,7,0,279,72
2006,1,26,8,30,8.4,0,616,255
2006,1,26,9,30,10.4,0,794,432
2006,1,26,10,30,12.200000000000001,0,887,564
2006,1,26,11,30,13.5,0,920,636
2006,1,26,12,30,14.200000000000001,0,925,641
2006,1,26,13,30,14.4,0,901,580
2006,1,26,14,30,13.9,3,475,428
2006,1,26,15,30,12.100000000000001,0,728,290
2006,1,26,16,30,8.9,0,468,102
2006,1,26,17,30,6.6000000000000005,0,0,0
2006,1,26,18,30,5.7,0,0,0
2006,1,26,19,30,5.1000000000000005,1,0,0
2006,1,26,20,30,4.7,1,0,0
2006,1,26,21,30,4.4,1,0,0
2006,1,26,22,30,4.4,0,0,0
2006,1,26,23,30,4.800000000000001,0,0,0
2006,1,27,0,30,5.1000000000000005,0,0,0
2006,1,27,1,30,5.2,0,0,0
2006,1,27,2,30,5,0,0,0
2006,1,27,3,30,4.5,0,0,0
2006,1,27,4,30,3.7,0,0,0
2006,1,27,5,30,3.3000000000000003,0,0,0
2006,1,27,6,30,3.8000000000000003,0,0,0
2006,1,27,7,30,5.1000000000000005,0,412,81
2006,1,27,8,30,7,0,722,273
2006,1,27,9,30,9.3,0,855,448
2006,1,27,10,30,11.100000000000001,0,922,581
2006,1,27,11,30,12.100000000000001,8,657,591
2006,1,27,12,30,12.600000000000001,0,945,652
2006,1,27,13,30,12.600000000000001,0,929,591
2006,1,27,14,30,11.9,7,147,304
2006,1,27,15,30,10.200000000000001,8,301,243
2006,1,27,16,30,7.5,7,35,75
2006,1,27,17,30,5.5,7,0,0
2006,1,27,18,30,4.5,4,0,0
2006,1,27,19,30,3.8000000000000003,4,0,0
2006,1,27,20,30,3.3000000000000003,0,0,0
2006,1,27,21,30,3,1,0,0
2006,1,27,22,30,3.1,7,0,0
2006,1,27,23,30,3.1,7,0,0
2006,1,28,0,30,2.7,7,0,0
2006,1,28,1,30,2.5,8,0,0
2006,1,28,2,30,2.6,7,0,0
2006,1,28,3,30,2.9000000000000004,4,0,0
2006,1,28,4,30,3.3000000000000003,7,0,0
2006,1,28,5,30,3.3000000000000003,7,0,0
2006,1,28,6,30,3.8000000000000003,6,0,0
2006,1,28,7,30,5.800000000000001,7,4,43
2006,1,28,8,30,8.8,0,747,269
2006,1,28,9,30,12.100000000000001,0,864,441
2006,1,28,10,30,14.600000000000001,0,914,567
2006,1,28,11,30,16.1,0,934,635
2006,1,28,12,30,16.8,2,633,625
2006,1,28,13,30,16.8,8,416,462
2006,1,28,14,30,16,7,456,387
2006,1,28,15,30,13.8,0,778,299
2006,1,28,16,30,10.200000000000001,7,58,80
2006,1,28,17,30,7.6000000000000005,7,0,0
2006,1,28,18,30,6.800000000000001,7,0,0
2006,1,28,19,30,6.7,7,0,0
2006,1,28,20,30,6.1000000000000005,7,0,0
2006,1,28,21,30,5.300000000000001,7,0,0
2006,1,28,22,30,4.7,7,0,0
2006,1,28,23,30,4.2,7,0,0
2006,1,29,0,30,3.8000000000000003,7,0,0
2006,1,29,1,30,3.6,7,0,0
2006,1,29,2,30,3.7,7,0,0
2006,1,29,3,30,3.9000000000000004,7,0,0
2006,1,29,4,30,3.9000000000000004,7,0,0
2006,1,29,5,30,3.8000000000000003,7,0,0
2006,1,29,6,30,4.4,7,0,0
2006,1,29,7,30,5.9,7,13,54
2006,1,29,8,30,8.3,3,61,184
2006,1,29,9,30,11.200000000000001,3,115,309
2006,1,29,10,30,13.600000000000001,0,905,567
2006,1,29,11,30,15.4,0,934,640
2006,1,29,12,30,16.6,0,933,645
2006,1,29,13,30,17,0,907,584
2006,1,29,14,30,16.8,0,861,466
2006,1,29,15,30,15.100000000000001,0,764,301
2006,1,29,16,30,12.4,0,545,114
2006,1,29,17,30,10.4,0,0,0
2006,1,29,18,30,9.4,0,0,0
2006,1,29,19,30,8.6,0,0,0
2006,1,29,20,30,7.9,0,0,0
2006,1,29,21,30,7.300000000000001,0,0,0
2006,1,29,22,30,6.800000000000001,4,0,0
2006,1,29,23,30,6.4,0,0,0
2006,1,30,0,30,6,0,0,0
2006,1,30,1,30,5.7,0,0,0
2006,1,30,2,30,5.5,0,0,0
2006,1,30,3,30,5.300000000000001,0,0,0
2006,1,30,4,30,5.1000000000000005,0,0,0
2006,1,30,5,30,5,0,0,0
2006,1,30,6,30,6.1000000000000005,0,0,0
2006,1,30,7,30,8.700000000000001,0,485,87
2006,1,30,8,30,12,0,762,277
2006,1,30,9,30,15.4,0,877,451
2006,1,30,10,30,18.1,0,934,581
2006,1,30,11,30,19.8,0,957,652
2006,1,30,12,30,20.700000000000003,0,958,658
2006,1,30,13,30,20.8,0,940,600
2006,1,30,14,30,20,0,894,479
2006,1,30,15,30,17.3,0,796,311
2006,1,30,16,30,13.100000000000001,0,571,120
2006,1,30,17,30,10.100000000000001,0,0,0
2006,1,30,18,30,8.8,0,0,0
2006,1,30,19,30,7.9,0,0,0
2006,1,30,20,30,7.1000000000000005,0,0,0
2006,1,30,21,30,6.7,0,0,0
2006,1,30,22,30,6.7,0,0,0
2006,1,30,23,30,6.9,0,0,0
2006,1,31,0,30,7.1000000000000005,7,0,0
2006,1,31,1,30,7.1000000000000005,0,0,0
2006,1,31,2,30,6.5,0,0,0
2006,1,31,3,30,5.300000000000001,0,0,0
2006,1,31,4,30,3.9000000000000004,0,0,0
2006,1,31,5,30,2.8000000000000003,0,0,0
2006,1,31,6,30,3.7,0,0,0
2006,1,31,7,30,6.5,0,549,96
2006,1,31,8,30,10,0,837,298
2006,1,31,9,30,13.200000000000001,0,945,480
2006,1,31,10,30,15,0,991,614
2006,1,31,11,30,16.2,0,1006,683
2006,1,31,12,30,16.900000000000002,0,1008,689
2006,1,31,13,30,16.8,1,976,627
2006,1,31,14,30,15.8,1,919,498
2006,1,31,15,30,13.700000000000001,1,819,325
2006,1,31,16,30,11,7,6,58
2006,1,31,17,30,9.200000000000001,7,0,0
2006,1,31,18,30,7.9,7,0,0
2006,1,31,19,30,6.5,7,0,0
2006,1,31,20,30,5.300000000000001,8,0,0
2006,1,31,21,30,4.7,7,0,0
2006,1,31,22,30,4.5,1,0,0
2006,1,31,23,30,4.5,7,0,0
2006,2,1,0,30,4.9,7,0,0
2006,2,1,1,30,5.4,7,0,0
2006,2,1,2,30,5.6000000000000005,7,0,0
2006,2,1,3,30,5.5,7,0,0
2006,2,1,4,30,5.2,7,0,0
2006,2,1,5,30,5,7,0,0
2006,2,1,6,30,5.800000000000001,7,0,0
2006,2,1,7,30,7.9,7,27,63
2006,2,1,8,30,10.600000000000001,4,11,155
2006,2,1,9,30,13.4,8,214,321
2006,2,1,10,30,15.9,8,630,531
2006,2,1,11,30,17.900000000000002,1,963,666
2006,2,1,12,30,19,2,678,665
2006,2,1,13,30,19.200000000000003,0,939,611
2006,2,1,14,30,18.3,1,895,492
2006,2,1,15,30,15.8,0,793,321
2006,2,1,16,30,12.100000000000001,1,563,127
2006,2,1,17,30,9.3,0,0,0
2006,2,1,18,30,8.3,7,0,0
2006,2,1,19,30,7.7,7,0,0
2006,2,1,20,30,7.4,0,0,0
2006,2,1,21,30,7.2,7,0,0
2006,2,1,22,30,7.1000000000000005,4,0,0
2006,2,1,23,30,7,4,0,0
2006,2,2,0,30,7.1000000000000005,7,0,0
2006,2,2,1,30,7.300000000000001,7,0,0
2006,2,2,2,30,7.2,7,0,0
2006,2,2,3,30,7,7,0,0
2006,2,2,4,30,6.7,7,0,0
2006,2,2,5,30,6.5,7,0,0
2006,2,2,6,30,7.4,7,0,0
2006,2,2,7,30,9.600000000000001,7,19,64
2006,2,2,8,30,12.4,8,253,217
2006,2,2,9,30,15.4,8,628,419
2006,2,2,10,30,17.6,8,501,501
2006,2,2,11,30,18.7,8,615,591
2006,2,2,12,30,18.7,4,254,527
2006,2,2,13,30,18.2,4,86,399
2006,2,2,14,30,17.3,4,203,377
2006,2,2,15,30,15.5,4,83,228
2006,2,2,16,30,12.4,7,30,88
2006,2,2,17,30,10,7,0,0
2006,2,2,18,30,9.4,7,0,0
2006,2,2,19,30,9.5,7,0,0
2006,2,2,20,30,9.600000000000001,7,0,0
2006,2,2,21,30,9.4,7,0,0
2006,2,2,22,30,9.200000000000001,4,0,0
2006,2,2,23,30,9.1,4,0,0
2006,2,3,0,30,8.9,4,0,0
2006,2,3,1,30,8.6,0,0,0
2006,2,3,2,30,8.4,0,0,0
2006,2,3,3,30,8.200000000000001,0,0,0
2006,2,3,4,30,8.1,0,0,0
2006,2,3,5,30,8.1,0,0,0
2006,2,3,6,30,9.3,0,0,0
2006,2,3,7,30,12.100000000000001,0,512,99
2006,2,3,8,30,15.600000000000001,0,785,296
2006,2,3,9,30,18.900000000000002,0,903,477
2006,2,3,10,30,21.5,0,958,611
2006,2,3,11,30,23,0,981,684
2006,2,3,12,30,23.8,0,983,691
2006,2,3,13,30,24.1,0,953,629
2006,2,3,14,30,23.6,0,904,506
2006,2,3,15,30,21,0,806,333
2006,2,3,16,30,17.2,0,596,136
2006,2,3,17,30,14.600000000000001,0,0,0
2006,2,3,18,30,12.8,0,0,0
2006,2,3,19,30,11.4,0,0,0
2006,2,3,20,30,10.5,0,0,0
2006,2,3,21,30,9.9,0,0,0
2006,2,3,22,30,9.5,0,0,0
2006,2,3,23,30,9.200000000000001,0,0,0
2006,2,4,0,30,9.200000000000001,0,0,0
2006,2,4,1,30,9.3,0,0,0
2006,2,4,2,30,9.3,0,0,0
2006,2,4,3,30,9.3,0,0,0
2006,2,4,4,30,9,0,0,0
2006,2,4,5,30,8.5,0,0,0
2006,2,4,6,30,9.200000000000001,4,0,0
2006,2,4,7,30,11.8,4,1,56
2006,2,4,8,30,15.100000000000001,8,525,269
2006,2,4,9,30,18.5,1,897,481
2006,2,4,10,30,21.200000000000003,7,613,528
2006,2,4,11,30,22.700000000000003,8,659,619
2006,2,4,12,30,23.1,3,333,563
2006,2,4,13,30,22.700000000000003,8,535,518
2006,2,4,14,30,21.1,7,681,489
2006,2,4,15,30,18.2,8,526,314
2006,2,4,16,30,14.8,7,48,101
2006,2,4,17,30,12.700000000000001,7,0,0
2006,2,4,18,30,11.600000000000001,8,0,0
2006,2,4,19,30,11,7,0,0
2006,2,4,20,30,10.600000000000001,7,0,0
2006,2,4,21,30,10.200000000000001,7,0,0
2006,2,4,22,30,9.9,7,0,0
2006,2,4,23,30,9.700000000000001,7,0,0
2006,2,5,0,30,9.5,7,0,0
2006,2,5,1,30,9.200000000000001,7,0,0
2006,2,5,2,30,9.200000000000001,7,0,0
2006,2,5,3,30,9.600000000000001,7,0,0
2006,2,5,4,30,10.200000000000001,7,0,0
2006,2,5,5,30,10.600000000000001,7,0,0
2006,2,5,6,30,11,7,0,0
2006,2,5,7,30,12,7,24,73
2006,2,5,8,30,13.700000000000001,7,223,241
2006,2,5,9,30,15.5,4,104,342
2006,2,5,10,30,17.400000000000002,0,965,633
2006,2,5,11,30,18.8,0,983,707
2006,2,5,12,30,19.6,2,679,706
2006,2,5,13,30,19.900000000000002,3,641,642
2006,2,5,14,30,19.5,7,501,453
2006,2,5,15,30,17.5,1,799,350
2006,2,5,16,30,14.200000000000001,0,560,145
2006,2,5,17,30,12.3,4,0,0
2006,2,5,18,30,11.700000000000001,1,0,0
2006,2,5,19,30,11.200000000000001,1,0,0
2006,2,5,20,30,10.700000000000001,7,0,0
2006,2,5,21,30,10.3,7,0,0
2006,2,5,22,30,9.9,7,0,0
2006,2,5,23,30,9.4,7,0,0
2006,2,6,0,30,8.8,8,0,0
2006,2,6,1,30,8.1,7,0,0
2006,2,6,2,30,7.4,7,0,0
2006,2,6,3,30,6.9,7,0,0
2006,2,6,4,30,6.4,7,0,0
2006,2,6,5,30,5.800000000000001,4,0,0
2006,2,6,6,30,6.4,4,0,0
2006,2,6,7,30,8.8,4,4,70
2006,2,6,8,30,11.8,0,820,320
2006,2,6,9,30,14.5,0,927,507
2006,2,6,10,30,16.7,8,614,571
2006,2,6,11,30,18.3,8,506,591
2006,2,6,12,30,19.3,7,587,594
2006,2,6,13,30,19.6,8,487,542
2006,2,6,14,30,19.200000000000003,1,903,529
2006,2,6,15,30,17.1,8,271,276
2006,2,6,16,30,14,0,568,146
2006,2,6,17,30,11.700000000000001,7,0,0
2006,2,6,18,30,10.4,7,0,0
2006,2,6,19,30,9.5,7,0,0
2006,2,6,20,30,8.9,4,0,0
2006,2,6,21,30,8.700000000000001,4,0,0
2006,2,6,22,30,8.700000000000001,7,0,0
2006,2,6,23,30,8.700000000000001,4,0,0
2006,2,7,0,30,8.4,4,0,0
2006,2,7,1,30,8,8,0,0
2006,2,7,2,30,7.5,7,0,0
2006,2,7,3,30,7.2,7,0,0
2006,2,7,4,30,6.9,7,0,0
2006,2,7,5,30,6.6000000000000005,7,0,0
2006,2,7,6,30,7.4,7,0,0
2006,2,7,7,30,10.100000000000001,7,9,64
2006,2,7,8,30,13.600000000000001,4,17,183
2006,2,7,9,30,16.8,0,914,508
2006,2,7,10,30,19.200000000000003,0,972,647
2006,2,7,11,30,20.700000000000003,0,989,722
2006,2,7,12,30,21.6,0,987,728
2006,2,7,13,30,21.900000000000002,2,658,656
2006,2,7,14,30,21.3,1,932,541
2006,2,7,15,30,18.3,3,247,288
2006,2,7,16,30,13.700000000000001,3,4,91
2006,2,7,17,30,11,4,0,0
2006,2,7,18,30,10,4,0,0
2006,2,7,19,30,9.3,1,0,0
2006,2,7,20,30,8.8,0,0,0
2006,2,7,21,30,8.3,0,0,0
2006,2,7,22,30,7.7,0,0,0
2006,2,7,23,30,7.300000000000001,0,0,0
2006,2,8,0,30,7.300000000000001,0,0,0
2006,2,8,1,30,7.4,0,0,0
2006,2,8,2,30,7.6000000000000005,1,0,0
2006,2,8,3,30,8,1,0,0
2006,2,8,4,30,8.4,0,0,0
2006,2,8,5,30,8.6,4,0,0
2006,2,8,6,30,10,4,0,0
2006,2,8,7,30,13.200000000000001,4,5,72
2006,2,8,8,30,16.8,1,827,326
2006,2,8,9,30,19.700000000000003,7,497,415
2006,2,8,10,30,21.700000000000003,0,970,644
2006,2,8,11,30,22.900000000000002,0,989,718
2006,2,8,12,30,23.400000000000002,0,987,725
2006,2,8,13,30,23.400000000000002,0,968,663
2006,2,8,14,30,22.8,0,922,538
2006,2,8,15,30,20.1,0,831,362
2006,2,8,16,30,15.5,0,607,156
2006,2,8,17,30,12.600000000000001,0,0,0
2006,2,8,18,30,11.600000000000001,1,0,0
2006,2,8,19,30,10.9,0,0,0
2006,2,8,20,30,10.4,0,0,0
2006,2,8,21,30,9.9,0,0,0
2006,2,8,22,30,9.5,0,0,0
2006,2,8,23,30,9.1,0,0,0
2006,2,9,0,30,8.700000000000001,0,0,0
2006,2,9,1,30,8.3,1,0,0
2006,2,9,2,30,7.9,1,0,0
2006,2,9,3,30,7.6000000000000005,1,0,0
2006,2,9,4,30,7.4,1,0,0
2006,2,9,5,30,7.300000000000001,1,0,0
2006,2,9,6,30,9.1,1,0,0
2006,2,9,7,30,13.4,4,11,79
2006,2,9,8,30,17.7,0,847,333
2006,2,9,9,30,20.900000000000002,0,947,519
2006,2,9,10,30,22.900000000000002,0,991,656
2006,2,9,11,30,24,0,1012,732
2006,2,9,12,30,24.400000000000002,0,1011,738
2006,2,9,13,30,24.3,0,1005,683
2006,2,9,14,30,23.5,0,959,556
2006,2,9,15,30,20.5,0,868,376
2006,2,9,16,30,16.7,0,664,167
2006,2,9,17,30,14.8,0,0,0
2006,2,9,18,30,13.8,0,0,0
2006,2,9,19,30,12.4,0,0,0
2006,2,9,20,30,11,0,0,0
2006,2,9,21,30,10,0,0,0
2006,2,9,22,30,9.3,0,0,0
2006,2,9,23,30,8.700000000000001,0,0,0
2006,2,10,0,30,8.200000000000001,0,0,0
2006,2,10,1,30,7.6000000000000005,0,0,0
2006,2,10,2,30,7.1000000000000005,0,0,0
2006,2,10,3,30,6.6000000000000005,0,0,0
2006,2,10,4,30,6.300000000000001,0,0,0
2006,2,10,5,30,6.2,1,0,0
2006,2,10,6,30,8,1,0,0
2006,2,10,7,30,12.100000000000001,4,3,72
2006,2,10,8,30,16,0,825,334
2006,2,10,9,30,19.1,0,926,520
2006,2,10,10,30,21.700000000000003,0,966,657
2006,2,10,11,30,23.3,0,981,727
2006,2,10,12,30,24,0,983,734
2006,2,10,13,30,24.1,0,970,673
2006,2,10,14,30,23.400000000000002,0,925,547
2006,2,10,15,30,21,0,833,370
2006,2,10,16,30,18,0,605,162
2006,2,10,17,30,16.3,0,0,0
2006,2,10,18,30,15.200000000000001,0,0,0
2006,2,10,19,30,14,0,0,0
2006,2,10,20,30,12.9,0,0,0
2006,2,10,21,30,11.8,0,0,0
2006,2,10,22,30,10.600000000000001,0,0,0
2006,2,10,23,30,9.4,0,0,0
2006,2,11,0,30,8.200000000000001,0,0,0
2006,2,11,1,30,7.4,0,0,0
2006,2,11,2,30,7.1000000000000005,0,0,0
2006,2,11,3,30,7.2,0,0,0
2006,2,11,4,30,7.1000000000000005,0,0,0
2006,2,11,5,30,6.800000000000001,4,0,0
2006,2,11,6,30,7.9,4,0,0
2006,2,11,7,30,10.700000000000001,1,598,129
2006,2,11,8,30,13.700000000000001,0,835,337
2006,2,11,9,30,16.5,0,934,523
2006,2,11,10,30,18.8,0,976,659
2006,2,11,11,30,20.400000000000002,0,997,735
2006,2,11,12,30,21.400000000000002,0,990,737
2006,2,11,13,30,21.5,0,973,675
2006,2,11,14,30,20.900000000000002,0,928,550
2006,2,11,15,30,18.5,0,836,373
2006,2,11,16,30,14.3,0,628,167
2006,2,11,17,30,11.600000000000001,0,0,0
2006,2,11,18,30,11.100000000000001,0,0,0
2006,2,11,19,30,10.9,0,0,0
2006,2,11,20,30,10.5,0,0,0
2006,2,11,21,30,9.8,0,0,0
2006,2,11,22,30,9.1,4,0,0
2006,2,11,23,30,8.5,0,0,0
2006,2,12,0,30,8.1,1,0,0
2006,2,12,1,30,7.800000000000001,0,0,0
2006,2,12,2,30,7.6000000000000005,0,0,0
2006,2,12,3,30,7.4,0,0,0
2006,2,12,4,30,7.300000000000001,1,0,0
2006,2,12,5,30,7.4,1,0,0
2006,2,12,6,30,9,1,0,0
2006,2,12,7,30,12.600000000000001,0,568,128
2006,2,12,8,30,16.3,0,807,333
2006,2,12,9,30,19.3,0,912,517
2006,2,12,10,30,21.400000000000002,0,955,652
2006,2,12,11,30,22.6,0,976,727
2006,2,12,12,30,23.3,0,975,733
2006,2,12,13,30,23.400000000000002,2,652,659
2006,2,12,14,30,22.8,7,390,433
2006,2,12,15,30,20.200000000000003,1,805,368
2006,2,12,16,30,16.1,0,603,166
2006,2,12,17,30,13.4,1,0,0
2006,2,12,18,30,12.5,0,0,0
2006,2,12,19,30,12,0,0,0
2006,2,12,20,30,11.700000000000001,0,0,0
2006,2,12,21,30,11.600000000000001,0,0,0
2006,2,12,22,30,11.600000000000001,0,0,0
2006,2,12,23,30,11.600000000000001,0,0,0
2006,2,13,0,30,11.3,1,0,0
2006,2,13,1,30,10.4,1,0,0
2006,2,13,2,30,9.5,0,0,0
2006,2,13,3,30,9,4,0,0
2006,2,13,4,30,8.700000000000001,4,0,0
2006,2,13,5,30,8.700000000000001,4,0,0
2006,2,13,6,30,10.3,4,0,0
2006,2,13,7,30,13.4,4,1,64
2006,2,13,8,30,16.7,8,540,314
2006,2,13,9,30,19.5,4,132,370
2006,2,13,10,30,21.6,0,942,655
2006,2,13,11,30,23.1,2,671,719
2006,2,13,12,30,23.900000000000002,2,680,728
2006,2,13,13,30,24,8,558,575
2006,2,13,14,30,23.400000000000002,8,443,451
2006,2,13,15,30,21,0,817,375
2006,2,13,16,30,17,1,620,171
2006,2,13,17,30,14.3,0,0,0
2006,2,13,18,30,13.100000000000001,0,0,0
2006,2,13,19,30,12.4,0,0,0
2006,2,13,20,30,12.100000000000001,0,0,0
2006,2,13,21,30,12.200000000000001,0,0,0
2006,2,13,22,30,12.700000000000001,1,0,0
2006,2,13,23,30,13.3,4,0,0
2006,2,14,0,30,13.5,4,0,0
2006,2,14,1,30,13.200000000000001,8,0,0
2006,2,14,2,30,12.600000000000001,8,0,0
2006,2,14,3,30,11.8,1,0,0
2006,2,14,4,30,10.700000000000001,0,0,0
2006,2,14,5,30,9.600000000000001,0,0,0
2006,2,14,6,30,10.4,0,0,0
2006,2,14,7,30,13.5,3,2,74
2006,2,14,8,30,17.2,0,789,339
2006,2,14,9,30,20,0,892,523
2006,2,14,10,30,21.6,0,936,657
2006,2,14,11,30,22.5,0,950,727
2006,2,14,12,30,22.6,0,949,734
2006,2,14,13,30,22.200000000000003,0,920,669
2006,2,14,14,30,21,0,864,541
2006,2,14,15,30,18.900000000000002,0,762,367
2006,2,14,16,30,15.600000000000001,0,522,164
2006,2,14,17,30,12.700000000000001,0,0,0
2006,2,14,18,30,11.3,0,0,0
2006,2,14,19,30,10.4,0,0,0
2006,2,14,20,30,9.600000000000001,0,0,0
2006,2,14,21,30,9.200000000000001,0,0,0
2006,2,14,22,30,9,0,0,0
2006,2,14,23,30,9,0,0,0
2006,2,15,0,30,9,0,0,0
2006,2,15,1,30,9,0,0,0
2006,2,15,2,30,8.5,0,0,0
2006,2,15,3,30,7.800000000000001,0,0,0
2006,2,15,4,30,6.5,0,0,0
2006,2,15,5,30,5.2,1,0,0
2006,2,15,6,30,4.9,0,0,0
2006,2,15,7,30,6.2,4,0,5
2006,2,15,8,30,8.200000000000001,0,799,350
2006,2,15,9,30,10.3,0,922,540
2006,2,15,10,30,11.8,0,955,676
2006,2,15,11,30,12.8,0,987,754
2006,2,15,12,30,13.200000000000001,0,995,762
2006,2,15,13,30,13,1,978,699
2006,2,15,14,30,12.3,1,939,573
2006,2,15,15,30,10.8,4,20,214
2006,2,15,16,30,8.200000000000001,4,2,98
2006,2,15,17,30,5.6000000000000005,0,0,0
2006,2,15,18,30,4,1,0,0
2006,2,15,19,30,2.9000000000000004,0,0,0
2006,2,15,20,30,2.1,0,0,0
2006,2,15,21,30,1.4000000000000001,0,0,0
2006,2,15,22,30,0.7000000000000001,0,0,0
2006,2,15,23,30,0.1,0,0,0
2006,2,16,0,30,-0.4,0,0,0
2006,2,16,1,30,-0.8,0,0,0
2006,2,16,2,30,-1.1,0,0,0
2006,2,16,3,30,-1.4000000000000001,0,0,0
2006,2,16,4,30,-1.7000000000000002,0,0,0
2006,2,16,5,30,-1.7000000000000002,0,0,0
2006,2,16,6,30,0.4,0,0,0
2006,2,16,7,30,4.1000000000000005,1,678,155
2006,2,16,8,30,6.800000000000001,0,885,371
2006,2,16,9,30,8.8,0,974,561
2006,2,16,10,30,10.4,0,1011,700
2006,2,16,11,30,11.5,0,1028,777
2006,2,16,12,30,12,0,1029,784
2006,2,16,13,30,11.9,7,531,577
2006,2,16,14,30,11.5,7,258,423
2006,2,16,15,30,10.600000000000001,7,228,291
2006,2,16,16,30,8.9,4,4,103
2006,2,16,17,30,7.1000000000000005,1,0,0
2006,2,16,18,30,6.1000000000000005,7,0,0
2006,2,16,19,30,5.300000000000001,7,0,0
2006,2,16,20,30,4.6000000000000005,7,0,0
2006,2,16,21,30,4,7,0,0
2006,2,16,22,30,3.5,0,0,0
2006,2,16,23,30,2.9000000000000004,7,0,0
2006,2,17,0,30,2.4000000000000004,0,0,0
2006,2,17,1,30,1.9000000000000001,0,0,0
2006,2,17,2,30,1.6,0,0,0
2006,2,17,3,30,1.3,0,0,0
2006,2,17,4,30,1.1,0,0,0
2006,2,17,5,30,1.1,0,0,0
2006,2,17,6,30,2.4000000000000004,0,0,0
2006,2,17,7,30,5.2,0,600,149
2006,2,17,8,30,8.1,0,827,361
2006,2,17,9,30,10.200000000000001,0,919,546
2006,2,17,10,30,11.700000000000001,0,964,683
2006,2,17,11,30,12.5,0,977,754
2006,2,17,12,30,12.4,0,972,757
2006,2,17,13,30,11.4,0,953,694
2006,2,17,14,30,9.8,0,908,567
2006,2,17,15,30,8.1,4,19,210
2006,2,17,16,30,6.5,4,0,60
2006,2,17,17,30,5.7,4,0,0
2006,2,17,18,30,5.5,4,0,0
2006,2,17,19,30,5.7,4,0,0
2006,2,17,20,30,5.9,1,0,0
2006,2,17,21,30,5.800000000000001,0,0,0
2006,2,17,22,30,5.6000000000000005,4,0,0
2006,2,17,23,30,5,0,0,0
2006,2,18,0,30,4.4,0,0,0
2006,2,18,1,30,3.9000000000000004,0,0,0
2006,2,18,2,30,3.4000000000000004,0,0,0
2006,2,18,3,30,2.8000000000000003,0,0,0
2006,2,18,4,30,2.3000000000000003,0,0,0
2006,2,18,5,30,2,0,0,0
2006,2,18,6,30,2.7,1,0,0
2006,2,18,7,30,4,0,584,150
2006,2,18,8,30,5.6000000000000005,0,812,361
2006,2,18,9,30,7.1000000000000005,3,58,334
2006,2,18,10,30,8.1,4,83,426
2006,2,18,11,30,8.700000000000001,0,953,753
2006,2,18,12,30,8.9,1,962,761
2006,2,18,13,30,8.8,0,952,700
2006,2,18,14,30,8.5,0,916,575
2006,2,18,15,30,7.7,1,836,397
2006,2,18,16,30,6.1000000000000005,0,663,191
2006,2,18,17,30,4.7,7,0,4
2006,2,18,18,30,4.2,7,0,0
2006,2,18,19,30,4,8,0,0
2006,2,18,20,30,3.8000000000000003,4,0,0
2006,2,18,21,30,3.7,4,0,0
2006,2,18,22,30,3.4000000000000004,7,0,0
2006,2,18,23,30,3.2,8,0,0
2006,2,19,0,30,3.1,4,0,0
2006,2,19,1,30,3.1,4,0,0
2006,2,19,2,30,3.1,4,0,0
2006,2,19,3,30,3,4,0,0
2006,2,19,4,30,2.9000000000000004,1,0,0
2006,2,19,5,30,3,4,0,0
2006,2,19,6,30,3.4000000000000004,4,0,0
2006,2,19,7,30,4.4,4,0,5
2006,2,19,8,30,5.6000000000000005,4,1,132
2006,2,19,9,30,7,8,385,438
2006,2,19,10,30,8.5,3,250,535
2006,2,19,11,30,9.5,0,953,757
2006,2,19,12,30,10.100000000000001,0,976,770
2006,2,19,13,30,10.3,0,967,708
2006,2,19,14,30,10,0,939,587
2006,2,19,15,30,9,0,864,409
2006,2,19,16,30,6.5,0,685,198
2006,2,19,17,30,3.9000000000000004,0,172,16
2006,2,19,18,30,2.6,1,0,0
2006,2,19,19,30,1.7000000000000002,0,0,0
2006,2,19,20,30,1.1,0,0,0
2006,2,19,21,30,0.5,0,0,0
2006,2,19,22,30,-0.1,0,0,0
2006,2,19,23,30,-0.8,0,0,0
2006,2,20,0,30,-1.4000000000000001,0,0,0
2006,2,20,1,30,-1.9000000000000001,0,0,0
2006,2,20,2,30,-2.3000000000000003,0,0,0
2006,2,20,3,30,-2.4000000000000004,0,0,0
2006,2,20,4,30,-2.4000000000000004,0,0,0
2006,2,20,5,30,-2.2,0,0,0
2006,2,20,6,30,-0.4,0,0,0
2006,2,20,7,30,3,0,644,165
2006,2,20,8,30,6.4,3,25,219
2006,2,20,9,30,8.8,4,292,453
2006,2,20,10,30,10.200000000000001,0,981,708
2006,2,20,11,30,11.200000000000001,2,141,537
2006,2,20,12,30,11.8,8,271,540
2006,2,20,13,30,11.9,8,653,652
2006,2,20,14,30,11.4,1,912,590
2006,2,20,15,30,10.100000000000001,2,825,409
2006,2,20,16,30,7.300000000000001,1,654,200
2006,2,20,17,30,4.5,0,137,17
2006,2,20,18,30,3.3000000000000003,0,0,0
2006,2,20,19,30,2.5,0,0,0
2006,2,20,20,30,1.7000000000000002,0,0,0
2006,2,20,21,30,0.8,0,0,0
2006,2,20,22,30,-0.1,0,0,0
2006,2,20,23,30,-0.7000000000000001,0,0,0
2006,2,21,0,30,-1.2000000000000002,0,0,0
2006,2,21,1,30,-1.5,4,0,0
2006,2,21,2,30,-1.7000000000000002,1,0,0
2006,2,21,3,30,-1.8,4,0,0
2006,2,21,4,30,-1.9000000000000001,4,0,0
2006,2,21,5,30,-1.7000000000000002,7,0,0
2006,2,21,6,30,0.7000000000000001,4,0,0
2006,2,21,7,30,4.6000000000000005,4,20,111
2006,2,21,8,30,7.9,1,858,385
2006,2,21,9,30,10.4,0,947,575
2006,2,21,10,30,11.9,0,992,720
2006,2,21,11,30,12.8,0,1011,797
2006,2,21,12,30,13.3,0,1010,803
2006,2,21,13,30,13.5,0,990,738
2006,2,21,14,30,13.200000000000001,0,948,608
2006,2,21,15,30,11.8,0,860,424
2006,2,21,16,30,8.4,0,664,205
2006,2,21,17,30,5.300000000000001,0,136,18
2006,2,21,18,30,3.8000000000000003,0,0,0
2006,2,21,19,30,2.6,0,0,0
2006,2,21,20,30,1.7000000000000002,0,0,0
2006,2,21,21,30,1,0,0,0
2006,2,21,22,30,0.6000000000000001,0,0,0
2006,2,21,23,30,0.30000000000000004,0,0,0
2006,2,22,0,30,0.2,0,0,0
2006,2,22,1,30,0.2,1,0,0
2006,2,22,2,30,0.2,0,0,0
2006,2,22,3,30,0.30000000000000004,0,0,0
2006,2,22,4,30,0.4,0,0,0
2006,2,22,5,30,0.7000000000000001,0,0,0
2006,2,22,6,30,3.1,1,0,0
2006,2,22,7,30,7.2,0,590,167
2006,2,22,8,30,10.600000000000001,0,806,382
2006,2,22,9,30,13.100000000000001,0,906,572
2006,2,22,10,30,14.9,0,951,711
2006,2,22,11,30,16.3,0,967,782
2006,2,22,12,30,17.1,0,971,788
2006,2,22,13,30,17.400000000000002,0,951,724
2006,2,22,14,30,17,0,909,596
2006,2,22,15,30,15.3,0,823,415
2006,2,22,16,30,12,0,639,203
2006,2,22,17,30,9.3,0,136,18
2006,2,22,18,30,8.3,0,0,0
2006,2,22,19,30,7.6000000000000005,0,0,0
2006,2,22,20,30,7,0,0,0
2006,2,22,21,30,6.300000000000001,0,0,0
2006,2,22,22,30,5.300000000000001,0,0,0
2006,2,22,23,30,4.4,0,0,0
2006,2,23,0,30,3.6,0,0,0
2006,2,23,1,30,3.1,1,0,0
2006,2,23,2,30,2.8000000000000003,0,0,0
2006,2,23,3,30,2.6,0,0,0
2006,2,23,4,30,2.5,0,0,0
2006,2,23,5,30,2.7,1,0,0
2006,2,23,6,30,5.2,1,0,0
2006,2,23,7,30,9.600000000000001,0,635,174
2006,2,23,8,30,13.600000000000001,0,829,387
2006,2,23,9,30,16.900000000000002,0,922,577
2006,2,23,10,30,18.8,0,969,716
2006,2,23,11,30,20,0,989,792
2006,2,23,12,30,20.700000000000003,0,990,798
2006,2,23,13,30,20.8,0,973,734
2006,2,23,14,30,20.400000000000002,0,931,605
2006,2,23,15,30,18.5,0,847,423
2006,2,23,16,30,15.200000000000001,0,677,211
2006,2,23,17,30,12.8,0,186,21
2006,2,23,18,30,11.700000000000001,0,0,0
2006,2,23,19,30,10.9,0,0,0
2006,2,23,20,30,10.200000000000001,0,0,0
2006,2,23,21,30,9.600000000000001,0,0,0
2006,2,23,22,30,9.1,0,0,0
2006,2,23,23,30,8.6,0,0,0
2006,2,24,0,30,8,0,0,0
2006,2,24,1,30,7.4,0,0,0
2006,2,24,2,30,6.800000000000001,0,0,0
2006,2,24,3,30,6.2,0,0,0
2006,2,24,4,30,5.800000000000001,0,0,0
2006,2,24,5,30,5.5,0,0,0
2006,2,24,6,30,7,1,0,0
2006,2,24,7,30,10.3,0,639,180
2006,2,24,8,30,14.3,0,839,398
2006,2,24,9,30,18.1,0,931,588
2006,2,24,10,30,20.3,0,981,729
2006,2,24,11,30,21.400000000000002,0,1000,805
2006,2,24,12,30,21.900000000000002,0,999,810
2006,2,24,13,30,22,0,983,746
2006,2,24,14,30,21.400000000000002,0,942,616
2006,2,24,15,30,19.5,0,863,433
2006,2,24,16,30,15.8,0,697,218
2006,2,24,17,30,12.4,0,206,23
2006,2,24,18,30,10.8,8,0,0
2006,2,24,19,30,9.9,7,0,0
2006,2,24,20,30,9.4,0,0,0
2006,2,24,21,30,9,0,0,0
2006,2,24,22,30,8.4,0,0,0
2006,2,24,23,30,8.1,0,0,0
2006,2,25,0,30,7.9,0,0,0
2006,2,25,1,30,7.6000000000000005,0,0,0
2006,2,25,2,30,7.5,0,0,0
2006,2,25,3,30,7.6000000000000005,4,0,0
2006,2,25,4,30,7.5,0,0,0
2006,2,25,5,30,7.300000000000001,1,0,0
2006,2,25,6,30,8.4,1,0,0
2006,2,25,7,30,11.200000000000001,0,665,186
2006,2,25,8,30,15,0,857,403
2006,2,25,9,30,18.6,0,944,593
2006,2,25,10,30,20.8,1,977,730
2006,2,25,11,30,22.1,0,996,806
2006,2,25,12,30,22.8,0,995,811
2006,2,25,13,30,23,0,967,744
2006,2,25,14,30,22.700000000000003,8,718,594
2006,2,25,15,30,20.700000000000003,8,389,357
2006,2,25,16,30,17.1,7,43,140
2006,2,25,17,30,14.700000000000001,7,1,17
2006,2,25,18,30,14,7,0,0
2006,2,25,19,30,13.4,7,0,0
2006,2,25,20,30,12.5,7,0,0
2006,2,25,21,30,11.700000000000001,6,0,0
2006,2,25,22,30,11.3,6,0,0
2006,2,25,23,30,11.5,7,0,0
2006,2,26,0,30,11.700000000000001,7,0,0
2006,2,26,1,30,11.8,7,0,0
2006,2,26,2,30,11.4,7,0,0
2006,2,26,3,30,10.8,7,0,0
2006,2,26,4,30,10.3,7,0,0
2006,2,26,5,30,9.9,7,0,0
2006,2,26,6,30,10.9,7,0,0
2006,2,26,7,30,13.8,6,7,84
2006,2,26,8,30,17.1,6,63,233
2006,2,26,9,30,19.700000000000003,6,97,338
2006,2,26,10,30,21,7,143,471
2006,2,26,11,30,21.5,8,123,463
2006,2,26,12,30,21.400000000000002,7,374,599
2006,2,26,13,30,21,8,353,548
2006,2,26,14,30,20,6,12,213
2006,2,26,15,30,18.2,8,19,190
2006,2,26,16,30,15.4,1,615,208
2006,2,26,17,30,12.600000000000001,7,1,19
2006,2,26,18,30,10.9,3,0,0
2006,2,26,19,30,9.700000000000001,0,0,0
2006,2,26,20,30,8.9,0,0,0
2006,2,26,21,30,8.200000000000001,0,0,0
2006,2,26,22,30,7.7,1,0,0
2006,2,26,23,30,7.300000000000001,7,0,0
2006,2,27,0,30,7.1000000000000005,7,0,0
2006,2,27,1,30,7,6,0,0
2006,2,27,2,30,7.1000000000000005,6,0,0
2006,2,27,3,30,7.4,7,0,0
2006,2,27,4,30,7.800000000000001,7,0,0
2006,2,27,5,30,8.1,7,0,0
2006,2,27,6,30,9.3,7,0,0
2006,2,27,7,30,11.5,8,5,71
2006,2,27,8,30,14.4,8,138,246
2006,2,27,9,30,17.1,7,28,238
2006,2,27,10,30,18.1,7,82,404
2006,2,27,11,30,17.3,7,2,166
2006,2,27,12,30,15.8,6,1,140
2006,2,27,13,30,14.5,7,56,344
2006,2,27,14,30,13,6,2,133
2006,2,27,15,30,11.700000000000001,6,1,82
2006,2,27,16,30,10.5,6,0,23
2006,2,27,17,30,9.700000000000001,6,0,5
2006,2,27,18,30,9.5,6,0,0
2006,2,27,19,30,9.8,7,0,0
2006,2,27,20,30,10.100000000000001,6,0,0
2006,2,27,21,30,10.600000000000001,6,0,0
2006,2,27,22,30,11.100000000000001,6,0,0
2006,2,27,23,30,11.600000000000001,7,0,0
2006,2,28,0,30,12,7,0,0
2006,2,28,1,30,12.100000000000001,7,0,0
2006,2,28,2,30,11.9,7,0,0
2006,2,28,3,30,11.200000000000001,7,0,0
2006,2,28,4,30,10.4,7,0,0
2006,2,28,5,30,9.8,7,0,0
2006,2,28,6,30,9.600000000000001,7,0,6
2006,2,28,7,30,9.9,7,23,112
2006,2,28,8,30,10.600000000000001,7,811,405
2006,2,28,9,30,12,0,918,596
2006,2,28,10,30,13.8,0,965,733
2006,2,28,11,30,15.4,0,988,808
2006,2,28,12,30,16.2,0,991,814
2006,2,28,13,30,16.3,0,963,748
2006,2,28,14,30,15.600000000000001,0,919,618
2006,2,28,15,30,14.3,8,387,359
2006,2,28,16,30,11.700000000000001,4,0,61
2006,2,28,17,30,8.9,4,0,11
2006,2,28,18,30,7.5,4,0,0
2006,2,28,19,30,6.800000000000001,7,0,0
2006,2,28,20,30,6.300000000000001,1,0,0
2006,2,28,21,30,5.800000000000001,0,0,0
2006,2,28,22,30,5.2,0,0,0
2006,2,28,23,30,4.6000000000000005,0,0,0
2006,3,1,0,30,3.9000000000000004,0,0,0
2006,3,1,1,30,3.4000000000000004,0,0,0
2006,3,1,2,30,2.9000000000000004,0,0,0
2006,3,1,3,30,2.5,0,0,0
2006,3,1,4,30,2.4000000000000004,7,0,0
2006,3,1,5,30,3,0,0,0
2006,3,1,6,30,4.7,0,139,16
2006,3,1,7,30,7.4,0,675,205
2006,3,1,8,30,10.8,0,862,425
2006,3,1,9,30,14,0,941,611
2006,3,1,10,30,15.9,0,980,749
2006,3,1,11,30,17,0,999,824
2006,3,1,12,30,17.6,0,999,829
2006,3,1,13,30,17.7,0,978,762
2006,3,1,14,30,17.2,0,934,632
2006,3,1,15,30,15.9,0,846,447
2006,3,1,16,30,12.700000000000001,0,665,230
2006,3,1,17,30,9.3,0,199,32
2006,3,1,18,30,7.5,0,0,0
2006,3,1,19,30,6.5,0,0,0
2006,3,1,20,30,5.9,0,0,0
2006,3,1,21,30,5.5,0,0,0
2006,3,1,22,30,5.2,0,0,0
2006,3,1,23,30,4.9,0,0,0
2006,3,2,0,30,4.5,0,0,0
2006,3,2,1,30,4,0,0,0
2006,3,2,2,30,3.7,0,0,0
2006,3,2,3,30,3.2,0,0,0
2006,3,2,4,30,2.7,0,0,0
2006,3,2,5,30,2.6,0,0,0
2006,3,2,6,30,4.5,0,112,18
2006,3,2,7,30,8.1,0,647,206
2006,3,2,8,30,11.3,0,837,425
2006,3,2,9,30,13.8,0,925,616
2006,3,2,10,30,15.600000000000001,0,973,756
2006,3,2,11,30,16.8,0,989,826
2006,3,2,12,30,17.6,0,989,831
2006,3,2,13,30,17.8,0,972,765
2006,3,2,14,30,17.1,0,929,634
2006,3,2,15,30,15.600000000000001,0,848,450
2006,3,2,16,30,12.4,0,685,235
2006,3,2,17,30,9.1,0,242,34
2006,3,2,18,30,7.300000000000001,0,0,0
2006,3,2,19,30,6.4,0,0,0
2006,3,2,20,30,5.800000000000001,0,0,0
2006,3,2,21,30,5.7,0,0,0
2006,3,2,22,30,6,0,0,0
2006,3,2,23,30,6.300000000000001,0,0,0
2006,3,3,0,30,6.300000000000001,0,0,0
2006,3,3,1,30,6.5,0,0,0
2006,3,3,2,30,6.800000000000001,0,0,0
2006,3,3,3,30,7,0,0,0
2006,3,3,4,30,7.2,0,0,0
2006,3,3,5,30,7.5,4,0,0
2006,3,3,6,30,8,4,0,5
2006,3,3,7,30,8.4,4,0,7
2006,3,3,8,30,9.1,4,0,41
2006,3,3,9,30,9.9,8,0,73
2006,3,3,10,30,10.4,4,0,70
2006,3,3,11,30,10.4,4,0,121
2006,3,3,12,30,10.600000000000001,4,214,622
2006,3,3,13,30,10.700000000000001,3,70,432
2006,3,3,14,30,10.4,8,507,536
2006,3,3,15,30,9.5,6,37,224
2006,3,3,16,30,7.800000000000001,8,23,127
2006,3,3,17,30,5.9,0,206,35
2006,3,3,18,30,4.800000000000001,0,0,0
2006,3,3,19,30,4.2,0,0,0
2006,3,3,20,30,3.8000000000000003,0,0,0
2006,3,3,21,30,3.4000000000000004,0,0,0
2006,3,3,22,30,3.1,0,0,0
2006,3,3,23,30,2.8000000000000003,4,0,0
2006,3,4,0,30,2.3000000000000003,4,0,0
2006,3,4,1,30,1.6,4,0,0
2006,3,4,2,30,0.8,0,0,0
2006,3,4,3,30,0.2,0,0,0
2006,3,4,4,30,-0.4,0,0,0
2006,3,4,5,30,-0.30000000000000004,7,0,0
2006,3,4,6,30,1.8,0,148,22
2006,3,4,7,30,5.5,0,676,218
2006,3,4,8,30,8.9,0,863,440
2006,3,4,9,30,11.600000000000001,0,942,630
2006,3,4,10,30,13.5,0,969,762
2006,3,4,11,30,14.8,0,990,837
2006,3,4,12,30,15.700000000000001,0,992,841
2006,3,4,13,30,16,0,972,775
2006,3,4,14,30,15.700000000000001,1,934,644
2006,3,4,15,30,14.5,4,100,322
2006,3,4,16,30,11.600000000000001,4,19,151
2006,3,4,17,30,8.5,0,261,39
2006,3,4,18,30,7,0,0,0
2006,3,4,19,30,6.4,0,0,0
2006,3,4,20,30,6.2,0,0,0
2006,3,4,21,30,6.1000000000000005,0,0,0
2006,3,4,22,30,5.9,0,0,0
2006,3,4,23,30,5.5,0,0,0
2006,3,5,0,30,5,0,0,0
2006,3,5,1,30,4.3,0,0,0
2006,3,5,2,30,3.8000000000000003,0,0,0
2006,3,5,3,30,3.2,0,0,0
2006,3,5,4,30,2.8000000000000003,4,0,0
2006,3,5,5,30,3,4,0,0
2006,3,5,6,30,5.1000000000000005,7,1,17
2006,3,5,7,30,8.5,1,652,217
2006,3,5,8,30,11.700000000000001,0,818,434
2006,3,5,9,30,13.9,7,734,587
2006,3,5,10,30,15.200000000000001,7,275,548
2006,3,5,11,30,16.5,7,647,741
2006,3,5,12,30,17.900000000000002,8,802,802
2006,3,5,13,30,18.6,8,766,737
2006,3,5,14,30,18.2,8,455,521
2006,3,5,15,30,16.7,8,216,326
2006,3,5,16,30,13.5,8,24,117
2006,3,5,17,30,10.8,7,2,27
2006,3,5,18,30,9.8,7,0,0
2006,3,5,19,30,9.3,7,0,0
2006,3,5,20,30,8.8,7,0,0
2006,3,5,21,30,8.200000000000001,7,0,0
2006,3,5,22,30,7.7,7,0,0
2006,3,5,23,30,7.300000000000001,7,0,0
2006,3,6,0,30,6.9,7,0,0
2006,3,6,1,30,6.7,7,0,0
2006,3,6,2,30,6.6000000000000005,7,0,0
2006,3,6,3,30,6.6000000000000005,7,0,0
2006,3,6,4,30,6.1000000000000005,7,0,0
2006,3,6,5,30,5.800000000000001,7,0,0
2006,3,6,6,30,6.800000000000001,7,0,16
2006,3,6,7,30,8.200000000000001,7,35,128
2006,3,6,8,30,9.700000000000001,7,212,311
2006,3,6,9,30,11.100000000000001,7,83,346
2006,3,6,10,30,12.100000000000001,8,308,541
2006,3,6,11,30,12.5,8,185,507
2006,3,6,12,30,12.5,2,0,266
2006,3,6,13,30,12.200000000000001,2,0,222
2006,3,6,14,30,11.8,2,226,487
2006,3,6,15,30,11.200000000000001,4,0,19
2006,3,6,16,30,10.4,0,540,225
2006,3,6,17,30,9.8,7,1,26
2006,3,6,18,30,9.5,7,0,0
2006,3,6,19,30,9.4,7,0,0
2006,3,6,20,30,9.3,7,0,0
2006,3,6,21,30,9.3,0,0,0
2006,3,6,22,30,9.200000000000001,0,0,0
2006,3,6,23,30,8.9,0,0,0
2006,3,7,0,30,8.6,0,0,0
2006,3,7,1,30,8.3,0,0,0
2006,3,7,2,30,7.800000000000001,0,0,0
2006,3,7,3,30,7.4,1,0,0
2006,3,7,4,30,7,4,0,0
2006,3,7,5,30,6.6000000000000005,0,0,0
2006,3,7,6,30,7,0,135,29
2006,3,7,7,30,8.200000000000001,0,571,218
2006,3,7,8,30,9.8,0,766,433
2006,3,7,9,30,11.600000000000001,0,873,621
2006,3,7,10,30,13.100000000000001,0,919,757
2006,3,7,11,30,13.9,3,291,665
2006,3,7,12,30,14.200000000000001,2,252,648
2006,3,7,13,30,13.8,2,464,688
2006,3,7,14,30,13,4,0,29
2006,3,7,15,30,11.8,4,18,234
2006,3,7,16,30,9.9,3,227,212
2006,3,7,17,30,7.9,4,0,27
2006,3,7,18,30,6.4,1,0,0
2006,3,7,19,30,5.7,4,0,0
2006,3,7,20,30,5.1000000000000005,0,0,0
2006,3,7,21,30,4.6000000000000005,1,0,0
2006,3,7,22,30,4.4,1,0,0
2006,3,7,23,30,4.5,0,0,0
2006,3,8,0,30,4.6000000000000005,0,0,0
2006,3,8,1,30,4.4,0,0,0
2006,3,8,2,30,4,0,0,0
2006,3,8,3,30,3.6,0,0,0
2006,3,8,4,30,3.2,0,0,0
2006,3,8,5,30,3.3000000000000003,0,0,0
2006,3,8,6,30,4.5,0,210,34
2006,3,8,7,30,6.6000000000000005,0,690,237
2006,3,8,8,30,9.200000000000001,0,863,459
2006,3,8,9,30,11.8,0,944,649
2006,3,8,10,30,13.700000000000001,0,961,782
2006,3,8,11,30,14.600000000000001,8,619,752
2006,3,8,12,30,15.200000000000001,0,965,855
2006,3,8,13,30,15.600000000000001,0,958,787
2006,3,8,14,30,15.600000000000001,0,922,656
2006,3,8,15,30,14.700000000000001,0,848,470
2006,3,8,16,30,12.100000000000001,0,703,254
2006,3,8,17,30,8.9,0,305,48
2006,3,8,18,30,7.300000000000001,7,0,0
2006,3,8,19,30,6.800000000000001,7,0,0
2006,3,8,20,30,6.5,7,0,0
2006,3,8,21,30,5.9,7,0,0
2006,3,8,22,30,5.300000000000001,6,0,0
2006,3,8,23,30,4.9,6,0,0
2006,3,9,0,30,4.6000000000000005,7,0,0
2006,3,9,1,30,4.7,7,0,0
2006,3,9,2,30,4.800000000000001,7,0,0
2006,3,9,3,30,4.7,7,0,0
2006,3,9,4,30,4.5,7,0,0
2006,3,9,5,30,4.6000000000000005,7,0,0
2006,3,9,6,30,5.6000000000000005,7,1,24
2006,3,9,7,30,6.9,7,132,178
2006,3,9,8,30,8.5,7,301,354
2006,3,9,9,30,10.5,6,7,199
2006,3,9,10,30,12,7,529,640
2006,3,9,11,30,13.200000000000001,8,617,738
2006,3,9,12,30,14.200000000000001,8,553,721
2006,3,9,13,30,14.3,7,342,582
2006,3,9,14,30,13.5,1,904,654
2006,3,9,15,30,12.200000000000001,8,509,422
2006,3,9,16,30,10.200000000000001,7,284,219
2006,3,9,17,30,7.6000000000000005,0,253,49
2006,3,9,18,30,5.5,0,0,0
2006,3,9,19,30,4.6000000000000005,0,0,0
2006,3,9,20,30,4,0,0,0
2006,3,9,21,30,3.3000000000000003,0,0,0
2006,3,9,22,30,2.7,0,0,0
2006,3,9,23,30,2,0,0,0
2006,3,10,0,30,1.3,0,0,0
2006,3,10,1,30,0.7000000000000001,0,0,0
2006,3,10,2,30,0.4,7,0,0
2006,3,10,3,30,0.8,4,0,0
2006,3,10,4,30,1.3,1,0,0
2006,3,10,5,30,1.6,1,0,0
2006,3,10,6,30,2.5,1,183,39
2006,3,10,7,30,4,0,650,242
2006,3,10,8,30,5.300000000000001,0,841,464
2006,3,10,9,30,6.4,8,330,494
2006,3,10,10,30,7.300000000000001,7,177,499
2006,3,10,11,30,7.800000000000001,7,226,555
2006,3,10,12,30,7.800000000000001,3,720,850
2006,3,10,13,30,7.4,8,676,719
2006,3,10,14,30,6.800000000000001,7,2,150
2006,3,10,15,30,6.1000000000000005,7,0,30
2006,3,10,16,30,5.1000000000000005,7,0,10
2006,3,10,17,30,4.1000000000000005,4,0,22
2006,3,10,18,30,3.5,7,0,0
2006,3,10,19,30,3.1,7,0,0
2006,3,10,20,30,2.8000000000000003,7,0,0
2006,3,10,21,30,2.7,6,0,0
2006,3,10,22,30,2.5,6,0,0
2006,3,10,23,30,2.3000000000000003,7,0,0
2006,3,11,0,30,2,7,0,0
2006,3,11,1,30,1.8,7,0,0
2006,3,11,2,30,1.6,0,0,0
2006,3,11,3,30,1.3,4,0,0
2006,3,11,4,30,1.1,6,0,0
2006,3,11,5,30,1.2000000000000002,7,0,0
2006,3,11,6,30,1.9000000000000001,7,1,25
2006,3,11,7,30,3.2,7,27,133
2006,3,11,8,30,4.3,6,0,47
2006,3,11,9,30,5,7,134,382
2006,3,11,10,30,5.6000000000000005,7,256,557
2006,3,11,11,30,6.300000000000001,7,439,690
2006,3,11,12,30,6.6000000000000005,7,429,670
2006,3,11,13,30,6.300000000000001,6,77,431
2006,3,11,14,30,5.9,6,3,176
2006,3,11,15,30,5.4,7,131,296
2006,3,11,16,30,4.2,1,715,265
2006,3,11,17,30,2.7,6,0,23
2006,3,11,18,30,1.8,6,0,0
2006,3,11,19,30,1.2000000000000002,7,0,0
2006,3,11,20,30,0.5,7,0,0
2006,3,11,21,30,-0.1,7,0,0
2006,3,11,22,30,-0.6000000000000001,0,0,0
2006,3,11,23,30,-1,0,0,0
2006,3,12,0,30,-1.4000000000000001,0,0,0
2006,3,12,1,30,-1.6,0,0,0
2006,3,12,2,30,-1.8,0,0,0
2006,3,12,3,30,-1.8,0,0,0
2006,3,12,4,30,-1.6,0,0,0
2006,3,12,5,30,-0.9,0,0,0
2006,3,12,6,30,1,0,354,50
2006,3,12,7,30,3.5,8,10,101
2006,3,12,8,30,5.5,7,101,276
2006,3,12,9,30,6.800000000000001,8,298,462
2006,3,12,10,30,7.4,8,562,669
2006,3,12,11,30,7.7,1,985,870
2006,3,12,12,30,7.9,8,695,781
2006,3,12,13,30,7.800000000000001,0,933,795
2006,3,12,14,30,7.5,4,18,322
2006,3,12,15,30,6.9,4,0,152
2006,3,12,16,30,5.7,8,9,97
2006,3,12,17,30,4.2,4,0,15
2006,3,12,18,30,3.2,4,0,0
2006,3,12,19,30,2.9000000000000004,1,0,0
2006,3,12,20,30,2.5,1,0,0
2006,3,12,21,30,2.1,1,0,0
2006,3,12,22,30,1.7000000000000002,0,0,0
2006,3,12,23,30,1.4000000000000001,0,0,0
2006,3,13,0,30,1,0,0,0
2006,3,13,1,30,0.6000000000000001,0,0,0
2006,3,13,2,30,0.30000000000000004,0,0,0
2006,3,13,3,30,-0.2,0,0,0
2006,3,13,4,30,-0.7000000000000001,0,0,0
2006,3,13,5,30,-0.4,0,0,0
2006,3,13,6,30,1.5,0,321,53
2006,3,13,7,30,4.4,0,733,266
2006,3,13,8,30,7.2,0,882,487
2006,3,13,9,30,9.600000000000001,0,952,675
2006,3,13,10,30,11.5,0,979,808
2006,3,13,11,30,12.9,0,993,880
2006,3,13,12,30,13.9,0,984,876
2006,3,13,13,30,14.3,0,967,807
2006,3,13,14,30,14.100000000000001,0,928,674
2006,3,13,15,30,13.3,0,855,489
2006,3,13,16,30,11.200000000000001,0,719,272
2006,3,13,17,30,8.6,0,360,60
2006,3,13,18,30,7.1000000000000005,0,0,0
2006,3,13,19,30,6.5,0,0,0
2006,3,13,20,30,6.1000000000000005,0,0,0
2006,3,13,21,30,5.800000000000001,0,0,0
2006,3,13,22,30,5.6000000000000005,0,0,0
2006,3,13,23,30,5.4,0,0,0
2006,3,14,0,30,5.4,0,0,0
2006,3,14,1,30,5.300000000000001,0,0,0
2006,3,14,2,30,5,0,0,0
2006,3,14,3,30,4.9,0,0,0
2006,3,14,4,30,4.9,0,0,0
2006,3,14,5,30,5.1000000000000005,0,0,0
2006,3,14,6,30,6.5,0,349,56
2006,3,14,7,30,9.4,0,717,267
2006,3,14,8,30,12.200000000000001,0,860,486
2006,3,14,9,30,14.4,0,929,673
2006,3,14,10,30,16.2,0,963,807
2006,3,14,11,30,17.400000000000002,0,978,878
2006,3,14,12,30,18,0,974,878
2006,3,14,13,30,17.8,0,942,801
2006,3,14,14,30,16.7,0,892,663
2006,3,14,15,30,14.700000000000001,7,442,398
2006,3,14,16,30,12.200000000000001,1,667,264
2006,3,14,17,30,10.100000000000001,4,1,37
2006,3,14,18,30,9,4,0,0
2006,3,14,19,30,8.3,0,0,0
2006,3,14,20,30,7.5,0,0,0
2006,3,14,21,30,6.5,0,0,0
2006,3,14,22,30,5.5,0,0,0
2006,3,14,23,30,4.5,0,0,0
2006,3,15,0,30,3.4000000000000004,0,0,0
2006,3,15,1,30,2.4000000000000004,0,0,0
2006,3,15,2,30,1.7000000000000002,0,0,0
2006,3,15,3,30,1.1,0,0,0
2006,3,15,4,30,0.8,0,0,0
2006,3,15,5,30,1.5,0,0,0
2006,3,15,6,30,4.2,0,316,59
2006,3,15,7,30,7.6000000000000005,0,722,275
2006,3,15,8,30,10.600000000000001,0,877,498
2006,3,15,9,30,13.200000000000001,0,941,683
2006,3,15,10,30,15.200000000000001,0,974,817
2006,3,15,11,30,16.7,0,986,887
2006,3,15,12,30,17.6,0,985,888
2006,3,15,13,30,18,0,968,818
2006,3,15,14,30,17.8,0,930,684
2006,3,15,15,30,16.8,0,855,497
2006,3,15,16,30,13.9,0,714,278
2006,3,15,17,30,10.100000000000001,3,2,44
2006,3,15,18,30,7.800000000000001,0,0,0
2006,3,15,19,30,6.7,0,0,0
2006,3,15,20,30,6,0,0,0
2006,3,15,21,30,5.5,0,0,0
2006,3,15,22,30,5.1000000000000005,0,0,0
2006,3,15,23,30,5.1000000000000005,4,0,0
2006,3,16,0,30,5.1000000000000005,4,0,0
2006,3,16,1,30,4.9,4,0,0
2006,3,16,2,30,4.7,7,0,0
2006,3,16,3,30,4.800000000000001,7,0,0
2006,3,16,4,30,4.9,7,0,0
2006,3,16,5,30,5.4,7,0,0
2006,3,16,6,30,6.800000000000001,1,281,60
2006,3,16,7,30,9.1,7,653,270
2006,3,16,8,30,11.8,7,555,449
2006,3,16,9,30,14.600000000000001,0,900,677
2006,3,16,10,30,16.7,0,949,813
2006,3,16,11,30,18.1,0,976,889
2006,3,16,12,30,18.900000000000002,0,973,886
2006,3,16,13,30,18.8,0,939,812
2006,3,16,14,30,18,0,909,679
2006,3,16,15,30,16.5,8,489,419
2006,3,16,16,30,13.9,4,51,193
2006,3,16,17,30,11.200000000000001,7,6,44
2006,3,16,18,30,9.600000000000001,7,0,0
2006,3,16,19,30,8.4,7,0,0
2006,3,16,20,30,7.1000000000000005,4,0,0
2006,3,16,21,30,5.9,1,0,0
2006,3,16,22,30,5.2,0,0,0
2006,3,16,23,30,4.9,4,0,0
2006,3,17,0,30,4.7,4,0,0
2006,3,17,1,30,4.5,4,0,0
2006,3,17,2,30,4.3,4,0,0
2006,3,17,3,30,4,7,0,0
2006,3,17,4,30,3.7,7,0,0
2006,3,17,5,30,4.3,7,0,0
2006,3,17,6,30,5.7,7,2,39
2006,3,17,7,30,7.2,7,30,153
2006,3,17,8,30,8.6,7,193,370
2006,3,17,9,30,10.200000000000001,0,806,658
2006,3,17,10,30,11.8,0,806,780
2006,3,17,11,30,12.9,8,432,706
2006,3,17,12,30,13.200000000000001,4,143,600
2006,3,17,13,30,12.5,4,0,92
2006,3,17,14,30,11.200000000000001,8,267,486
2006,3,17,15,30,10,7,256,371
2006,3,17,16,30,8.8,7,3,85
2006,3,17,17,30,7.4,4,0,11
2006,3,17,18,30,6.4,4,0,0
2006,3,17,19,30,5.7,8,0,0
2006,3,17,20,30,5.2,0,0,0
2006,3,17,21,30,4.6000000000000005,0,0,0
2006,3,17,22,30,4,0,0,0
2006,3,17,23,30,3.6,1,0,0
2006,3,18,0,30,3.4000000000000004,0,0,0
2006,3,18,1,30,3.3000000000000003,0,0,0
2006,3,18,2,30,3.3000000000000003,0,0,0
2006,3,18,3,30,3.1,0,0,0
2006,3,18,4,30,3,4,0,0
2006,3,18,5,30,3.3000000000000003,7,0,0
2006,3,18,6,30,4.4,4,0,28
2006,3,18,7,30,5.9,0,654,278
2006,3,18,8,30,7.7,0,817,497
2006,3,18,9,30,9.600000000000001,0,903,685
2006,3,18,10,30,11.3,0,922,814
2006,3,18,11,30,12.200000000000001,0,942,884
2006,3,18,12,30,12.5,0,942,884
2006,3,18,13,30,12.3,0,920,813
2006,3,18,14,30,11.700000000000001,2,226,531
2006,3,18,15,30,10.600000000000001,3,90,343
2006,3,18,16,30,8.8,0,660,278
2006,3,18,17,30,6.5,0,300,67
2006,3,18,18,30,4.9,0,0,0
2006,3,18,19,30,4.3,0,0,0
2006,3,18,20,30,3.9000000000000004,0,0,0
2006,3,18,21,30,3.6,0,0,0
2006,3,18,22,30,3.2,0,0,0
2006,3,18,23,30,2.9000000000000004,0,0,0
2006,3,19,0,30,2.4000000000000004,4,0,0
2006,3,19,1,30,2.1,4,0,0
2006,3,19,2,30,1.9000000000000001,4,0,0
2006,3,19,3,30,1.5,1,0,0
2006,3,19,4,30,1.1,4,0,0
2006,3,19,5,30,1.7000000000000002,0,0,0
2006,3,19,6,30,3.9000000000000004,0,364,73
2006,3,19,7,30,6.800000000000001,0,720,290
2006,3,19,8,30,9.600000000000001,0,860,510
2006,3,19,9,30,11.700000000000001,0,924,693
2006,3,19,10,30,12.600000000000001,2,214,618
2006,3,19,11,30,12.8,8,354,661
2006,3,19,12,30,12.8,8,256,606
2006,3,19,13,30,12.8,8,445,655
2006,3,19,14,30,12.5,8,433,563
2006,3,19,15,30,11.600000000000001,1,795,495
2006,3,19,16,30,9.8,1,637,278
2006,3,19,17,30,7.300000000000001,0,282,68
2006,3,19,18,30,5.5,0,0,0
2006,3,19,19,30,4.800000000000001,0,0,0
2006,3,19,20,30,4.3,0,0,0
2006,3,19,21,30,4,0,0,0
2006,3,19,22,30,3.7,1,0,0
2006,3,19,23,30,3.5,0,0,0
2006,3,20,0,30,3.3000000000000003,1,0,0
2006,3,20,1,30,3.1,1,0,0
2006,3,20,2,30,2.8000000000000003,7,0,0
2006,3,20,3,30,2.5,0,0,0
2006,3,20,4,30,2.5,7,0,0
2006,3,20,5,30,3.2,7,0,0
2006,3,20,6,30,4.9,7,1,31
2006,3,20,7,30,6.800000000000001,0,584,281
2006,3,20,8,30,8.9,0,759,497
2006,3,20,9,30,11.200000000000001,0,870,689
2006,3,20,10,30,12.9,0,911,819
2006,3,20,11,30,13.8,0,921,885
2006,3,20,12,30,13.9,0,910,879
2006,3,20,13,30,13.3,1,868,802
2006,3,20,14,30,12.200000000000001,8,364,541
2006,3,20,15,30,10.700000000000001,7,21,211
2006,3,20,16,30,8.8,4,40,194
2006,3,20,17,30,7.300000000000001,0,248,68
2006,3,20,18,30,6.6000000000000005,0,0,0
2006,3,20,19,30,6.300000000000001,0,0,0
2006,3,20,20,30,6.2,0,0,0
2006,3,20,21,30,6.1000000000000005,4,0,0
2006,3,20,22,30,6.1000000000000005,4,0,0
2006,3,20,23,30,5.9,7,0,0
2006,3,21,0,30,5.4,4,0,0
2006,3,21,1,30,4.9,4,0,0
2006,3,21,2,30,4,7,0,0
2006,3,21,3,30,2.9000000000000004,7,0,0
2006,3,21,4,30,2,0,0,0
2006,3,21,5,30,2.1,0,0,0
2006,3,21,6,30,3.4000000000000004,0,419,85
2006,3,21,7,30,5.300000000000001,0,759,306
2006,3,21,8,30,7.4,0,897,529
2006,3,21,9,30,9.1,0,963,716
2006,3,21,10,30,10.4,0,996,849
2006,3,21,11,30,11.3,0,1010,918
2006,3,21,12,30,12.200000000000001,0,1009,917
2006,3,21,13,30,12.8,0,989,845
2006,3,21,14,30,12.700000000000001,0,954,709
2006,3,21,15,30,11.9,0,891,521
2006,3,21,16,30,10,0,769,301
2006,3,21,17,30,7.1000000000000005,0,443,80
2006,3,21,18,30,5.1000000000000005,0,0,0
2006,3,21,19,30,4.3,0,0,0
2006,3,21,20,30,3.7,0,0,0
2006,3,21,21,30,3.2,0,0,0
2006,3,21,22,30,2.7,0,0,0
2006,3,21,23,30,2.2,0,0,0
2006,3,22,0,30,1.8,0,0,0
2006,3,22,1,30,1.3,0,0,0
2006,3,22,2,30,0.8,0,0,0
2006,3,22,3,30,0.5,0,0,0
2006,3,22,4,30,0.5,0,0,0
2006,3,22,5,30,1.7000000000000002,0,0,0
2006,3,22,6,30,5,0,428,88
2006,3,22,7,30,9.1,0,744,309
2006,3,22,8,30,13.100000000000001,0,876,531
2006,3,22,9,30,15.9,0,941,717
2006,3,22,10,30,17.6,0,964,848
2006,3,22,11,30,18.900000000000002,0,969,911
2006,3,22,12,30,19.700000000000003,0,964,909
2006,3,22,13,30,20.1,0,940,836
2006,3,22,14,30,19.900000000000002,0,889,698
2006,3,22,15,30,19,1,802,510
2006,3,22,16,30,16.5,7,332,257
2006,3,22,17,30,13.4,7,9,59
2006,3,22,18,30,11.700000000000001,7,0,0
2006,3,22,19,30,10.9,7,0,0
2006,3,22,20,30,10.3,7,0,0
2006,3,22,21,30,9.700000000000001,7,0,0
2006,3,22,22,30,9.4,7,0,0
2006,3,22,23,30,8.9,7,0,0
2006,3,23,0,30,8.4,7,0,0
2006,3,23,1,30,7.800000000000001,7,0,0
2006,3,23,2,30,7.1000000000000005,4,0,0
2006,3,23,3,30,6.4,1,0,0
2006,3,23,4,30,5.6000000000000005,4,0,0
2006,3,23,5,30,6.1000000000000005,4,0,0
2006,3,23,6,30,9.4,4,1,59
2006,3,23,7,30,13.600000000000001,3,81,228
2006,3,23,8,30,16.900000000000002,0,830,527
2006,3,23,9,30,19.200000000000003,0,907,714
2006,3,23,10,30,20.8,0,953,850
2006,3,23,11,30,22,0,971,919
2006,3,23,12,30,22.900000000000002,0,972,918
2006,3,23,13,30,23.3,0,959,846
2006,3,23,14,30,23.200000000000003,0,926,711
2006,3,23,15,30,22.3,0,860,523
2006,3,23,16,30,19.6,0,731,302
2006,3,23,17,30,16.5,0,413,83
2006,3,23,18,30,14.8,0,0,0
2006,3,23,19,30,13.9,1,0,0
2006,3,23,20,30,13.4,0,0,0
2006,3,23,21,30,12.9,0,0,0
2006,3,23,22,30,12.200000000000001,4,0,0
2006,3,23,23,30,11.8,8,0,0
2006,3,24,0,30,11.8,7,0,0
2006,3,24,1,30,11.5,7,0,0
2006,3,24,2,30,11,7,0,0
2006,3,24,3,30,10.3,7,0,0
2006,3,24,4,30,9.5,7,0,0
2006,3,24,5,30,9.4,7,0,0
2006,3,24,6,30,11.700000000000001,7,13,65
2006,3,24,7,30,15.3,3,110,242
2006,3,24,8,30,18.900000000000002,4,183,415
2006,3,24,9,30,21.8,3,331,602
2006,3,24,10,30,23.400000000000002,3,472,774
2006,3,24,11,30,24.400000000000002,3,602,883
2006,3,24,12,30,25,8,602,810
2006,3,24,13,30,25,8,707,800
2006,3,24,14,30,24.3,8,434,590
2006,3,24,15,30,22.900000000000002,8,338,419
2006,3,24,16,30,19.8,8,424,278
2006,3,24,17,30,15.8,7,20,65
2006,3,24,18,30,13.4,3,0,0
2006,3,24,19,30,12.3,4,0,0
2006,3,24,20,30,11.5,1,0,0
2006,3,24,21,30,10.700000000000001,0,0,0
2006,3,24,22,30,10.200000000000001,4,0,0
2006,3,24,23,30,9.9,4,0,0
2006,3,25,0,30,9.3,4,0,0
2006,3,25,1,30,8.5,4,0,0
2006,3,25,2,30,7.800000000000001,4,0,0
2006,3,25,3,30,7.300000000000001,4,0,0
2006,3,25,4,30,7.4,4,0,0
2006,3,25,5,30,8.5,7,0,0
2006,3,25,6,30,10.9,7,8,65
2006,3,25,7,30,14.100000000000001,8,67,187
2006,3,25,8,30,16.8,8,90,299
2006,3,25,9,30,18.8,7,18,272
2006,3,25,10,30,20.3,8,552,720
2006,3,25,11,30,21,4,335,746
2006,3,25,12,30,20.900000000000002,7,118,500
2006,3,25,13,30,20.3,7,391,630
2006,3,25,14,30,19.200000000000003,7,241,466
2006,3,25,15,30,17.3,8,404,424
2006,3,25,16,30,15.4,0,629,286
2006,3,25,17,30,13.8,0,338,81
2006,3,25,18,30,12.5,0,0,0
2006,3,25,19,30,11.4,0,0,0
2006,3,25,20,30,10.100000000000001,0,0,0
2006,3,25,21,30,8.9,0,0,0
2006,3,25,22,30,7.800000000000001,0,0,0
2006,3,25,23,30,6.7,0,0,0
2006,3,26,0,30,5.6000000000000005,4,0,0
2006,3,26,1,30,4.5,4,0,0
2006,3,26,2,30,3.6,4,0,0
2006,3,26,3,30,3,4,0,0
2006,3,26,4,30,2.6,4,0,0
2006,3,26,5,30,3.4000000000000004,4,0,0
2006,3,26,6,30,6.2,7,6,56
2006,3,26,7,30,10.3,4,43,223
2006,3,26,8,30,14.200000000000001,4,265,451
2006,3,26,9,30,16.900000000000002,0,941,744
2006,3,26,10,30,18.900000000000002,0,967,876
2006,3,26,11,30,20.3,8,619,824
2006,3,26,12,30,21.3,8,548,793
2006,3,26,13,30,21.400000000000002,7,346,649
2006,3,26,14,30,20.200000000000003,7,397,567
2006,3,26,15,30,18.2,7,373,429
2006,3,26,16,30,16,8,282,253
2006,3,26,17,30,13.8,7,16,65
2006,3,26,18,30,12.200000000000001,7,0,0
2006,3,26,19,30,11.3,7,0,0
2006,3,26,20,30,11,7,0,0
2006,3,26,21,30,11,7,0,0
2006,3,26,22,30,11,4,0,0
2006,3,26,23,30,10.9,4,0,0
2006,3,27,0,30,10.5,7,0,0
2006,3,27,1,30,10.100000000000001,7,0,0
2006,3,27,2,30,9.4,4,0,0
2006,3,27,3,30,8.700000000000001,7,0,0
2006,3,27,4,30,7.9,1,0,0
2006,3,27,5,30,8.200000000000001,4,0,0
2006,3,27,6,30,10.3,7,3,51
2006,3,27,7,30,13.100000000000001,4,10,179
2006,3,27,8,30,15.600000000000001,4,114,392
2006,3,27,9,30,17.8,7,240,488
2006,3,27,10,30,19.400000000000002,4,181,622
2006,3,27,11,30,20.3,8,455,735
2006,3,27,12,30,20.400000000000002,7,484,722
2006,3,27,13,30,19.700000000000003,8,337,639
2006,3,27,14,30,18.1,7,31,308
2006,3,27,15,30,16.1,7,31,258
2006,3,27,16,30,14,7,1,77
2006,3,27,17,30,12.100000000000001,6,0,26
2006,3,27,18,30,10.8,7,0,0
2006,3,27,19,30,10.100000000000001,8,0,0
2006,3,27,20,30,9.5,8,0,0
2006,3,27,21,30,8.9,7,0,0
2006,3,27,22,30,8.6,7,0,0
2006,3,27,23,30,8.5,7,0,0
2006,3,28,0,30,8.5,7,0,0
2006,3,28,1,30,8.5,7,0,0
2006,3,28,2,30,8.4,7,0,0
2006,3,28,3,30,8.3,7,0,0
2006,3,28,4,30,8.200000000000001,6,0,0
2006,3,28,5,30,8.4,7,0,0
2006,3,28,6,30,9,7,2,44
2006,3,28,7,30,10,7,0,13
2006,3,28,8,30,11.5,1,811,533
2006,3,28,9,30,12.8,7,258,481
2006,3,28,10,30,13.4,7,292,611
2006,3,28,11,30,13.3,7,1,142
2006,3,28,12,30,12.700000000000001,7,12,337
2006,3,28,13,30,12,8,1,140
2006,3,28,14,30,11.600000000000001,7,0,20
2006,3,28,15,30,11.4,6,0,79
2006,3,28,16,30,11.100000000000001,6,0,42
2006,3,28,17,30,10.5,7,0,20
2006,3,28,18,30,9.700000000000001,7,0,0
2006,3,28,19,30,9.1,7,0,0
2006,3,28,20,30,8.4,4,0,0
2006,3,28,21,30,7.7,0,0,0
2006,3,28,22,30,7,0,0,0
2006,3,28,23,30,6.300000000000001,0,0,0
2006,3,29,0,30,6,0,0,0
2006,3,29,1,30,5.9,0,0,0
2006,3,29,2,30,5.9,1,0,0
2006,3,29,3,30,5.9,0,0,0
2006,3,29,4,30,5.9,0,0,0
2006,3,29,5,30,6.1000000000000005,0,0,0
2006,3,29,6,30,6.6000000000000005,0,428,115
2006,3,29,7,30,8,0,719,338
2006,3,29,8,30,10.200000000000001,0,859,561
2006,3,29,9,30,12.4,0,932,748
2006,3,29,10,30,14.200000000000001,0,961,875
2006,3,29,11,30,15.3,0,975,942
2006,3,29,12,30,15.600000000000001,0,972,935
2006,3,29,13,30,15.200000000000001,0,949,858
2006,3,29,14,30,14.5,0,915,722
2006,3,29,15,30,13.5,1,845,532
2006,3,29,16,30,11.8,0,711,311
2006,3,29,17,30,9.700000000000001,4,0,40
2006,3,29,18,30,8.200000000000001,4,0,0
2006,3,29,19,30,7.6000000000000005,4,0,0
2006,3,29,20,30,7.1000000000000005,4,0,0
2006,3,29,21,30,6.6000000000000005,7,0,0
2006,3,29,22,30,6.2,7,0,0
2006,3,29,23,30,6,7,0,0
2006,3,30,0,30,6.1000000000000005,7,0,0
2006,3,30,1,30,6.1000000000000005,7,0,0
2006,3,30,2,30,6.1000000000000005,4,0,0
2006,3,30,3,30,6.1000000000000005,4,0,0
2006,3,30,4,30,6,7,0,0
2006,3,30,5,30,6.300000000000001,7,0,0
2006,3,30,6,30,7,7,0,31
2006,3,30,7,30,8,4,82,250
2006,3,30,8,30,9.700000000000001,8,264,412
2006,3,30,9,30,12.5,0,848,724
2006,3,30,10,30,15.100000000000001,0,919,861
2006,3,30,11,30,16.8,0,941,928
2006,3,30,12,30,17.900000000000002,0,938,923
2006,3,30,13,30,18.3,7,517,718
2006,3,30,14,30,18.1,8,496,605
2006,3,30,15,30,17,8,581,480
2006,3,30,16,30,14.9,7,87,210
2006,3,30,17,30,12.4,7,8,62
2006,3,30,18,30,10.5,7,0,0
2006,3,30,19,30,9.600000000000001,7,0,0
2006,3,30,20,30,9.1,7,0,0
2006,3,30,21,30,8.8,7,0,0
2006,3,30,22,30,8.4,7,0,0
2006,3,30,23,30,8.1,7,0,0
2006,3,31,0,30,7.800000000000001,7,0,0
2006,3,31,1,30,7.4,7,0,0
2006,3,31,2,30,7,7,0,0
2006,3,31,3,30,6.800000000000001,6,0,0
2006,3,31,4,30,6.7,7,0,0
2006,3,31,5,30,6.9,7,0,0
2006,3,31,6,30,7.4,7,0,19
2006,3,31,7,30,7.9,7,0,18
2006,3,31,8,30,8.5,7,6,177
2006,3,31,9,30,9.4,7,2,194
2006,3,31,10,30,11,7,63,441
2006,3,31,11,30,13.100000000000001,7,458,742
2006,3,31,12,30,14.600000000000001,0,929,924
2006,3,31,13,30,15,0,928,855
2006,3,31,14,30,14.700000000000001,0,885,718
2006,3,31,15,30,13.600000000000001,0,815,531
2006,3,31,16,30,11.9,0,663,312
2006,3,31,17,30,10,0,338,95
2006,3,31,18,30,8.700000000000001,8,0,0
2006,3,31,19,30,7.9,1,0,0
2006,3,31,20,30,7.5,7,0,0
2006,3,31,21,30,7.2,7,0,0
2006,3,31,22,30,7.1000000000000005,7,0,0
2006,3,31,23,30,7.1000000000000005,7,0,0
2006,4,1,0,30,7.2,7,0,0
2006,4,1,1,30,7.300000000000001,7,0,0
2006,4,1,2,30,7.5,1,0,0
2006,4,1,3,30,7.7,8,0,0
2006,4,1,4,30,7.800000000000001,0,0,0
2006,4,1,5,30,8.1,1,0,0
2006,4,1,6,30,8.8,4,0,5
2006,4,1,7,30,9.600000000000001,4,0,62
2006,4,1,8,30,10.600000000000001,4,5,246
2006,4,1,9,30,12.100000000000001,0,850,736
2006,4,1,10,30,14,0,883,863
2006,4,1,11,30,15.600000000000001,0,901,927
2006,4,1,12,30,16.400000000000002,0,888,920
2006,4,1,13,30,16.6,0,869,846
2006,4,1,14,30,16.3,0,846,714
2006,4,1,15,30,15.3,0,787,530
2006,4,1,16,30,13.5,3,318,291
2006,4,1,17,30,11.200000000000001,7,35,82
2006,4,1,18,30,9.4,7,0,0
2006,4,1,19,30,8.700000000000001,7,0,0
2006,4,1,20,30,8.200000000000001,1,0,0
2006,4,1,21,30,7.5,0,0,0
2006,4,1,22,30,6.7,0,0,0
2006,4,1,23,30,5.800000000000001,0,0,0
2006,4,2,0,30,5.2,0,0,0
2006,4,2,1,30,4.9,0,0,0
2006,4,2,2,30,5,0,0,0
2006,4,2,3,30,4.9,0,0,0
2006,4,2,4,30,4.6000000000000005,0,0,0
2006,4,2,5,30,5.1000000000000005,0,0,0
2006,4,2,6,30,7.1000000000000005,7,75,108
2006,4,2,7,30,10.3,0,734,357
2006,4,2,8,30,13.4,1,853,574
2006,4,2,9,30,15.8,0,906,753
2006,4,2,10,30,17.8,8,746,836
2006,4,2,11,30,19.400000000000002,8,589,815
2006,4,2,12,30,20.5,8,608,827
2006,4,2,13,30,20.8,7,467,689
2006,4,2,14,30,20.400000000000002,7,487,592
2006,4,2,15,30,19.400000000000002,7,304,414
2006,4,2,16,30,17.3,7,37,184
2006,4,2,17,30,14.5,7,9,66
2006,4,2,18,30,12.9,7,0,0
2006,4,2,19,30,12.4,7,0,0
2006,4,2,20,30,12,7,0,0
2006,4,2,21,30,11.5,7,0,0
2006,4,2,22,30,11.100000000000001,7,0,0
2006,4,2,23,30,10.5,1,0,0
2006,4,3,0,30,9.9,4,0,0
2006,4,3,1,30,9.4,0,0,0
2006,4,3,2,30,9.200000000000001,0,0,0
2006,4,3,3,30,9,0,0,0
2006,4,3,4,30,8.9,0,0,0
2006,4,3,5,30,10,4,0,0
2006,4,3,6,30,12.3,7,18,84
2006,4,3,7,30,14.700000000000001,4,25,207
2006,4,3,8,30,16.400000000000002,8,374,433
2006,4,3,9,30,17,7,217,484
2006,4,3,10,30,16.900000000000002,7,59,424
2006,4,3,11,30,16.8,7,12,353
2006,4,3,12,30,16.5,7,35,424
2006,4,3,13,30,16,7,4,245
2006,4,3,14,30,15.4,7,26,308
2006,4,3,15,30,14.8,7,14,200
2006,4,3,16,30,14,7,7,112
2006,4,3,17,30,12.9,7,6,56
2006,4,3,18,30,12.100000000000001,7,0,0
2006,4,3,19,30,11.8,7,0,0
2006,4,3,20,30,11.600000000000001,7,0,0
2006,4,3,21,30,11.3,7,0,0
2006,4,3,22,30,11,7,0,0
2006,4,3,23,30,10.600000000000001,4,0,0
2006,4,4,0,30,10.3,3,0,0
2006,4,4,1,30,10,4,0,0
2006,4,4,2,30,9.9,4,0,0
2006,4,4,3,30,10.100000000000001,4,0,0
2006,4,4,4,30,10.3,0,0,0
2006,4,4,5,30,10.9,7,0,0
2006,4,4,6,30,12.100000000000001,7,1,39
2006,4,4,7,30,12.9,7,0,16
2006,4,4,8,30,13.5,7,125,342
2006,4,4,9,30,14,7,338,553
2006,4,4,10,30,14.5,7,227,582
2006,4,4,11,30,14.9,7,173,579
2006,4,4,12,30,15.5,7,0,73
2006,4,4,13,30,15.9,0,875,845
2006,4,4,14,30,15.700000000000001,4,0,40
2006,4,4,15,30,14.700000000000001,4,0,30
2006,4,4,16,30,13.200000000000001,4,8,164
2006,4,4,17,30,11.9,4,0,9
2006,4,4,18,30,10.700000000000001,4,0,0
2006,4,4,19,30,9.600000000000001,3,0,0
2006,4,4,20,30,8.5,4,0,0
2006,4,4,21,30,7.6000000000000005,8,0,0
2006,4,4,22,30,7,7,0,0
2006,4,4,23,30,6.4,7,0,0
2006,4,5,0,30,6.1000000000000005,7,0,0
2006,4,5,1,30,6.1000000000000005,8,0,0
2006,4,5,2,30,6.4,8,0,0
2006,4,5,3,30,6.9,8,0,0
2006,4,5,4,30,7.5,6,0,0
2006,4,5,5,30,7.9,0,0,0
2006,4,5,6,30,8.200000000000001,1,475,145
2006,4,5,7,30,8.4,7,0,7
2006,4,5,8,30,8.8,7,349,450
2006,4,5,9,30,9.600000000000001,6,0,66
2006,4,5,10,30,10.5,7,685,808
2006,4,5,11,30,11.3,6,290,701
2006,4,5,12,30,11.9,7,323,694
2006,4,5,13,30,12,8,384,676
2006,4,5,14,30,11.600000000000001,7,0,27
2006,4,5,15,30,10.9,8,567,515
2006,4,5,16,30,9.700000000000001,7,324,282
2006,4,5,17,30,8,4,0,4
2006,4,5,18,30,6.6000000000000005,0,0,0
2006,4,5,19,30,5.7,0,0,0
2006,4,5,20,30,5,0,0,0
2006,4,5,21,30,4.5,0,0,0
2006,4,5,22,30,4.2,0,0,0
2006,4,5,23,30,3.8000000000000003,0,0,0
2006,4,6,0,30,3.4000000000000004,0,0,0
2006,4,6,1,30,3,0,0,0
2006,4,6,2,30,2.8000000000000003,0,0,0
2006,4,6,3,30,2.7,0,0,0
2006,4,6,4,30,2.7,0,0,0
2006,4,6,5,30,3.9000000000000004,0,0,0
2006,4,6,6,30,6.300000000000001,0,520,155
2006,4,6,7,30,8.9,0,771,384
2006,4,6,8,30,11.700000000000001,0,883,602
2006,4,6,9,30,14.5,0,937,780
2006,4,6,10,30,16.8,0,964,906
2006,4,6,11,30,18.400000000000002,0,977,969
2006,4,6,12,30,19.400000000000002,0,977,962
2006,4,6,13,30,19.900000000000002,0,953,882
2006,4,6,14,30,19.6,0,912,741
2006,4,6,15,30,18.7,0,844,553
2006,4,6,16,30,16.400000000000002,0,724,334
2006,4,6,17,30,12.9,0,448,113
2006,4,6,18,30,10.100000000000001,0,0,0
2006,4,6,19,30,8.8,0,0,0
2006,4,6,20,30,8.1,0,0,0
2006,4,6,21,30,7.7,0,0,0
2006,4,6,22,30,7.4,4,0,0
2006,4,6,23,30,7,4,0,0
2006,4,7,0,30,7,0,0,0
2006,4,7,1,30,7.1000000000000005,7,0,0
2006,4,7,2,30,7.1000000000000005,4,0,0
2006,4,7,3,30,7,4,0,0
2006,4,7,4,30,6.9,0,0,0
2006,4,7,5,30,7.6000000000000005,1,0,0
2006,4,7,6,30,10,0,527,158
2006,4,7,7,30,13.4,0,759,385
2006,4,7,8,30,16.2,0,874,605
2006,4,7,9,30,18.3,0,933,786
2006,4,7,10,30,19.8,0,968,913
2006,4,7,11,30,20.6,0,979,975
2006,4,7,12,30,20.5,0,973,966
2006,4,7,13,30,19.8,0,958,891
2006,4,7,14,30,18.5,0,918,751
2006,4,7,15,30,16.900000000000002,0,857,565
2006,4,7,16,30,14.8,0,740,343
2006,4,7,17,30,11.700000000000001,0,482,120
2006,4,7,18,30,9,0,0,0
2006,4,7,19,30,7.6000000000000005,0,0,0
2006,4,7,20,30,6.7,0,0,0
2006,4,7,21,30,6.1000000000000005,0,0,0
2006,4,7,22,30,5.800000000000001,0,0,0
2006,4,7,23,30,5.5,0,0,0
2006,4,8,0,30,5.2,0,0,0
2006,4,8,1,30,5.1000000000000005,0,0,0
2006,4,8,2,30,5.2,0,0,0
2006,4,8,3,30,5.300000000000001,0,0,0
2006,4,8,4,30,5.300000000000001,0,0,0
2006,4,8,5,30,6.5,0,0,0
2006,4,8,6,30,8.9,0,493,159
2006,4,8,7,30,11.4,0,715,382
2006,4,8,8,30,13.600000000000001,0,836,598
2006,4,8,9,30,15.700000000000001,0,912,782
2006,4,8,10,30,17.6,0,946,906
2006,4,8,11,30,19,0,961,968
2006,4,8,12,30,20,0,960,961
2006,4,8,13,30,20.400000000000002,0,944,884
2006,4,8,14,30,20.200000000000003,0,907,746
2006,4,8,15,30,19.200000000000003,0,840,558
2006,4,8,16,30,17.1,0,718,338
2006,4,8,17,30,13.600000000000001,0,454,117
2006,4,8,18,30,10.700000000000001,0,0,0
2006,4,8,19,30,9.3,0,0,0
2006,4,8,20,30,8.5,0,0,0
2006,4,8,21,30,8,0,0,0
2006,4,8,22,30,7.4,0,0,0
2006,4,8,23,30,6.9,0,0,0
2006,4,9,0,30,6.5,0,0,0
2006,4,9,1,30,6.1000000000000005,0,0,0
2006,4,9,2,30,5.7,0,0,0
2006,4,9,3,30,5.4,0,0,0
2006,4,9,4,30,5.2,0,0,0
2006,4,9,5,30,6.300000000000001,0,0,0
2006,4,9,6,30,8.700000000000001,0,519,167
2006,4,9,7,30,11.5,0,758,396
2006,4,9,8,30,14.100000000000001,0,866,613
2006,4,9,9,30,16.400000000000002,0,926,794
2006,4,9,10,30,18.1,0,955,917
2006,4,9,11,30,19,0,969,979
2006,4,9,12,30,19.200000000000003,0,955,963
2006,4,9,13,30,18.8,0,927,882
2006,4,9,14,30,17.6,8,616,677
2006,4,9,15,30,16,8,69,298
2006,4,9,16,30,14,3,103,255
2006,4,9,17,30,11.5,0,403,117
2006,4,9,18,30,9.5,0,0,0
2006,4,9,19,30,8.700000000000001,0,0,0
2006,4,9,20,30,8.5,0,0,0
2006,4,9,21,30,8.3,0,0,0
2006,4,9,22,30,7.800000000000001,0,0,0
2006,4,9,23,30,7.300000000000001,0,0,0
2006,4,10,0,30,6.9,0,0,0
2006,4,10,1,30,6.5,0,0,0
2006,4,10,2,30,6.300000000000001,0,0,0
2006,4,10,3,30,6.1000000000000005,0,0,0
2006,4,10,4,30,6,0,0,0
2006,4,10,5,30,6.300000000000001,0,0,0
2006,4,10,6,30,7.7,0,501,168
2006,4,10,7,30,9.9,7,312,320
2006,4,10,8,30,12,8,650,559
2006,4,10,9,30,13.4,0,863,772
2006,4,10,10,30,14.200000000000001,7,496,729
2006,4,10,11,30,14.8,7,153,613
2006,4,10,12,30,15.100000000000001,7,344,724
2006,4,10,13,30,15.100000000000001,0,886,869
2006,4,10,14,30,14.700000000000001,8,420,604
2006,4,10,15,30,13.700000000000001,7,110,331
2006,4,10,16,30,12.200000000000001,0,660,333
2006,4,10,17,30,10.600000000000001,4,1,55
2006,4,10,18,30,9.600000000000001,0,0,0
2006,4,10,19,30,9.1,0,0,0
2006,4,10,20,30,8.8,0,0,0
2006,4,10,21,30,8.700000000000001,7,0,0
2006,4,10,22,30,8.6,0,0,0
2006,4,10,23,30,8.4,0,0,0
2006,4,11,0,30,8,0,0,0
2006,4,11,1,30,7.9,7,0,0
2006,4,11,2,30,7.9,4,0,0
2006,4,11,3,30,7.9,4,0,0
2006,4,11,4,30,8,7,0,0
2006,4,11,5,30,8.6,7,0,0
2006,4,11,6,30,9.5,8,8,88
2006,4,11,7,30,10.9,8,423,355
2006,4,11,8,30,13.200000000000001,8,312,460
2006,4,11,9,30,15.4,4,62,444
2006,4,11,10,30,17.1,8,260,631
2006,4,11,11,30,18.3,7,22,404
2006,4,11,12,30,18.8,7,1,165
2006,4,11,13,30,18.7,7,1,135
2006,4,11,14,30,18.1,7,0,80
2006,4,11,15,30,16.900000000000002,7,13,192
2006,4,11,16,30,15.3,7,79,231
2006,4,11,17,30,13.3,7,58,102
2006,4,11,18,30,11.8,7,0,0
2006,4,11,19,30,11.100000000000001,1,0,0
2006,4,11,20,30,10.4,0,0,0
2006,4,11,21,30,9.9,0,0,0
2006,4,11,22,30,9.4,0,0,0
2006,4,11,23,30,9,0,0,0
2006,4,12,0,30,8.6,0,0,0
2006,4,12,1,30,8.3,0,0,0
2006,4,12,2,30,7.9,0,0,0
2006,4,12,3,30,7.5,0,0,0
2006,4,12,4,30,7.300000000000001,0,0,0
2006,4,12,5,30,8.6,0,0,0
2006,4,12,6,30,11.5,0,580,181
2006,4,12,7,30,14.8,0,784,408
2006,4,12,8,30,17.5,0,887,626
2006,4,12,9,30,19.5,0,939,804
2006,4,12,10,30,21.1,0,969,928
2006,4,12,11,30,22.1,0,986,993
2006,4,12,12,30,22.400000000000002,0,986,985
2006,4,12,13,30,22.200000000000003,0,968,905
2006,4,12,14,30,21.400000000000002,0,940,766
2006,4,12,15,30,20.1,0,883,578
2006,4,12,16,30,18,0,782,359
2006,4,12,17,30,14.5,0,542,134
2006,4,12,18,30,11.4,0,0,0
2006,4,12,19,30,10.100000000000001,0,0,0
2006,4,12,20,30,9.600000000000001,0,0,0
2006,4,12,21,30,9.3,0,0,0
2006,4,12,22,30,9,0,0,0
2006,4,12,23,30,8.8,0,0,0
2006,4,13,0,30,8.700000000000001,0,0,0
2006,4,13,1,30,8.9,0,0,0
2006,4,13,2,30,9.1,0,0,0
2006,4,13,3,30,9.200000000000001,0,0,0
2006,4,13,4,30,9.3,0,0,0
2006,4,13,5,30,10.600000000000001,0,96,12
2006,4,13,6,30,13.9,0,593,189
2006,4,13,7,30,18,0,812,419
2006,4,13,8,30,22.3,0,898,631
2006,4,13,9,30,25.700000000000003,0,942,804
2006,4,13,10,30,27.5,0,970,927
2006,4,13,11,30,28.5,0,979,984
2006,4,13,12,30,29.1,0,979,976
2006,4,13,13,30,29,0,969,901
2006,4,13,14,30,28.3,0,927,759
2006,4,13,15,30,27,0,860,571
2006,4,13,16,30,24.400000000000002,0,747,353
2006,4,13,17,30,20.200000000000003,0,515,133
2006,4,13,18,30,17.1,0,0,0
2006,4,13,19,30,15.8,0,0,0
2006,4,13,20,30,14.8,0,0,0
2006,4,13,21,30,13.8,0,0,0
2006,4,13,22,30,13.200000000000001,0,0,0
2006,4,13,23,30,12.8,8,0,0
2006,4,14,0,30,12.4,4,0,0
2006,4,14,1,30,12.100000000000001,4,0,0
2006,4,14,2,30,12,7,0,0
2006,4,14,3,30,11.5,7,0,0
2006,4,14,4,30,10.9,7,0,0
2006,4,14,5,30,11.4,7,0,7
2006,4,14,6,30,12.8,7,86,153
2006,4,14,7,30,14.3,7,168,310
2006,4,14,8,30,15.9,7,423,505
2006,4,14,9,30,17.1,7,554,672
2006,4,14,10,30,16.7,8,11,315
2006,4,14,11,30,15.5,6,26,445
2006,4,14,12,30,14.3,6,61,517
2006,4,14,13,30,13.600000000000001,8,244,608
2006,4,14,14,30,13.4,7,253,528
2006,4,14,15,30,13,7,602,518
2006,4,14,16,30,12.100000000000001,0,759,353
2006,4,14,17,30,10.700000000000001,0,517,134
2006,4,14,18,30,9.5,0,0,0
2006,4,14,19,30,9,0,0,0
2006,4,14,20,30,8.8,0,0,0
2006,4,14,21,30,8.9,1,0,0
2006,4,14,22,30,8.9,1,0,0
2006,4,14,23,30,9,4,0,0
2006,4,15,0,30,9.1,0,0,0
2006,4,15,1,30,9.1,0,0,0
2006,4,15,2,30,9.1,0,0,0
2006,4,15,3,30,9,0,0,0
2006,4,15,4,30,8.9,0,0,0
2006,4,15,5,30,9.1,0,20,12
2006,4,15,6,30,9.700000000000001,0,422,179
2006,4,15,7,30,10.600000000000001,0,623,396
2006,4,15,8,30,12,0,736,605
2006,4,15,9,30,14.200000000000001,0,828,785
2006,4,15,10,30,16.6,0,877,908
2006,4,15,11,30,18.1,0,903,969
2006,4,15,12,30,18.900000000000002,0,912,961
2006,4,15,13,30,19.1,0,911,888
2006,4,15,14,30,18.8,0,881,753
2006,4,15,15,30,17.900000000000002,0,810,565
2006,4,15,16,30,16.400000000000002,0,680,346
2006,4,15,17,30,14,0,411,128
2006,4,15,18,30,11.700000000000001,0,0,0
2006,4,15,19,30,10.4,0,0,0
2006,4,15,20,30,9.600000000000001,0,0,0
2006,4,15,21,30,9,0,0,0
2006,4,15,22,30,8.700000000000001,0,0,0
2006,4,15,23,30,8.8,0,0,0
2006,4,16,0,30,8.8,0,0,0
2006,4,16,1,30,8.8,0,0,0
2006,4,16,2,30,8.700000000000001,0,0,0
2006,4,16,3,30,8.6,0,0,0
2006,4,16,4,30,8.5,0,0,0
2006,4,16,5,30,8.6,0,32,14
2006,4,16,6,30,9.200000000000001,0,461,188
2006,4,16,7,30,10.8,0,676,411
2006,4,16,8,30,13.100000000000001,0,803,623
2006,4,16,9,30,15.5,0,889,804
2006,4,16,10,30,17.400000000000002,0,927,925
2006,4,16,11,30,18.6,0,944,985
2006,4,16,12,30,19.1,0,937,974
2006,4,16,13,30,18.900000000000002,0,906,891
2006,4,16,14,30,18.3,0,869,754
2006,4,16,15,30,17.2,0,790,565
2006,4,16,16,30,15.600000000000001,3,4,164
2006,4,16,17,30,13.3,3,28,106
2006,4,16,18,30,11.3,0,0,0
2006,4,16,19,30,10.200000000000001,0,0,0
2006,4,16,20,30,9.4,0,0,0
2006,4,16,21,30,8.8,0,0,0
2006,4,16,22,30,8.4,0,0,0
2006,4,16,23,30,8.1,0,0,0
2006,4,17,0,30,7.800000000000001,0,0,0
2006,4,17,1,30,7.6000000000000005,0,0,0
2006,4,17,2,30,7,0,0,0
2006,4,17,3,30,6.4,0,0,0
2006,4,17,4,30,5.800000000000001,0,0,0
2006,4,17,5,30,5.9,0,33,16
2006,4,17,6,30,7,0,453,191
2006,4,17,7,30,8.8,0,692,419
2006,4,17,8,30,10.9,0,806,634
2006,4,17,9,30,13,0,873,812
2006,4,17,10,30,15.100000000000001,0,940,941
2006,4,17,11,30,16.8,0,950,999
2006,4,17,12,30,18,0,952,990
2006,4,17,13,30,18.400000000000002,0,934,909
2006,4,17,14,30,18.1,0,906,772
2006,4,17,15,30,17.1,0,826,578
2006,4,17,16,30,15.3,0,718,360
2006,4,17,17,30,12.3,0,475,139
2006,4,17,18,30,9.600000000000001,0,0,0
2006,4,17,19,30,8.200000000000001,0,0,0
2006,4,17,20,30,7.2,0,0,0
2006,4,17,21,30,6.4,0,0,0
2006,4,17,22,30,5.9,0,0,0
2006,4,17,23,30,5.6000000000000005,0,0,0
2006,4,18,0,30,5.6000000000000005,0,0,0
2006,4,18,1,30,5.7,0,0,0
2006,4,18,2,30,5.9,0,0,0
2006,4,18,3,30,6,0,0,0
2006,4,18,4,30,6.1000000000000005,0,0,0
2006,4,18,5,30,7.4,0,93,21
2006,4,18,6,30,10.200000000000001,0,561,205
2006,4,18,7,30,13,0,752,432
2006,4,18,8,30,15.5,0,848,646
2006,4,18,9,30,17.5,0,900,822
2006,4,18,10,30,19.200000000000003,0,959,952
2006,4,18,11,30,20.5,0,970,1010
2006,4,18,12,30,21.400000000000002,0,967,999
2006,4,18,13,30,21.8,0,952,921
2006,4,18,14,30,21.8,0,907,779
2006,4,18,15,30,21,0,828,586
2006,4,18,16,30,19.1,0,699,364
2006,4,18,17,30,16,7,184,133
2006,4,18,18,30,13.200000000000001,3,0,0
2006,4,18,19,30,11.600000000000001,1,0,0
2006,4,18,20,30,10.5,0,0,0
2006,4,18,21,30,9.9,0,0,0
2006,4,18,22,30,9.5,7,0,0
2006,4,18,23,30,9,0,0,0
2006,4,19,0,30,8.4,0,0,0
2006,4,19,1,30,7.6000000000000005,1,0,0
2006,4,19,2,30,7,0,0,0
2006,4,19,3,30,6.6000000000000005,8,0,0
2006,4,19,4,30,6.4,7,0,0
2006,4,19,5,30,8.700000000000001,0,98,22
2006,4,19,6,30,13,0,567,209
2006,4,19,7,30,16.2,0,763,437
2006,4,19,8,30,18.5,0,863,651
2006,4,19,9,30,20.400000000000002,0,917,828
2006,4,19,10,30,21.900000000000002,0,955,953
2006,4,19,11,30,23.200000000000003,0,971,1012
2006,4,19,12,30,24.1,0,971,1002
2006,4,19,13,30,24.5,0,958,925
2006,4,19,14,30,24.400000000000002,0,930,789
2006,4,19,15,30,23.8,0,869,599
2006,4,19,16,30,22,0,756,376
2006,4,19,17,30,19.400000000000002,0,513,148
2006,4,19,18,30,17.6,0,0,0
2006,4,19,19,30,16.7,0,0,0
2006,4,19,20,30,15.700000000000001,0,0,0
2006,4,19,21,30,14.5,0,0,0
2006,4,19,22,30,13.3,0,0,0
2006,4,19,23,30,12.200000000000001,0,0,0
2006,4,20,0,30,11.3,0,0,0
2006,4,20,1,30,10.5,0,0,0
2006,4,20,2,30,10,0,0,0
2006,4,20,3,30,9.600000000000001,0,0,0
2006,4,20,4,30,9.3,0,0,0
2006,4,20,5,30,10.700000000000001,0,121,25
2006,4,20,6,30,14.100000000000001,0,577,214
2006,4,20,7,30,18,0,769,442
2006,4,20,8,30,21.8,0,862,656
2006,4,20,9,30,24.3,0,904,827
2006,4,20,10,30,25.700000000000003,2,719,936
2006,4,20,11,30,26.700000000000003,3,395,872
2006,4,20,12,30,27.3,1,942,995
2006,4,20,13,30,27.3,0,926,917
2006,4,20,14,30,26.5,1,881,774
2006,4,20,15,30,25.1,3,537,583
2006,4,20,16,30,22.8,8,294,298
2006,4,20,17,30,18.900000000000002,3,36,113
2006,4,20,18,30,15.8,7,0,0
2006,4,20,19,30,14.3,0,0,0
2006,4,20,20,30,13.4,3,0,0
2006,4,20,21,30,13,7,0,0
2006,4,20,22,30,13,7,0,0
2006,4,20,23,30,12.8,7,0,0
2006,4,21,0,30,12.3,6,0,0
2006,4,21,1,30,11.700000000000001,7,0,0
2006,4,21,2,30,11.600000000000001,7,0,0
2006,4,21,3,30,11.700000000000001,6,0,0
2006,4,21,4,30,11.700000000000001,7,0,0
2006,4,21,5,30,12.5,7,0,19
2006,4,21,6,30,15.100000000000001,8,0,25
2006,4,21,7,30,18.400000000000002,8,261,344
2006,4,21,8,30,21.200000000000003,2,821,638
2006,4,21,9,30,22.700000000000003,0,874,811
2006,4,21,10,30,23.3,0,931,939
2006,4,21,11,30,23.3,0,940,996
2006,4,21,12,30,22.700000000000003,0,935,984
2006,4,21,13,30,21.900000000000002,0,923,908
2006,4,21,14,30,20.8,0,894,773
2006,4,21,15,30,19.3,0,834,586
2006,4,21,16,30,17.2,0,731,371
2006,4,21,17,30,14.4,0,504,150
2006,4,21,18,30,11.8,0,0,0
2006,4,21,19,30,10.4,0,0,0
2006,4,21,20,30,9.600000000000001,0,0,0
2006,4,21,21,30,9.1,0,0,0
2006,4,21,22,30,8.700000000000001,0,0,0
2006,4,21,23,30,8.4,0,0,0
2006,4,22,0,30,8.1,0,0,0
2006,4,22,1,30,8.1,0,0,0
2006,4,22,2,30,8.1,0,0,0
2006,4,22,3,30,8.1,0,0,0
2006,4,22,4,30,8.1,0,0,0
2006,4,22,5,30,8.6,0,50,25
2006,4,22,6,30,9.8,0,414,205
2006,4,22,7,30,11.600000000000001,0,666,430
2006,4,22,8,30,13.700000000000001,0,780,641
2006,4,22,9,30,15.5,0,845,812
2006,4,22,10,30,16.6,0,860,925
2006,4,22,11,30,17.1,0,879,983
2006,4,22,12,30,17.1,0,888,973
2006,4,22,13,30,16.6,0,866,895
2006,4,22,14,30,15.700000000000001,0,828,759
2006,4,22,15,30,14.600000000000001,0,766,575
2006,4,22,16,30,13.100000000000001,0,642,361
2006,4,22,17,30,11.3,0,401,143
2006,4,22,18,30,9.8,0,0,0
2006,4,22,19,30,8.700000000000001,0,0,0
2006,4,22,20,30,8,0,0,0
2006,4,22,21,30,7.5,0,0,0
2006,4,22,22,30,7.2,0,0,0
2006,4,22,23,30,7,0,0,0
2006,4,23,0,30,6.9,0,0,0
2006,4,23,1,30,6.800000000000001,0,0,0
2006,4,23,2,30,6.6000000000000005,4,0,0
2006,4,23,3,30,6.5,4,0,0
2006,4,23,4,30,6.4,4,0,0
2006,4,23,5,30,6.800000000000001,4,0,12
2006,4,23,6,30,7.9,0,492,214
2006,4,23,7,30,9.9,8,200,322
2006,4,23,8,30,12,0,817,645
2006,4,23,9,30,13.9,0,879,817
2006,4,23,10,30,15.4,0,859,923
2006,4,23,11,30,16.5,0,874,980
2006,4,23,12,30,17.2,0,877,970
2006,4,23,13,30,17.3,0,866,894
2006,4,23,14,30,16.8,0,828,755
2006,4,23,15,30,15.700000000000001,0,762,573
2006,4,23,16,30,14.200000000000001,0,626,358
2006,4,23,17,30,12.5,0,376,143
2006,4,23,18,30,11,0,0,0
2006,4,23,19,30,10.100000000000001,0,0,0
2006,4,23,20,30,9.4,0,0,0
2006,4,23,21,30,8.8,0,0,0
2006,4,23,22,30,8.4,0,0,0
2006,4,23,23,30,8.200000000000001,0,0,0
2006,4,24,0,30,8.200000000000001,0,0,0
2006,4,24,1,30,8.3,0,0,0
2006,4,24,2,30,8.3,0,0,0
2006,4,24,3,30,8.1,0,0,0
2006,4,24,4,30,8.1,0,0,0
2006,4,24,5,30,8.700000000000001,0,109,32
2006,4,24,6,30,10.100000000000001,0,526,222
2006,4,24,7,30,12.200000000000001,0,740,448
2006,4,24,8,30,14.700000000000001,0,838,657
2006,4,24,9,30,17.1,0,894,830
2006,4,24,10,30,19.1,0,925,949
2006,4,24,11,30,20.6,0,935,1002
2006,4,24,12,30,21.5,0,934,991
2006,4,24,13,30,21.900000000000002,0,919,914
2006,4,24,14,30,21.6,0,885,776
2006,4,24,15,30,20.8,0,819,588
2006,4,24,16,30,19.200000000000003,0,710,373
2006,4,24,17,30,16.2,0,478,153
2006,4,24,18,30,13.3,0,0,0
2006,4,24,19,30,11.9,0,0,0
2006,4,24,20,30,11.3,0,0,0
2006,4,24,21,30,10.9,0,0,0
2006,4,24,22,30,10.600000000000001,0,0,0
2006,4,24,23,30,10.200000000000001,0,0,0
2006,4,25,0,30,9.9,0,0,0
2006,4,25,1,30,9.4,0,0,0
2006,4,25,2,30,9,4,0,0
2006,4,25,3,30,8.6,0,0,0
2006,4,25,4,30,8.8,0,0,0
2006,4,25,5,30,9.700000000000001,0,96,34
2006,4,25,6,30,11.5,0,462,218
2006,4,25,7,30,14.100000000000001,0,646,436
2006,4,25,8,30,17,0,761,645
2006,4,25,9,30,19.200000000000003,0,829,818
2006,4,25,10,30,20.6,0,837,930
2006,4,25,11,30,21.3,0,852,986
2006,4,25,12,30,21.5,1,842,971
2006,4,25,13,30,21.1,0,793,888
2006,4,25,14,30,20.200000000000003,8,438,669
2006,4,25,15,30,18.7,7,210,420
2006,4,25,16,30,16.8,8,186,298
2006,4,25,17,30,14.600000000000001,8,53,127
2006,4,25,18,30,12.9,7,0,0
2006,4,25,19,30,11.9,4,0,0
2006,4,25,20,30,11.3,7,0,0
2006,4,25,21,30,10.700000000000001,7,0,0
2006,4,25,22,30,10.3,7,0,0
2006,4,25,23,30,9.8,7,0,0
2006,4,26,0,30,9.4,7,0,0
2006,4,26,1,30,9.1,0,0,0
2006,4,26,2,30,8.700000000000001,0,0,0
2006,4,26,3,30,8.6,0,0,0
2006,4,26,4,30,8.5,0,0,0
2006,4,26,5,30,9,0,89,34
2006,4,26,6,30,10.3,1,465,221
2006,4,26,7,30,12.5,3,25,260
2006,4,26,8,30,14.9,0,796,654
2006,4,26,9,30,16.8,2,358,717
2006,4,26,10,30,18.2,3,87,565
2006,4,26,11,30,19,4,0,138
2006,4,26,12,30,19.400000000000002,4,68,559
2006,4,26,13,30,19.400000000000002,3,192,682
2006,4,26,14,30,18.8,2,230,613
2006,4,26,15,30,17.8,4,19,297
2006,4,26,16,30,16.5,0,581,358
2006,4,26,17,30,14.600000000000001,0,320,144
2006,4,26,18,30,12.9,8,0,0
2006,4,26,19,30,11.700000000000001,7,0,0
2006,4,26,20,30,10.9,7,0,0
2006,4,26,21,30,10.100000000000001,7,0,0
2006,4,26,22,30,9.5,7,0,0
2006,4,26,23,30,9,0,0,0
2006,4,27,0,30,8.8,0,0,0
2006,4,27,1,30,8.8,7,0,0
2006,4,27,2,30,8.9,7,0,0
2006,4,27,3,30,8.9,7,0,0
2006,4,27,4,30,9.1,8,0,0
2006,4,27,5,30,9.9,7,0,15
2006,4,27,6,30,11.3,7,3,93
2006,4,27,7,30,13.100000000000001,6,2,124
2006,4,27,8,30,15.8,6,4,220
2006,4,27,9,30,18.900000000000002,6,32,396
2006,4,27,10,30,21.6,7,321,736
2006,4,27,11,30,23.3,7,348,801
2006,4,27,12,30,23.900000000000002,8,470,845
2006,4,27,13,30,23.8,8,56,463
2006,4,27,14,30,23.400000000000002,7,22,339
2006,4,27,15,30,22.6,8,0,82
2006,4,27,16,30,21,7,19,177
2006,4,27,17,30,18.1,7,292,129
2006,4,27,18,30,15.5,7,0,0
2006,4,27,19,30,14.200000000000001,0,0,0
2006,4,27,20,30,13.4,0,0,0
2006,4,27,21,30,12.600000000000001,0,0,0
2006,4,27,22,30,12,0,0,0
2006,4,27,23,30,11.8,0,0,0
2006,4,28,0,30,11.600000000000001,0,0,0
2006,4,28,1,30,11.200000000000001,0,0,0
2006,4,28,2,30,10.8,0,0,0
2006,4,28,3,30,10.5,0,0,0
2006,4,28,4,30,10.5,0,0,0
2006,4,28,5,30,11.8,0,142,42
2006,4,28,6,30,14.3,0,542,233
2006,4,28,7,30,17.5,0,724,453
2006,4,28,8,30,21,0,827,660
2006,4,28,9,30,24.400000000000002,0,887,830
2006,4,28,10,30,27.1,0,933,951
2006,4,28,11,30,28.700000000000003,0,946,1006
2006,4,28,12,30,29.3,0,943,994
2006,4,28,13,30,29,0,923,913
2006,4,28,14,30,28,0,884,774
2006,4,28,15,30,26.400000000000002,0,815,589
2006,4,28,16,30,24.1,0,685,372
2006,4,28,17,30,21,0,452,156
2006,4,28,18,30,18.2,0,0,0
2006,4,28,19,30,16.7,0,0,0
2006,4,28,20,30,15.600000000000001,0,0,0
2006,4,28,21,30,14.600000000000001,0,0,0
2006,4,28,22,30,13.9,0,0,0
2006,4,28,23,30,13.5,0,0,0
2006,4,29,0,30,13.3,0,0,0
2006,4,29,1,30,13,0,0,0
2006,4,29,2,30,12.700000000000001,0,0,0
2006,4,29,3,30,12.5,0,0,0
2006,4,29,4,30,12.4,0,0,0
2006,4,29,5,30,13.3,0,106,41
2006,4,29,6,30,15.4,0,470,228
2006,4,29,7,30,18.1,0,639,442
2006,4,29,8,30,20.700000000000003,0,752,646
2006,4,29,9,30,23,0,821,814
2006,4,29,10,30,24.900000000000002,0,908,942
2006,4,29,11,30,26.5,0,915,993
2006,4,29,12,30,27.700000000000003,0,910,980
2006,4,29,13,30,28.6,1,913,908
2006,4,29,14,30,28.8,0,877,772
2006,4,29,15,30,28.1,0,815,589
2006,4,29,16,30,26.400000000000002,0,711,378
2006,4,29,17,30,23,0,495,162
2006,4,29,18,30,19.5,0,0,0
2006,4,29,19,30,17.7,0,0,0
2006,4,29,20,30,16.7,0,0,0
2006,4,29,21,30,16,0,0,0
2006,4,29,22,30,15.3,0,0,0
2006,4,29,23,30,14.700000000000001,0,0,0
2006,4,30,0,30,14.100000000000001,0,0,0
2006,4,30,1,30,13.5,0,0,0
2006,4,30,2,30,12.9,0,0,0
2006,4,30,3,30,12.3,0,0,0
2006,4,30,4,30,12.200000000000001,0,0,0
2006,4,30,5,30,13.600000000000001,0,180,47
2006,4,30,6,30,16.400000000000002,0,572,242
2006,4,30,7,30,19.8,0,751,464
2006,4,30,8,30,23.400000000000002,0,844,671
2006,4,30,9,30,26.8,0,894,837
2006,4,30,10,30,29.400000000000002,0,929,956
2006,4,30,11,30,30.8,0,942,1010
2006,4,30,12,30,31.400000000000002,0,935,995
2006,4,30,13,30,31.5,0,905,912
2006,4,30,14,30,31.1,0,869,776
2006,4,30,15,30,30,0,797,590
2006,4,30,16,30,28.1,0,670,375
2006,4,30,17,30,24.400000000000002,0,427,158
2006,4,30,18,30,20.8,0,0,0
2006,4,30,19,30,19,0,0,0
2006,4,30,20,30,17.900000000000002,0,0,0
2006,4,30,21,30,17,0,0,0
2006,4,30,22,30,16.2,0,0,0
2006,4,30,23,30,15.5,0,0,0
2006,5,1,0,30,14.9,0,0,0
2006,5,1,1,30,14.600000000000001,0,0,0
2006,5,1,2,30,14.4,0,0,0
2006,5,1,3,30,14.100000000000001,0,0,0
2006,5,1,4,30,14,0,0,0
2006,5,1,5,30,15.3,0,138,46
2006,5,1,6,30,18.1,0,513,238
2006,5,1,7,30,22.1,8,454,426
2006,5,1,8,30,26.1,3,237,540
2006,5,1,9,30,29,2,617,824
2006,5,1,10,30,30.900000000000002,8,673,876
2006,5,1,11,30,31.900000000000002,1,875,994
2006,5,1,12,30,32.2,0,874,982
2006,5,1,13,30,31.900000000000002,0,834,899
2006,5,1,14,30,31,8,574,709
2006,5,1,15,30,29.700000000000003,8,498,544
2006,5,1,16,30,27.8,8,235,307
2006,5,1,17,30,24.700000000000003,3,3,100
2006,5,1,18,30,21.700000000000003,1,0,0
2006,5,1,19,30,19.900000000000002,7,0,0
2006,5,1,20,30,18.6,0,0,0
2006,5,1,21,30,17.5,0,0,0
2006,5,1,22,30,16.6,0,0,0
2006,5,1,23,30,15.8,0,0,0
2006,5,2,0,30,14.9,0,0,0
2006,5,2,1,30,14.100000000000001,0,0,0
2006,5,2,2,30,13.4,0,0,0
2006,5,2,3,30,12.8,0,0,0
2006,5,2,4,30,12.700000000000001,0,0,0
2006,5,2,5,30,14.200000000000001,0,191,51
2006,5,2,6,30,17.2,0,583,250
2006,5,2,7,30,20.8,0,766,476
2006,5,2,8,30,24.200000000000003,0,860,686
2006,5,2,9,30,27,0,912,855
2006,5,2,10,30,28.8,0,938,969
2006,5,2,11,30,29.8,0,948,1023
2006,5,2,12,30,30.1,0,940,1007
2006,5,2,13,30,29.700000000000003,0,917,925
2006,5,2,14,30,28.8,0,877,785
2006,5,2,15,30,27.200000000000003,0,812,600
2006,5,2,16,30,25,0,698,384
2006,5,2,17,30,21.8,0,483,168
2006,5,2,18,30,18.6,0,0,0
2006,5,2,19,30,16.5,0,0,0
2006,5,2,20,30,15.3,0,0,0
2006,5,2,21,30,14.3,0,0,0
2006,5,2,22,30,13.4,0,0,0
2006,5,2,23,30,12.8,0,0,0
2006,5,3,0,30,12.4,0,0,0
2006,5,3,1,30,12.3,0,0,0
2006,5,3,2,30,12.200000000000001,0,0,0
2006,5,3,3,30,12.200000000000001,0,0,0
2006,5,3,4,30,12.200000000000001,0,0,0
2006,5,3,5,30,13.100000000000001,0,183,53
2006,5,3,6,30,15.3,1,538,246
2006,5,3,7,30,18.1,7,429,418
2006,5,3,8,30,20.900000000000002,7,513,609
2006,5,3,9,30,23.200000000000003,0,866,840
2006,5,3,10,30,24.900000000000002,0,908,958
2006,5,3,11,30,25.8,0,914,1009
2006,5,3,12,30,26,0,908,995
2006,5,3,13,30,25.6,0,898,920
2006,5,3,14,30,24.6,0,853,779
2006,5,3,15,30,23.1,0,786,596
2006,5,3,16,30,21.1,8,487,378
2006,5,3,17,30,18.6,8,2,55
2006,5,3,18,30,16.400000000000002,7,0,6
2006,5,3,19,30,14.9,7,0,0
2006,5,3,20,30,13.9,7,0,0
2006,5,3,21,30,13.3,0,0,0
2006,5,3,22,30,12.8,0,0,0
2006,5,3,23,30,12.4,0,0,0
2006,5,4,0,30,12,0,0,0
2006,5,4,1,30,11.8,0,0,0
2006,5,4,2,30,11.5,0,0,0
2006,5,4,3,30,11.3,0,0,0
2006,5,4,4,30,11.200000000000001,0,0,0
2006,5,4,5,30,11.700000000000001,0,163,55
2006,5,4,6,30,12.9,0,510,250
2006,5,4,7,30,14.4,0,667,467
2006,5,4,8,30,16.1,0,765,671
2006,5,4,9,30,18.1,0,837,842
2006,5,4,10,30,20,0,887,959
2006,5,4,11,30,21.3,0,902,1014
2006,5,4,12,30,21.900000000000002,0,896,998
2006,5,4,13,30,21.900000000000002,0,876,918
2006,5,4,14,30,21.200000000000003,0,815,773
2006,5,4,15,30,20.1,0,715,583
2006,5,4,16,30,18.5,0,533,366
2006,5,4,17,30,16.6,0,280,155
2006,5,4,18,30,14.8,0,6,8
2006,5,4,19,30,13.5,3,0,0
2006,5,4,20,30,12.700000000000001,0,0,0
2006,5,4,21,30,12,0,0,0
2006,5,4,22,30,11.600000000000001,0,0,0
2006,5,4,23,30,11.3,0,0,0
2006,5,5,0,30,11.100000000000001,0,0,0
2006,5,5,1,30,10.9,0,0,0
2006,5,5,2,30,10.8,0,0,0
2006,5,5,3,30,10.600000000000001,0,0,0
2006,5,5,4,30,10.600000000000001,0,0,0
2006,5,5,5,30,11.5,0,92,51
2006,5,5,6,30,13.5,0,437,245
2006,5,5,7,30,16,0,650,466
2006,5,5,8,30,18.6,0,778,675
2006,5,5,9,30,21.200000000000003,0,855,846
2006,5,5,10,30,23.3,0,923,970
2006,5,5,11,30,24.900000000000002,0,933,1021
2006,5,5,12,30,25.8,0,929,1008
2006,5,5,13,30,26.1,0,917,929
2006,5,5,14,30,25.8,0,882,793
2006,5,5,15,30,25,0,818,607
2006,5,5,16,30,23.400000000000002,0,684,391
2006,5,5,17,30,20.5,0,481,175
2006,5,5,18,30,17.400000000000002,0,48,13
2006,5,5,19,30,15.5,0,0,0
2006,5,5,20,30,14.5,0,0,0
2006,5,5,21,30,13.600000000000001,0,0,0
2006,5,5,22,30,13,0,0,0
2006,5,5,23,30,12.4,0,0,0
2006,5,6,0,30,11.9,0,0,0
2006,5,6,1,30,11.600000000000001,0,0,0
2006,5,6,2,30,11.4,0,0,0
2006,5,6,3,30,11.4,0,0,0
2006,5,6,4,30,11.5,0,0,0
2006,5,6,5,30,12.3,0,139,57
2006,5,6,6,30,14.4,0,467,250
2006,5,6,7,30,16.900000000000002,0,650,468
2006,5,6,8,30,19.400000000000002,0,759,671
2006,5,6,9,30,21.900000000000002,0,833,839
2006,5,6,10,30,24.1,0,892,961
2006,5,6,11,30,25.5,0,901,1011
2006,5,6,12,30,26.200000000000003,0,896,998
2006,5,6,13,30,26.3,0,886,920
2006,5,6,14,30,25.700000000000003,0,844,783
2006,5,6,15,30,24.400000000000002,0,776,599
2006,5,6,16,30,22.6,0,647,386
2006,5,6,17,30,19.8,0,431,172
2006,5,6,18,30,16.900000000000002,0,28,12
2006,5,6,19,30,15,0,0,0
2006,5,6,20,30,13.8,0,0,0
2006,5,6,21,30,12.9,0,0,0
2006,5,6,22,30,12.3,0,0,0
2006,5,6,23,30,11.700000000000001,0,0,0
2006,5,7,0,30,11.200000000000001,0,0,0
2006,5,7,1,30,10.700000000000001,0,0,0
2006,5,7,2,30,10.3,0,0,0
2006,5,7,3,30,9.9,0,0,0
2006,5,7,4,30,10.100000000000001,0,0,0
2006,5,7,5,30,12,0,192,61
2006,5,7,6,30,15.5,0,563,260
2006,5,7,7,30,19.5,0,745,482
2006,5,7,8,30,23.200000000000003,0,832,686
2006,5,7,9,30,26,0,879,849
2006,5,7,10,30,28.200000000000003,0,916,966
2006,5,7,11,30,29.6,0,930,1019
2006,5,7,12,30,30.3,0,923,1004
2006,5,7,13,30,30.6,0,909,927
2006,5,7,14,30,30.3,0,873,792
2006,5,7,15,30,29.400000000000002,0,809,607
2006,5,7,16,30,27.6,0,698,394
2006,5,7,17,30,24.1,0,503,180
2006,5,7,18,30,20.400000000000002,0,75,15
2006,5,7,19,30,18.1,0,0,0
2006,5,7,20,30,16.7,0,0,0
2006,5,7,21,30,15.600000000000001,0,0,0
2006,5,7,22,30,14.700000000000001,0,0,0
2006,5,7,23,30,14,0,0,0
2006,5,8,0,30,13.4,0,0,0
2006,5,8,1,30,12.9,0,0,0
2006,5,8,2,30,12.5,0,0,0
2006,5,8,3,30,12.200000000000001,0,0,0
2006,5,8,4,30,12.4,0,0,0
2006,5,8,5,30,14.200000000000001,0,335,69
2006,5,8,6,30,17.2,0,636,267
2006,5,8,7,30,20.200000000000003,0,771,486
2006,5,8,8,30,23,0,846,689
2006,5,8,9,30,25.8,0,890,856
2006,5,8,10,30,28.1,0,915,970
2006,5,8,11,30,29.700000000000003,0,924,1022
2006,5,8,12,30,30.5,0,916,1008
2006,5,8,13,30,30.700000000000003,0,908,933
2006,5,8,14,30,30,0,869,795
2006,5,8,15,30,28.400000000000002,0,804,612
2006,5,8,16,30,25.900000000000002,0,670,395
2006,5,8,17,30,22.400000000000002,0,448,178
2006,5,8,18,30,19.1,0,32,14
2006,5,8,19,30,17,0,0,0
2006,5,8,20,30,15.8,0,0,0
2006,5,8,21,30,14.9,0,0,0
2006,5,8,22,30,14.100000000000001,0,0,0
2006,5,8,23,30,13.5,0,0,0
2006,5,9,0,30,12.9,0,0,0
2006,5,9,1,30,12.4,0,0,0
2006,5,9,2,30,12,0,0,0
2006,5,9,3,30,11.600000000000001,0,0,0
2006,5,9,4,30,11.8,0,0,0
2006,5,9,5,30,13.3,0,190,63
2006,5,9,6,30,16.400000000000002,0,531,258
2006,5,9,7,30,20.400000000000002,0,689,474
2006,5,9,8,30,24.5,0,795,678
2006,5,9,9,30,27.900000000000002,0,861,848
2006,5,9,10,30,30.1,0,899,965
2006,5,9,11,30,31.6,0,913,1018
2006,5,9,12,30,32.300000000000004,0,912,1005
2006,5,9,13,30,32.4,0,893,925
2006,5,9,14,30,31.8,0,859,791
2006,5,9,15,30,30.6,0,796,607
2006,5,9,16,30,28.6,0,690,395
2006,5,9,17,30,24.900000000000002,0,484,180
2006,5,9,18,30,21.1,0,56,16
2006,5,9,19,30,18.900000000000002,0,0,0
2006,5,9,20,30,17.5,0,0,0
2006,5,9,21,30,16.5,0,0,0
2006,5,9,22,30,15.9,0,0,0
2006,5,9,23,30,15.5,0,0,0
2006,5,10,0,30,15.200000000000001,0,0,0
2006,5,10,1,30,14.8,0,0,0
2006,5,10,2,30,14.4,0,0,0
2006,5,10,3,30,14,0,0,0
2006,5,10,4,30,14.100000000000001,0,0,0
2006,5,10,5,30,16.6,0,249,68
2006,5,10,6,30,20.6,0,583,267
2006,5,10,7,30,24.5,0,742,486
2006,5,10,8,30,28.400000000000002,0,828,690
2006,5,10,9,30,31.3,0,878,856
2006,5,10,10,30,33,0,907,970
2006,5,10,11,30,34,0,915,1020
2006,5,10,12,30,34.6,0,912,1007
2006,5,10,13,30,34.7,0,896,928
2006,5,10,14,30,34.300000000000004,0,862,793
2006,5,10,15,30,33.4,3,507,597
2006,5,10,16,30,31.400000000000002,0,690,399
2006,5,10,17,30,27.8,8,99,153
2006,5,10,18,30,24.3,7,0,15
2006,5,10,19,30,22.6,7,0,0
2006,5,10,20,30,21.700000000000003,0,0,0
2006,5,10,21,30,21,1,0,0
2006,5,10,22,30,20.5,0,0,0
2006,5,10,23,30,20,0,0,0
2006,5,11,0,30,19.5,1,0,0
2006,5,11,1,30,19,0,0,0
2006,5,11,2,30,18.7,0,0,0
2006,5,11,3,30,18.7,7,0,0
2006,5,11,4,30,18.7,7,0,0
2006,5,11,5,30,20.200000000000003,0,263,71
2006,5,11,6,30,23.3,3,35,190
2006,5,11,7,30,26.900000000000002,7,533,459
2006,5,11,8,30,30.3,0,832,690
2006,5,11,9,30,32.7,1,878,855
2006,5,11,10,30,33.9,0,842,949
2006,5,11,11,30,34.7,0,850,1000
2006,5,11,12,30,35,0,846,985
2006,5,11,13,30,35,0,893,924
2006,5,11,14,30,34.4,0,860,788
2006,5,11,15,30,33.300000000000004,0,801,608
2006,5,11,16,30,31.400000000000002,1,700,399
2006,5,11,17,30,27.900000000000002,0,507,185
2006,5,11,18,30,24,0,94,19
2006,5,11,19,30,21.8,0,0,0
2006,5,11,20,30,20.6,0,0,0
2006,5,11,21,30,19.700000000000003,0,0,0
2006,5,11,22,30,19,0,0,0
2006,5,11,23,30,18.5,0,0,0
2006,5,12,0,30,18,3,0,0
2006,5,12,1,30,17.7,4,0,0
2006,5,12,2,30,17.5,7,0,0
2006,5,12,3,30,17.400000000000002,1,0,0
2006,5,12,4,30,17.400000000000002,1,0,0
2006,5,12,5,30,18.8,7,10,54
2006,5,12,6,30,21.700000000000003,8,206,222
2006,5,12,7,30,25.400000000000002,0,766,490
2006,5,12,8,30,29.1,0,844,689
2006,5,12,9,30,31.5,0,887,852
2006,5,12,10,30,32.6,0,901,959
2006,5,12,11,30,32.7,8,749,932
2006,5,12,12,30,32.5,1,902,994
2006,5,12,13,30,32.2,7,563,771
2006,5,12,14,30,31.8,8,516,664
2006,5,12,15,30,30.900000000000002,8,413,515
2006,5,12,16,30,29.1,8,390,359
2006,5,12,17,30,26,7,215,175
2006,5,12,18,30,22.6,7,0,16
2006,5,12,19,30,20.6,7,0,0
2006,5,12,20,30,19,0,0,0
2006,5,12,21,30,17.6,0,0,0
2006,5,12,22,30,16.8,0,0,0
2006,5,12,23,30,16.5,0,0,0
2006,5,13,0,30,16.3,0,0,0
2006,5,13,1,30,16.2,0,0,0
2006,5,13,2,30,16,0,0,0
2006,5,13,3,30,15.600000000000001,0,0,0
2006,5,13,4,30,15.600000000000001,0,0,0
2006,5,13,5,30,17.3,0,322,78
2006,5,13,6,30,20.400000000000002,0,631,279
2006,5,13,7,30,23.400000000000002,0,774,497
2006,5,13,8,30,26,0,848,698
2006,5,13,9,30,28.200000000000003,0,890,859
2006,5,13,10,30,29.900000000000002,0,927,975
2006,5,13,11,30,30.8,0,934,1024
2006,5,13,12,30,31.200000000000003,0,931,1011
2006,5,13,13,30,31.3,0,911,931
2006,5,13,14,30,30.900000000000002,0,881,798
2006,5,13,15,30,29.8,0,827,619
2006,5,13,16,30,28,0,721,409
2006,5,13,17,30,25,0,548,196
2006,5,13,18,30,21.400000000000002,0,143,23
2006,5,13,19,30,19.1,0,0,0
2006,5,13,20,30,17.8,0,0,0
2006,5,13,21,30,16.900000000000002,0,0,0
2006,5,13,22,30,16.2,0,0,0
2006,5,13,23,30,15.600000000000001,0,0,0
2006,5,14,0,30,14.9,0,0,0
2006,5,14,1,30,14.200000000000001,0,0,0
2006,5,14,2,30,13.4,0,0,0
2006,5,14,3,30,12.9,0,0,0
2006,5,14,4,30,13.200000000000001,0,0,0
2006,5,14,5,30,15.700000000000001,0,436,87
2006,5,14,6,30,19.400000000000002,0,720,295
2006,5,14,7,30,23.700000000000003,0,845,516
2006,5,14,8,30,28.1,0,907,715
2006,5,14,9,30,31.3,0,938,875
2006,5,14,10,30,33.300000000000004,0,945,982
2006,5,14,11,30,34.6,0,949,1033
2006,5,14,12,30,35.4,0,939,1016
2006,5,14,13,30,35.6,0,920,936
2006,5,14,14,30,35,0,879,799
2006,5,14,15,30,34,0,815,618
2006,5,14,16,30,32.1,8,465,378
2006,5,14,17,30,28.400000000000002,8,60,138
2006,5,14,18,30,24.5,7,1,18
2006,5,14,19,30,22.5,7,0,0
2006,5,14,20,30,21.6,7,0,0
2006,5,14,21,30,20.700000000000003,0,0,0
2006,5,14,22,30,20.1,7,0,0
2006,5,14,23,30,19.6,7,0,0
2006,5,15,0,30,19.1,7,0,0
2006,5,15,1,30,18.7,7,0,0
2006,5,15,2,30,18.3,7,0,0
2006,5,15,3,30,18.1,7,0,0
2006,5,15,4,30,18.3,7,0,0
2006,5,15,5,30,19.5,7,5,57
2006,5,15,6,30,21.3,7,40,177
2006,5,15,7,30,23.400000000000002,6,3,141
2006,5,15,8,30,25.8,7,45,349
2006,5,15,9,30,27.900000000000002,7,508,743
2006,5,15,10,30,29.8,8,589,853
2006,5,15,11,30,31.5,8,605,904
2006,5,15,12,30,32.800000000000004,7,476,812
2006,5,15,13,30,33.4,8,615,843
2006,5,15,14,30,33.2,0,856,797
2006,5,15,15,30,32.1,0,785,614
2006,5,15,16,30,29.900000000000002,0,673,405
2006,5,15,17,30,26.3,0,470,191
2006,5,15,18,30,22.8,0,88,23
2006,5,15,19,30,20.5,0,0,0
2006,5,15,20,30,19.200000000000003,0,0,0
2006,5,15,21,30,18.400000000000002,0,0,0
2006,5,15,22,30,17.8,0,0,0
2006,5,15,23,30,17.2,0,0,0
2006,5,16,0,30,16.6,0,0,0
2006,5,16,1,30,16.1,0,0,0
2006,5,16,2,30,15.700000000000001,0,0,0
2006,5,16,3,30,15.3,0,0,0
2006,5,16,4,30,15.600000000000001,0,0,0
2006,5,16,5,30,17.6,0,246,78
2006,5,16,6,30,20.900000000000002,0,553,275
2006,5,16,7,30,24.6,0,719,493
2006,5,16,8,30,28.200000000000003,0,815,695
2006,5,16,9,30,31.3,0,872,861
2006,5,16,10,30,33.800000000000004,0,929,982
2006,5,16,11,30,35.300000000000004,0,936,1030
2006,5,16,12,30,36.1,8,746,931
2006,5,16,13,30,36.4,0,915,941
2006,5,16,14,30,36,8,699,753
2006,5,16,15,30,35.1,0,819,626
2006,5,16,16,30,33.1,3,61,288
2006,5,16,17,30,29.1,0,519,199
2006,5,16,18,30,25,3,0,19
2006,5,16,19,30,23,7,0,0
2006,5,16,20,30,22.200000000000003,0,0,0
2006,5,16,21,30,21.6,3,0,0
2006,5,16,22,30,21.1,0,0,0
2006,5,16,23,30,20.6,0,0,0
2006,5,17,0,30,20.1,0,0,0
2006,5,17,1,30,19.700000000000003,0,0,0
2006,5,17,2,30,19.200000000000003,0,0,0
2006,5,17,3,30,18.7,0,0,0
2006,5,17,4,30,19.200000000000003,0,0,0
2006,5,17,5,30,21.700000000000003,3,1,55
2006,5,17,6,30,25.3,8,494,266
2006,5,17,7,30,29,8,465,448
2006,5,17,8,30,32.4,8,380,558
2006,5,17,9,30,34.7,3,500,795
2006,5,17,10,30,36.1,0,833,933
2006,5,17,11,30,36.9,0,838,980
2006,5,17,12,30,37,0,823,965
2006,5,17,13,30,36.5,8,700,848
2006,5,17,14,30,35.4,8,0,52
2006,5,17,15,30,33.9,7,113,390
2006,5,17,16,30,32.1,8,24,211
2006,5,17,17,30,29.8,6,0,10
2006,5,17,18,30,27.200000000000003,7,0,20
2006,5,17,19,30,25.200000000000003,0,0,0
2006,5,17,20,30,24,7,0,0
2006,5,17,21,30,23,3,0,0
2006,5,17,22,30,21.900000000000002,0,0,0
2006,5,17,23,30,20.700000000000003,0,0,0
2006,5,18,0,30,19.900000000000002,0,0,0
2006,5,18,1,30,19.400000000000002,0,0,0
2006,5,18,2,30,18.900000000000002,0,0,0
2006,5,18,3,30,18.400000000000002,0,0,0
2006,5,18,4,30,18.6,0,0,0
2006,5,18,5,30,20.6,0,268,80
2006,5,18,6,30,23.8,0,546,271
2006,5,18,7,30,27.6,0,695,482
2006,5,18,8,30,31.1,0,780,677
2006,5,18,9,30,33.7,0,828,834
2006,5,18,10,30,35.5,0,862,946
2006,5,18,11,30,36.2,1,871,996
2006,5,18,12,30,36.300000000000004,7,122,581
2006,5,18,13,30,36,8,72,494
2006,5,18,14,30,35.2,8,666,755
2006,5,18,15,30,33.800000000000004,8,492,546
2006,5,18,16,30,32,0,640,398
2006,5,18,17,30,29.1,0,455,191
2006,5,18,18,30,25.8,0,99,26
2006,5,18,19,30,23.6,0,0,0
2006,5,18,20,30,22.3,0,0,0
2006,5,18,21,30,21.200000000000003,0,0,0
2006,5,18,22,30,20.200000000000003,0,0,0
2006,5,18,23,30,19.400000000000002,0,0,0
2006,5,19,0,30,18.8,0,0,0
2006,5,19,1,30,18.400000000000002,0,0,0
2006,5,19,2,30,18.1,0,0,0
2006,5,19,3,30,17.900000000000002,0,0,0
2006,5,19,4,30,18.3,0,0,0
2006,5,19,5,30,20.200000000000003,0,302,85
2006,5,19,6,30,23.6,0,595,282
2006,5,19,7,30,27.3,0,739,495
2006,5,19,8,30,30.1,0,821,692
2006,5,19,9,30,31.8,0,868,853
2006,5,19,10,30,32.9,0,920,971
2006,5,19,11,30,33.2,0,924,1020
2006,5,19,12,30,33,0,914,1006
2006,5,19,13,30,32.300000000000004,0,921,936
2006,5,19,14,30,31.200000000000003,0,883,801
2006,5,19,15,30,29.700000000000003,8,557,560
2006,5,19,16,30,28,8,717,416
2006,5,19,17,30,25.5,8,37,131
2006,5,19,18,30,22.400000000000002,7,1,23
2006,5,19,19,30,20.200000000000003,8,0,0
2006,5,19,20,30,19.1,0,0,0
2006,5,19,21,30,18.3,0,0,0
2006,5,19,22,30,17.6,0,0,0
2006,5,19,23,30,16.8,0,0,0
2006,5,20,0,30,15.9,0,0,0
2006,5,20,1,30,15.100000000000001,0,0,0
2006,5,20,2,30,14.5,0,0,0
2006,5,20,3,30,14,0,0,0
2006,5,20,4,30,14.5,0,0,0
2006,5,20,5,30,16.6,0,411,93
2006,5,20,6,30,20,0,686,296
2006,5,20,7,30,23.3,0,807,511
2006,5,20,8,30,25.900000000000002,0,878,708
2006,5,20,9,30,27.8,0,917,868
2006,5,20,10,30,28.900000000000002,0,936,978
2006,5,20,11,30,29.5,0,944,1030
2006,5,20,12,30,29.6,0,942,1015
2006,5,20,13,30,29.400000000000002,0,931,941
2006,5,20,14,30,28.700000000000003,0,908,813
2006,5,20,15,30,27.6,0,860,636
2006,5,20,16,30,25.900000000000002,1,775,428
2006,5,20,17,30,23.400000000000002,0,615,214
2006,5,20,18,30,20.400000000000002,0,230,34
2006,5,20,19,30,18.400000000000002,0,0,0
2006,5,20,20,30,17.400000000000002,0,0,0
2006,5,20,21,30,16.8,3,0,0
2006,5,20,22,30,16.3,0,0,0
2006,5,20,23,30,15.9,0,0,0
2006,5,21,0,30,15.600000000000001,3,0,0
2006,5,21,1,30,15.4,7,0,0
2006,5,21,2,30,15.4,7,0,0
2006,5,21,3,30,15.5,7,0,0
2006,5,21,4,30,15.9,7,0,0
2006,5,21,5,30,16.900000000000002,7,4,51
2006,5,21,6,30,18.5,7,0,21
2006,5,21,7,30,20.400000000000002,7,100,313
2006,5,21,8,30,21.900000000000002,7,177,468
2006,5,21,9,30,22.900000000000002,6,43,422
2006,5,21,10,30,23.400000000000002,6,20,439
2006,5,21,11,30,23.1,6,81,569
2006,5,21,12,30,22.200000000000003,7,224,681
2006,5,21,13,30,21.200000000000003,7,49,503
2006,5,21,14,30,20.1,7,18,338
2006,5,21,15,30,19,6,96,372
2006,5,21,16,30,18,6,13,171
2006,5,21,17,30,16.8,7,40,136
2006,5,21,18,30,15.700000000000001,7,1,23
2006,5,21,19,30,14.700000000000001,7,0,0
2006,5,21,20,30,13.9,7,0,0
2006,5,21,21,30,13.3,7,0,0
2006,5,21,22,30,12.700000000000001,1,0,0
2006,5,21,23,30,12.200000000000001,7,0,0
2006,5,22,0,30,12,6,0,0
2006,5,22,1,30,11.9,7,0,0
2006,5,22,2,30,12,9,0,0
2006,5,22,3,30,11.8,7,0,0
2006,5,22,4,30,11.700000000000001,6,0,0
2006,5,22,5,30,12.100000000000001,4,0,23
2006,5,22,6,30,13.100000000000001,4,11,163
2006,5,22,7,30,14.3,0,785,508
2006,5,22,8,30,15.3,0,842,704
2006,5,22,9,30,16.5,4,81,513
2006,5,22,10,30,18,0,915,977
2006,5,22,11,30,19.5,0,940,1034
2006,5,22,12,30,20.6,0,951,1027
2006,5,22,13,30,21.200000000000003,2,616,901
2006,5,22,14,30,21.1,0,908,818
2006,5,22,15,30,20.3,0,859,639
2006,5,22,16,30,18.900000000000002,0,771,432
2006,5,22,17,30,16.8,0,608,217
2006,5,22,18,30,14.5,0,232,37
2006,5,22,19,30,12.700000000000001,0,0,0
2006,5,22,20,30,11.8,0,0,0
2006,5,22,21,30,11.200000000000001,0,0,0
2006,5,22,22,30,10.8,0,0,0
2006,5,22,23,30,10.5,0,0,0
2006,5,23,0,30,10.100000000000001,0,0,0
2006,5,23,1,30,9.600000000000001,0,0,0
2006,5,23,2,30,9.200000000000001,0,0,0
2006,5,23,3,30,8.8,0,0,0
2006,5,23,4,30,9.200000000000001,0,0,0
2006,5,23,5,30,11.4,0,422,99
2006,5,23,6,30,14.8,0,699,303
2006,5,23,7,30,18,0,829,521
2006,5,23,8,30,20.6,0,899,719
2006,5,23,9,30,23,0,942,882
2006,5,23,10,30,25.200000000000003,0,967,994
2006,5,23,11,30,27.1,0,974,1042
2006,5,23,12,30,28.400000000000002,0,970,1030
2006,5,23,13,30,29.1,0,949,953
2006,5,23,14,30,29.1,0,921,822
2006,5,23,15,30,28.6,0,872,645
2006,5,23,16,30,27.3,0,778,436
2006,5,23,17,30,24.6,0,614,220
2006,5,23,18,30,21,0,241,39
2006,5,23,19,30,18.8,0,0,0
2006,5,23,20,30,17.7,0,0,0
2006,5,23,21,30,16.6,0,0,0
2006,5,23,22,30,15.700000000000001,0,0,0
2006,5,23,23,30,14.8,0,0,0
2006,5,24,0,30,14,0,0,0
2006,5,24,1,30,13.3,0,0,0
2006,5,24,2,30,12.700000000000001,0,0,0
2006,5,24,3,30,12.200000000000001,0,0,0
2006,5,24,4,30,12.700000000000001,0,0,0
2006,5,24,5,30,15,0,482,105
2006,5,24,6,30,18.400000000000002,0,745,316
2006,5,24,7,30,22.1,0,861,536
2006,5,24,8,30,25.400000000000002,0,928,738
2006,5,24,9,30,28.400000000000002,0,966,902
2006,5,24,10,30,30.6,0,985,1014
2006,5,24,11,30,32.1,0,989,1062
2006,5,24,12,30,33,0,986,1049
2006,5,24,13,30,33.300000000000004,0,974,974
2006,5,24,14,30,32.9,0,941,837
2006,5,24,15,30,31.8,0,891,657
2006,5,24,16,30,29.700000000000003,0,812,448
2006,5,24,17,30,26.3,0,651,229
2006,5,24,18,30,22.400000000000002,0,268,41
2006,5,24,19,30,19.8,0,0,0
2006,5,24,20,30,18.3,0,0,0
2006,5,24,21,30,17.2,0,0,0
2006,5,24,22,30,16.3,0,0,0
2006,5,24,23,30,15.4,0,0,0
2006,5,25,0,30,14.5,0,0,0
2006,5,25,1,30,13.700000000000001,0,0,0
2006,5,25,2,30,12.9,0,0,0
2006,5,25,3,30,12.200000000000001,0,0,0
2006,5,25,4,30,12.4,0,0,0
2006,5,25,5,30,14.3,0,436,104
2006,5,25,6,30,17.400000000000002,0,702,311
2006,5,25,7,30,20.700000000000003,0,824,530
2006,5,25,8,30,23.900000000000002,0,889,730
2006,5,25,9,30,26.700000000000003,0,922,889
2006,5,25,10,30,28.900000000000002,0,948,999
2006,5,25,11,30,30.400000000000002,0,958,1051
2006,5,25,12,30,31.200000000000003,0,950,1035
2006,5,25,13,30,31.200000000000003,0,925,955
2006,5,25,14,30,30.5,0,892,822
2006,5,25,15,30,29.1,0,834,643
2006,5,25,16,30,27,0,731,435
2006,5,25,17,30,24,0,555,219
2006,5,25,18,30,20.6,0,171,38
2006,5,25,19,30,18.3,0,0,0
2006,5,25,20,30,17,0,0,0
2006,5,25,21,30,16.1,0,0,0
2006,5,25,22,30,15.3,0,0,0
2006,5,25,23,30,14.3,0,0,0
2006,5,26,0,30,13.200000000000001,0,0,0
2006,5,26,1,30,12,0,0,0
2006,5,26,2,30,10.9,0,0,0
2006,5,26,3,30,10.200000000000001,0,0,0
2006,5,26,4,30,10.4,0,0,0
2006,5,26,5,30,12,0,342,97
2006,5,26,6,30,14.700000000000001,0,629,299
2006,5,26,7,30,17.7,0,775,517
2006,5,26,8,30,20.6,0,849,712
2006,5,26,9,30,23,0,893,873
2006,5,26,10,30,24.8,0,910,980
2006,5,26,11,30,26.200000000000003,0,917,1026
2006,5,26,12,30,27.1,0,917,1013
2006,5,26,13,30,27,0,907,939
2006,5,26,14,30,26.200000000000003,0,880,809
2006,5,26,15,30,24.700000000000003,0,838,638
2006,5,26,16,30,22.6,3,464,422
2006,5,26,17,30,20.1,8,307,196
2006,5,26,18,30,17.400000000000002,7,6,35
2006,5,26,19,30,15.700000000000001,7,0,0
2006,5,26,20,30,14.8,1,0,0
2006,5,26,21,30,14.200000000000001,0,0,0
2006,5,26,22,30,13.5,0,0,0
2006,5,26,23,30,12.600000000000001,0,0,0
2006,5,27,0,30,11.3,0,0,0
2006,5,27,1,30,10,0,0,0
2006,5,27,2,30,9.1,0,0,0
2006,5,27,3,30,8.200000000000001,1,0,0
2006,5,27,4,30,8.1,0,0,0
2006,5,27,5,30,9.1,3,61,87
2006,5,27,6,30,10.9,3,2,134
2006,5,27,7,30,13.100000000000001,0,811,529
2006,5,27,8,30,15.100000000000001,0,902,734
2006,5,27,9,30,16.900000000000002,0,955,904
2006,5,27,10,30,18.5,0,961,1014
2006,5,27,11,30,19.700000000000003,0,971,1066
2006,5,27,12,30,20.3,0,971,1055
2006,5,27,13,30,20.400000000000002,0,953,978
2006,5,27,14,30,19.900000000000002,0,938,848
2006,5,27,15,30,19,0,896,670
2006,5,27,16,30,17.6,0,819,459
2006,5,27,17,30,15.600000000000001,0,672,241
2006,5,27,18,30,13.100000000000001,0,297,47
2006,5,27,19,30,11.4,0,0,0
2006,5,27,20,30,10.8,0,0,0
2006,5,27,21,30,10.3,0,0,0
2006,5,27,22,30,9.9,0,0,0
2006,5,27,23,30,9.5,0,0,0
2006,5,28,0,30,9.1,0,0,0
2006,5,28,1,30,8.5,0,0,0
2006,5,28,2,30,7.7,0,0,0
2006,5,28,3,30,7,0,0,0
2006,5,28,4,30,7.5,0,0,0
2006,5,28,5,30,9.700000000000001,0,426,107
2006,5,28,6,30,13.5,0,703,316
2006,5,28,7,30,17.2,0,831,537
2006,5,28,8,30,19.5,0,905,741
2006,5,28,9,30,21.400000000000002,0,950,907
2006,5,28,10,30,23,0,974,1020
2006,5,28,11,30,24.3,0,974,1067
2006,5,28,12,30,25.1,0,968,1054
2006,5,28,13,30,25.400000000000002,0,950,975
2006,5,28,14,30,24.5,7,245,585
2006,5,28,15,30,23.200000000000003,7,367,537
2006,5,28,16,30,22.3,0,778,450
2006,5,28,17,30,20.200000000000003,0,611,232
2006,5,28,18,30,17,1,240,45
2006,5,28,19,30,15,3,0,0
2006,5,28,20,30,14,4,0,0
2006,5,28,21,30,12.9,1,0,0
2006,5,28,22,30,11.9,1,0,0
2006,5,28,23,30,11.200000000000001,4,0,0
2006,5,29,0,30,10.700000000000001,0,0,0
2006,5,29,1,30,10.100000000000001,0,0,0
2006,5,29,2,30,9.5,0,0,0
2006,5,29,3,30,9,0,0,0
2006,5,29,4,30,9.700000000000001,0,0,0
2006,5,29,5,30,12.200000000000001,0,460,108
2006,5,29,6,30,16,0,720,316
2006,5,29,7,30,20,0,840,535
2006,5,29,8,30,23,0,908,736
2006,5,29,9,30,25,0,946,899
2006,5,29,10,30,26.6,0,966,1011
2006,5,29,11,30,27.700000000000003,0,967,1062
2006,5,29,12,30,28.5,0,959,1048
2006,5,29,13,30,29,0,960,978
2006,5,29,14,30,28.900000000000002,0,928,845
2006,5,29,15,30,28.200000000000003,0,872,665
2006,5,29,16,30,26.8,0,788,453
2006,5,29,17,30,23.700000000000003,0,623,235
2006,5,29,18,30,19.700000000000003,0,249,46
2006,5,29,19,30,17.3,0,0,0
2006,5,29,20,30,16.1,0,0,0
2006,5,29,21,30,14.8,0,0,0
2006,5,29,22,30,13.700000000000001,0,0,0
2006,5,29,23,30,12.9,0,0,0
2006,5,30,0,30,12.3,0,0,0
2006,5,30,1,30,11.600000000000001,0,0,0
2006,5,30,2,30,11.100000000000001,0,0,0
2006,5,30,3,30,10.700000000000001,0,0,0
2006,5,30,4,30,11.5,0,0,0
2006,5,30,5,30,14.3,0,377,103
2006,5,30,6,30,18.1,0,653,307
2006,5,30,7,30,22.6,0,795,528
2006,5,30,8,30,26.200000000000003,0,880,730
2006,5,30,9,30,28.5,0,928,895
2006,5,30,10,30,30.200000000000003,0,961,1010
2006,5,30,11,30,31.400000000000002,0,969,1059
2006,5,30,12,30,32.1,0,966,1048
2006,5,30,13,30,32.5,0,951,973
2006,5,30,14,30,32.300000000000004,0,924,842
2006,5,30,15,30,31.700000000000003,0,874,664
2006,5,30,16,30,30.3,0,782,453
2006,5,30,17,30,27.200000000000003,0,618,235
2006,5,30,18,30,23.200000000000003,0,252,48
2006,5,30,19,30,20.900000000000002,0,0,0
2006,5,30,20,30,20,0,0,0
2006,5,30,21,30,19,0,0,0
2006,5,30,22,30,17.900000000000002,0,0,0
2006,5,30,23,30,17,0,0,0
2006,5,31,0,30,16.400000000000002,0,0,0
2006,5,31,1,30,15.9,0,0,0
2006,5,31,2,30,15.5,0,0,0
2006,5,31,3,30,15.100000000000001,0,0,0
2006,5,31,4,30,15.700000000000001,0,0,0
2006,5,31,5,30,18.6,0,389,104
2006,5,31,6,30,22.6,0,661,309
2006,5,31,7,30,27,0,793,526
2006,5,31,8,30,30.6,0,865,725
2006,5,31,9,30,32.6,0,908,888
2006,5,31,10,30,33.9,0,946,1004
2006,5,31,11,30,34.9,0,956,1056
2006,5,31,12,30,35.5,0,953,1045
2006,5,31,13,30,35.7,0,946,973
2006,5,31,14,30,35.4,0,913,838
2006,5,31,15,30,34.6,0,863,661
2006,5,31,16,30,33.1,0,777,454
2006,5,31,17,30,29.700000000000003,0,619,237
2006,5,31,18,30,25.6,0,262,49
2006,5,31,19,30,23.1,0,0,0
2006,5,31,20,30,21.8,0,0,0
2006,5,31,21,30,20.6,0,0,0
2006,5,31,22,30,19.6,0,0,0
2006,5,31,23,30,18.8,0,0,0
2006,6,1,0,30,18,0,0,0
2006,6,1,1,30,17.2,0,0,0
2006,6,1,2,30,16.6,0,0,0
2006,6,1,3,30,16.2,0,0,0
2006,6,1,4,30,17,0,0,0
2006,6,1,5,30,20,0,451,109
2006,6,1,6,30,23.8,0,709,315
2006,6,1,7,30,28.3,0,828,532
2006,6,1,8,30,32.300000000000004,0,895,730
2006,6,1,9,30,34.5,0,935,892
2006,6,1,10,30,35.7,0,955,1003
2006,6,1,11,30,36.4,0,961,1055
2006,6,1,12,30,36.7,0,952,1040
2006,6,1,13,30,36.6,0,926,960
2006,6,1,14,30,35.9,0,894,830
2006,6,1,15,30,34.7,0,839,653
2006,6,1,16,30,33,0,755,448
2006,6,1,17,30,29.8,0,596,235
2006,6,1,18,30,25.900000000000002,1,251,49
2006,6,1,19,30,23.3,7,0,0
2006,6,1,20,30,21.900000000000002,0,0,0
2006,6,1,21,30,20.700000000000003,0,0,0
2006,6,1,22,30,19.8,0,0,0
2006,6,1,23,30,19,0,0,0
2006,6,2,0,30,18.3,0,0,0
2006,6,2,1,30,17.5,0,0,0
2006,6,2,2,30,16.8,0,0,0
2006,6,2,3,30,16.1,0,0,0
2006,6,2,4,30,16.6,0,0,0
2006,6,2,5,30,19,3,42,89
2006,6,2,6,30,22.6,0,701,315
2006,6,2,7,30,26.900000000000002,0,826,532
2006,6,2,8,30,30.5,0,895,731
2006,6,2,9,30,32.7,1,930,890
2006,6,2,10,30,34.1,8,800,933
2006,6,2,11,30,35.1,8,672,925
2006,6,2,12,30,35.6,8,636,915
2006,6,2,13,30,35.300000000000004,8,676,865
2006,6,2,14,30,34.2,8,670,759
2006,6,2,15,30,32.4,8,596,597
2006,6,2,16,30,30.400000000000002,8,361,378
2006,6,2,17,30,27.900000000000002,0,597,235
2006,6,2,18,30,24.8,0,259,51
2006,6,2,19,30,22.400000000000002,3,0,0
2006,6,2,20,30,21,0,0,0
2006,6,2,21,30,20,0,0,0
2006,6,2,22,30,19.400000000000002,0,0,0
2006,6,2,23,30,19.1,0,0,0
2006,6,3,0,30,18.7,0,0,0
2006,6,3,1,30,18.3,0,0,0
2006,6,3,2,30,17.8,0,0,0
2006,6,3,3,30,17.3,0,0,0
2006,6,3,4,30,17.8,0,0,0
2006,6,3,5,30,20,0,413,105
2006,6,3,6,30,23.3,0,670,304
2006,6,3,7,30,27.1,0,794,515
2006,6,3,8,30,30.700000000000003,0,865,710
2006,6,3,9,30,33.6,0,907,869
2006,6,3,10,30,35.7,0,935,980
2006,6,3,11,30,37.1,0,947,1034
2006,6,3,12,30,37.9,0,945,1024
2006,6,3,13,30,38.1,0,930,952
2006,6,3,14,30,37.800000000000004,0,903,824
2006,6,3,15,30,37,0,855,651
2006,6,3,16,30,35.4,0,776,450
2006,6,3,17,30,32.300000000000004,0,623,238
2006,6,3,18,30,28.400000000000002,0,276,52
2006,6,3,19,30,26,0,0,0
2006,6,3,20,30,24.400000000000002,0,0,0
2006,6,3,21,30,23,0,0,0
2006,6,3,22,30,21.8,0,0,0
2006,6,3,23,30,21,0,0,0
2006,6,4,0,30,20.3,0,0,0
2006,6,4,1,30,19.6,0,0,0
2006,6,4,2,30,18.8,0,0,0
2006,6,4,3,30,18,0,0,0
2006,6,4,4,30,18.400000000000002,0,0,0
2006,6,4,5,30,20.6,0,437,108
2006,6,4,6,30,24.3,0,691,311
2006,6,4,7,30,28.6,0,813,524
2006,6,4,8,30,32.7,0,877,717
2006,6,4,9,30,35.7,0,915,877
2006,6,4,10,30,37.5,0,926,982
2006,6,4,11,30,38.400000000000006,0,931,1033
2006,6,4,12,30,38.800000000000004,0,922,1019
2006,6,4,13,30,38.7,0,906,947
2006,6,4,14,30,38,0,873,819
2006,6,4,15,30,36.800000000000004,0,820,646
2006,6,4,16,30,35,0,731,444
2006,6,4,17,30,31.900000000000002,0,578,234
2006,6,4,18,30,28,0,252,52
2006,6,4,19,30,25.1,0,0,0
2006,6,4,20,30,23.5,0,0,0
2006,6,4,21,30,22.200000000000003,3,0,0
2006,6,4,22,30,21.1,3,0,0
2006,6,4,23,30,20.1,0,0,0
2006,6,5,0,30,19.200000000000003,7,0,0
2006,6,5,1,30,18.2,7,0,0
2006,6,5,2,30,17.3,4,0,0
2006,6,5,3,30,16.6,3,0,0
2006,6,5,4,30,16.900000000000002,0,0,0
2006,6,5,5,30,18.900000000000002,0,439,109
2006,6,5,6,30,22.3,0,691,310
2006,6,5,7,30,26.1,2,533,514
2006,6,5,8,30,29.5,0,883,719
2006,6,5,9,30,32.5,0,922,879
2006,6,5,10,30,34.800000000000004,0,938,987
2006,6,5,11,30,35.9,0,946,1039
2006,6,5,12,30,36.1,0,939,1028
2006,6,5,13,30,35.6,0,928,955
2006,6,5,14,30,34.5,0,892,824
2006,6,5,15,30,33,8,600,593
2006,6,5,16,30,31.200000000000003,0,751,448
2006,6,5,17,30,28.8,0,598,238
2006,6,5,18,30,25.700000000000003,0,266,54
2006,6,5,19,30,23.400000000000002,0,0,0
2006,6,5,20,30,22.200000000000003,0,0,0
2006,6,5,21,30,21.3,0,0,0
2006,6,5,22,30,20.3,0,0,0
2006,6,5,23,30,19.6,0,0,0
2006,6,6,0,30,18.900000000000002,7,0,0
2006,6,6,1,30,18.400000000000002,0,0,0
2006,6,6,2,30,17.900000000000002,1,0,0
2006,6,6,3,30,17.6,7,0,0
2006,6,6,4,30,18,0,0,0
2006,6,6,5,30,19.8,0,361,104
2006,6,6,6,30,23,0,627,303
2006,6,6,7,30,26.8,8,402,441
2006,6,6,8,30,30.5,8,494,609
2006,6,6,9,30,33,8,739,815
2006,6,6,10,30,34.300000000000004,6,52,533
2006,6,6,11,30,34.9,6,95,583
2006,6,6,12,30,35,7,385,774
2006,6,6,13,30,34.6,6,25,444
2006,6,6,14,30,33.5,6,36,401
2006,6,6,15,30,31.700000000000003,7,0,81
2006,6,6,16,30,29.6,6,14,219
2006,6,6,17,30,27.5,8,271,206
2006,6,6,18,30,25.5,0,92,44
2006,6,6,19,30,23.8,0,0,0
2006,6,6,20,30,22.3,0,0,0
2006,6,6,21,30,21.1,1,0,0
2006,6,6,22,30,20.200000000000003,3,0,0
2006,6,6,23,30,19.400000000000002,0,0,0
2006,6,7,0,30,18.7,7,0,0
2006,6,7,1,30,18.2,7,0,0
2006,6,7,2,30,17.7,7,0,0
2006,6,7,3,30,17.3,7,0,0
2006,6,7,4,30,17.7,0,0,0
2006,6,7,5,30,19.900000000000002,0,359,103
2006,6,7,6,30,23,0,619,300
2006,6,7,7,30,26.400000000000002,0,746,508
2006,6,7,8,30,29.8,0,812,697
2006,6,7,9,30,32.6,0,846,852
2006,6,7,10,30,34.4,2,678,932
2006,6,7,11,30,35.1,1,871,1007
2006,6,7,12,30,35.2,0,856,993
2006,6,7,13,30,34.800000000000004,8,647,836
2006,6,7,14,30,34.1,0,835,801
2006,6,7,15,30,33,0,778,631
2006,6,7,16,30,31.400000000000002,8,500,424
2006,6,7,17,30,29,8,246,207
2006,6,7,18,30,25.900000000000002,7,9,44
2006,6,7,19,30,23.6,7,0,0
2006,6,7,20,30,22.3,1,0,0
2006,6,7,21,30,21.3,0,0,0
2006,6,7,22,30,20.400000000000002,0,0,0
2006,6,7,23,30,19.6,0,0,0
2006,6,8,0,30,18.900000000000002,0,0,0
2006,6,8,1,30,18.3,0,0,0
2006,6,8,2,30,17.8,0,0,0
2006,6,8,3,30,17.3,0,0,0
2006,6,8,4,30,17.7,0,0,0
2006,6,8,5,30,19.6,0,288,97
2006,6,8,6,30,22.700000000000003,0,544,286
2006,6,8,7,30,26.200000000000003,0,683,490
2006,6,8,8,30,29.400000000000002,0,760,679
2006,6,8,9,30,31.700000000000003,0,808,834
2006,6,8,10,30,33.1,0,861,951
2006,6,8,11,30,33.9,0,864,1001
2006,6,8,12,30,34.1,0,855,991
2006,6,8,13,30,33.9,0,847,923
2006,6,8,14,30,33.300000000000004,0,818,801
2006,6,8,15,30,32.2,8,484,569
2006,6,8,16,30,30.6,1,682,438
2006,6,8,17,30,28.3,0,528,232
2006,6,8,18,30,25.200000000000003,0,213,54
2006,6,8,19,30,22.700000000000003,0,0,0
2006,6,8,20,30,21.200000000000003,0,0,0
2006,6,8,21,30,20.1,0,0,0
2006,6,8,22,30,19.1,0,0,0
2006,6,8,23,30,18.2,0,0,0
2006,6,9,0,30,17.5,0,0,0
2006,6,9,1,30,16.900000000000002,0,0,0
2006,6,9,2,30,16.5,0,0,0
2006,6,9,3,30,16.1,0,0,0
2006,6,9,4,30,16.400000000000002,0,0,0
2006,6,9,5,30,18.2,7,295,101
2006,6,9,6,30,20.900000000000002,0,575,298
2006,6,9,7,30,23.6,8,548,505
2006,6,9,8,30,26.200000000000003,0,809,707
2006,6,9,9,30,28.6,0,865,869
2006,6,9,10,30,30.400000000000002,0,902,985
2006,6,9,11,30,31.400000000000002,0,915,1039
2006,6,9,12,30,31.8,0,914,1030
2006,6,9,13,30,31.6,0,916,962
2006,6,9,14,30,30.8,0,889,835
2006,6,9,15,30,29.6,0,841,663
2006,6,9,16,30,27.900000000000002,0,759,460
2006,6,9,17,30,25.5,0,605,246
2006,6,9,18,30,22.400000000000002,0,272,59
2006,6,9,19,30,20,0,0,0
2006,6,9,20,30,18.5,0,0,0
2006,6,9,21,30,17.3,0,0,0
2006,6,9,22,30,16.400000000000002,0,0,0
2006,6,9,23,30,15.5,0,0,0
2006,6,10,0,30,14.8,0,0,0
2006,6,10,1,30,14.200000000000001,0,0,0
2006,6,10,2,30,13.700000000000001,0,0,0
2006,6,10,3,30,13.200000000000001,0,0,0
2006,6,10,4,30,13.600000000000001,0,0,0
2006,6,10,5,30,15.700000000000001,0,397,111
2006,6,10,6,30,18.8,0,680,317
2006,6,10,7,30,22.1,0,813,533
2006,6,10,8,30,25,0,887,733
2006,6,10,9,30,27.400000000000002,0,924,892
2006,6,10,10,30,29.400000000000002,0,948,1001
2006,6,10,11,30,30.8,0,956,1055
2006,6,10,12,30,31.6,0,948,1041
2006,6,10,13,30,31.700000000000003,0,934,967
2006,6,10,14,30,31.3,0,901,837
2006,6,10,15,30,30.3,0,851,664
2006,6,10,16,30,28.6,0,764,459
2006,6,10,17,30,26,0,610,247
2006,6,10,18,30,22.700000000000003,0,276,60
2006,6,10,19,30,20.200000000000003,0,0,0
2006,6,10,20,30,18.7,0,0,0
2006,6,10,21,30,17.400000000000002,0,0,0
2006,6,10,22,30,16.5,0,0,0
2006,6,10,23,30,15.700000000000001,0,0,0
2006,6,11,0,30,15,0,0,0
2006,6,11,1,30,14.4,0,0,0
2006,6,11,2,30,14,0,0,0
2006,6,11,3,30,13.700000000000001,0,0,0
2006,6,11,4,30,13.9,0,0,0
2006,6,11,5,30,15.4,0,270,102
2006,6,11,6,30,18,0,565,302
2006,6,11,7,30,20.900000000000002,0,726,518
2006,6,11,8,30,23.700000000000003,0,815,714
2006,6,11,9,30,26.200000000000003,0,869,876
2006,6,11,10,30,28.1,0,911,992
2006,6,11,11,30,29.3,0,916,1042
2006,6,11,12,30,29.8,0,911,1031
2006,6,11,13,30,29.8,0,935,971
2006,6,11,14,30,29.200000000000003,0,899,841
2006,6,11,15,30,28,0,842,668
2006,6,11,16,30,26.1,0,747,463
2006,6,11,17,30,23.3,0,586,249
2006,6,11,18,30,20.1,0,246,60
2006,6,11,19,30,17.5,0,0,0
2006,6,11,20,30,15.9,0,0,0
2006,6,11,21,30,14.8,0,0,0
2006,6,11,22,30,14,0,0,0
2006,6,11,23,30,13.200000000000001,0,0,0
2006,6,12,0,30,12.700000000000001,0,0,0
2006,6,12,1,30,12.200000000000001,0,0,0
2006,6,12,2,30,12,0,0,0
2006,6,12,3,30,11.9,0,0,0
2006,6,12,4,30,12.200000000000001,0,0,0
2006,6,12,5,30,13.600000000000001,0,320,106
2006,6,12,6,30,15.9,0,620,309
2006,6,12,7,30,18.6,0,777,528
2006,6,12,8,30,21.400000000000002,0,865,730
2006,6,12,9,30,24.1,0,911,890
2006,6,12,10,30,26.3,0,929,1002
2006,6,12,11,30,27.700000000000003,0,946,1058
2006,6,12,12,30,28.200000000000003,0,947,1046
2006,6,12,13,30,28.1,0,940,977
2006,6,12,14,30,27.3,0,913,849
2006,6,12,15,30,26,0,869,678
2006,6,12,16,30,24.200000000000003,0,790,473
2006,6,12,17,30,21.8,0,643,257
2006,6,12,18,30,18.7,0,327,65
2006,6,12,19,30,16.2,0,0,0
2006,6,12,20,30,14.8,0,0,0
2006,6,12,21,30,13.700000000000001,0,0,0
2006,6,12,22,30,12.9,0,0,0
2006,6,12,23,30,12.3,0,0,0
2006,6,13,0,30,11.8,0,0,0
2006,6,13,1,30,11.5,0,0,0
2006,6,13,2,30,11.3,0,0,0
2006,6,13,3,30,11.3,0,0,0
2006,6,13,4,30,12.200000000000001,1,0,0
2006,6,13,5,30,14.700000000000001,3,104,96
2006,6,13,6,30,18.1,0,674,311
2006,6,13,7,30,21.3,0,816,529
2006,6,13,8,30,23.8,0,901,731
2006,6,13,9,30,25.700000000000003,0,947,895
2006,6,13,10,30,26.900000000000002,0,969,1011
2006,6,13,11,30,27.6,0,982,1066
2006,6,13,12,30,27.900000000000002,0,983,1058
2006,6,13,13,30,27.8,0,970,987
2006,6,13,14,30,27.200000000000003,0,939,856
2006,6,13,15,30,26.1,0,892,682
2006,6,13,16,30,24.6,0,812,475
2006,6,13,17,30,22.5,0,667,259
2006,6,13,18,30,19.8,0,357,67
2006,6,13,19,30,17.8,0,0,0
2006,6,13,20,30,16.7,0,0,0
2006,6,13,21,30,15.700000000000001,0,0,0
2006,6,13,22,30,14.700000000000001,0,0,0
2006,6,13,23,30,13.8,0,0,0
2006,6,14,0,30,13,0,0,0
2006,6,14,1,30,12.3,0,0,0
2006,6,14,2,30,11.600000000000001,0,0,0
2006,6,14,3,30,11.100000000000001,0,0,0
2006,6,14,4,30,12.100000000000001,0,0,0
2006,6,14,5,30,14.9,0,477,114
2006,6,14,6,30,18.6,0,721,319
2006,6,14,7,30,22.200000000000003,0,837,532
2006,6,14,8,30,25.1,0,896,726
2006,6,14,9,30,27.3,0,928,884
2006,6,14,10,30,28.8,0,944,992
2006,6,14,11,30,29.8,0,951,1043
2006,6,14,12,30,30.6,0,950,1032
2006,6,14,13,30,31.3,0,943,964
2006,6,14,14,30,31.3,0,919,839
2006,6,14,15,30,30.5,0,874,669
2006,6,14,16,30,29,0,796,468
2006,6,14,17,30,26.1,0,654,255
2006,6,14,18,30,22.5,0,345,66
2006,6,14,19,30,20,0,0,0
2006,6,14,20,30,18.900000000000002,0,0,0
2006,6,14,21,30,18.1,0,0,0
2006,6,14,22,30,17.6,0,0,0
2006,6,14,23,30,17.3,0,0,0
2006,6,15,0,30,16.900000000000002,0,0,0
2006,6,15,1,30,16.3,0,0,0
2006,6,15,2,30,15.600000000000001,0,0,0
2006,6,15,3,30,15,0,0,0
2006,6,15,4,30,15.200000000000001,0,0,0
2006,6,15,5,30,17.3,0,468,111
2006,6,15,6,30,20.3,0,721,314
2006,6,15,7,30,23.3,0,839,528
2006,6,15,8,30,25.8,0,904,724
2006,6,15,9,30,27.900000000000002,0,940,884
2006,6,15,10,30,29.5,0,957,992
2006,6,15,11,30,30.700000000000003,0,968,1047
2006,6,15,12,30,31.3,0,969,1039
2006,6,15,13,30,31.400000000000002,0,951,969
2006,6,15,14,30,31,0,923,843
2006,6,15,15,30,30,0,877,672
2006,6,15,16,30,28.6,0,795,470
2006,6,15,17,30,26.400000000000002,0,651,256
2006,6,15,18,30,23.3,0,345,67
2006,6,15,19,30,21,0,0,0
2006,6,15,20,30,19.900000000000002,0,0,0
2006,6,15,21,30,19.1,0,0,0
2006,6,15,22,30,18.400000000000002,0,0,0
2006,6,15,23,30,17.8,0,0,0
2006,6,16,0,30,17.400000000000002,0,0,0
2006,6,16,1,30,17.2,0,0,0
2006,6,16,2,30,17.2,0,0,0
2006,6,16,3,30,17.3,0,0,0
2006,6,16,4,30,18.5,0,0,0
2006,6,16,5,30,21.700000000000003,0,459,111
2006,6,16,6,30,25.3,0,709,314
2006,6,16,7,30,28.3,0,827,528
2006,6,16,8,30,30.3,0,895,727
2006,6,16,9,30,31.900000000000002,0,933,888
2006,6,16,10,30,33.300000000000004,0,952,1000
2006,6,16,11,30,34.4,0,962,1058
2006,6,16,12,30,35.2,0,959,1049
2006,6,16,13,30,35.6,0,953,984
2006,6,16,14,30,35.7,0,928,857
2006,6,16,15,30,35.300000000000004,0,883,684
2006,6,16,16,30,34.300000000000004,0,801,477
2006,6,16,17,30,32,0,656,261
2006,6,16,18,30,29.200000000000003,0,333,67
2006,6,16,19,30,27.5,0,0,0
2006,6,16,20,30,25.900000000000002,0,0,0
2006,6,16,21,30,24,0,0,0
2006,6,16,22,30,22.3,0,0,0
2006,6,16,23,30,20.8,0,0,0
2006,6,17,0,30,19.700000000000003,0,0,0
2006,6,17,1,30,18.900000000000002,0,0,0
2006,6,17,2,30,18.400000000000002,0,0,0
2006,6,17,3,30,18.2,0,0,0
2006,6,17,4,30,19.200000000000003,0,0,0
2006,6,17,5,30,22.200000000000003,0,464,112
2006,6,17,6,30,26.200000000000003,0,714,315
2006,6,17,7,30,30.8,0,836,532
2006,6,17,8,30,34.6,0,901,729
2006,6,17,9,30,36.7,0,941,892
2006,6,17,10,30,38,0,966,1006
2006,6,17,11,30,38.800000000000004,0,970,1057
2006,6,17,12,30,39.2,0,967,1049
2006,6,17,13,30,39.1,0,943,974
2006,6,17,14,30,38.5,0,910,845
2006,6,17,15,30,37.4,0,854,669
2006,6,17,16,30,35.800000000000004,0,768,465
2006,6,17,17,30,33,0,623,254
2006,6,17,18,30,29.200000000000003,0,314,66
2006,6,17,19,30,26.400000000000002,0,0,0
2006,6,17,20,30,25,0,0,0
2006,6,17,21,30,23.900000000000002,0,0,0
2006,6,17,22,30,22.900000000000002,0,0,0
2006,6,17,23,30,22,0,0,0
2006,6,18,0,30,21.200000000000003,0,0,0
2006,6,18,1,30,20.5,0,0,0
2006,6,18,2,30,19.8,0,0,0
2006,6,18,3,30,19.1,0,0,0
2006,6,18,4,30,19.5,0,0,0
2006,6,18,5,30,21.700000000000003,0,468,111
2006,6,18,6,30,24.900000000000002,0,717,315
2006,6,18,7,30,28.700000000000003,0,835,529
2006,6,18,8,30,32,0,898,724
2006,6,18,9,30,34.2,0,935,886
2006,6,18,10,30,35.9,0,947,994
2006,6,18,11,30,37,0,955,1048
2006,6,18,12,30,37.5,0,948,1037
2006,6,18,13,30,37.5,0,934,968
2006,6,18,14,30,37,0,903,841
2006,6,18,15,30,35.9,0,858,671
2006,6,18,16,30,34.300000000000004,0,781,470
2006,6,18,17,30,31.6,0,642,258
2006,6,18,18,30,27.8,0,346,69
2006,6,18,19,30,25,0,0,0
2006,6,18,20,30,23.5,0,0,0
2006,6,18,21,30,22.400000000000002,0,0,0
2006,6,18,22,30,21.6,0,0,0
2006,6,18,23,30,20.900000000000002,0,0,0
2006,6,19,0,30,20.1,0,0,0
2006,6,19,1,30,19.3,0,0,0
2006,6,19,2,30,18.6,0,0,0
2006,6,19,3,30,17.900000000000002,0,0,0
2006,6,19,4,30,18.400000000000002,0,0,0
2006,6,19,5,30,20.700000000000003,0,505,113
2006,6,19,6,30,24,0,740,315
2006,6,19,7,30,27.6,0,852,528
2006,6,19,8,30,30.8,0,914,723
2006,6,19,9,30,33.1,0,945,881
2006,6,19,10,30,34.6,0,956,992
2006,6,19,11,30,35.4,0,962,1045
2006,6,19,12,30,35.7,0,954,1035
2006,6,19,13,30,35.6,0,936,965
2006,6,19,14,30,34.9,0,907,840
2006,6,19,15,30,33.7,0,862,672
2006,6,19,16,30,32.1,0,784,471
2006,6,19,17,30,29.6,0,650,260
2006,6,19,18,30,26.200000000000003,0,350,70
2006,6,19,19,30,23.400000000000002,0,0,0
2006,6,19,20,30,21.8,0,0,0
2006,6,19,21,30,20.5,0,0,0
2006,6,19,22,30,19.6,0,0,0
2006,6,19,23,30,18.900000000000002,0,0,0
2006,6,20,0,30,18.400000000000002,0,0,0
2006,6,20,1,30,17.8,0,0,0
2006,6,20,2,30,17.3,0,0,0
2006,6,20,3,30,16.8,0,0,0
2006,6,20,4,30,17.5,0,0,0
2006,6,20,5,30,20,0,462,111
2006,6,20,6,30,23.8,0,716,317
2006,6,20,7,30,27.700000000000003,0,836,534
2006,6,20,8,30,30.8,0,903,734
2006,6,20,9,30,33,0,943,898
2006,6,20,10,30,34.6,0,959,1008
2006,6,20,11,30,35.7,0,968,1064
2006,6,20,12,30,36.1,0,964,1057
2006,6,20,13,30,36.1,0,946,983
2006,6,20,14,30,35.5,0,916,856
2006,6,20,15,30,34.4,0,868,684
2006,6,20,16,30,32.800000000000004,0,787,479
2006,6,20,17,30,30,0,644,264
2006,6,20,18,30,26,0,337,70
2006,6,20,19,30,23.200000000000003,0,0,0
2006,6,20,20,30,22,0,0,0
2006,6,20,21,30,21.1,0,0,0
2006,6,20,22,30,20.400000000000002,0,0,0
2006,6,20,23,30,19.8,0,0,0
2006,6,21,0,30,19.200000000000003,0,0,0
2006,6,21,1,30,18.6,0,0,0
2006,6,21,2,30,17.900000000000002,0,0,0
2006,6,21,3,30,17.400000000000002,0,0,0
2006,6,21,4,30,18,0,0,0
2006,6,21,5,30,20.6,0,457,110
2006,6,21,6,30,24.200000000000003,0,715,316
2006,6,21,7,30,27.900000000000002,0,839,533
2006,6,21,8,30,31.3,0,908,733
2006,6,21,9,30,33.800000000000004,0,949,897
2006,6,21,10,30,35.6,0,972,1012
2006,6,21,11,30,36.800000000000004,0,982,1068
2006,6,21,12,30,37.6,0,980,1061
2006,6,21,13,30,38,0,963,991
2006,6,21,14,30,37.800000000000004,0,935,864
2006,6,21,15,30,37.1,0,882,688
2006,6,21,16,30,35.7,0,818,486
2006,6,21,17,30,32.5,0,673,267
2006,6,21,18,30,28,0,370,73
2006,6,21,19,30,24.900000000000002,0,0,0
2006,6,21,20,30,23.400000000000002,0,0,0
2006,6,21,21,30,22.400000000000002,0,0,0
2006,6,21,22,30,21.6,0,0,0
2006,6,21,23,30,20.900000000000002,0,0,0
2006,6,22,0,30,20.200000000000003,0,0,0
2006,6,22,1,30,19.6,0,0,0
2006,6,22,2,30,19.200000000000003,0,0,0
2006,6,22,3,30,18.900000000000002,0,0,0
2006,6,22,4,30,19.700000000000003,0,0,0
2006,6,22,5,30,22.700000000000003,0,437,108
2006,6,22,6,30,26.8,0,693,311
2006,6,22,7,30,31.3,0,827,528
2006,6,22,8,30,35.1,0,889,723
2006,6,22,9,30,37.5,0,930,886
2006,6,22,10,30,39.1,0,952,1000
2006,6,22,11,30,40,0,962,1057
2006,6,22,12,30,40.6,0,959,1050
2006,6,22,13,30,40.7,0,944,978
2006,6,22,14,30,40.2,0,917,853
2006,6,22,15,30,39.2,0,869,681
2006,6,22,16,30,37.4,0,793,478
2006,6,22,17,30,33.9,0,650,264
2006,6,22,18,30,29.400000000000002,0,344,71
2006,6,22,19,30,26.200000000000003,0,0,0
2006,6,22,20,30,24.6,0,0,0
2006,6,22,21,30,23.700000000000003,0,0,0
2006,6,22,22,30,23.1,0,0,0
2006,6,22,23,30,22.700000000000003,0,0,0
2006,6,23,0,30,22.200000000000003,0,0,0
2006,6,23,1,30,21.700000000000003,0,0,0
2006,6,23,2,30,21,0,0,0
2006,6,23,3,30,20.5,0,0,0
2006,6,23,4,30,21.1,0,0,0
2006,6,23,5,30,23.5,0,413,104
2006,6,23,6,30,27,0,665,302
2006,6,23,7,30,30.900000000000002,0,790,512
2006,6,23,8,30,34.5,0,853,704
2006,6,23,9,30,37.300000000000004,0,887,861
2006,6,23,10,30,39.2,0,904,969
2006,6,23,11,30,40,0,910,1023
2006,6,23,12,30,40.5,0,900,1013
2006,6,23,13,30,40.5,0,894,949
2006,6,23,14,30,40,0,859,825
2006,6,23,15,30,39,0,800,655
2006,6,23,16,30,37.4,0,724,459
2006,6,23,17,30,34.6,8,375,237
2006,6,23,18,30,30.6,3,2,48
2006,6,23,19,30,27.8,4,0,0
2006,6,23,20,30,26.5,7,0,0
2006,6,23,21,30,25.8,0,0,0
2006,6,23,22,30,25.5,0,0,0
2006,6,23,23,30,25.200000000000003,0,0,0
2006,6,24,0,30,24.700000000000003,7,0,0
2006,6,24,1,30,24.1,7,0,0
2006,6,24,2,30,23.5,7,0,0
2006,6,24,3,30,22.900000000000002,7,0,0
2006,6,24,4,30,23.1,7,0,0
2006,6,24,5,30,24.5,3,9,76
2006,6,24,6,30,26.8,8,68,200
2006,6,24,7,30,30,8,206,363
2006,6,24,8,30,33.800000000000004,0,763,674
2006,6,24,9,30,37.1,0,817,833
2006,6,24,10,30,39.2,0,816,938
2006,6,24,11,30,40,0,805,989
2006,6,24,12,30,40.2,8,772,949
2006,6,24,13,30,39.900000000000006,0,771,913
2006,6,24,14,30,39.400000000000006,8,476,705
2006,6,24,15,30,38.6,6,47,339
2006,6,24,16,30,37.4,7,48,265
2006,6,24,17,30,34.9,8,2,73
2006,6,24,18,30,31.5,3,1,45
2006,6,24,19,30,29.200000000000003,0,0,0
2006,6,24,20,30,28.200000000000003,0,0,0
2006,6,24,21,30,27.6,3,0,0
2006,6,24,22,30,27.3,0,0,0
2006,6,24,23,30,26.900000000000002,0,0,0
2006,6,25,0,30,26.400000000000002,7,0,0
2006,6,25,1,30,25.900000000000002,7,0,0
2006,6,25,2,30,25.400000000000002,7,0,0
2006,6,25,3,30,24.900000000000002,7,0,0
2006,6,25,4,30,25,7,0,0
2006,6,25,5,30,26.3,4,0,54
2006,6,25,6,30,29,8,489,273
2006,6,25,7,30,32.5,8,227,394
2006,6,25,8,30,36.2,8,382,571
2006,6,25,9,30,39,8,695,796
2006,6,25,10,30,40.400000000000006,1,799,929
2006,6,25,11,30,41.2,7,375,783
2006,6,25,12,30,41.400000000000006,7,250,675
2006,6,25,13,30,41.2,7,148,614
2006,6,25,14,30,40.5,8,466,722
2006,6,25,15,30,39.5,1,609,611
2006,6,25,16,30,38.2,1,516,423
2006,6,25,17,30,35.9,3,57,195
2006,6,25,18,30,33,7,7,53
2006,6,25,19,30,30.900000000000002,7,0,0
2006,6,25,20,30,29.6,7,0,0
2006,6,25,21,30,28.5,4,0,0
2006,6,25,22,30,27.3,7,0,0
2006,6,25,23,30,26.1,7,0,0
2006,6,26,0,30,25.400000000000002,6,0,0
2006,6,26,1,30,25.1,6,0,0
2006,6,26,2,30,24.8,6,0,0
2006,6,26,3,30,24.3,7,0,0
2006,6,26,4,30,24.700000000000003,7,0,0
2006,6,26,5,30,26.3,1,153,81
2006,6,26,6,30,28.700000000000003,0,381,259
2006,6,26,7,30,32,0,577,463
2006,6,26,8,30,35.4,0,681,652
2006,6,26,9,30,37.7,8,511,749
2006,6,26,10,30,38.900000000000006,7,169,628
2006,6,26,11,30,39.400000000000006,8,360,824
2006,6,26,12,30,39.400000000000006,6,40,510
2006,6,26,13,30,39.1,6,99,583
2006,6,26,14,30,38.300000000000004,6,62,459
2006,6,26,15,30,37.300000000000004,7,155,473
2006,6,26,16,30,36,8,162,341
2006,6,26,17,30,34,8,22,143
2006,6,26,18,30,31.700000000000003,7,3,48
2006,6,26,19,30,30.200000000000003,3,0,0
2006,6,26,20,30,29.400000000000002,1,0,0
2006,6,26,21,30,28.700000000000003,7,0,0
2006,6,26,22,30,28,7,0,0
2006,6,26,23,30,27.400000000000002,0,0,0
2006,6,27,0,30,26.8,0,0,0
2006,6,27,1,30,26.3,7,0,0
2006,6,27,2,30,25.700000000000003,7,0,0
2006,6,27,3,30,25.400000000000002,7,0,0
2006,6,27,4,30,25.700000000000003,7,0,0
2006,6,27,5,30,26.900000000000002,7,0,34
2006,6,27,6,30,29.1,8,1,84
2006,6,27,7,30,32,8,104,326
2006,6,27,8,30,34.9,8,214,510
2006,6,27,9,30,36.9,7,168,568
2006,6,27,10,30,37.6,8,74,556
2006,6,27,11,30,37.1,8,144,646
2006,6,27,12,30,35.6,8,86,575
2006,6,27,13,30,34.1,6,130,624
2006,6,27,14,30,33.4,8,160,579
2006,6,27,15,30,33.1,8,66,388
2006,6,27,16,30,32.7,8,9,179
2006,6,27,17,30,31.5,4,0,41
2006,6,27,18,30,29.3,8,2,40
2006,6,27,19,30,27.6,8,0,0
2006,6,27,20,30,26.6,1,0,0
2006,6,27,21,30,25.900000000000002,1,0,0
2006,6,27,22,30,25.3,0,0,0
2006,6,27,23,30,24.700000000000003,0,0,0
2006,6,28,0,30,24.200000000000003,0,0,0
2006,6,28,1,30,23.900000000000002,0,0,0
2006,6,28,2,30,23.6,7,0,0
2006,6,28,3,30,23.5,4,0,0
2006,6,28,4,30,24.400000000000002,1,0,0
2006,6,28,5,30,27,0,338,94
2006,6,28,6,30,30.400000000000002,0,615,286
2006,6,28,7,30,33.2,0,756,495
2006,6,28,8,30,35,0,833,689
2006,6,28,9,30,36.4,0,876,848
2006,6,28,10,30,37.5,0,878,955
2006,6,28,11,30,37.9,0,885,1010
2006,6,28,12,30,37.800000000000004,0,883,1003
2006,6,28,13,30,37.6,3,115,585
2006,6,28,14,30,37.1,8,3,217
2006,6,28,15,30,36.300000000000004,7,0,97
2006,6,28,16,30,35.1,8,131,310
2006,6,28,17,30,32.9,3,0,22
2006,6,28,18,30,29.700000000000003,0,299,69
2006,6,28,19,30,27.3,0,0,0
2006,6,28,20,30,26.3,0,0,0
2006,6,28,21,30,25.5,0,0,0
2006,6,28,22,30,24.900000000000002,0,0,0
2006,6,28,23,30,24.5,0,0,0
2006,6,29,0,30,24,0,0,0
2006,6,29,1,30,23.3,0,0,0
2006,6,29,2,30,22.5,0,0,0
2006,6,29,3,30,21.8,0,0,0
2006,6,29,4,30,22.5,0,0,0
2006,6,29,5,30,25,7,112,86
2006,6,29,6,30,28.900000000000002,3,339,268
2006,6,29,7,30,32.800000000000004,0,788,496
2006,6,29,8,30,35.1,1,853,687
2006,6,29,9,30,36.7,1,891,845
2006,6,29,10,30,37.9,2,365,802
2006,6,29,11,30,38.7,0,904,1006
2006,6,29,12,30,39,3,671,952
2006,6,29,13,30,39,1,895,939
2006,6,29,14,30,38.5,8,730,770
2006,6,29,15,30,37.6,0,805,651
2006,6,29,16,30,36.2,2,453,449
2006,6,29,17,30,34.1,1,569,250
2006,6,29,18,30,31.200000000000003,0,289,68
2006,6,29,19,30,28.900000000000002,0,0,0
2006,6,29,20,30,27.700000000000003,0,0,0
2006,6,29,21,30,26.8,0,0,0
2006,6,29,22,30,26.1,0,0,0
2006,6,29,23,30,25.5,0,0,0
2006,6,30,0,30,25,0,0,0
2006,6,30,1,30,24.200000000000003,0,0,0
2006,6,30,2,30,23.3,0,0,0
2006,6,30,3,30,22.5,0,0,0
2006,6,30,4,30,22.6,0,0,0
2006,6,30,5,30,24.700000000000003,0,380,95
2006,6,30,6,30,28.200000000000003,0,635,285
2006,6,30,7,30,32.300000000000004,0,761,491
2006,6,30,8,30,35.7,0,831,683
2006,6,30,9,30,37.7,0,876,842
2006,6,30,10,30,39,0,908,956
2006,6,30,11,30,39.800000000000004,0,919,1012
2006,6,30,12,30,40.300000000000004,0,915,1007
2006,6,30,13,30,40.300000000000004,0,900,941
2006,6,30,14,30,39.900000000000006,0,868,820
2006,6,30,15,30,38.900000000000006,0,816,654
2006,6,30,16,30,37.4,0,743,459
2006,6,30,17,30,35.2,0,599,253
2006,6,30,18,30,32.300000000000004,0,309,69
2006,6,30,19,30,30,0,0,0
2006,6,30,20,30,28.6,0,0,0
2006,6,30,21,30,27.3,0,0,0
2006,6,30,22,30,26.3,0,0,0
2006,6,30,23,30,25.3,0,0,0
2006,7,1,0,30,24.3,0,0,0
2006,7,1,1,30,23.400000000000002,0,0,0
2006,7,1,2,30,22.700000000000003,0,0,0
2006,7,1,3,30,22.1,0,0,0
2006,7,1,4,30,22.6,0,0,0
2006,7,1,5,30,24.8,0,403,95
2006,7,1,6,30,28.5,0,647,287
2006,7,1,7,30,32.9,0,789,498
2006,7,1,8,30,36.300000000000004,0,856,691
2006,7,1,9,30,38.400000000000006,0,897,851
2006,7,1,10,30,39.800000000000004,0,920,964
2006,7,1,11,30,40.7,0,926,1019
2006,7,1,12,30,41.2,0,920,1014
2006,7,1,13,30,41.2,0,903,946
2006,7,1,14,30,40.6,0,870,824
2006,7,1,15,30,39.6,0,816,656
2006,7,1,16,30,38,0,751,462
2006,7,1,17,30,35.7,0,604,255
2006,7,1,18,30,32.6,0,324,70
2006,7,1,19,30,30.1,0,0,0
2006,7,1,20,30,28.700000000000003,0,0,0
2006,7,1,21,30,27.400000000000002,0,0,0
2006,7,1,22,30,26.400000000000002,0,0,0
2006,7,1,23,30,25.5,0,0,0
2006,7,2,0,30,24.6,0,0,0
2006,7,2,1,30,23.700000000000003,0,0,0
2006,7,2,2,30,23,0,0,0
2006,7,2,3,30,22.400000000000002,0,0,0
2006,7,2,4,30,23,0,0,0
2006,7,2,5,30,25.400000000000002,0,391,94
2006,7,2,6,30,29.1,0,632,285
2006,7,2,7,30,33.6,0,776,495
2006,7,2,8,30,36.7,0,839,685
2006,7,2,9,30,38.5,0,874,842
2006,7,2,10,30,39.5,8,762,889
2006,7,2,11,30,40,8,712,917
2006,7,2,12,30,40.1,8,448,805
2006,7,2,13,30,39.6,8,717,863
2006,7,2,14,30,38.900000000000006,0,830,810
2006,7,2,15,30,37.800000000000004,0,774,644
2006,7,2,16,30,36.5,0,729,456
2006,7,2,17,30,34.5,0,588,251
2006,7,2,18,30,31.6,0,305,69
2006,7,2,19,30,29.1,0,0,0
2006,7,2,20,30,27.6,0,0,0
2006,7,2,21,30,26.3,0,0,0
2006,7,2,22,30,25.400000000000002,0,0,0
2006,7,2,23,30,24.900000000000002,0,0,0
2006,7,3,0,30,24.6,0,0,0
2006,7,3,1,30,24.3,0,0,0
2006,7,3,2,30,24,0,0,0
2006,7,3,3,30,23.700000000000003,0,0,0
2006,7,3,4,30,24.3,0,0,0
2006,7,3,5,30,26.3,0,319,87
2006,7,3,6,30,29.700000000000003,0,566,272
2006,7,3,7,30,33.1,0,715,477
2006,7,3,8,30,35.4,0,786,667
2006,7,3,9,30,37.1,0,828,824
2006,7,3,10,30,38.400000000000006,0,860,937
2006,7,3,11,30,39.1,1,866,992
2006,7,3,12,30,39.300000000000004,8,599,882
2006,7,3,13,30,38.900000000000006,8,638,850
2006,7,3,14,30,38.1,1,804,802
2006,7,3,15,30,36.800000000000004,0,754,640
2006,7,3,16,30,35.2,0,653,445
2006,7,3,17,30,32.9,1,498,242
2006,7,3,18,30,30,7,13,55
2006,7,3,19,30,27.700000000000003,3,0,0
2006,7,3,20,30,26.400000000000002,1,0,0
2006,7,3,21,30,25.700000000000003,7,0,0
2006,7,3,22,30,25.400000000000002,3,0,0
2006,7,3,23,30,25.1,0,0,0
2006,7,4,0,30,24.700000000000003,0,0,0
2006,7,4,1,30,24.1,0,0,0
2006,7,4,2,30,23.5,0,0,0
2006,7,4,3,30,22.900000000000002,0,0,0
2006,7,4,4,30,23.200000000000003,0,0,0
2006,7,4,5,30,24.900000000000002,0,272,83
2006,7,4,6,30,27.8,0,540,267
2006,7,4,7,30,31,0,735,477
2006,7,4,8,30,33.6,0,811,668
2006,7,4,9,30,35.5,0,855,827
2006,7,4,10,30,36.9,0,872,936
2006,7,4,11,30,37.7,0,881,992
2006,7,4,12,30,38,0,873,986
2006,7,4,13,30,37.800000000000004,0,868,925
2006,7,4,14,30,37.1,0,834,806
2006,7,4,15,30,35.9,0,781,642
2006,7,4,16,30,34.4,0,717,452
2006,7,4,17,30,32.4,0,573,248
2006,7,4,18,30,29.8,0,295,67
2006,7,4,19,30,27.5,0,0,0
2006,7,4,20,30,25.900000000000002,0,0,0
2006,7,4,21,30,24.6,0,0,0
2006,7,4,22,30,23.6,0,0,0
2006,7,4,23,30,22.700000000000003,0,0,0
2006,7,5,0,30,21.900000000000002,0,0,0
2006,7,5,1,30,21.3,0,0,0
2006,7,5,2,30,20.900000000000002,0,0,0
2006,7,5,3,30,20.6,0,0,0
2006,7,5,4,30,21.200000000000003,0,0,0
2006,7,5,5,30,23.400000000000002,0,378,88
2006,7,5,6,30,27,0,640,279
2006,7,5,7,30,31,0,779,488
2006,7,5,8,30,34,0,850,681
2006,7,5,9,30,35.800000000000004,0,890,842
2006,7,5,10,30,37.1,0,907,954
2006,7,5,11,30,37.7,0,911,1008
2006,7,5,12,30,37.9,0,905,1003
2006,7,5,13,30,37.6,0,886,938
2006,7,5,14,30,36.800000000000004,0,859,820
2006,7,5,15,30,35.6,0,818,656
2006,7,5,16,30,34,0,765,465
2006,7,5,17,30,31.8,0,634,258
2006,7,5,18,30,28.8,0,353,71
2006,7,5,19,30,26.200000000000003,0,0,0
2006,7,5,20,30,24.6,0,0,0
2006,7,5,21,30,23.400000000000002,0,0,0
2006,7,5,22,30,22.3,0,0,0
2006,7,5,23,30,21.5,0,0,0
2006,7,6,0,30,20.700000000000003,0,0,0
2006,7,6,1,30,20.1,0,0,0
2006,7,6,2,30,19.400000000000002,0,0,0
2006,7,6,3,30,18.8,0,0,0
2006,7,6,4,30,19.3,0,0,0
2006,7,6,5,30,21.700000000000003,0,449,96
2006,7,6,6,30,25.6,0,713,298
2006,7,6,7,30,29.700000000000003,0,837,514
2006,7,6,8,30,32.5,0,909,717
2006,7,6,9,30,34.4,0,948,883
2006,7,6,10,30,35.800000000000004,0,969,1000
2006,7,6,11,30,36.800000000000004,0,978,1059
2006,7,6,12,30,37.4,0,974,1054
2006,7,6,13,30,37.5,0,961,988
2006,7,6,14,30,37,0,934,864
2006,7,6,15,30,35.9,0,889,692
2006,7,6,16,30,34.300000000000004,0,814,488
2006,7,6,17,30,31.6,0,678,272
2006,7,6,18,30,27.700000000000003,0,384,75
2006,7,6,19,30,25,0,0,0
2006,7,6,20,30,23.700000000000003,0,0,0
2006,7,6,21,30,22.6,0,0,0
2006,7,6,22,30,21.6,0,0,0
2006,7,6,23,30,20.700000000000003,0,0,0
2006,7,7,0,30,19.8,0,0,0
2006,7,7,1,30,19.1,0,0,0
2006,7,7,2,30,18.3,0,0,0
2006,7,7,3,30,17.6,0,0,0
2006,7,7,4,30,18.400000000000002,0,0,0
2006,7,7,5,30,21.3,0,479,98
2006,7,7,6,30,25.5,0,743,303
2006,7,7,7,30,30.200000000000003,0,866,523
2006,7,7,8,30,34.300000000000004,0,927,722
2006,7,7,9,30,36.7,0,964,888
2006,7,7,10,30,38.2,0,978,1001
2006,7,7,11,30,39.1,0,977,1053
2006,7,7,12,30,39.6,0,966,1042
2006,7,7,13,30,39.5,0,946,972
2006,7,7,14,30,39,0,910,844
2006,7,7,15,30,38,0,856,673
2006,7,7,16,30,36.5,2,513,465
2006,7,7,17,30,34.1,0,645,260
2006,7,7,18,30,30.900000000000002,0,346,70
2006,7,7,19,30,28.700000000000003,0,0,0
2006,7,7,20,30,27.700000000000003,0,0,0
2006,7,7,21,30,26.8,0,0,0
2006,7,7,22,30,26,0,0,0
2006,7,7,23,30,25.200000000000003,0,0,0
2006,7,8,0,30,24.6,0,0,0
2006,7,8,1,30,24.1,0,0,0
2006,7,8,2,30,23.6,0,0,0
2006,7,8,3,30,23.400000000000002,0,0,0
2006,7,8,4,30,24.200000000000003,0,0,0
2006,7,8,5,30,27,0,335,83
2006,7,8,6,30,30.900000000000002,0,612,273
2006,7,8,7,30,34.4,0,762,482
2006,7,8,8,30,36.7,0,838,677
2006,7,8,9,30,38.2,0,884,840
2006,7,8,10,30,39.300000000000004,0,905,954
2006,7,8,11,30,40,0,910,1010
2006,7,8,12,30,40.2,3,372,857
2006,7,8,13,30,39.900000000000006,3,226,723
2006,7,8,14,30,39.1,0,839,815
2006,7,8,15,30,37.9,0,782,648
2006,7,8,16,30,36.4,0,697,452
2006,7,8,17,30,34.300000000000004,0,523,244
2006,7,8,18,30,31.5,0,223,63
2006,7,8,19,30,29.400000000000002,0,0,0
2006,7,8,20,30,28.3,0,0,0
2006,7,8,21,30,27.400000000000002,0,0,0
2006,7,8,22,30,26.6,3,0,0
2006,7,8,23,30,25.900000000000002,0,0,0
2006,7,9,0,30,25.1,0,0,0
2006,7,9,1,30,24.400000000000002,0,0,0
2006,7,9,2,30,23.5,0,0,0
2006,7,9,3,30,22.8,0,0,0
2006,7,9,4,30,23.3,0,0,0
2006,7,9,5,30,25.700000000000003,0,310,80
2006,7,9,6,30,29.200000000000003,0,592,269
2006,7,9,7,30,32.800000000000004,0,745,479
2006,7,9,8,30,35.7,0,822,673
2006,7,9,9,30,37.5,0,868,835
2006,7,9,10,30,38.800000000000004,0,909,954
2006,7,9,11,30,39.6,0,915,1010
2006,7,9,12,30,39.800000000000004,0,907,1006
2006,7,9,13,30,39.7,0,906,944
2006,7,9,14,30,39,8,684,758
2006,7,9,15,30,38,1,832,660
2006,7,9,16,30,36.5,0,767,466
2006,7,9,17,30,34.4,0,632,257
2006,7,9,18,30,31.5,0,347,69
2006,7,9,19,30,29,0,0,0
2006,7,9,20,30,27.6,0,0,0
2006,7,9,21,30,26.200000000000003,0,0,0
2006,7,9,22,30,25.1,0,0,0
2006,7,9,23,30,24.3,0,0,0
2006,7,10,0,30,23.5,0,0,0
2006,7,10,1,30,22.8,0,0,0
2006,7,10,2,30,22.3,0,0,0
2006,7,10,3,30,22,0,0,0
2006,7,10,4,30,22.5,0,0,0
2006,7,10,5,30,24.6,0,383,85
2006,7,10,6,30,28.5,0,658,279
2006,7,10,7,30,32.9,0,792,491
2006,7,10,8,30,36,0,863,686
2006,7,10,9,30,37.7,0,902,847
2006,7,10,10,30,38.7,0,923,962
2006,7,10,11,30,39.300000000000004,0,931,1019
2006,7,10,12,30,39.5,0,929,1016
2006,7,10,13,30,39.2,0,912,950
2006,7,10,14,30,38.5,0,883,829
2006,7,10,15,30,37.5,0,841,664
2006,7,10,16,30,35.9,0,783,470
2006,7,10,17,30,33.7,0,647,259
2006,7,10,18,30,30.6,0,359,70
2006,7,10,19,30,27.900000000000002,0,0,0
2006,7,10,20,30,26.400000000000002,0,0,0
2006,7,10,21,30,25.3,0,0,0
2006,7,10,22,30,24.400000000000002,0,0,0
2006,7,10,23,30,23.700000000000003,0,0,0
2006,7,11,0,30,23.1,0,0,0
2006,7,11,1,30,22.6,0,0,0
2006,7,11,2,30,22.1,0,0,0
2006,7,11,3,30,21.700000000000003,0,0,0
2006,7,11,4,30,22.200000000000003,0,0,0
2006,7,11,5,30,24.5,0,364,82
2006,7,11,6,30,28.1,0,652,277
2006,7,11,7,30,31.700000000000003,0,805,493
2006,7,11,8,30,34.1,0,880,694
2006,7,11,9,30,35.7,0,925,862
2006,7,11,10,30,36.800000000000004,0,950,981
2006,7,11,11,30,37.300000000000004,0,963,1044
2006,7,11,12,30,37.4,0,961,1041
2006,7,11,13,30,37,0,955,980
2006,7,11,14,30,36.2,0,934,859
2006,7,11,15,30,35,0,890,688
2006,7,11,16,30,33.4,0,823,487
2006,7,11,17,30,31,0,691,270
2006,7,11,18,30,27.700000000000003,0,392,72
2006,7,11,19,30,25.3,0,0,0
2006,7,11,20,30,24.3,0,0,0
2006,7,11,21,30,23.6,0,0,0
2006,7,11,22,30,23.1,0,0,0
2006,7,11,23,30,22.6,0,0,0
2006,7,12,0,30,22,0,0,0
2006,7,12,1,30,21.400000000000002,0,0,0
2006,7,12,2,30,20.8,0,0,0
2006,7,12,3,30,20.3,0,0,0
2006,7,12,4,30,20.700000000000003,0,0,0
2006,7,12,5,30,23.200000000000003,0,445,88
2006,7,12,6,30,26.900000000000002,0,720,290
2006,7,12,7,30,30.3,0,843,508
2006,7,12,8,30,32.9,0,911,710
2006,7,12,9,30,35.1,0,950,878
2006,7,12,10,30,36.9,0,973,996
2006,7,12,11,30,38.300000000000004,0,983,1056
2006,7,12,12,30,39,0,983,1054
2006,7,12,13,30,39.1,0,968,988
2006,7,12,14,30,38.5,0,943,864
2006,7,12,15,30,37.4,0,895,689
2006,7,12,16,30,35.7,0,817,485
2006,7,12,17,30,32.800000000000004,0,680,268
2006,7,12,18,30,29,0,374,70
2006,7,12,19,30,26.5,0,0,0
2006,7,12,20,30,25.6,0,0,0
2006,7,12,21,30,24.700000000000003,0,0,0
2006,7,12,22,30,23.8,0,0,0
2006,7,12,23,30,23,0,0,0
2006,7,13,0,30,22.200000000000003,0,0,0
2006,7,13,1,30,21.5,0,0,0
2006,7,13,2,30,20.8,0,0,0
2006,7,13,3,30,20.3,0,0,0
2006,7,13,4,30,20.900000000000002,0,0,0
2006,7,13,5,30,23.900000000000002,0,454,87
2006,7,13,6,30,28.1,0,728,290
2006,7,13,7,30,32.1,0,856,507
2006,7,13,8,30,35.1,0,917,706
2006,7,13,9,30,37.2,0,955,873
2006,7,13,10,30,38.800000000000004,0,972,987
2006,7,13,11,30,39.900000000000006,0,977,1044
2006,7,13,12,30,40.5,0,974,1040
2006,7,13,13,30,40.6,0,963,976
2006,7,13,14,30,40.2,0,937,853
2006,7,13,15,30,39.2,0,892,682
2006,7,13,16,30,37.7,0,827,481
2006,7,13,17,30,34.800000000000004,0,694,266
2006,7,13,18,30,30.8,0,400,70
2006,7,13,19,30,28,0,0,0
2006,7,13,20,30,26.8,0,0,0
2006,7,13,21,30,25.8,0,0,0
2006,7,13,22,30,25,0,0,0
2006,7,13,23,30,24.200000000000003,0,0,0
2006,7,14,0,30,23.6,0,0,0
2006,7,14,1,30,23,0,0,0
2006,7,14,2,30,22.400000000000002,0,0,0
2006,7,14,3,30,22,0,0,0
2006,7,14,4,30,22.6,0,0,0
2006,7,14,5,30,25.3,0,446,84
2006,7,14,6,30,29.3,0,715,283
2006,7,14,7,30,33.4,0,841,497
2006,7,14,8,30,36.300000000000004,0,905,695
2006,7,14,9,30,38.300000000000004,0,938,859
2006,7,14,10,30,39.800000000000004,0,947,973
2006,7,14,11,30,40.900000000000006,0,954,1030
2006,7,14,12,30,41.6,0,954,1028
2006,7,14,13,30,41.900000000000006,0,921,957
2006,7,14,14,30,41.6,0,891,833
2006,7,14,15,30,40.7,0,843,665
2006,7,14,16,30,39.300000000000004,0,779,467
2006,7,14,17,30,36.6,0,640,256
2006,7,14,18,30,32.9,0,341,66
2006,7,14,19,30,30.6,0,0,0
2006,7,14,20,30,29.5,0,0,0
2006,7,14,21,30,28.1,0,0,0
2006,7,14,22,30,26.8,0,0,0
2006,7,14,23,30,25.8,0,0,0
2006,7,15,0,30,24.900000000000002,0,0,0
2006,7,15,1,30,24.200000000000003,0,0,0
2006,7,15,2,30,23.5,0,0,0
2006,7,15,3,30,23.1,0,0,0
2006,7,15,4,30,23.900000000000002,0,0,0
2006,7,15,5,30,26.8,0,402,79
2006,7,15,6,30,30.700000000000003,0,676,273
2006,7,15,7,30,35.2,0,786,480
2006,7,15,8,30,38.900000000000006,0,854,674
2006,7,15,9,30,41,0,893,835
2006,7,15,10,30,42.400000000000006,0,917,951
2006,7,15,11,30,43.1,0,925,1008
2006,7,15,12,30,43.5,0,924,1005
2006,7,15,13,30,43.6,0,923,946
2006,7,15,14,30,43.2,0,895,825
2006,7,15,15,30,42.2,0,848,660
2006,7,15,16,30,40.7,0,769,461
2006,7,15,17,30,38.1,0,622,250
2006,7,15,18,30,34.4,0,312,63
2006,7,15,19,30,31.5,0,0,0
2006,7,15,20,30,29.900000000000002,0,0,0
2006,7,15,21,30,28.6,0,0,0
2006,7,15,22,30,27.6,0,0,0
2006,7,15,23,30,26.8,0,0,0
2006,7,16,0,30,26.3,0,0,0
2006,7,16,1,30,25.900000000000002,0,0,0
2006,7,16,2,30,25.400000000000002,0,0,0
2006,7,16,3,30,24.8,0,0,0
2006,7,16,4,30,25.200000000000003,0,0,0
2006,7,16,5,30,27.3,7,13,54
2006,7,16,6,30,30.6,3,0,74
2006,7,16,7,30,34.300000000000004,0,720,463
2006,7,16,8,30,37.4,0,788,653
2006,7,16,9,30,39.400000000000006,0,822,811
2006,7,16,10,30,40.6,0,809,914
2006,7,16,11,30,41.2,0,803,967
2006,7,16,12,30,41.300000000000004,0,791,961
2006,7,16,13,30,41.1,0,799,903
2006,7,16,14,30,40.6,0,770,787
2006,7,16,15,30,39.900000000000006,0,728,627
2006,7,16,16,30,38.800000000000004,0,654,437
2006,7,16,17,30,36.7,0,515,235
2006,7,16,18,30,33.4,0,223,57
2006,7,16,19,30,30.700000000000003,0,0,0
2006,7,16,20,30,29.1,0,0,0
2006,7,16,21,30,28,0,0,0
2006,7,16,22,30,27.1,0,0,0
2006,7,16,23,30,26.400000000000002,7,0,0
2006,7,17,0,30,25.8,7,0,0
2006,7,17,1,30,25.1,7,0,0
2006,7,17,2,30,24.5,7,0,0
2006,7,17,3,30,23.8,7,0,0
2006,7,17,4,30,23.900000000000002,7,0,0
2006,7,17,5,30,25.3,7,6,49
2006,7,17,6,30,27.400000000000002,4,0,10
2006,7,17,7,30,29.8,4,0,69
2006,7,17,8,30,32.300000000000004,8,423,568
2006,7,17,9,30,35.4,8,65,404
2006,7,17,10,30,38.2,4,90,554
2006,7,17,11,30,40.1,8,801,928
2006,7,17,12,30,40.900000000000006,0,821,964
2006,7,17,13,30,40.800000000000004,0,796,899
2006,7,17,14,30,39.900000000000006,8,608,758
2006,7,17,15,30,38.6,8,449,592
2006,7,17,16,30,36.800000000000004,8,278,369
2006,7,17,17,30,34.4,8,211,216
2006,7,17,18,30,31.700000000000003,7,0,28
2006,7,17,19,30,29.6,8,0,0
2006,7,17,20,30,28.200000000000003,4,0,0
2006,7,17,21,30,27.1,4,0,0
2006,7,17,22,30,26.3,7,0,0
2006,7,17,23,30,25.400000000000002,7,0,0
2006,7,18,0,30,24.700000000000003,0,0,0
2006,7,18,1,30,24.3,7,0,0
2006,7,18,2,30,24,4,0,0
2006,7,18,3,30,23.700000000000003,1,0,0
2006,7,18,4,30,23.700000000000003,7,0,0
2006,7,18,5,30,24.700000000000003,7,5,49
2006,7,18,6,30,26.5,8,12,126
2006,7,18,7,30,28.700000000000003,4,0,140
2006,7,18,8,30,30.8,4,50,370
2006,7,18,9,30,33,4,0,255
2006,7,18,10,30,35.5,3,160,647
2006,7,18,11,30,37.7,0,849,969
2006,7,18,12,30,38.800000000000004,0,843,965
2006,7,18,13,30,39,0,821,901
2006,7,18,14,30,38.400000000000006,3,159,583
2006,7,18,15,30,37.300000000000004,0,683,611
2006,7,18,16,30,36.1,0,561,417
2006,7,18,17,30,34.4,0,373,216
2006,7,18,18,30,32.5,0,106,47
2006,7,18,19,30,30.700000000000003,0,0,0
2006,7,18,20,30,29.400000000000002,0,0,0
2006,7,18,21,30,28.400000000000002,0,0,0
2006,7,18,22,30,27.6,0,0,0
2006,7,18,23,30,26.900000000000002,0,0,0
2006,7,19,0,30,26.200000000000003,0,0,0
2006,7,19,1,30,25.700000000000003,0,0,0
2006,7,19,2,30,25.1,0,0,0
2006,7,19,3,30,24.5,0,0,0
2006,7,19,4,30,24.6,0,0,0
2006,7,19,5,30,26.1,0,235,62
2006,7,19,6,30,29.200000000000003,0,531,243
2006,7,19,7,30,32.800000000000004,0,682,446
2006,7,19,8,30,35.7,0,769,638
2006,7,19,9,30,37.6,0,822,799
2006,7,19,10,30,39.1,0,873,919
2006,7,19,11,30,40,0,882,977
2006,7,19,12,30,40.400000000000006,1,879,975
2006,7,19,13,30,40.2,8,711,844
2006,7,19,14,30,39.400000000000006,8,722,756
2006,7,19,15,30,38,8,570,582
2006,7,19,16,30,36.300000000000004,8,219,333
2006,7,19,17,30,34.1,8,40,149
2006,7,19,18,30,31.700000000000003,3,1,38
2006,7,19,19,30,29.5,1,0,0
2006,7,19,20,30,28,0,0,0
2006,7,19,21,30,27,1,0,0
2006,7,19,22,30,26.400000000000002,0,0,0
2006,7,19,23,30,26,0,0,0
2006,7,20,0,30,25.6,0,0,0
2006,7,20,1,30,25.200000000000003,0,0,0
2006,7,20,2,30,24.8,0,0,0
2006,7,20,3,30,24.400000000000002,0,0,0
2006,7,20,4,30,24.8,0,0,0
2006,7,20,5,30,26.5,0,227,61
2006,7,20,6,30,29.700000000000003,1,515,240
2006,7,20,7,30,33.5,0,661,442
2006,7,20,8,30,36.5,0,744,632
2006,7,20,9,30,38.7,0,792,793
2006,7,20,10,30,40.1,0,849,914
2006,7,20,11,30,40.800000000000004,7,309,682
2006,7,20,12,30,40.7,8,0,82
2006,7,20,13,30,40,8,633,841
2006,7,20,14,30,39.1,8,40,372
2006,7,20,15,30,38.1,8,20,248
2006,7,20,16,30,36.9,0,611,421
2006,7,20,17,30,35.1,4,1,87
2006,7,20,18,30,33,4,0,32
2006,7,20,19,30,31.400000000000002,4,0,0
2006,7,20,20,30,30.400000000000002,1,0,0
2006,7,20,21,30,29.5,0,0,0
2006,7,20,22,30,28.8,3,0,0
2006,7,20,23,30,28.200000000000003,4,0,0
2006,7,21,0,30,27.8,3,0,0
2006,7,21,1,30,27.3,1,0,0
2006,7,21,2,30,26.6,8,0,0
2006,7,21,3,30,26.200000000000003,1,0,0
2006,7,21,4,30,26.700000000000003,0,0,0
2006,7,21,5,30,29,4,0,27
2006,7,21,6,30,32.800000000000004,8,438,243
2006,7,21,7,30,36.5,8,719,447
2006,7,21,8,30,38.900000000000006,8,685,630
2006,7,21,9,30,40.6,8,720,731
2006,7,21,10,30,41.800000000000004,0,866,914
2006,7,21,11,30,42.6,0,874,973
2006,7,21,12,30,42.900000000000006,7,74,492
2006,7,21,13,30,42.6,8,3,265
2006,7,21,14,30,41.900000000000006,8,277,570
2006,7,21,15,30,41.1,8,573,607
2006,7,21,16,30,40.1,3,218,359
2006,7,21,17,30,38.300000000000004,0,485,225
2006,7,21,18,30,35.800000000000004,0,190,51
2006,7,21,19,30,33.9,0,0,0
2006,7,21,20,30,32.800000000000004,0,0,0
2006,7,21,21,30,32,0,0,0
2006,7,21,22,30,31.200000000000003,0,0,0
2006,7,21,23,30,30.5,0,0,0
2006,7,22,0,30,29.900000000000002,0,0,0
2006,7,22,1,30,29.5,0,0,0
2006,7,22,2,30,29.200000000000003,0,0,0
2006,7,22,3,30,28.900000000000002,0,0,0
2006,7,22,4,30,29.5,0,0,0
2006,7,22,5,30,32,0,243,60
2006,7,22,6,30,36,0,542,240
2006,7,22,7,30,39.5,0,687,442
2006,7,22,8,30,41.6,0,768,633
2006,7,22,9,30,43,0,813,792
2006,7,22,10,30,44,1,813,899
2006,7,22,11,30,44.300000000000004,8,15,373
2006,7,22,12,30,43.900000000000006,6,0,92
2006,7,22,13,30,43,6,10,343
2006,7,22,14,30,42.1,8,170,511
2006,7,22,15,30,41.1,8,510,568
2006,7,22,16,30,39.5,7,106,293
2006,7,22,17,30,36.800000000000004,4,5,125
2006,7,22,18,30,34,8,0,20
2006,7,22,19,30,32.4,8,0,0
2006,7,22,20,30,31.700000000000003,7,0,0
2006,7,22,21,30,31.1,7,0,0
2006,7,22,22,30,30.5,7,0,0
2006,7,22,23,30,30,7,0,0
2006,7,23,0,30,29.6,0,0,0
2006,7,23,1,30,29.3,0,0,0
2006,7,23,2,30,29,0,0,0
2006,7,23,3,30,28.700000000000003,0,0,0
2006,7,23,4,30,29.200000000000003,0,0,0
2006,7,23,5,30,31.400000000000002,0,256,59
2006,7,23,6,30,34.7,0,555,240
2006,7,23,7,30,38.2,0,682,443
2006,7,23,8,30,40.6,0,759,634
2006,7,23,9,30,41.900000000000006,0,800,793
2006,7,23,10,30,42.7,0,818,904
2006,7,23,11,30,43,8,574,850
2006,7,23,12,30,43.2,8,474,788
2006,7,23,13,30,43.1,6,0,133
2006,7,23,14,30,42.6,8,88,428
2006,7,23,15,30,41.6,8,550,594
2006,7,23,16,30,40.2,8,276,359
2006,7,23,17,30,38.2,8,31,139
2006,7,23,18,30,35.7,0,116,43
2006,7,23,19,30,33.800000000000004,3,0,0
2006,7,23,20,30,32.6,4,0,0
2006,7,23,21,30,31.700000000000003,7,0,0
2006,7,23,22,30,30.900000000000002,0,0,0
2006,7,23,23,30,30.200000000000003,0,0,0
2006,7,24,0,30,29.400000000000002,0,0,0
2006,7,24,1,30,28.8,0,0,0
2006,7,24,2,30,28.200000000000003,0,0,0
2006,7,24,3,30,27.6,0,0,0
2006,7,24,4,30,27.700000000000003,0,0,0
2006,7,24,5,30,29.400000000000002,0,199,55
2006,7,24,6,30,32.800000000000004,0,508,233
2006,7,24,7,30,36.300000000000004,0,663,437
2006,7,24,8,30,38.6,0,752,629
2006,7,24,9,30,40.400000000000006,0,803,790
2006,7,24,10,30,41.7,0,830,905
2006,7,24,11,30,42.5,0,841,963
2006,7,24,12,30,43,8,12,376
2006,7,24,13,30,43.1,8,761,860
2006,7,24,14,30,42.7,8,677,744
2006,7,24,15,30,41.900000000000006,8,723,611
2006,7,24,16,30,40.6,8,293,351
2006,7,24,17,30,38.7,1,454,215
2006,7,24,18,30,36.300000000000004,7,5,39
2006,7,24,19,30,34.4,7,0,0
2006,7,24,20,30,33.1,8,0,0
2006,7,24,21,30,32.2,3,0,0
2006,7,24,22,30,31.6,3,0,0
2006,7,24,23,30,31,3,0,0
2006,7,25,0,30,30.5,0,0,0
2006,7,25,1,30,29.900000000000002,0,0,0
2006,7,25,2,30,29.3,0,0,0
2006,7,25,3,30,28.8,0,0,0
2006,7,25,4,30,29,0,0,0
2006,7,25,5,30,30.5,3,0,38
2006,7,25,6,30,33.2,1,453,224
2006,7,25,7,30,36.2,0,592,421
2006,7,25,8,30,38.900000000000006,0,690,613
2006,7,25,9,30,40.900000000000006,0,749,774
2006,7,25,10,30,42.300000000000004,0,840,903
2006,7,25,11,30,43.2,0,847,961
2006,7,25,12,30,43.400000000000006,1,836,958
2006,7,25,13,30,43,8,611,824
2006,7,25,14,30,42.1,8,0,51
2006,7,25,15,30,40.900000000000006,7,149,443
2006,7,25,16,30,39.400000000000006,7,120,278
2006,7,25,17,30,37.300000000000004,8,135,183
2006,7,25,18,30,34.7,7,2,33
2006,7,25,19,30,32.5,7,0,0
2006,7,25,20,30,30.8,7,0,0
2006,7,25,21,30,29.5,3,0,0
2006,7,25,22,30,28.400000000000002,0,0,0
2006,7,25,23,30,27.6,1,0,0
2006,7,26,0,30,26.900000000000002,0,0,0
2006,7,26,1,30,26.3,0,0,0
2006,7,26,2,30,25.6,7,0,0
2006,7,26,3,30,25,7,0,0
2006,7,26,4,30,25.200000000000003,8,0,0
2006,7,26,5,30,27,7,7,44
2006,7,26,6,30,30.1,8,171,201
2006,7,26,7,30,33.7,8,108,303
2006,7,26,8,30,36.7,8,304,528
2006,7,26,9,30,38.900000000000006,8,454,663
2006,7,26,10,30,40.400000000000006,0,818,905
2006,7,26,11,30,41.300000000000004,8,522,832
2006,7,26,12,30,41.5,8,817,960
2006,7,26,13,30,41.2,1,789,893
2006,7,26,14,30,40.400000000000006,0,739,770
2006,7,26,15,30,39.1,8,522,583
2006,7,26,16,30,37.5,8,436,408
2006,7,26,17,30,35.1,7,232,206
2006,7,26,18,30,32.4,7,2,35
2006,7,26,19,30,30.3,7,0,0
2006,7,26,20,30,28.900000000000002,7,0,0
2006,7,26,21,30,27.900000000000002,7,0,0
2006,7,26,22,30,27.200000000000003,4,0,0
2006,7,26,23,30,26.6,7,0,0
2006,7,27,0,30,26.1,7,0,0
2006,7,27,1,30,25.700000000000003,3,0,0
2006,7,27,2,30,25.3,0,0,0
2006,7,27,3,30,25,0,0,0
2006,7,27,4,30,25,0,0,0
2006,7,27,5,30,26.200000000000003,0,137,47
2006,7,27,6,30,28.400000000000002,0,439,221
2006,7,27,7,30,30.700000000000003,0,591,420
2006,7,27,8,30,32.800000000000004,0,693,613
2006,7,27,9,30,34.800000000000004,0,751,774
2006,7,27,10,30,36.300000000000004,0,786,890
2006,7,27,11,30,37.4,0,799,948
2006,7,27,12,30,38,0,798,946
2006,7,27,13,30,38.1,0,815,890
2006,7,27,14,30,37.6,0,780,771
2006,7,27,15,30,36.5,0,723,607
2006,7,27,16,30,35,0,611,412
2006,7,27,17,30,32.800000000000004,0,448,211
2006,7,27,18,30,30.3,0,140,41
2006,7,27,19,30,28.3,0,0,0
2006,7,27,20,30,27.1,0,0,0
2006,7,27,21,30,26.200000000000003,0,0,0
2006,7,27,22,30,25.400000000000002,0,0,0
2006,7,27,23,30,24.5,0,0,0
2006,7,28,0,30,23.700000000000003,0,0,0
2006,7,28,1,30,23,0,0,0
2006,7,28,2,30,22.6,0,0,0
2006,7,28,3,30,22.200000000000003,0,0,0
2006,7,28,4,30,22.3,0,0,0
2006,7,28,5,30,23.200000000000003,0,131,46
2006,7,28,6,30,25.200000000000003,0,430,219
2006,7,28,7,30,27.5,0,602,421
2006,7,28,8,30,29.6,0,699,614
2006,7,28,9,30,31.5,0,760,776
2006,7,28,10,30,33.2,0,817,897
2006,7,28,11,30,34.4,0,826,953
2006,7,28,12,30,34.9,0,822,950
2006,7,28,13,30,35,0,810,886
2006,7,28,14,30,34.7,0,783,769
2006,7,28,15,30,34,0,732,606
2006,7,28,16,30,32.6,0,645,414
2006,7,28,17,30,30.5,0,461,210
2006,7,28,18,30,28.3,0,124,39
2006,7,28,19,30,26.700000000000003,0,0,0
2006,7,28,20,30,25.5,0,0,0
2006,7,28,21,30,24.5,0,0,0
2006,7,28,22,30,23.8,0,0,0
2006,7,28,23,30,23.200000000000003,0,0,0
2006,7,29,0,30,22.8,0,0,0
2006,7,29,1,30,22.400000000000002,0,0,0
2006,7,29,2,30,22,0,0,0
2006,7,29,3,30,21.8,0,0,0
2006,7,29,4,30,21.8,0,0,0
2006,7,29,5,30,22.6,0,109,44
2006,7,29,6,30,24.3,0,409,215
2006,7,29,7,30,26.1,0,579,416
2006,7,29,8,30,28,0,692,611
2006,7,29,9,30,29.8,0,766,776
2006,7,29,10,30,31.200000000000003,0,802,893
2006,7,29,11,30,32.2,0,824,955
2006,7,29,12,30,32.800000000000004,0,829,954
2006,7,29,13,30,32.800000000000004,0,830,893
2006,7,29,14,30,32.300000000000004,0,798,774
2006,7,29,15,30,31.3,0,746,610
2006,7,29,16,30,29.900000000000002,0,649,414
2006,7,29,17,30,28.1,0,479,210
2006,7,29,18,30,26.200000000000003,0,152,39
2006,7,29,19,30,24.900000000000002,0,0,0
2006,7,29,20,30,24,0,0,0
2006,7,29,21,30,23.3,0,0,0
2006,7,29,22,30,22.700000000000003,0,0,0
2006,7,29,23,30,22.200000000000003,0,0,0
2006,7,30,0,30,21.6,0,0,0
2006,7,30,1,30,21.1,0,0,0
2006,7,30,2,30,20.700000000000003,0,0,0
2006,7,30,3,30,20.200000000000003,0,0,0
2006,7,30,4,30,20,0,0,0
2006,7,30,5,30,20.8,3,0,32
2006,7,30,6,30,22.6,0,506,224
2006,7,30,7,30,24.900000000000002,0,659,428
2006,7,30,8,30,27.200000000000003,0,745,622
2006,7,30,9,30,29.400000000000002,0,806,786
2006,7,30,10,30,31.3,0,826,899
2006,7,30,11,30,32.800000000000004,0,844,959
2006,7,30,12,30,33.7,0,850,958
2006,7,30,13,30,33.9,0,855,899
2006,7,30,14,30,33.300000000000004,0,822,778
2006,7,30,15,30,32,0,769,613
2006,7,30,16,30,30.200000000000003,0,642,412
2006,7,30,17,30,28.1,0,468,208
2006,7,30,18,30,26.1,0,150,38
2006,7,30,19,30,24.6,0,0,0
2006,7,30,20,30,23.6,0,0,0
2006,7,30,21,30,22.6,0,0,0
2006,7,30,22,30,21.8,0,0,0
2006,7,30,23,30,21.1,0,0,0
2006,7,31,0,30,20.6,0,0,0
2006,7,31,1,30,20,0,0,0
2006,7,31,2,30,19.5,0,0,0
2006,7,31,3,30,19,0,0,0
2006,7,31,4,30,18.8,0,0,0
2006,7,31,5,30,19.8,0,250,50
2006,7,31,6,30,22,0,612,237
2006,7,31,7,30,24.400000000000002,0,778,453
2006,7,31,8,30,27,0,859,655
2006,7,31,9,30,29.400000000000002,0,904,821
2006,7,31,10,30,31.3,0,925,939
2006,7,31,11,30,32.6,0,937,1000
2006,7,31,12,30,33.300000000000004,0,934,996
2006,7,31,13,30,33.2,0,921,931
2006,7,31,14,30,32.6,0,891,808
2006,7,31,15,30,31.400000000000002,0,840,638
2006,7,31,16,30,29.700000000000003,0,763,438
2006,7,31,17,30,27.5,0,603,225
2006,7,31,18,30,25.1,0,254,42
2006,7,31,19,30,23.3,0,0,0
2006,7,31,20,30,22,0,0,0
2006,7,31,21,30,20.900000000000002,0,0,0
2006,7,31,22,30,20.1,0,0,0
2006,7,31,23,30,19.400000000000002,0,0,0
2006,8,1,0,30,18.6,0,0,0
2006,8,1,1,30,17.900000000000002,0,0,0
2006,8,1,2,30,17.2,0,0,0
2006,8,1,3,30,16.7,0,0,0
2006,8,1,4,30,16.7,0,0,0
2006,8,1,5,30,18,0,258,50
2006,8,1,6,30,20.6,0,607,241
2006,8,1,7,30,23.3,0,770,459
2006,8,1,8,30,25.900000000000002,0,858,664
2006,8,1,9,30,28.1,0,908,835
2006,8,1,10,30,29.900000000000002,0,946,956
2006,8,1,11,30,31.1,0,955,1018
2006,8,1,12,30,31.8,0,948,1012
2006,8,1,13,30,31.900000000000002,0,938,947
2006,8,1,14,30,31.400000000000002,0,906,821
2006,8,1,15,30,30.400000000000002,0,853,648
2006,8,1,16,30,28.900000000000002,0,778,444
2006,8,1,17,30,26.6,0,617,227
2006,8,1,18,30,24,0,251,41
2006,8,1,19,30,22,0,0,0
2006,8,1,20,30,20.6,0,0,0
2006,8,1,21,30,19.5,0,0,0
2006,8,1,22,30,18.7,0,0,0
2006,8,1,23,30,18,0,0,0
2006,8,2,0,30,17.400000000000002,0,0,0
2006,8,2,1,30,17,0,0,0
2006,8,2,2,30,16.6,0,0,0
2006,8,2,3,30,16.2,0,0,0
2006,8,2,4,30,16.5,0,0,0
2006,8,2,5,30,18.2,0,171,45
2006,8,2,6,30,21.400000000000002,0,541,233
2006,8,2,7,30,24.6,0,811,465
2006,8,2,8,30,27.400000000000002,0,888,671
2006,8,2,9,30,29.900000000000002,0,932,842
2006,8,2,10,30,32.1,0,956,964
2006,8,2,11,30,33.6,0,964,1023
2006,8,2,12,30,34.5,0,962,1021
2006,8,2,13,30,34.9,0,942,950
2006,8,2,14,30,34.6,0,910,822
2006,8,2,15,30,33.7,0,858,648
2006,8,2,16,30,32.1,0,783,443
2006,8,2,17,30,29.400000000000002,0,620,225
2006,8,2,18,30,26.200000000000003,0,246,39
2006,8,2,19,30,23.8,0,0,0
2006,8,2,20,30,22.3,0,0,0
2006,8,2,21,30,21.3,0,0,0
2006,8,2,22,30,20.6,0,0,0
2006,8,2,23,30,20.200000000000003,0,0,0
2006,8,3,0,30,19.8,0,0,0
2006,8,3,1,30,19.3,0,0,0
2006,8,3,2,30,18.900000000000002,0,0,0
2006,8,3,3,30,18.5,0,0,0
2006,8,3,4,30,18.6,0,0,0
2006,8,3,5,30,20,0,225,44
2006,8,3,6,30,23,0,575,228
2006,8,3,7,30,26.400000000000002,0,754,443
2006,8,3,8,30,29.200000000000003,0,832,643
2006,8,3,9,30,31.5,0,875,809
2006,8,3,10,30,33.2,0,896,925
2006,8,3,11,30,34.300000000000004,0,905,986
2006,8,3,12,30,34.800000000000004,0,897,981
2006,8,3,13,30,34.800000000000004,2,686,892
2006,8,3,14,30,34.300000000000004,0,850,790
2006,8,3,15,30,33.2,0,790,619
2006,8,3,16,30,31.3,0,682,416
2006,8,3,17,30,28.700000000000003,0,507,207
2006,8,3,18,30,25.900000000000002,0,154,33
2006,8,3,19,30,23.8,0,0,0
2006,8,3,20,30,22.3,0,0,0
2006,8,3,21,30,21.200000000000003,0,0,0
2006,8,3,22,30,20.5,0,0,0
2006,8,3,23,30,19.900000000000002,0,0,0
2006,8,4,0,30,19.400000000000002,0,0,0
2006,8,4,1,30,18.900000000000002,0,0,0
2006,8,4,2,30,18.5,0,0,0
2006,8,4,3,30,18.1,0,0,0
2006,8,4,4,30,18,0,0,0
2006,8,4,5,30,19.1,0,145,41
2006,8,4,6,30,21.5,0,502,222
2006,8,4,7,30,24.5,0,670,433
2006,8,4,8,30,27.3,0,770,634
2006,8,4,9,30,29.700000000000003,0,845,806
2006,8,4,10,30,31.700000000000003,0,916,937
2006,8,4,11,30,33,0,929,999
2006,8,4,12,30,33.5,0,931,997
2006,8,4,13,30,33.4,0,922,933
2006,8,4,14,30,32.5,0,901,811
2006,8,4,15,30,30.8,0,861,641
2006,8,4,16,30,28.400000000000002,0,794,440
2006,8,4,17,30,25.5,0,644,223
2006,8,4,18,30,22.6,0,268,36
2006,8,4,19,30,20.6,0,0,0
2006,8,4,20,30,19.200000000000003,0,0,0
2006,8,4,21,30,18.1,0,0,0
2006,8,4,22,30,17.1,0,0,0
2006,8,4,23,30,16.5,0,0,0
2006,8,5,0,30,16.1,0,0,0
2006,8,5,1,30,15.8,0,0,0
2006,8,5,2,30,15.5,0,0,0
2006,8,5,3,30,15.200000000000001,0,0,0
2006,8,5,4,30,15.4,0,0,0
2006,8,5,5,30,17.1,0,268,45
2006,8,5,6,30,20.3,0,637,237
2006,8,5,7,30,24,0,779,454
2006,8,5,8,30,27.6,0,864,660
2006,8,5,9,30,30.6,0,914,833
2006,8,5,10,30,32.7,0,946,957
2006,8,5,11,30,34,0,961,1020
2006,8,5,12,30,34.5,0,959,1015
2006,8,5,13,30,34.4,0,954,950
2006,8,5,14,30,33.6,0,930,824
2006,8,5,15,30,32.2,0,886,649
2006,8,5,16,30,30.200000000000003,0,819,444
2006,8,5,17,30,27.3,0,667,224
2006,8,5,18,30,23.900000000000002,0,288,35
2006,8,5,19,30,21.6,0,0,0
2006,8,5,20,30,20.1,0,0,0
2006,8,5,21,30,19.1,0,0,0
2006,8,5,22,30,18.400000000000002,0,0,0
2006,8,5,23,30,17.900000000000002,0,0,0
2006,8,6,0,30,17.7,0,0,0
2006,8,6,1,30,17.400000000000002,0,0,0
2006,8,6,2,30,17.1,0,0,0
2006,8,6,3,30,16.8,0,0,0
2006,8,6,4,30,17,0,0,0
2006,8,6,5,30,18.7,0,288,43
2006,8,6,6,30,21.900000000000002,0,645,232
2006,8,6,7,30,25.3,0,793,448
2006,8,6,8,30,28.200000000000003,0,871,652
2006,8,6,9,30,30.5,0,914,821
2006,8,6,10,30,32.2,0,942,943
2006,8,6,11,30,33.4,0,953,1004
2006,8,6,12,30,33.9,0,952,1002
2006,8,6,13,30,33.7,0,942,938
2006,8,6,14,30,33,0,920,815
2006,8,6,15,30,31.700000000000003,0,878,643
2006,8,6,16,30,29.8,0,810,439
2006,8,6,17,30,27.1,0,660,221
2006,8,6,18,30,23.900000000000002,0,277,33
2006,8,6,19,30,21.6,0,0,0
2006,8,6,20,30,20.1,0,0,0
2006,8,6,21,30,19,0,0,0
2006,8,6,22,30,18.1,0,0,0
2006,8,6,23,30,17.3,0,0,0
2006,8,7,0,30,16.8,0,0,0
2006,8,7,1,30,16.400000000000002,0,0,0
2006,8,7,2,30,16,0,0,0
2006,8,7,3,30,15.600000000000001,0,0,0
2006,8,7,4,30,15.600000000000001,0,0,0
2006,8,7,5,30,17,0,264,43
2006,8,7,6,30,20,0,660,238
2006,8,7,7,30,23.3,0,824,462
2006,8,7,8,30,26.3,0,907,672
2006,8,7,9,30,29.200000000000003,0,954,846
2006,8,7,10,30,31.700000000000003,0,986,974
2006,8,7,11,30,33.2,0,996,1037
2006,8,7,12,30,33.9,0,995,1034
2006,8,7,13,30,34.1,0,986,966
2006,8,7,14,30,33.7,0,962,838
2006,8,7,15,30,32.7,0,923,664
2006,8,7,16,30,31.1,0,838,450
2006,8,7,17,30,27.8,0,681,224
2006,8,7,18,30,23.900000000000002,0,281,33
2006,8,7,19,30,21.6,0,0,0
2006,8,7,20,30,20.400000000000002,0,0,0
2006,8,7,21,30,19.400000000000002,0,0,0
2006,8,7,22,30,18.7,0,0,0
2006,8,7,23,30,18,0,0,0
2006,8,8,0,30,17.5,0,0,0
2006,8,8,1,30,17,0,0,0
2006,8,8,2,30,16.400000000000002,0,0,0
2006,8,8,3,30,15.700000000000001,0,0,0
2006,8,8,4,30,15.700000000000001,0,0,0
2006,8,8,5,30,18.1,0,360,45
2006,8,8,6,30,22.3,0,731,248
2006,8,8,7,30,27.1,0,882,480
2006,8,8,8,30,31.700000000000003,0,955,694
2006,8,8,9,30,34.7,0,996,872
2006,8,8,10,30,36.6,0,1008,990
2006,8,8,11,30,37.800000000000004,0,1010,1046
2006,8,8,12,30,38.400000000000006,0,1002,1038
2006,8,8,13,30,38.400000000000006,0,984,964
2006,8,8,14,30,37.9,0,953,831
2006,8,8,15,30,36.800000000000004,0,906,654
2006,8,8,16,30,35,0,827,440
2006,8,8,17,30,31.3,0,666,217
2006,8,8,18,30,27.200000000000003,0,262,29
2006,8,8,19,30,25,0,0,0
2006,8,8,20,30,23.900000000000002,0,0,0
2006,8,8,21,30,23.200000000000003,0,0,0
2006,8,8,22,30,22.6,0,0,0
2006,8,8,23,30,21.900000000000002,0,0,0
2006,8,9,0,30,21.3,0,0,0
2006,8,9,1,30,20.6,0,0,0
2006,8,9,2,30,20,0,0,0
2006,8,9,3,30,19.6,0,0,0
2006,8,9,4,30,19.900000000000002,0,0,0
2006,8,9,5,30,22.6,0,320,40
2006,8,9,6,30,26.900000000000002,0,682,232
2006,8,9,7,30,31.8,0,828,450
2006,8,9,8,30,35.9,0,897,653
2006,8,9,9,30,37.800000000000004,0,932,819
2006,8,9,10,30,39,0,949,936
2006,8,9,11,30,39.800000000000004,0,951,992
2006,8,9,12,30,40.2,0,944,988
2006,8,9,13,30,40.2,0,923,917
2006,8,9,14,30,39.7,0,889,791
2006,8,9,15,30,38.6,0,833,617
2006,8,9,16,30,37.1,0,749,413
2006,8,9,17,30,34.300000000000004,0,574,199
2006,8,9,18,30,30.900000000000002,0,173,24
2006,8,9,19,30,28.700000000000003,0,0,0
2006,8,9,20,30,27.3,0,0,0
2006,8,9,21,30,26,0,0,0
2006,8,9,22,30,24.900000000000002,0,0,0
2006,8,9,23,30,24,0,0,0
2006,8,10,0,30,23.3,0,0,0
2006,8,10,1,30,22.900000000000002,0,0,0
2006,8,10,2,30,22.6,0,0,0
2006,8,10,3,30,22.400000000000002,0,0,0
2006,8,10,4,30,22.700000000000003,0,0,0
2006,8,10,5,30,25,0,272,37
2006,8,10,6,30,29,0,636,222
2006,8,10,7,30,33,0,790,438
2006,8,10,8,30,36,0,867,640
2006,8,10,9,30,37.800000000000004,0,908,807
2006,8,10,10,30,39,0,930,926
2006,8,10,11,30,39.7,0,934,983
2006,8,10,12,30,40,0,927,979
2006,8,10,13,30,39.7,0,913,911
2006,8,10,14,30,39,0,875,783
2006,8,10,15,30,37.800000000000004,0,817,609
2006,8,10,16,30,36,0,724,406
2006,8,10,17,30,33.2,0,547,193
2006,8,10,18,30,30,0,147,21
2006,8,10,19,30,27.6,0,0,0
2006,8,10,20,30,26.1,0,0,0
2006,8,10,21,30,24.900000000000002,0,0,0
2006,8,10,22,30,24.1,0,0,0
2006,8,10,23,30,23.5,0,0,0
2006,8,11,0,30,23,0,0,0
2006,8,11,1,30,22.5,0,0,0
2006,8,11,2,30,21.900000000000002,0,0,0
2006,8,11,3,30,21.5,0,0,0
2006,8,11,4,30,21.400000000000002,0,0,0
2006,8,11,5,30,23,1,238,34
2006,8,11,6,30,26.3,0,617,217
2006,8,11,7,30,29.900000000000002,0,783,434
2006,8,11,8,30,32.800000000000004,1,864,638
2006,8,11,9,30,34.9,0,908,807
2006,8,11,10,30,36.6,0,935,929
2006,8,11,11,30,37.6,0,945,989
2006,8,11,12,30,37.9,0,942,986
2006,8,11,13,30,37.800000000000004,0,926,919
2006,8,11,14,30,37,0,896,794
2006,8,11,15,30,35.7,0,843,618
2006,8,11,16,30,33.9,0,756,413
2006,8,11,17,30,31,0,582,196
2006,8,11,18,30,27.8,0,167,21
2006,8,11,19,30,25.5,0,0,0
2006,8,11,20,30,23.900000000000002,0,0,0
2006,8,11,21,30,22.700000000000003,0,0,0
2006,8,11,22,30,21.700000000000003,0,0,0
2006,8,11,23,30,21,0,0,0
2006,8,12,0,30,20.400000000000002,0,0,0
2006,8,12,1,30,19.8,0,0,0
2006,8,12,2,30,19.200000000000003,0,0,0
2006,8,12,3,30,18.7,0,0,0
2006,8,12,4,30,18.5,0,0,0
2006,8,12,5,30,20.1,0,253,34
2006,8,12,6,30,23.3,0,650,225
2006,8,12,7,30,26.700000000000003,0,798,447
2006,8,12,8,30,29.700000000000003,0,881,655
2006,8,12,9,30,32.2,0,927,829
2006,8,12,10,30,33.9,0,958,955
2006,8,12,11,30,34.9,0,969,1017
2006,8,12,12,30,35.300000000000004,0,968,1013
2006,8,12,13,30,35.1,0,955,943
2006,8,12,14,30,34.4,0,929,814
2006,8,12,15,30,33.1,0,886,639
2006,8,12,16,30,31.3,0,801,426
2006,8,12,17,30,28.200000000000003,0,631,203
2006,8,12,18,30,24.8,0,196,21
2006,8,12,19,30,22.5,0,0,0
2006,8,12,20,30,21,0,0,0
2006,8,12,21,30,19.900000000000002,0,0,0
2006,8,12,22,30,19.1,0,0,0
2006,8,12,23,30,18.5,0,0,0
2006,8,13,0,30,18.1,0,0,0
2006,8,13,1,30,17.7,0,0,0
2006,8,13,2,30,17.3,0,0,0
2006,8,13,3,30,16.900000000000002,0,0,0
2006,8,13,4,30,16.8,0,0,0
2006,8,13,5,30,18.5,0,285,34
2006,8,13,6,30,21.8,0,677,228
2006,8,13,7,30,26,0,828,450
2006,8,13,8,30,29.900000000000002,0,907,659
2006,8,13,9,30,32.6,0,950,833
2006,8,13,10,30,34.5,0,974,956
2006,8,13,11,30,35.800000000000004,0,979,1015
2006,8,13,12,30,36.300000000000004,0,977,1011
2006,8,13,13,30,36.300000000000004,0,965,944
2006,8,13,14,30,35.5,0,938,814
2006,8,13,15,30,34.2,0,890,635
2006,8,13,16,30,32.2,0,807,423
2006,8,13,17,30,28.8,0,644,201
2006,8,13,18,30,25.1,0,207,19
2006,8,13,19,30,22.6,0,0,0
2006,8,13,20,30,21,0,0,0
2006,8,13,21,30,19.8,0,0,0
2006,8,13,22,30,19,0,0,0
2006,8,13,23,30,18.400000000000002,0,0,0
2006,8,14,0,30,17.900000000000002,0,0,0
2006,8,14,1,30,17.5,1,0,0
2006,8,14,2,30,17.2,0,0,0
2006,8,14,3,30,17,0,0,0
2006,8,14,4,30,17,0,0,0
2006,8,14,5,30,18.7,0,281,33
2006,8,14,6,30,22,0,680,226
2006,8,14,7,30,25.6,0,806,446
2006,8,14,8,30,28.900000000000002,0,892,657
2006,8,14,9,30,31.6,0,942,833
2006,8,14,10,30,33.6,0,969,957
2006,8,14,11,30,34.800000000000004,0,981,1020
2006,8,14,12,30,35.4,0,980,1016
2006,8,14,13,30,35.4,0,973,946
2006,8,14,14,30,34.7,0,945,815
2006,8,14,15,30,33.4,0,897,635
2006,8,14,16,30,31.3,0,821,425
2006,8,14,17,30,27.900000000000002,0,651,199
2006,8,14,18,30,24.200000000000003,0,198,18
2006,8,14,19,30,21.8,0,0,0
2006,8,14,20,30,20.200000000000003,0,0,0
2006,8,14,21,30,19.1,0,0,0
2006,8,14,22,30,18.3,0,0,0
2006,8,14,23,30,17.900000000000002,0,0,0
2006,8,15,0,30,17.6,0,0,0
2006,8,15,1,30,17.2,0,0,0
2006,8,15,2,30,16.8,0,0,0
2006,8,15,3,30,16.3,0,0,0
2006,8,15,4,30,16.2,0,0,0
2006,8,15,5,30,17.900000000000002,0,268,31
2006,8,15,6,30,21.200000000000003,0,674,223
2006,8,15,7,30,25.200000000000003,0,830,447
2006,8,15,8,30,28.8,0,908,658
2006,8,15,9,30,31.200000000000003,0,951,832
2006,8,15,10,30,32.9,0,971,955
2006,8,15,11,30,33.9,0,977,1013
2006,8,15,12,30,34.300000000000004,0,973,1008
2006,8,15,13,30,34.1,0,957,937
2006,8,15,14,30,33.4,0,927,806
2006,8,15,15,30,32.1,0,875,626
2006,8,15,16,30,30.3,0,791,413
2006,8,15,17,30,27.200000000000003,0,612,190
2006,8,15,18,30,23.900000000000002,0,151,15
2006,8,15,19,30,21.8,0,0,0
2006,8,15,20,30,20.400000000000002,0,0,0
2006,8,15,21,30,19.400000000000002,0,0,0
2006,8,15,22,30,18.6,0,0,0
2006,8,15,23,30,18,0,0,0
2006,8,16,0,30,17.400000000000002,0,0,0
2006,8,16,1,30,16.8,0,0,0
2006,8,16,2,30,16.2,0,0,0
2006,8,16,3,30,15.700000000000001,0,0,0
2006,8,16,4,30,15.700000000000001,0,0,0
2006,8,16,5,30,17.3,0,231,29
2006,8,16,6,30,20.6,0,644,218
2006,8,16,7,30,24.6,0,808,441
2006,8,16,8,30,28,0,895,654
2006,8,16,9,30,30.5,0,940,829
2006,8,16,10,30,32.300000000000004,0,965,952
2006,8,16,11,30,33.5,0,975,1014
2006,8,16,12,30,34.1,0,971,1009
2006,8,16,13,30,34.2,0,959,935
2006,8,16,14,30,33.6,0,928,804
2006,8,16,15,30,32.4,0,870,621
2006,8,16,16,30,30.5,0,769,406
2006,8,16,17,30,27.400000000000002,0,578,184
2006,8,16,18,30,24.1,0,108,13
2006,8,16,19,30,22,0,0,0
2006,8,16,20,30,20.5,0,0,0
2006,8,16,21,30,19.3,0,0,0
2006,8,16,22,30,18.3,0,0,0
2006,8,16,23,30,17.3,0,0,0
2006,8,17,0,30,16.6,0,0,0
2006,8,17,1,30,16,3,0,0
2006,8,17,2,30,15.700000000000001,3,0,0
2006,8,17,3,30,15.5,3,0,0
2006,8,17,4,30,15.700000000000001,0,0,0
2006,8,17,5,30,17.400000000000002,0,226,27
2006,8,17,6,30,21,0,649,217
2006,8,17,7,30,25.200000000000003,0,814,443
2006,8,17,8,30,28.8,0,899,655
2006,8,17,9,30,31.400000000000002,0,948,831
2006,8,17,10,30,33.2,0,975,955
2006,8,17,11,30,34.300000000000004,0,991,1021
2006,8,17,12,30,34.9,0,990,1017
2006,8,17,13,30,34.800000000000004,0,977,945
2006,8,17,14,30,34.2,0,949,813
2006,8,17,15,30,33.1,0,899,630
2006,8,17,16,30,31.3,0,811,414
2006,8,17,17,30,27.700000000000003,0,629,189
2006,8,17,18,30,23.900000000000002,0,0,0
2006,8,17,19,30,21.900000000000002,0,0,0
2006,8,17,20,30,20.6,0,0,0
2006,8,17,21,30,19.8,0,0,0
2006,8,17,22,30,19.3,0,0,0
2006,8,17,23,30,19,0,0,0
2006,8,18,0,30,18.6,0,0,0
2006,8,18,1,30,18.2,0,0,0
2006,8,18,2,30,17.900000000000002,0,0,0
2006,8,18,3,30,17.7,0,0,0
2006,8,18,4,30,18,0,0,0
2006,8,18,5,30,19.700000000000003,0,252,27
2006,8,18,6,30,23.1,0,672,216
2006,8,18,7,30,27.1,0,828,439
2006,8,18,8,30,30.6,0,906,648
2006,8,18,9,30,32.7,0,945,819
2006,8,18,10,30,34.2,0,968,941
2006,8,18,11,30,35.2,0,978,1002
2006,8,18,12,30,35.7,0,972,994
2006,8,18,13,30,35.800000000000004,0,957,922
2006,8,18,14,30,35.300000000000004,0,928,792
2006,8,18,15,30,34.2,0,877,612
2006,8,18,16,30,32.4,0,792,400
2006,8,18,17,30,29.1,0,609,179
2006,8,18,18,30,25.700000000000003,0,0,0
2006,8,18,19,30,23.8,0,0,0
2006,8,18,20,30,22.6,0,0,0
2006,8,18,21,30,21.700000000000003,0,0,0
2006,8,18,22,30,21,0,0,0
2006,8,18,23,30,20.400000000000002,0,0,0
2006,8,19,0,30,19.8,0,0,0
2006,8,19,1,30,19.3,0,0,0
2006,8,19,2,30,18.900000000000002,0,0,0
2006,8,19,3,30,18.6,0,0,0
2006,8,19,4,30,18.6,0,0,0
2006,8,19,5,30,20.400000000000002,0,234,25
2006,8,19,6,30,23.8,0,664,213
2006,8,19,7,30,27.8,0,825,436
2006,8,19,8,30,31.400000000000002,0,905,646
2006,8,19,9,30,33.5,0,950,820
2006,8,19,10,30,34.9,0,975,942
2006,8,19,11,30,35.7,0,983,1003
2006,8,19,12,30,36,0,978,997
2006,8,19,13,30,36,0,964,925
2006,8,19,14,30,35.4,0,934,793
2006,8,19,15,30,34.2,0,882,612
2006,8,19,16,30,32.300000000000004,0,789,398
2006,8,19,17,30,28.900000000000002,0,600,176
2006,8,19,18,30,25.200000000000003,0,0,0
2006,8,19,19,30,22.900000000000002,0,0,0
2006,8,19,20,30,21.400000000000002,0,0,0
2006,8,19,21,30,20.200000000000003,0,0,0
2006,8,19,22,30,19.400000000000002,0,0,0
2006,8,19,23,30,18.900000000000002,0,0,0
2006,8,20,0,30,18.400000000000002,0,0,0
2006,8,20,1,30,17.900000000000002,0,0,0
2006,8,20,2,30,17.400000000000002,0,0,0
2006,8,20,3,30,17,0,0,0
2006,8,20,4,30,16.8,0,0,0
2006,8,20,5,30,18.5,0,243,24
2006,8,20,6,30,21.700000000000003,0,675,213
2006,8,20,7,30,26.200000000000003,0,838,438
2006,8,20,8,30,30.700000000000003,0,920,650
2006,8,20,9,30,33.6,0,964,825
2006,8,20,10,30,35.5,0,990,952
2006,8,20,11,30,36.800000000000004,0,999,1013
2006,8,20,12,30,37.5,0,995,1007
2006,8,20,13,30,37.7,0,977,934
2006,8,20,14,30,37.2,0,947,800
2006,8,20,15,30,36,0,895,616
2006,8,20,16,30,34,0,811,403
2006,8,20,17,30,29.8,0,620,177
2006,8,20,18,30,25.700000000000003,0,0,0
2006,8,20,19,30,23.6,0,0,0
2006,8,20,20,30,22.3,0,0,0
2006,8,20,21,30,21.400000000000002,0,0,0
2006,8,20,22,30,20.900000000000002,0,0,0
2006,8,20,23,30,20.6,0,0,0
2006,8,21,0,30,20.400000000000002,0,0,0
2006,8,21,1,30,20.1,0,0,0
2006,8,21,2,30,19.900000000000002,0,0,0
2006,8,21,3,30,19.900000000000002,0,0,0
2006,8,21,4,30,20.3,0,0,0
2006,8,21,5,30,22.200000000000003,0,202,22
2006,8,21,6,30,25.700000000000003,0,640,206
2006,8,21,7,30,29.900000000000002,0,808,427
2006,8,21,8,30,34.2,0,892,636
2006,8,21,9,30,37,0,935,807
2006,8,21,10,30,38.7,0,960,929
2006,8,21,11,30,39.6,0,967,986
2006,8,21,12,30,39.900000000000006,0,964,980
2006,8,21,13,30,39.900000000000006,0,950,908
2006,8,21,14,30,39.2,0,922,777
2006,8,21,15,30,38.1,0,872,597
2006,8,21,16,30,36.300000000000004,0,782,385
2006,8,21,17,30,32.6,0,595,166
2006,8,21,18,30,28.8,0,0,0
2006,8,21,19,30,27.200000000000003,0,0,0
2006,8,21,20,30,26.200000000000003,0,0,0
2006,8,21,21,30,25.5,0,0,0
2006,8,21,22,30,24.900000000000002,0,0,0
2006,8,21,23,30,24.5,0,0,0
2006,8,22,0,30,24.400000000000002,0,0,0
2006,8,22,1,30,24.400000000000002,0,0,0
2006,8,22,2,30,24.3,0,0,0
2006,8,22,3,30,24.200000000000003,0,0,0
2006,8,22,4,30,24,0,0,0
2006,8,22,5,30,25.6,0,157,19
2006,8,22,6,30,29.200000000000003,0,592,195
2006,8,22,7,30,33.4,0,764,411
2006,8,22,8,30,36.9,0,845,614
2006,8,22,9,30,38.7,0,886,780
2006,8,22,10,30,39.900000000000006,0,904,896
2006,8,22,11,30,40.6,0,904,951
2006,8,22,12,30,40.800000000000004,0,894,943
2006,8,22,13,30,40.7,0,877,871
2006,8,22,14,30,40.1,0,835,741
2006,8,22,15,30,39,0,764,561
2006,8,22,16,30,37.4,0,662,357
2006,8,22,17,30,34.7,0,430,146
2006,8,22,18,30,31.700000000000003,0,0,0
2006,8,22,19,30,29.900000000000002,0,0,0
2006,8,22,20,30,28.6,3,0,0
2006,8,22,21,30,27.5,1,0,0
2006,8,22,22,30,26.8,7,0,0
2006,8,22,23,30,26.3,0,0,0
2006,8,23,0,30,25.8,0,0,0
2006,8,23,1,30,25.400000000000002,0,0,0
2006,8,23,2,30,25,0,0,0
2006,8,23,3,30,24.700000000000003,0,0,0
2006,8,23,4,30,24.700000000000003,0,0,0
2006,8,23,5,30,26.3,0,126,17
2006,8,23,6,30,29.6,0,559,188
2006,8,23,7,30,33.2,0,734,401
2006,8,23,8,30,36,0,824,604
2006,8,23,9,30,37.800000000000004,0,874,772
2006,8,23,10,30,39,0,901,891
2006,8,23,11,30,39.900000000000006,0,911,948
2006,8,23,12,30,40.2,0,906,941
2006,8,23,13,30,40,0,899,872
2006,8,23,14,30,39.300000000000004,0,862,742
2006,8,23,15,30,38,0,798,564
2006,8,23,16,30,36.2,0,686,356
2006,8,23,17,30,33.300000000000004,0,466,144
2006,8,23,18,30,30.1,0,0,0
2006,8,23,19,30,28.1,0,0,0
2006,8,23,20,30,27,0,0,0
2006,8,23,21,30,26.1,0,0,0
2006,8,23,22,30,25.400000000000002,0,0,0
2006,8,23,23,30,24.700000000000003,0,0,0
2006,8,24,0,30,24,0,0,0
2006,8,24,1,30,23.3,0,0,0
2006,8,24,2,30,22.700000000000003,0,0,0
2006,8,24,3,30,22.200000000000003,0,0,0
2006,8,24,4,30,21.8,0,0,0
2006,8,24,5,30,23.5,0,200,18
2006,8,24,6,30,27,0,659,201
2006,8,24,7,30,30.6,0,829,425
2006,8,24,8,30,33.6,0,912,637
2006,8,24,9,30,35.7,0,954,811
2006,8,24,10,30,37.1,0,975,933
2006,8,24,11,30,37.9,0,982,992
2006,8,24,12,30,38.2,0,973,981
2006,8,24,13,30,37.9,0,950,904
2006,8,24,14,30,37.1,0,914,769
2006,8,24,15,30,35.7,0,854,585
2006,8,24,16,30,33.7,0,755,371
2006,8,24,17,30,30.400000000000002,0,547,152
2006,8,24,18,30,26.900000000000002,0,0,0
2006,8,24,19,30,24.8,0,0,0
2006,8,24,20,30,23.200000000000003,0,0,0
2006,8,24,21,30,22,0,0,0
2006,8,24,22,30,21.1,0,0,0
2006,8,24,23,30,20.400000000000002,0,0,0
2006,8,25,0,30,19.900000000000002,0,0,0
2006,8,25,1,30,19.400000000000002,0,0,0
2006,8,25,2,30,18.900000000000002,0,0,0
2006,8,25,3,30,18.400000000000002,0,0,0
2006,8,25,4,30,18.2,0,0,0
2006,8,25,5,30,19.8,0,183,17
2006,8,25,6,30,23.3,0,641,197
2006,8,25,7,30,27,0,806,419
2006,8,25,8,30,30.3,0,894,630
2006,8,25,9,30,32.800000000000004,0,940,804
2006,8,25,10,30,34.5,0,964,925
2006,8,25,11,30,35.4,0,976,988
2006,8,25,12,30,35.7,0,971,980
2006,8,25,13,30,35.300000000000004,0,954,905
2006,8,25,14,30,34.300000000000004,0,921,770
2006,8,25,15,30,32.800000000000004,0,863,586
2006,8,25,16,30,30.700000000000003,0,763,372
2006,8,25,17,30,27.5,0,553,150
2006,8,25,18,30,24.200000000000003,0,0,0
2006,8,25,19,30,22.200000000000003,0,0,0
2006,8,25,20,30,20.900000000000002,0,0,0
2006,8,25,21,30,19.700000000000003,0,0,0
2006,8,25,22,30,18.7,0,0,0
2006,8,25,23,30,17.900000000000002,0,0,0
2006,8,26,0,30,17.1,0,0,0
2006,8,26,1,30,16.6,0,0,0
2006,8,26,2,30,16.3,0,0,0
2006,8,26,3,30,16.1,0,0,0
2006,8,26,4,30,16.1,0,0,0
2006,8,26,5,30,17.8,0,180,16
2006,8,26,6,30,21.3,0,657,198
2006,8,26,7,30,25.400000000000002,0,824,423
2006,8,26,8,30,29.1,0,909,634
2006,8,26,9,30,31.700000000000003,0,953,809
2006,8,26,10,30,33.5,0,976,931
2006,8,26,11,30,34.800000000000004,0,985,990
2006,8,26,12,30,35.4,0,982,982
2006,8,26,13,30,35.5,0,969,907
2006,8,26,14,30,34.9,0,935,772
2006,8,26,15,30,33.9,0,875,586
2006,8,26,16,30,32,0,786,371
2006,8,26,17,30,28.200000000000003,0,570,148
2006,8,26,18,30,24.6,0,0,0
2006,8,26,19,30,22.900000000000002,0,0,0
2006,8,26,20,30,22,0,0,0
2006,8,26,21,30,21.6,0,0,0
2006,8,26,22,30,21.3,0,0,0
2006,8,26,23,30,21,0,0,0
2006,8,27,0,30,20.5,0,0,0
2006,8,27,1,30,19.900000000000002,0,0,0
2006,8,27,2,30,19.200000000000003,0,0,0
2006,8,27,3,30,18.5,0,0,0
2006,8,27,4,30,18.1,0,0,0
2006,8,27,5,30,19.8,0,143,14
2006,8,27,6,30,23.400000000000002,0,623,192
2006,8,27,7,30,27.900000000000002,0,825,420
2006,8,27,8,30,32.4,0,909,632
2006,8,27,9,30,35.1,0,956,806
2006,8,27,10,30,36.9,0,983,932
2006,8,27,11,30,38.1,0,993,992
2006,8,27,12,30,38.800000000000004,0,990,984
2006,8,27,13,30,39,0,971,908
2006,8,27,14,30,38.6,0,937,771
2006,8,27,15,30,37.7,0,876,583
2006,8,27,16,30,35.6,0,799,369
2006,8,27,17,30,31.700000000000003,0,587,146
2006,8,27,18,30,28.6,0,0,0
2006,8,27,19,30,27.700000000000003,0,0,0
2006,8,27,20,30,27.5,0,0,0
2006,8,27,21,30,27.200000000000003,0,0,0
2006,8,27,22,30,26.8,0,0,0
2006,8,27,23,30,26.400000000000002,0,0,0
2006,8,28,0,30,25.900000000000002,0,0,0
2006,8,28,1,30,25.1,0,0,0
2006,8,28,2,30,24.1,0,0,0
2006,8,28,3,30,23.400000000000002,0,0,0
2006,8,28,4,30,23,0,0,0
2006,8,28,5,30,24.200000000000003,0,132,13
2006,8,28,6,30,27.3,0,614,191
2006,8,28,7,30,31.6,0,821,418
2006,8,28,8,30,35.7,0,905,629
2006,8,28,9,30,38.1,0,950,804
2006,8,28,10,30,39.400000000000006,0,974,926
2006,8,28,11,30,40.1,0,983,985
2006,8,28,12,30,40.5,0,980,977
2006,8,28,13,30,40.6,0,968,902
2006,8,28,14,30,40.2,0,931,763
2006,8,28,15,30,39.2,0,870,577
2006,8,28,16,30,37.1,0,761,359
2006,8,28,17,30,33.1,0,526,137
2006,8,28,18,30,29.400000000000002,0,0,0
2006,8,28,19,30,27.5,0,0,0
2006,8,28,20,30,26.200000000000003,0,0,0
2006,8,28,21,30,25.3,0,0,0
2006,8,28,22,30,24.5,0,0,0
2006,8,28,23,30,23.900000000000002,0,0,0
2006,8,29,0,30,23.400000000000002,0,0,0
2006,8,29,1,30,23.1,1,0,0
2006,8,29,2,30,22.900000000000002,0,0,0
2006,8,29,3,30,22.700000000000003,3,0,0
2006,8,29,4,30,22.8,4,0,0
2006,8,29,5,30,24.3,0,0,0
2006,8,29,6,30,27.5,0,588,183
2006,8,29,7,30,31.6,0,779,404
2006,8,29,8,30,35.4,0,866,610
2006,8,29,9,30,37.6,0,916,782
2006,8,29,10,30,39,0,940,900
2006,8,29,11,30,39.7,0,950,959
2006,8,29,12,30,40,0,942,947
2006,8,29,13,30,39.900000000000006,0,921,870
2006,8,29,14,30,39.1,0,884,735
2006,8,29,15,30,37.800000000000004,0,817,551
2006,8,29,16,30,35.800000000000004,0,699,337
2006,8,29,17,30,32.4,0,464,125
2006,8,29,18,30,29.1,0,0,0
2006,8,29,19,30,27.400000000000002,0,0,0
2006,8,29,20,30,26.200000000000003,0,0,0
2006,8,29,21,30,25.200000000000003,0,0,0
2006,8,29,22,30,24.3,0,0,0
2006,8,29,23,30,23.400000000000002,0,0,0
2006,8,30,0,30,22.6,0,0,0
2006,8,30,1,30,21.900000000000002,0,0,0
2006,8,30,2,30,21.400000000000002,0,0,0
2006,8,30,3,30,21,0,0,0
2006,8,30,4,30,21,0,0,0
2006,8,30,5,30,22.5,0,0,0
2006,8,30,6,30,25.700000000000003,0,600,180
2006,8,30,7,30,29.6,0,781,398
2006,8,30,8,30,33.4,0,873,606
2006,8,30,9,30,35.9,0,919,777
2006,8,30,10,30,37.4,0,945,898
2006,8,30,11,30,38.300000000000004,0,951,955
2006,8,30,12,30,38.7,0,942,944
2006,8,30,13,30,38.5,0,928,871
2006,8,30,14,30,37.9,0,890,735
2006,8,30,15,30,36.7,0,829,553
2006,8,30,16,30,34.7,0,729,341
2006,8,30,17,30,31,0,499,125
2006,8,30,18,30,27.400000000000002,0,0,0
2006,8,30,19,30,25.700000000000003,0,0,0
2006,8,30,20,30,24.3,0,0,0
2006,8,30,21,30,23.200000000000003,0,0,0
2006,8,30,22,30,22.200000000000003,0,0,0
2006,8,30,23,30,21.5,0,0,0
2006,8,31,0,30,21,0,0,0
2006,8,31,1,30,20.700000000000003,0,0,0
2006,8,31,2,30,20.5,0,0,0
2006,8,31,3,30,20.400000000000002,0,0,0
2006,8,31,4,30,20.3,0,0,0
2006,8,31,5,30,22,0,0,0
2006,8,31,6,30,25.5,0,610,180
2006,8,31,7,30,29.900000000000002,0,791,400
2006,8,31,8,30,33.7,0,878,607
2006,8,31,9,30,35.9,0,922,776
2006,8,31,10,30,37.4,0,945,895
2006,8,31,11,30,38.300000000000004,0,952,952
2006,8,31,12,30,38.7,0,946,941
2006,8,31,13,30,38.6,0,924,865
2006,8,31,14,30,38,0,883,728
2006,8,31,15,30,36.800000000000004,0,817,544
2006,8,31,16,30,34.9,0,703,331
2006,8,31,17,30,31.400000000000002,0,458,118
2006,8,31,18,30,28,0,0,0
2006,8,31,19,30,26.400000000000002,0,0,0
2006,8,31,20,30,25.3,0,0,0
2006,8,31,21,30,24.3,0,0,0
2006,8,31,22,30,23.5,0,0,0
2006,8,31,23,30,23,0,0,0
2006,9,1,0,30,22.400000000000002,0,0,0
2006,9,1,1,30,21.900000000000002,0,0,0
2006,9,1,2,30,21.400000000000002,0,0,0
2006,9,1,3,30,21,0,0,0
2006,9,1,4,30,20.900000000000002,0,0,0
2006,9,1,5,30,22.6,0,0,0
2006,9,1,6,30,26.1,0,608,179
2006,9,1,7,30,30.3,0,793,399
2006,9,1,8,30,34.300000000000004,0,882,608
2006,9,1,9,30,36.7,0,930,780
2006,9,1,10,30,38.1,0,956,900
2006,9,1,11,30,39.1,0,962,955
2006,9,1,12,30,39.6,0,956,944
2006,9,1,13,30,39.6,0,936,867
2006,9,1,14,30,39.1,0,896,730
2006,9,1,15,30,38.1,0,827,544
2006,9,1,16,30,36.2,0,711,329
2006,9,1,17,30,32.5,0,459,114
2006,9,1,18,30,29.400000000000002,0,0,0
2006,9,1,19,30,28.1,0,0,0
2006,9,1,20,30,27.3,0,0,0
2006,9,1,21,30,26.200000000000003,0,0,0
2006,9,1,22,30,25.1,0,0,0
2006,9,1,23,30,24,0,0,0
2006,9,2,0,30,23.1,0,0,0
2006,9,2,1,30,22.3,0,0,0
2006,9,2,2,30,21.700000000000003,0,0,0
2006,9,2,3,30,21.200000000000003,0,0,0
2006,9,2,4,30,21,0,0,0
2006,9,2,5,30,22.8,0,0,0
2006,9,2,6,30,26.5,0,588,175
2006,9,2,7,30,30.900000000000002,0,787,396
2006,9,2,8,30,35.2,0,875,603
2006,9,2,9,30,37.7,0,920,772
2006,9,2,10,30,39.1,0,947,892
2006,9,2,11,30,39.800000000000004,0,952,946
2006,9,2,12,30,40.1,1,942,932
2006,9,2,13,30,40,2,696,842
2006,9,2,14,30,39.400000000000006,3,28,366
2006,9,2,15,30,38.300000000000004,8,75,296
2006,9,2,16,30,36.5,8,0,62
2006,9,2,17,30,33.300000000000004,3,18,80
2006,9,2,18,30,30.400000000000002,0,0,0
2006,9,2,19,30,29.200000000000003,0,0,0
2006,9,2,20,30,28.1,0,0,0
2006,9,2,21,30,26.8,0,0,0
2006,9,2,22,30,25.6,0,0,0
2006,9,2,23,30,24.700000000000003,0,0,0
2006,9,3,0,30,24.1,0,0,0
2006,9,3,1,30,23.8,0,0,0
2006,9,3,2,30,23.5,0,0,0
2006,9,3,3,30,23.1,0,0,0
2006,9,3,4,30,22.700000000000003,0,0,0
2006,9,3,5,30,24.1,0,0,0
2006,9,3,6,30,27.400000000000002,0,557,167
2006,9,3,7,30,31.400000000000002,0,756,384
2006,9,3,8,30,34.800000000000004,0,842,587
2006,9,3,9,30,36.7,0,889,756
2006,9,3,10,30,37.9,0,913,873
2006,9,3,11,30,38.800000000000004,0,917,926
2006,9,3,12,30,39.2,0,906,914
2006,9,3,13,30,39.1,3,5,390
2006,9,3,14,30,38.5,8,340,550
2006,9,3,15,30,37.4,3,311,445
2006,9,3,16,30,35.7,4,0,12
2006,9,3,17,30,32.6,3,4,69
2006,9,3,18,30,29.700000000000003,3,0,0
2006,9,3,19,30,28.3,1,0,0
2006,9,3,20,30,27.5,0,0,0
2006,9,3,21,30,26.900000000000002,0,0,0
2006,9,3,22,30,26.400000000000002,0,0,0
2006,9,3,23,30,25.700000000000003,0,0,0
2006,9,4,0,30,24.900000000000002,0,0,0
2006,9,4,1,30,24,0,0,0
2006,9,4,2,30,23.200000000000003,0,0,0
2006,9,4,3,30,22.6,0,0,0
2006,9,4,4,30,22.200000000000003,0,0,0
2006,9,4,5,30,23.700000000000003,0,0,0
2006,9,4,6,30,27.1,0,485,159
2006,9,4,7,30,31.5,0,777,384
2006,9,4,8,30,35.2,0,863,587
2006,9,4,9,30,37.1,0,905,753
2006,9,4,10,30,38.300000000000004,0,926,868
2006,9,4,11,30,39,0,924,920
2006,9,4,12,30,39.1,1,905,905
2006,9,4,13,30,38.800000000000004,2,660,818
2006,9,4,14,30,38.1,2,574,686
2006,9,4,15,30,37.1,3,247,418
2006,9,4,16,30,35.7,1,595,297
2006,9,4,17,30,33.2,3,13,74
2006,9,4,18,30,30.6,3,0,0
2006,9,4,19,30,29,0,0,0
2006,9,4,20,30,28.1,0,0,0
2006,9,4,21,30,27.5,0,0,0
2006,9,4,22,30,27,0,0,0
2006,9,4,23,30,26.400000000000002,0,0,0
2006,9,5,0,30,25.700000000000003,0,0,0
2006,9,5,1,30,25.3,0,0,0
2006,9,5,2,30,24.900000000000002,0,0,0
2006,9,5,3,30,24.6,0,0,0
2006,9,5,4,30,24.400000000000002,0,0,0
2006,9,5,5,30,25.6,0,0,0
2006,9,5,6,30,28.8,0,520,159
2006,9,5,7,30,32.5,0,728,372
2006,9,5,8,30,35.4,0,823,575
2006,9,5,9,30,37.1,0,872,741
2006,9,5,10,30,38.300000000000004,0,904,858
2006,9,5,11,30,39,0,907,909
2006,9,5,12,30,39.400000000000006,0,897,896
2006,9,5,13,30,39.2,0,880,818
2006,9,5,14,30,38.5,0,829,681
2006,9,5,15,30,37.4,2,477,486
2006,9,5,16,30,35.9,3,21,181
2006,9,5,17,30,33.800000000000004,3,0,44
2006,9,5,18,30,31.6,0,0,0
2006,9,5,19,30,30.200000000000003,0,0,0
2006,9,5,20,30,29.1,0,0,0
2006,9,5,21,30,28,0,0,0
2006,9,5,22,30,27,0,0,0
2006,9,5,23,30,26.200000000000003,0,0,0
2006,9,6,0,30,25.5,0,0,0
2006,9,6,1,30,24.700000000000003,0,0,0
2006,9,6,2,30,24.1,0,0,0
2006,9,6,3,30,23.6,0,0,0
2006,9,6,4,30,23.200000000000003,0,0,0
2006,9,6,5,30,24.400000000000002,0,0,0
2006,9,6,6,30,27.400000000000002,0,522,157
2006,9,6,7,30,31.400000000000002,0,724,370
2006,9,6,8,30,34.9,0,821,574
2006,9,6,9,30,37,0,876,744
2006,9,6,10,30,38.300000000000004,0,906,861
2006,9,6,11,30,39.1,0,914,916
2006,9,6,12,30,39.5,0,908,905
2006,9,6,13,30,39.400000000000006,0,887,828
2006,9,6,14,30,38.7,0,833,687
2006,9,6,15,30,37.5,0,744,502
2006,9,6,16,30,35.6,0,620,292
2006,9,6,17,30,32.7,0,324,86
2006,9,6,18,30,30,0,0,0
2006,9,6,19,30,28.3,0,0,0
2006,9,6,20,30,27.1,0,0,0
2006,9,6,21,30,26.1,0,0,0
2006,9,6,22,30,25.3,0,0,0
2006,9,6,23,30,24.5,0,0,0
2006,9,7,0,30,23.8,0,0,0
2006,9,7,1,30,23.200000000000003,0,0,0
2006,9,7,2,30,22.700000000000003,0,0,0
2006,9,7,3,30,22.400000000000002,0,0,0
2006,9,7,4,30,22.1,0,0,0
2006,9,7,5,30,22.900000000000002,0,0,0
2006,9,7,6,30,25.6,0,511,156
2006,9,7,7,30,29.3,0,731,373
2006,9,7,8,30,32.5,0,833,580
2006,9,7,9,30,34.800000000000004,0,885,749
2006,9,7,10,30,36.300000000000004,0,917,868
2006,9,7,11,30,37.2,0,925,923
2006,9,7,12,30,37.5,0,912,907
2006,9,7,13,30,37.2,0,879,824
2006,9,7,14,30,36.300000000000004,0,821,682
2006,9,7,15,30,34.9,0,728,494
2006,9,7,16,30,32.7,0,585,283
2006,9,7,17,30,29.700000000000003,0,295,81
2006,9,7,18,30,26.8,0,0,0
2006,9,7,19,30,24.8,0,0,0
2006,9,7,20,30,23.200000000000003,0,0,0
2006,9,7,21,30,21.8,0,0,0
2006,9,7,22,30,20.700000000000003,0,0,0
2006,9,7,23,30,19.8,0,0,0
2006,9,8,0,30,19,0,0,0
2006,9,8,1,30,18.400000000000002,0,0,0
2006,9,8,2,30,17.900000000000002,0,0,0
2006,9,8,3,30,17.5,0,0,0
2006,9,8,4,30,17.1,0,0,0
2006,9,8,5,30,18.3,0,0,0
2006,9,8,6,30,21.200000000000003,0,561,161
2006,9,8,7,30,24.6,0,768,382
2006,9,8,8,30,28,0,867,592
2006,9,8,9,30,30.6,0,918,763
2006,9,8,10,30,32.300000000000004,0,944,881
2006,9,8,11,30,33.1,0,948,935
2006,9,8,12,30,33.300000000000004,0,937,921
2006,9,8,13,30,33,0,929,844
2006,9,8,14,30,32.2,0,888,703
2006,9,8,15,30,30.700000000000003,0,819,515
2006,9,8,16,30,28.5,0,671,297
2006,9,8,17,30,25.400000000000002,0,383,86
2006,9,8,18,30,22.5,0,0,0
2006,9,8,19,30,20.700000000000003,0,0,0
2006,9,8,20,30,19.400000000000002,0,0,0
2006,9,8,21,30,18.400000000000002,0,0,0
2006,9,8,22,30,17.5,0,0,0
2006,9,8,23,30,16.7,0,0,0
2006,9,9,0,30,16,0,0,0
2006,9,9,1,30,15.4,0,0,0
2006,9,9,2,30,14.8,0,0,0
2006,9,9,3,30,14.5,0,0,0
2006,9,9,4,30,14.200000000000001,0,0,0
2006,9,9,5,30,15.3,0,0,0
2006,9,9,6,30,18.1,0,556,161
2006,9,9,7,30,21.5,0,770,384
2006,9,9,8,30,24.8,0,873,597
2006,9,9,9,30,27.700000000000003,0,925,769
2006,9,9,10,30,29.8,0,961,891
2006,9,9,11,30,31.1,0,968,943
2006,9,9,12,30,31.700000000000003,0,963,930
2006,9,9,13,30,31.700000000000003,0,945,847
2006,9,9,14,30,31.200000000000003,0,906,705
2006,9,9,15,30,30,0,836,516
2006,9,9,16,30,28,0,707,297
2006,9,9,17,30,24.700000000000003,0,408,83
2006,9,9,18,30,21.700000000000003,0,0,0
2006,9,9,19,30,20,0,0,0
2006,9,9,20,30,18.8,0,0,0
2006,9,9,21,30,17.900000000000002,0,0,0
2006,9,9,22,30,17.1,0,0,0
2006,9,9,23,30,16.6,0,0,0
2006,9,10,0,30,16.1,0,0,0
2006,9,10,1,30,15.700000000000001,0,0,0
2006,9,10,2,30,15.3,0,0,0
2006,9,10,3,30,14.8,0,0,0
2006,9,10,4,30,14.4,0,0,0
2006,9,10,5,30,15.4,0,0,0
2006,9,10,6,30,18,0,544,155
2006,9,10,7,30,21.900000000000002,0,758,376
2006,9,10,8,30,26.3,0,862,586
2006,9,10,9,30,29.6,0,918,759
2006,9,10,10,30,31.700000000000003,0,956,883
2006,9,10,11,30,32.9,0,969,939
2006,9,10,12,30,33.5,0,968,926
2006,9,10,13,30,33.6,0,945,844
2006,9,10,14,30,33.2,0,911,703
2006,9,10,15,30,32.2,0,843,512
2006,9,10,16,30,30,0,717,293
2006,9,10,17,30,26.3,0,425,81
2006,9,10,18,30,23.400000000000002,0,0,0
2006,9,10,19,30,22.1,0,0,0
2006,9,10,20,30,21.3,0,0,0
2006,9,10,21,30,20.8,0,0,0
2006,9,10,22,30,20.6,0,0,0
2006,9,10,23,30,20.6,0,0,0
2006,9,11,0,30,20.5,0,0,0
2006,9,11,1,30,20,0,0,0
2006,9,11,2,30,19.3,0,0,0
2006,9,11,3,30,18.7,0,0,0
2006,9,11,4,30,18.2,0,0,0
2006,9,11,5,30,19.400000000000002,0,0,0
2006,9,11,6,30,22.8,0,550,152
2006,9,11,7,30,27.200000000000003,0,771,372
2006,9,11,8,30,31.1,0,868,579
2006,9,11,9,30,33.300000000000004,0,917,747
2006,9,11,10,30,34.6,0,946,865
2006,9,11,11,30,35.6,0,954,917
2006,9,11,12,30,36.1,0,949,903
2006,9,11,13,30,36.2,0,928,821
2006,9,11,14,30,35.800000000000004,0,891,682
2006,9,11,15,30,34.9,0,823,495
2006,9,11,16,30,33,0,690,280
2006,9,11,17,30,30.200000000000003,0,389,74
2006,9,11,18,30,28.200000000000003,0,0,0
2006,9,11,19,30,27.1,0,0,0
2006,9,11,20,30,25.900000000000002,0,0,0
2006,9,11,21,30,24.8,0,0,0
2006,9,11,22,30,23.900000000000002,0,0,0
2006,9,11,23,30,23.1,0,0,0
2006,9,12,0,30,22.3,0,0,0
2006,9,12,1,30,21.5,0,0,0
2006,9,12,2,30,20.8,0,0,0
2006,9,12,3,30,20.3,0,0,0
2006,9,12,4,30,20,0,0,0
2006,9,12,5,30,21.200000000000003,0,0,0
2006,9,12,6,30,24.3,0,507,145
2006,9,12,7,30,28.6,0,745,363
2006,9,12,8,30,32.7,0,842,568
2006,9,12,9,30,35.2,0,895,736
2006,9,12,10,30,36.800000000000004,0,921,852
2006,9,12,11,30,37.7,0,932,905
2006,9,12,12,30,38.1,0,927,892
2006,9,12,13,30,38.1,0,898,810
2006,9,12,14,30,37.6,2,609,670
2006,9,12,15,30,36.6,0,784,484
2006,9,12,16,30,34.300000000000004,0,633,270
2006,9,12,17,30,31,0,316,67
2006,9,12,18,30,28.400000000000002,0,0,0
2006,9,12,19,30,26.900000000000002,0,0,0
2006,9,12,20,30,25.6,0,0,0
2006,9,12,21,30,24.400000000000002,0,0,0
2006,9,12,22,30,23.5,0,0,0
2006,9,12,23,30,22.900000000000002,0,0,0
2006,9,13,0,30,22.400000000000002,0,0,0
2006,9,13,1,30,21.8,0,0,0
2006,9,13,2,30,21.3,0,0,0
2006,9,13,3,30,20.900000000000002,0,0,0
2006,9,13,4,30,20.6,0,0,0
2006,9,13,5,30,21.5,0,0,0
2006,9,13,6,30,24.3,0,438,138
2006,9,13,7,30,28.200000000000003,0,718,356
2006,9,13,8,30,32,0,821,561
2006,9,13,9,30,34.6,0,876,729
2006,9,13,10,30,36.1,0,885,841
2006,9,13,11,30,37,0,893,894
2006,9,13,12,30,37.300000000000004,0,883,878
2006,9,13,13,30,37,0,868,799
2006,9,13,14,30,36.300000000000004,0,810,655
2006,9,13,15,30,34.9,0,716,467
2006,9,13,16,30,32.6,0,466,243
2006,9,13,17,30,29.1,0,169,53
2006,9,13,18,30,26.1,0,0,0
2006,9,13,19,30,24.3,0,0,0
2006,9,13,20,30,22.900000000000002,0,0,0
2006,9,13,21,30,21.700000000000003,0,0,0
2006,9,13,22,30,20.700000000000003,0,0,0
2006,9,13,23,30,19.8,0,0,0
2006,9,14,0,30,19,0,0,0
2006,9,14,1,30,18.3,0,0,0
2006,9,14,2,30,17.7,0,0,0
2006,9,14,3,30,17.2,1,0,0
2006,9,14,4,30,16.7,1,0,0
2006,9,14,5,30,17,7,0,0
2006,9,14,6,30,18.5,7,1,42
2006,9,14,7,30,20.8,0,522,328
2006,9,14,8,30,23.3,0,633,524
2006,9,14,9,30,25.8,3,232,587
2006,9,14,10,30,27.8,0,795,813
2006,9,14,11,30,29.1,0,813,864
2006,9,14,12,30,29.5,0,804,849
2006,9,14,13,30,29.3,0,790,771
2006,9,14,14,30,28.400000000000002,0,727,629
2006,9,14,15,30,26.8,0,615,443
2006,9,14,16,30,24.700000000000003,0,554,249
2006,9,14,17,30,22.200000000000003,0,214,55
2006,9,14,18,30,20.1,0,0,0
2006,9,14,19,30,18.8,0,0,0
2006,9,14,20,30,17.900000000000002,0,0,0
2006,9,14,21,30,17.2,0,0,0
2006,9,14,22,30,16.7,0,0,0
2006,9,14,23,30,16.2,0,0,0
2006,9,15,0,30,15.9,0,0,0
2006,9,15,1,30,15.5,0,0,0
2006,9,15,2,30,15.200000000000001,0,0,0
2006,9,15,3,30,14.8,0,0,0
2006,9,15,4,30,14.4,0,0,0
2006,9,15,5,30,14.4,0,0,0
2006,9,15,6,30,15.3,0,501,145
2006,9,15,7,30,17,0,748,368
2006,9,15,8,30,19.1,0,869,583
2006,9,15,9,30,21.200000000000003,0,934,758
2006,9,15,10,30,22.8,0,984,884
2006,9,15,11,30,24,0,994,938
2006,9,15,12,30,24.5,0,985,921
2006,9,15,13,30,24.400000000000002,0,965,836
2006,9,15,14,30,23.8,0,918,689
2006,9,15,15,30,22.5,0,843,494
2006,9,15,16,30,20.700000000000003,0,715,273
2006,9,15,17,30,18,0,378,61
2006,9,15,18,30,15.700000000000001,0,0,0
2006,9,15,19,30,14.4,0,0,0
2006,9,15,20,30,13.5,0,0,0
2006,9,15,21,30,12.8,0,0,0
2006,9,15,22,30,12.100000000000001,0,0,0
2006,9,15,23,30,11.5,0,0,0
2006,9,16,0,30,11,0,0,0
2006,9,16,1,30,10.600000000000001,0,0,0
2006,9,16,2,30,10,0,0,0
2006,9,16,3,30,9.4,0,0,0
2006,9,16,4,30,8.9,0,0,0
2006,9,16,5,30,9.8,0,0,0
2006,9,16,6,30,12.9,0,584,149
2006,9,16,7,30,16.900000000000002,0,813,376
2006,9,16,8,30,20.3,0,912,589
2006,9,16,9,30,22.400000000000002,0,963,764
2006,9,16,10,30,24.200000000000003,0,991,887
2006,9,16,11,30,25.5,0,999,940
2006,9,16,12,30,26.400000000000002,0,993,924
2006,9,16,13,30,26.900000000000002,0,972,839
2006,9,16,14,30,26.8,0,942,697
2006,9,16,15,30,26,0,873,501
2006,9,16,16,30,23.6,0,737,275
2006,9,16,17,30,19.8,0,373,59
2006,9,16,18,30,17.400000000000002,0,0,0
2006,9,16,19,30,16.8,0,0,0
2006,9,16,20,30,16.2,0,0,0
2006,9,16,21,30,15.3,0,0,0
2006,9,16,22,30,14.5,0,0,0
2006,9,16,23,30,13.8,0,0,0
2006,9,17,0,30,13.3,0,0,0
2006,9,17,1,30,12.9,0,0,0
2006,9,17,2,30,12.600000000000001,0,0,0
2006,9,17,3,30,12.4,0,0,0
2006,9,17,4,30,12.200000000000001,0,0,0
2006,9,17,5,30,13.600000000000001,0,0,0
2006,9,17,6,30,17.5,0,585,148
2006,9,17,7,30,21.900000000000002,0,810,375
2006,9,17,8,30,25.1,0,911,589
2006,9,17,9,30,27.400000000000002,0,964,764
2006,9,17,10,30,29,0,991,883
2006,9,17,11,30,30.200000000000003,0,993,931
2006,9,17,12,30,31,0,987,914
2006,9,17,13,30,31.200000000000003,0,969,830
2006,9,17,14,30,30.900000000000002,0,931,683
2006,9,17,15,30,29.900000000000002,0,859,488
2006,9,17,16,30,27.1,0,733,267
2006,9,17,17,30,23.3,0,366,55
2006,9,17,18,30,21.200000000000003,0,0,0
2006,9,17,19,30,20.400000000000002,0,0,0
2006,9,17,20,30,19.900000000000002,0,0,0
2006,9,17,21,30,19.400000000000002,0,0,0
2006,9,17,22,30,18.900000000000002,0,0,0
2006,9,17,23,30,18.1,0,0,0
2006,9,18,0,30,17.2,0,0,0
2006,9,18,1,30,16.400000000000002,0,0,0
2006,9,18,2,30,15.8,0,0,0
2006,9,18,3,30,15.200000000000001,0,0,0
2006,9,18,4,30,14.700000000000001,0,0,0
2006,9,18,5,30,15.5,0,0,0
2006,9,18,6,30,19,0,565,142
2006,9,18,7,30,23.400000000000002,0,789,364
2006,9,18,8,30,27.200000000000003,0,890,574
2006,9,18,9,30,29.900000000000002,0,942,746
2006,9,18,10,30,31.5,0,970,864
2006,9,18,11,30,32.6,0,976,913
2006,9,18,12,30,33.300000000000004,0,971,896
2006,9,18,13,30,33.4,0,954,814
2006,9,18,14,30,33,0,913,669
2006,9,18,15,30,32,0,837,475
2006,9,18,16,30,29.200000000000003,0,689,254
2006,9,18,17,30,25.5,0,309,48
2006,9,18,18,30,23.1,0,0,0
2006,9,18,19,30,22.1,0,0,0
2006,9,18,20,30,21.3,0,0,0
2006,9,18,21,30,20.400000000000002,0,0,0
2006,9,18,22,30,19.400000000000002,0,0,0
2006,9,18,23,30,18.7,0,0,0
2006,9,19,0,30,18.2,0,0,0
2006,9,19,1,30,17.900000000000002,0,0,0
2006,9,19,2,30,17.7,0,0,0
2006,9,19,3,30,17.6,0,0,0
2006,9,19,4,30,17.3,0,0,0
2006,9,19,5,30,17.8,0,0,0
2006,9,19,6,30,20.5,0,464,132
2006,9,19,7,30,24.3,0,685,346
2006,9,19,8,30,27.6,0,809,557
2006,9,19,9,30,29.8,0,877,730
2006,9,19,10,30,31,0,934,854
2006,9,19,11,30,31.700000000000003,0,945,904
2006,9,19,12,30,32,0,942,886
2006,9,19,13,30,31.8,0,925,804
2006,9,19,14,30,30.900000000000002,0,881,658
2006,9,19,15,30,29.400000000000002,0,799,463
2006,9,19,16,30,26.900000000000002,0,643,244
2006,9,19,17,30,23.3,0,260,42
2006,9,19,18,30,20.5,0,0,0
2006,9,19,19,30,19.1,0,0,0
2006,9,19,20,30,18.2,0,0,0
2006,9,19,21,30,17.6,0,0,0
2006,9,19,22,30,17,0,0,0
2006,9,19,23,30,16.5,0,0,0
2006,9,20,0,30,15.8,0,0,0
2006,9,20,1,30,15,0,0,0
2006,9,20,2,30,14.3,0,0,0
2006,9,20,3,30,13.700000000000001,0,0,0
2006,9,20,4,30,13.200000000000001,0,0,0
2006,9,20,5,30,13.8,0,0,0
2006,9,20,6,30,16.400000000000002,0,566,139
2006,9,20,7,30,20.1,0,801,361
2006,9,20,8,30,23.5,0,901,572
2006,9,20,9,30,25.8,0,950,743
2006,9,20,10,30,27.5,0,970,858
2006,9,20,11,30,28.700000000000003,0,973,906
2006,9,20,12,30,29.5,0,966,887
2006,9,20,13,30,29.700000000000003,0,948,802
2006,9,20,14,30,29.400000000000002,0,903,655
2006,9,20,15,30,28.3,0,819,460
2006,9,20,16,30,25.8,0,686,243
2006,9,20,17,30,22.200000000000003,0,296,41
2006,9,20,18,30,19.8,0,0,0
2006,9,20,19,30,18.8,0,0,0
2006,9,20,20,30,18,0,0,0
2006,9,20,21,30,17.1,0,0,0
2006,9,20,22,30,16.1,0,0,0
2006,9,20,23,30,15.200000000000001,0,0,0
2006,9,21,0,30,14.5,0,0,0
2006,9,21,1,30,14,0,0,0
2006,9,21,2,30,13.700000000000001,0,0,0
2006,9,21,3,30,13.700000000000001,0,0,0
2006,9,21,4,30,13.8,0,0,0
2006,9,21,5,30,14.8,0,0,0
2006,9,21,6,30,17.3,0,550,132
2006,9,21,7,30,21.1,0,773,348
2006,9,21,8,30,24.6,0,875,554
2006,9,21,9,30,27.1,0,926,722
2006,9,21,10,30,29,0,945,834
2006,9,21,11,30,30.400000000000002,0,950,883
2006,9,21,12,30,31.200000000000003,0,940,863
2006,9,21,13,30,31.3,0,904,775
2006,9,21,14,30,30.400000000000002,0,850,629
2006,9,21,15,30,28.700000000000003,0,762,438
2006,9,21,16,30,26,0,608,226
2006,9,21,17,30,22.6,0,222,34
2006,9,21,18,30,19.900000000000002,0,0,0
2006,9,21,19,30,18.5,0,0,0
2006,9,21,20,30,17.3,0,0,0
2006,9,21,21,30,16.3,0,0,0
2006,9,21,22,30,15.600000000000001,0,0,0
2006,9,21,23,30,15,0,0,0
2006,9,22,0,30,14.3,0,0,0
2006,9,22,1,30,13.8,0,0,0
2006,9,22,2,30,13.4,0,0,0
2006,9,22,3,30,13.200000000000001,0,0,0
2006,9,22,4,30,13.100000000000001,0,0,0
2006,9,22,5,30,13.5,0,0,0
2006,9,22,6,30,15.200000000000001,0,345,116
2006,9,22,7,30,18.1,0,610,324
2006,9,22,8,30,21.1,0,742,529
2006,9,22,9,30,23.5,0,833,700
2006,9,22,10,30,25.200000000000003,0,939,831
2006,9,22,11,30,26.200000000000003,0,959,887
2006,9,22,12,30,26.6,0,960,872
2006,9,22,13,30,26.6,0,939,789
2006,9,22,14,30,26.200000000000003,0,905,645
2006,9,22,15,30,25.1,0,831,453
2006,9,22,16,30,23,0,679,234
2006,9,22,17,30,19.400000000000002,0,270,35
2006,9,22,18,30,16.7,0,0,0
2006,9,22,19,30,15.600000000000001,0,0,0
2006,9,22,20,30,14.700000000000001,0,0,0
2006,9,22,21,30,13.9,0,0,0
2006,9,22,22,30,13.5,0,0,0
2006,9,22,23,30,13.5,0,0,0
2006,9,23,0,30,13.600000000000001,0,0,0
2006,9,23,1,30,13.3,0,0,0
2006,9,23,2,30,12.8,0,0,0
2006,9,23,3,30,12.5,0,0,0
2006,9,23,4,30,12.3,0,0,0
2006,9,23,5,30,12.8,0,0,0
2006,9,23,6,30,15.100000000000001,0,561,130
2006,9,23,7,30,18.5,0,796,351
2006,9,23,8,30,21.5,0,895,560
2006,9,23,9,30,23.8,0,946,730
2006,9,23,10,30,25.6,0,970,845
2006,9,23,11,30,26.900000000000002,0,983,899
2006,9,23,12,30,27.6,0,979,880
2006,9,23,13,30,27.8,0,957,793
2006,9,23,14,30,27.5,0,915,645
2006,9,23,15,30,26.5,0,835,450
2006,9,23,16,30,24.1,0,685,230
2006,9,23,17,30,20.200000000000003,0,251,31
2006,9,23,18,30,17.7,0,0,0
2006,9,23,19,30,16.8,0,0,0
2006,9,23,20,30,16.1,0,0,0
2006,9,23,21,30,15.5,0,0,0
2006,9,23,22,30,14.9,0,0,0
2006,9,23,23,30,14.4,0,0,0
2006,9,24,0,30,14,0,0,0
2006,9,24,1,30,13.600000000000001,0,0,0
2006,9,24,2,30,13.3,0,0,0
2006,9,24,3,30,13.100000000000001,0,0,0
2006,9,24,4,30,13.100000000000001,0,0,0
2006,9,24,5,30,14.200000000000001,0,0,0
2006,9,24,6,30,17.1,0,560,128
2006,9,24,7,30,21.1,0,791,348
2006,9,24,8,30,24.700000000000003,0,892,557
2006,9,24,9,30,27.1,0,943,726
2006,9,24,10,30,28.8,0,973,842
2006,9,24,11,30,29.900000000000002,0,978,889
2006,9,24,12,30,30.6,0,972,869
2006,9,24,13,30,30.900000000000002,0,953,783
2006,9,24,14,30,30.6,0,911,636
2006,9,24,15,30,29.700000000000003,0,831,442
2006,9,24,16,30,26.900000000000002,0,676,223
2006,9,24,17,30,23,0,239,28
2006,9,24,18,30,20.700000000000003,0,0,0
2006,9,24,19,30,19.700000000000003,0,0,0
2006,9,24,20,30,18.7,0,0,0
2006,9,24,21,30,18,0,0,0
2006,9,24,22,30,17.5,0,0,0
2006,9,24,23,30,17,0,0,0
2006,9,25,0,30,16.5,0,0,0
2006,9,25,1,30,16,0,0,0
2006,9,25,2,30,15.4,0,0,0
2006,9,25,3,30,14.8,0,0,0
2006,9,25,4,30,14.3,0,0,0
2006,9,25,5,30,15.200000000000001,0,0,0
2006,9,25,6,30,18.6,0,537,124
2006,9,25,7,30,23.200000000000003,0,792,345
2006,9,25,8,30,27.1,0,896,554
2006,9,25,9,30,29.6,0,948,724
2006,9,25,10,30,31.200000000000003,0,975,838
2006,9,25,11,30,32.300000000000004,0,984,888
2006,9,25,12,30,32.9,0,977,868
2006,9,25,13,30,33.1,0,952,778
2006,9,25,14,30,32.800000000000004,0,906,628
2006,9,25,15,30,31.700000000000003,0,822,433
2006,9,25,16,30,28.900000000000002,0,670,217
2006,9,25,17,30,25.1,0,231,25
2006,9,25,18,30,22.8,0,0,0
2006,9,25,19,30,21.6,0,0,0
2006,9,25,20,30,20.8,7,0,0
2006,9,25,21,30,20.3,7,0,0
2006,9,25,22,30,20,7,0,0
2006,9,25,23,30,19.700000000000003,0,0,0
2006,9,26,0,30,19.3,0,0,0
2006,9,26,1,30,18.900000000000002,0,0,0
2006,9,26,2,30,18.400000000000002,0,0,0
2006,9,26,3,30,18,0,0,0
2006,9,26,4,30,17.5,0,0,0
2006,9,26,5,30,17.8,0,0,0
2006,9,26,6,30,20.200000000000003,0,480,116
2006,9,26,7,30,24.200000000000003,0,724,328
2006,9,26,8,30,28.200000000000003,0,839,534
2006,9,26,9,30,31.200000000000003,0,897,702
2006,9,26,10,30,32.800000000000004,0,941,818
2006,9,26,11,30,33.7,0,950,866
2006,9,26,12,30,34.2,0,948,849
2006,9,26,13,30,34.1,0,929,763
2006,9,26,14,30,33.4,0,888,618
2006,9,26,15,30,31.900000000000002,0,805,425
2006,9,26,16,30,28.900000000000002,0,633,209
2006,9,26,17,30,24.900000000000002,0,192,21
2006,9,26,18,30,22.200000000000003,0,0,0
2006,9,26,19,30,21,0,0,0
2006,9,26,20,30,20.200000000000003,0,0,0
2006,9,26,21,30,19.6,0,0,0
2006,9,26,22,30,19,0,0,0
2006,9,26,23,30,18.6,0,0,0
2006,9,27,0,30,18.3,0,0,0
2006,9,27,1,30,18.1,0,0,0
2006,9,27,2,30,17.900000000000002,0,0,0
2006,9,27,3,30,17.8,0,0,0
2006,9,27,4,30,17.8,0,0,0
2006,9,27,5,30,18.400000000000002,0,0,0
2006,9,27,6,30,20.8,0,555,121
2006,9,27,7,30,24.6,0,796,340
2006,9,27,8,30,28.6,0,894,545
2006,9,27,9,30,32,0,946,714
2006,9,27,10,30,34,0,969,825
2006,9,27,11,30,35.1,0,974,870
2006,9,27,12,30,35.6,0,968,850
2006,9,27,13,30,35.6,0,946,763
2006,9,27,14,30,34.9,0,903,616
2006,9,27,15,30,33.5,0,822,423
2006,9,27,16,30,30.200000000000003,0,653,206
2006,9,27,17,30,26.200000000000003,0,203,19
2006,9,27,18,30,23.900000000000002,0,0,0
2006,9,27,19,30,23,0,0,0
2006,9,27,20,30,22.400000000000002,0,0,0
2006,9,27,21,30,22,0,0,0
2006,9,27,22,30,21.700000000000003,0,0,0
2006,9,27,23,30,21.400000000000002,0,0,0
2006,9,28,0,30,21.1,0,0,0
2006,9,28,1,30,20.8,0,0,0
2006,9,28,2,30,20.400000000000002,0,0,0
2006,9,28,3,30,20.1,4,0,0
2006,9,28,4,30,19.8,3,0,0
2006,9,28,5,30,19.8,8,0,0
2006,9,28,6,30,21.5,8,85,94
2006,9,28,7,30,24.6,8,446,297
2006,9,28,8,30,28.1,8,506,467
2006,9,28,9,30,30.900000000000002,1,955,722
2006,9,28,10,30,32.4,0,970,834
2006,9,28,11,30,33.300000000000004,8,815,855
2006,9,28,12,30,34,8,812,837
2006,9,28,13,30,34.300000000000004,7,356,588
2006,9,28,14,30,34.1,6,66,340
2006,9,28,15,30,32.800000000000004,2,493,409
2006,9,28,16,30,29.6,0,646,206
2006,9,28,17,30,26.3,0,162,17
2006,9,28,18,30,24.700000000000003,0,0,0
2006,9,28,19,30,24.1,0,0,0
2006,9,28,20,30,23.6,1,0,0
2006,9,28,21,30,22.8,0,0,0
2006,9,28,22,30,21.900000000000002,0,0,0
2006,9,28,23,30,21,0,0,0
2006,9,29,0,30,20.200000000000003,0,0,0
2006,9,29,1,30,19.5,7,0,0
2006,9,29,2,30,19,7,0,0
2006,9,29,3,30,18.6,1,0,0
2006,9,29,4,30,18.3,7,0,0
2006,9,29,5,30,18.400000000000002,0,0,0
2006,9,29,6,30,20.700000000000003,1,440,108
2006,9,29,7,30,24.400000000000002,1,700,321
2006,9,29,8,30,28.6,1,817,526
2006,9,29,9,30,32.300000000000004,0,879,695
2006,9,29,10,30,34.2,0,939,814
2006,9,29,11,30,35.1,8,707,787
2006,9,29,12,30,35.4,8,791,819
2006,9,29,13,30,35.2,8,538,656
2006,9,29,14,30,34.5,8,451,495
2006,9,29,15,30,33,8,411,351
2006,9,29,16,30,29.6,8,39,126
2006,9,29,17,30,26.200000000000003,7,0,7
2006,9,29,18,30,24.700000000000003,7,0,0
2006,9,29,19,30,23.8,7,0,0
2006,9,29,20,30,23,1,0,0
2006,9,29,21,30,22.200000000000003,0,0,0
2006,9,29,22,30,21.5,1,0,0
2006,9,29,23,30,20.900000000000002,3,0,0
2006,9,30,0,30,20.200000000000003,3,0,0
2006,9,30,1,30,19.400000000000002,0,0,0
2006,9,30,2,30,18.8,0,0,0
2006,9,30,3,30,18.3,0,0,0
2006,9,30,4,30,17.900000000000002,0,0,0
2006,9,30,5,30,18,0,0,0
2006,9,30,6,30,20,0,450,106
2006,9,30,7,30,23.3,0,710,317
2006,9,30,8,30,27.1,0,830,522
2006,9,30,9,30,30.400000000000002,8,594,611
2006,9,30,10,30,32.1,8,534,663
2006,9,30,11,30,32.800000000000004,8,582,734
2006,9,30,12,30,32.7,6,138,515
2006,9,30,13,30,32,7,221,503
2006,9,30,14,30,30.8,6,80,327
2006,9,30,15,30,29,8,261,316
2006,9,30,16,30,26.5,1,482,173
2006,9,30,17,30,24.1,7,0,0
2006,9,30,18,30,22.6,8,0,0
2006,9,30,19,30,21.8,0,0,0
2006,9,30,20,30,21.3,0,0,0
2006,9,30,21,30,20.900000000000002,4,0,0
2006,9,30,22,30,20.6,0,0,0
2006,9,30,23,30,20.3,7,0,0
2006,10,1,0,30,20,7,0,0
2006,10,1,1,30,19.6,7,0,0
2006,10,1,2,30,19.3,7,0,0
2006,10,1,3,30,18.8,8,0,0
2006,10,1,4,30,18.3,7,0,0
2006,10,1,5,30,18.5,7,0,0
2006,10,1,6,30,19.700000000000003,7,22,74
2006,10,1,7,30,21,8,175,228
2006,10,1,8,30,23,7,31,241
2006,10,1,9,30,26.3,8,46,310
2006,10,1,10,30,29.1,8,508,640
2006,10,1,11,30,30.200000000000003,6,3,233
2006,10,1,12,30,29.6,8,9,285
2006,10,1,13,30,28.200000000000003,8,31,323
2006,10,1,14,30,26.8,8,1,117
2006,10,1,15,30,25.8,8,310,308
2006,10,1,16,30,24.200000000000003,8,107,129
2006,10,1,17,30,22.3,8,0,0
2006,10,1,18,30,20.900000000000002,8,0,0
2006,10,1,19,30,20,7,0,0
2006,10,1,20,30,19.400000000000002,8,0,0
2006,10,1,21,30,19.1,1,0,0
2006,10,1,22,30,18.7,7,0,0
2006,10,1,23,30,18.3,7,0,0
2006,10,2,0,30,17.900000000000002,7,0,0
2006,10,2,1,30,17.6,7,0,0
2006,10,2,2,30,17.1,4,0,0
2006,10,2,3,30,16.6,4,0,0
2006,10,2,4,30,16.3,7,0,0
2006,10,2,5,30,16.400000000000002,0,0,0
2006,10,2,6,30,18,0,373,94
2006,10,2,7,30,20.900000000000002,0,648,296
2006,10,2,8,30,23.8,0,776,494
2006,10,2,9,30,25.900000000000002,0,846,657
2006,10,2,10,30,27.3,0,895,771
2006,10,2,11,30,28.200000000000003,0,908,817
2006,10,2,12,30,28.6,0,903,797
2006,10,2,13,30,28.400000000000002,0,872,708
2006,10,2,14,30,27.700000000000003,0,830,565
2006,10,2,15,30,26.400000000000002,0,742,377
2006,10,2,16,30,24.3,0,584,172
2006,10,2,17,30,21.900000000000002,0,0,0
2006,10,2,18,30,20,0,0,0
2006,10,2,19,30,18.7,0,0,0
2006,10,2,20,30,17.8,0,0,0
2006,10,2,21,30,17.1,0,0,0
2006,10,2,22,30,16.6,0,0,0
2006,10,2,23,30,16.1,0,0,0
2006,10,3,0,30,15.700000000000001,0,0,0
2006,10,3,1,30,15.4,0,0,0
2006,10,3,2,30,15.100000000000001,0,0,0
2006,10,3,3,30,14.9,0,0,0
2006,10,3,4,30,14.8,0,0,0
2006,10,3,5,30,15.200000000000001,0,0,0
2006,10,3,6,30,17.1,0,483,101
2006,10,3,7,30,20.200000000000003,0,745,311
2006,10,3,8,30,23.200000000000003,0,854,514
2006,10,3,9,30,25.6,0,913,679
2006,10,3,10,30,27.400000000000002,0,942,790
2006,10,3,11,30,28.400000000000002,8,553,685
2006,10,3,12,30,28.700000000000003,1,948,814
2006,10,3,13,30,28.3,8,654,662
2006,10,3,14,30,27.1,8,601,526
2006,10,3,15,30,25.200000000000003,8,337,309
2006,10,3,16,30,22.700000000000003,8,215,147
2006,10,3,17,30,19.900000000000002,7,0,0
2006,10,3,18,30,17.5,7,0,0
2006,10,3,19,30,15.9,7,0,0
2006,10,3,20,30,14.8,0,0,0
2006,10,3,21,30,14.100000000000001,7,0,0
2006,10,3,22,30,13.700000000000001,7,0,0
2006,10,3,23,30,13.5,7,0,0
2006,10,4,0,30,13.200000000000001,7,0,0
2006,10,4,1,30,12.8,7,0,0
2006,10,4,2,30,12.5,7,0,0
2006,10,4,3,30,12.200000000000001,7,0,0
2006,10,4,4,30,11.9,1,0,0
2006,10,4,5,30,12,0,0,0
2006,10,4,6,30,13.600000000000001,0,479,101
2006,10,4,7,30,16.5,3,88,226
2006,10,4,8,30,19.700000000000003,0,875,522
2006,10,4,9,30,22.700000000000003,0,936,690
2006,10,4,10,30,25.200000000000003,0,969,803
2006,10,4,11,30,26.900000000000002,0,981,850
2006,10,4,12,30,27.700000000000003,2,724,821
2006,10,4,13,30,27.8,1,949,736
2006,10,4,14,30,27,1,895,583
2006,10,4,15,30,25.6,0,803,387
2006,10,4,16,30,22.700000000000003,0,617,171
2006,10,4,17,30,19.400000000000002,0,0,0
2006,10,4,18,30,17.3,0,0,0
2006,10,4,19,30,16.400000000000002,0,0,0
2006,10,4,20,30,15.700000000000001,0,0,0
2006,10,4,21,30,15.200000000000001,0,0,0
2006,10,4,22,30,14.5,0,0,0
2006,10,4,23,30,13.8,0,0,0
2006,10,5,0,30,13.200000000000001,0,0,0
2006,10,5,1,30,12.700000000000001,0,0,0
2006,10,5,2,30,12.200000000000001,0,0,0
2006,10,5,3,30,11.700000000000001,0,0,0
2006,10,5,4,30,11.200000000000001,1,0,0
2006,10,5,5,30,11.4,1,0,0
2006,10,5,6,30,13.100000000000001,0,492,99
2006,10,5,7,30,16.3,0,761,310
2006,10,5,8,30,19.3,0,875,514
2006,10,5,9,30,21.5,0,933,680
2006,10,5,10,30,22.8,0,956,789
2006,10,5,11,30,23.8,0,969,835
2006,10,5,12,30,24.200000000000003,0,966,813
2006,10,5,13,30,24.1,0,945,725
2006,10,5,14,30,23.400000000000002,0,899,576
2006,10,5,15,30,22,0,814,383
2006,10,5,16,30,19.700000000000003,0,627,167
2006,10,5,17,30,16.900000000000002,0,0,0
2006,10,5,18,30,14.9,0,0,0
2006,10,5,19,30,13.600000000000001,0,0,0
2006,10,5,20,30,12.8,0,0,0
2006,10,5,21,30,12.200000000000001,0,0,0
2006,10,5,22,30,11.700000000000001,0,0,0
2006,10,5,23,30,11.100000000000001,0,0,0
2006,10,6,0,30,10.600000000000001,0,0,0
2006,10,6,1,30,10.100000000000001,0,0,0
2006,10,6,2,30,9.8,0,0,0
2006,10,6,3,30,9.5,0,0,0
2006,10,6,4,30,9.3,0,0,0
2006,10,6,5,30,9.5,0,0,0
2006,10,6,6,30,10.8,0,324,88
2006,10,6,7,30,13.200000000000001,0,636,294
2006,10,6,8,30,15.700000000000001,0,776,496
2006,10,6,9,30,17.8,0,861,664
2006,10,6,10,30,19.400000000000002,0,910,777
2006,10,6,11,30,20.400000000000002,2,679,817
2006,10,6,12,30,21,2,675,796
2006,10,6,13,30,20.8,2,628,705
2006,10,6,14,30,20.1,0,825,556
2006,10,6,15,30,19,0,717,362
2006,10,6,16,30,17.2,0,530,154
2006,10,6,17,30,14.8,0,0,0
2006,10,6,18,30,13,0,0,0
2006,10,6,19,30,12,0,0,0
2006,10,6,20,30,11.3,0,0,0
2006,10,6,21,30,10.9,0,0,0
2006,10,6,22,30,10.700000000000001,0,0,0
2006,10,6,23,30,10.5,0,0,0
2006,10,7,0,30,10.200000000000001,0,0,0
2006,10,7,1,30,9.9,0,0,0
2006,10,7,2,30,9.600000000000001,0,0,0
2006,10,7,3,30,9.200000000000001,0,0,0
2006,10,7,4,30,8.9,0,0,0
2006,10,7,5,30,9.200000000000001,0,0,0
2006,10,7,6,30,10.9,0,371,87
2006,10,7,7,30,14.100000000000001,0,719,298
2006,10,7,8,30,17.6,0,848,503
2006,10,7,9,30,20.6,0,912,668
2006,10,7,10,30,22.8,0,948,779
2006,10,7,11,30,24.3,0,960,824
2006,10,7,12,30,25,0,953,800
2006,10,7,13,30,25.1,0,927,709
2006,10,7,14,30,24.6,0,875,559
2006,10,7,15,30,23.5,0,780,367
2006,10,7,16,30,20.700000000000003,0,559,152
2006,10,7,17,30,17.6,0,0,0
2006,10,7,18,30,16.2,0,0,0
2006,10,7,19,30,15.3,0,0,0
2006,10,7,20,30,14.200000000000001,0,0,0
2006,10,7,21,30,13.3,0,0,0
2006,10,7,22,30,12.5,0,0,0
2006,10,7,23,30,11.9,0,0,0
2006,10,8,0,30,11.4,0,0,0
2006,10,8,1,30,10.8,4,0,0
2006,10,8,2,30,10.3,4,0,0
2006,10,8,3,30,10.100000000000001,8,0,0
2006,10,8,4,30,10.200000000000001,4,0,0
2006,10,8,5,30,10.9,0,0,0
2006,10,8,6,30,13.9,7,9,56
2006,10,8,7,30,18,8,4,90
2006,10,8,8,30,21.200000000000003,0,856,500
2006,10,8,9,30,23.5,0,915,665
2006,10,8,10,30,25.1,0,947,775
2006,10,8,11,30,26.1,0,952,817
2006,10,8,12,30,26.700000000000003,0,943,792
2006,10,8,13,30,26.8,0,915,701
2006,10,8,14,30,26.400000000000002,8,255,398
2006,10,8,15,30,25.5,8,275,283
2006,10,8,16,30,22.6,8,238,135
2006,10,8,17,30,19.5,8,0,0
2006,10,8,18,30,18,0,0,0
2006,10,8,19,30,16.8,0,0,0
2006,10,8,20,30,15.600000000000001,0,0,0
2006,10,8,21,30,14.600000000000001,0,0,0
2006,10,8,22,30,13.600000000000001,0,0,0
2006,10,8,23,30,12.9,0,0,0
2006,10,9,0,30,12.200000000000001,0,0,0
2006,10,9,1,30,11.700000000000001,0,0,0
2006,10,9,2,30,11.3,0,0,0
2006,10,9,3,30,11.100000000000001,0,0,0
2006,10,9,4,30,11,0,0,0
2006,10,9,5,30,11.4,0,0,0
2006,10,9,6,30,13.600000000000001,0,406,84
2006,10,9,7,30,17.3,0,708,290
2006,10,9,8,30,21.5,0,830,489
2006,10,9,9,30,25.200000000000003,0,894,653
2006,10,9,10,30,27.1,0,926,761
2006,10,9,11,30,28.1,0,935,805
2006,10,9,12,30,28.400000000000002,0,922,777
2006,10,9,13,30,28.200000000000003,0,886,683
2006,10,9,14,30,27.200000000000003,0,820,532
2006,10,9,15,30,25.5,0,706,341
2006,10,9,16,30,22.5,0,448,133
2006,10,9,17,30,19.1,0,0,0
2006,10,9,18,30,17,0,0,0
2006,10,9,19,30,15.700000000000001,0,0,0
2006,10,9,20,30,14.8,0,0,0
2006,10,9,21,30,14,1,0,0
2006,10,9,22,30,13.5,7,0,0
2006,10,9,23,30,13.3,7,0,0
2006,10,10,0,30,13.200000000000001,7,0,0
2006,10,10,1,30,13.100000000000001,7,0,0
2006,10,10,2,30,12.9,7,0,0
2006,10,10,3,30,12.8,7,0,0
2006,10,10,4,30,12.600000000000001,7,0,0
2006,10,10,5,30,12.5,0,0,0
2006,10,10,6,30,13.100000000000001,7,4,49
2006,10,10,7,30,14.600000000000001,8,215,221
2006,10,10,8,30,16.900000000000002,8,357,392
2006,10,10,9,30,19.400000000000002,8,636,602
2006,10,10,10,30,21.400000000000002,1,930,760
2006,10,10,11,30,22.5,0,938,803
2006,10,10,12,30,23.1,0,924,775
2006,10,10,13,30,23.1,0,903,685
2006,10,10,14,30,22.6,0,841,535
2006,10,10,15,30,21.400000000000002,0,726,342
2006,10,10,16,30,19.200000000000003,0,525,136
2006,10,10,17,30,16.6,0,0,0
2006,10,10,18,30,14.700000000000001,0,0,0
2006,10,10,19,30,13.600000000000001,0,0,0
2006,10,10,20,30,12.700000000000001,0,0,0
2006,10,10,21,30,12.200000000000001,0,0,0
2006,10,10,22,30,11.9,0,0,0
2006,10,10,23,30,11.8,0,0,0
2006,10,11,0,30,11.700000000000001,0,0,0
2006,10,11,1,30,11.5,0,0,0
2006,10,11,2,30,11.100000000000001,0,0,0
2006,10,11,3,30,10.5,0,0,0
2006,10,11,4,30,9.8,0,0,0
2006,10,11,5,30,9.700000000000001,1,0,0
2006,10,11,6,30,12.3,0,463,85
2006,10,11,7,30,16.8,0,753,293
2006,10,11,8,30,20.5,0,873,497
2006,10,11,9,30,23.3,0,933,662
2006,10,11,10,30,25.1,0,964,771
2006,10,11,11,30,26.5,0,973,816
2006,10,11,12,30,27.3,0,967,791
2006,10,11,13,30,27.6,0,944,698
2006,10,11,14,30,27.3,0,892,547
2006,10,11,15,30,25.900000000000002,0,787,350
2006,10,11,16,30,22.400000000000002,0,566,138
2006,10,11,17,30,18.5,0,0,0
2006,10,11,18,30,16.5,0,0,0
2006,10,11,19,30,15.5,0,0,0
2006,10,11,20,30,14.9,0,0,0
2006,10,11,21,30,14.3,0,0,0
2006,10,11,22,30,13.8,0,0,0
2006,10,11,23,30,13.3,0,0,0
2006,10,12,0,30,13.100000000000001,0,0,0
2006,10,12,1,30,12.8,0,0,0
2006,10,12,2,30,12.5,0,0,0
2006,10,12,3,30,12,0,0,0
2006,10,12,4,30,11.5,0,0,0
2006,10,12,5,30,11.4,0,0,0
2006,10,12,6,30,13.3,0,367,76
2006,10,12,7,30,16.8,0,671,277
2006,10,12,8,30,20.1,0,808,478
2006,10,12,9,30,23.1,0,877,640
2006,10,12,10,30,25.3,0,932,751
2006,10,12,11,30,26.700000000000003,0,939,794
2006,10,12,12,30,27.3,0,930,768
2006,10,12,13,30,27.3,0,905,676
2006,10,12,14,30,26.5,0,846,526
2006,10,12,15,30,24.8,0,731,332
2006,10,12,16,30,21.3,0,538,129
2006,10,12,17,30,17.7,0,0,0
2006,10,12,18,30,15.600000000000001,0,0,0
2006,10,12,19,30,14.3,0,0,0
2006,10,12,20,30,13.4,0,0,0
2006,10,12,21,30,12.8,0,0,0
2006,10,12,22,30,12.4,0,0,0
2006,10,12,23,30,12.100000000000001,4,0,0
2006,10,13,0,30,11.8,4,0,0
2006,10,13,1,30,11.5,0,0,0
2006,10,13,2,30,11.3,0,0,0
2006,10,13,3,30,11.200000000000001,0,0,0
2006,10,13,4,30,11,1,0,0
2006,10,13,5,30,11.100000000000001,0,0,0
2006,10,13,6,30,12.3,0,306,70
2006,10,13,7,30,14.9,0,633,266
2006,10,13,8,30,17.7,0,780,464
2006,10,13,9,30,19.700000000000003,0,845,624
2006,10,13,10,30,21,8,545,633
2006,10,13,11,30,21.6,8,444,627
2006,10,13,12,30,21.700000000000003,8,727,727
2006,10,13,13,30,21.200000000000003,8,222,456
2006,10,13,14,30,20,7,70,280
2006,10,13,15,30,18.400000000000002,8,604,309
2006,10,13,16,30,16.7,0,324,110
2006,10,13,17,30,15.3,0,0,0
2006,10,13,18,30,14.100000000000001,0,0,0
2006,10,13,19,30,13.100000000000001,7,0,0
2006,10,13,20,30,12.4,7,0,0
2006,10,13,21,30,12,7,0,0
2006,10,13,22,30,11.8,7,0,0
2006,10,13,23,30,11.5,7,0,0
2006,10,14,0,30,11.200000000000001,7,0,0
2006,10,14,1,30,11,1,0,0
2006,10,14,2,30,10.9,0,0,0
2006,10,14,3,30,10.8,1,0,0
2006,10,14,4,30,10.700000000000001,8,0,0
2006,10,14,5,30,10.9,7,0,0
2006,10,14,6,30,11.9,4,0,9
2006,10,14,7,30,13.100000000000001,4,0,10
2006,10,14,8,30,14.4,4,0,99
2006,10,14,9,30,15.9,4,51,366
2006,10,14,10,30,17.400000000000002,4,1,262
2006,10,14,11,30,18.8,4,1,279
2006,10,14,12,30,19.700000000000003,1,876,735
2006,10,14,13,30,20,8,217,454
2006,10,14,14,30,19.700000000000003,8,546,469
2006,10,14,15,30,18.8,8,79,203
2006,10,14,16,30,17,0,359,108
2006,10,14,17,30,15.100000000000001,0,0,0
2006,10,14,18,30,13.700000000000001,4,0,0
2006,10,14,19,30,12.9,1,0,0
2006,10,14,20,30,12.5,0,0,0
2006,10,14,21,30,12.100000000000001,0,0,0
2006,10,14,22,30,11.8,0,0,0
2006,10,14,23,30,11.4,0,0,0
2006,10,15,0,30,11.3,0,0,0
2006,10,15,1,30,11.3,0,0,0
2006,10,15,2,30,11.3,0,0,0
2006,10,15,3,30,11.100000000000001,0,0,0
2006,10,15,4,30,10.9,0,0,0
2006,10,15,5,30,10.8,0,0,0
2006,10,15,6,30,11.3,0,207,62
2006,10,15,7,30,12.5,0,511,252
2006,10,15,8,30,14.3,0,669,444
2006,10,15,9,30,16.900000000000002,0,783,609
2006,10,15,10,30,19.5,0,892,727
2006,10,15,11,30,21.400000000000002,0,906,768
2006,10,15,12,30,22.700000000000003,0,899,741
2006,10,15,13,30,23.200000000000003,0,912,658
2006,10,15,14,30,23,0,858,511
2006,10,15,15,30,21.8,0,743,319
2006,10,15,16,30,19,0,530,117
2006,10,15,17,30,15.8,0,0,0
2006,10,15,18,30,14,0,0,0
2006,10,15,19,30,13.200000000000001,0,0,0
2006,10,15,20,30,12.600000000000001,0,0,0
2006,10,15,21,30,12.100000000000001,0,0,0
2006,10,15,22,30,11.600000000000001,0,0,0
2006,10,15,23,30,11.200000000000001,0,0,0
2006,10,16,0,30,10.9,0,0,0
2006,10,16,1,30,10.5,0,0,0
2006,10,16,2,30,10.4,0,0,0
2006,10,16,3,30,10.4,0,0,0
2006,10,16,4,30,10.5,0,0,0
2006,10,16,5,30,10.600000000000001,0,0,0
2006,10,16,6,30,11.3,0,310,65
2006,10,16,7,30,13.3,0,640,260
2006,10,16,8,30,15.9,0,801,460
2006,10,16,9,30,18.400000000000002,0,883,624
2006,10,16,10,30,20.3,0,925,733
2006,10,16,11,30,21.5,0,941,776
2006,10,16,12,30,22.1,0,937,751
2006,10,16,13,30,22.1,0,913,659
2006,10,16,14,30,21.400000000000002,0,864,510
2006,10,16,15,30,20,0,764,320
2006,10,16,16,30,17.400000000000002,0,512,113
2006,10,16,17,30,14.700000000000001,0,0,0
2006,10,16,18,30,13.4,0,0,0
2006,10,16,19,30,12.9,0,0,0
2006,10,16,20,30,12.4,0,0,0
2006,10,16,21,30,11.9,0,0,0
2006,10,16,22,30,11.4,0,0,0
2006,10,16,23,30,10.9,0,0,0
2006,10,17,0,30,10.5,0,0,0
2006,10,17,1,30,10.200000000000001,0,0,0
2006,10,17,2,30,9.8,0,0,0
2006,10,17,3,30,9.200000000000001,0,0,0
2006,10,17,4,30,8.700000000000001,0,0,0
2006,10,17,5,30,8.700000000000001,0,0,0
2006,10,17,6,30,10,0,320,65
2006,10,17,7,30,12.200000000000001,0,722,271
2006,10,17,8,30,14.700000000000001,0,855,470
2006,10,17,9,30,17.2,0,921,633
2006,10,17,10,30,19.200000000000003,0,951,740
2006,10,17,11,30,20.6,0,961,782
2006,10,17,12,30,21.3,0,955,755
2006,10,17,13,30,21.3,0,932,663
2006,10,17,14,30,20.8,0,877,512
2006,10,17,15,30,19.400000000000002,0,769,318
2006,10,17,16,30,16.7,0,525,111
2006,10,17,17,30,13.700000000000001,0,0,0
2006,10,17,18,30,12.100000000000001,0,0,0
2006,10,17,19,30,11,0,0,0
2006,10,17,20,30,10.3,0,0,0
2006,10,17,21,30,10.100000000000001,0,0,0
2006,10,17,22,30,10.100000000000001,4,0,0
2006,10,17,23,30,10.100000000000001,7,0,0
2006,10,18,0,30,9.9,4,0,0
2006,10,18,1,30,9.700000000000001,4,0,0
2006,10,18,2,30,9.600000000000001,0,0,0
2006,10,18,3,30,9.5,0,0,0
2006,10,18,4,30,9.3,0,0,0
2006,10,18,5,30,9.4,0,0,0
2006,10,18,6,30,11.200000000000001,0,496,71
2006,10,18,7,30,14.5,0,802,279
2006,10,18,8,30,17,0,911,478
2006,10,18,9,30,18.900000000000002,0,964,641
2006,10,18,10,30,20.400000000000002,0,983,748
2006,10,18,11,30,21.400000000000002,0,991,790
2006,10,18,12,30,22.1,0,984,763
2006,10,18,13,30,22.3,0,954,669
2006,10,18,14,30,22.1,0,899,516
2006,10,18,15,30,21,0,791,320
2006,10,18,16,30,17.7,0,542,110
2006,10,18,17,30,14.700000000000001,0,0,0
2006,10,18,18,30,13.8,0,0,0
2006,10,18,19,30,13.200000000000001,0,0,0
2006,10,18,20,30,12.600000000000001,0,0,0
2006,10,18,21,30,11.8,0,0,0
2006,10,18,22,30,11,0,0,0
2006,10,18,23,30,10.3,0,0,0
2006,10,19,0,30,9.8,0,0,0
2006,10,19,1,30,9.5,0,0,0
2006,10,19,2,30,9.3,0,0,0
2006,10,19,3,30,9.200000000000001,0,0,0
2006,10,19,4,30,9.1,0,0,0
2006,10,19,5,30,9.3,0,0,0
2006,10,19,6,30,11.8,0,423,64
2006,10,19,7,30,15.8,0,753,267
2006,10,19,8,30,19.3,0,879,467
2006,10,19,9,30,22,0,941,629
2006,10,19,10,30,23.700000000000003,0,972,736
2006,10,19,11,30,24.900000000000002,0,981,777
2006,10,19,12,30,25.6,0,974,750
2006,10,19,13,30,25.8,0,948,657
2006,10,19,14,30,25.400000000000002,0,889,503
2006,10,19,15,30,23.900000000000002,0,779,310
2006,10,19,16,30,20.400000000000002,0,523,103
2006,10,19,17,30,17.3,0,0,0
2006,10,19,18,30,16.1,0,0,0
2006,10,19,19,30,15.5,0,0,0
2006,10,19,20,30,15.100000000000001,0,0,0
2006,10,19,21,30,14.600000000000001,0,0,0
2006,10,19,22,30,14.100000000000001,0,0,0
2006,10,19,23,30,13.600000000000001,0,0,0
2006,10,20,0,30,13.200000000000001,0,0,0
2006,10,20,1,30,12.9,0,0,0
2006,10,20,2,30,12.5,0,0,0
2006,10,20,3,30,12.200000000000001,0,0,0
2006,10,20,4,30,12,0,0,0
2006,10,20,5,30,12.100000000000001,0,0,0
2006,10,20,6,30,14.4,0,380,59
2006,10,20,7,30,18.3,0,714,256
2006,10,20,8,30,21.900000000000002,0,845,453
2006,10,20,9,30,24.8,0,911,612
2006,10,20,10,30,26.700000000000003,0,947,720
2006,10,20,11,30,28,0,959,761
2006,10,20,12,30,28.8,0,952,735
2006,10,20,13,30,29,0,925,642
2006,10,20,14,30,28.6,0,873,494
2006,10,20,15,30,27.1,0,762,302
2006,10,20,16,30,24.400000000000002,0,496,98
2006,10,20,17,30,22.3,0,0,0
2006,10,20,18,30,21.3,0,0,0
2006,10,20,19,30,20.700000000000003,0,0,0
2006,10,20,20,30,20.200000000000003,0,0,0
2006,10,20,21,30,19.5,0,0,0
2006,10,20,22,30,18.5,0,0,0
2006,10,20,23,30,17.1,0,0,0
2006,10,21,0,30,15.600000000000001,0,0,0
2006,10,21,1,30,14.200000000000001,0,0,0
2006,10,21,2,30,13.4,0,0,0
2006,10,21,3,30,13.3,0,0,0
2006,10,21,4,30,13.200000000000001,0,0,0
2006,10,21,5,30,13.100000000000001,0,0,0
2006,10,21,6,30,14.3,0,384,58
2006,10,21,7,30,17.1,0,733,259
2006,10,21,8,30,20.3,0,866,459
2006,10,21,9,30,22.900000000000002,0,931,622
2006,10,21,10,30,24.700000000000003,0,962,728
2006,10,21,11,30,26,0,977,773
2006,10,21,12,30,26.700000000000003,0,968,745
2006,10,21,13,30,26.900000000000002,0,941,651
2006,10,21,14,30,26.400000000000002,0,888,502
2006,10,21,15,30,24.700000000000003,0,773,306
2006,10,21,16,30,20.8,0,494,97
2006,10,21,17,30,17.1,0,0,0
2006,10,21,18,30,15.700000000000001,0,0,0
2006,10,21,19,30,14.700000000000001,0,0,0
2006,10,21,20,30,14,0,0,0
2006,10,21,21,30,13.4,0,0,0
2006,10,21,22,30,12.8,0,0,0
2006,10,21,23,30,12.4,0,0,0
2006,10,22,0,30,11.9,0,0,0
2006,10,22,1,30,11.600000000000001,0,0,0
2006,10,22,2,30,11.3,0,0,0
2006,10,22,3,30,11,0,0,0
2006,10,22,4,30,10.8,0,0,0
2006,10,22,5,30,10.8,0,0,0
2006,10,22,6,30,13.3,0,381,57
2006,10,22,7,30,17.5,0,738,258
2006,10,22,8,30,21.200000000000003,0,874,458
2006,10,22,9,30,23.900000000000002,0,948,625
2006,10,22,10,30,25.6,0,977,729
2006,10,22,11,30,26.700000000000003,0,988,770
2006,10,22,12,30,27.400000000000002,0,981,742
2006,10,22,13,30,27.6,0,956,648
2006,10,22,14,30,27.200000000000003,0,901,496
2006,10,22,15,30,25.400000000000002,0,782,299
2006,10,22,16,30,21.700000000000003,0,505,93
2006,10,22,17,30,18.400000000000002,0,0,0
2006,10,22,18,30,16.8,0,0,0
2006,10,22,19,30,15.600000000000001,0,0,0
2006,10,22,20,30,14.9,0,0,0
2006,10,22,21,30,14.5,0,0,0
2006,10,22,22,30,14.4,0,0,0
2006,10,22,23,30,14.3,0,0,0
2006,10,23,0,30,14.3,0,0,0
2006,10,23,1,30,14.200000000000001,0,0,0
2006,10,23,2,30,13.700000000000001,0,0,0
2006,10,23,3,30,13.200000000000001,8,0,0
2006,10,23,4,30,12.8,7,0,0
2006,10,23,5,30,12.8,7,0,0
2006,10,23,6,30,14.700000000000001,7,6,36
2006,10,23,7,30,18,3,30,161
2006,10,23,8,30,21.400000000000002,0,852,446
2006,10,23,9,30,24.6,0,918,606
2006,10,23,10,30,26.700000000000003,0,953,712
2006,10,23,11,30,28.1,0,964,753
2006,10,23,12,30,29,0,957,725
2006,10,23,13,30,29.200000000000003,0,931,632
2006,10,23,14,30,28.900000000000002,2,525,457
2006,10,23,15,30,26.900000000000002,8,200,215
2006,10,23,16,30,23.200000000000003,7,33,65
2006,10,23,17,30,20.5,8,0,0
2006,10,23,18,30,19.8,1,0,0
2006,10,23,19,30,19.200000000000003,1,0,0
2006,10,23,20,30,18.6,7,0,0
2006,10,23,21,30,18,8,0,0
2006,10,23,22,30,17.5,0,0,0
2006,10,23,23,30,17,0,0,0
2006,10,24,0,30,16.400000000000002,0,0,0
2006,10,24,1,30,15.9,0,0,0
2006,10,24,2,30,15.4,0,0,0
2006,10,24,3,30,15,0,0,0
2006,10,24,4,30,14.600000000000001,0,0,0
2006,10,24,5,30,14.3,0,0,0
2006,10,24,6,30,15.200000000000001,0,294,47
2006,10,24,7,30,17.7,0,660,236
2006,10,24,8,30,21.3,0,811,432
2006,10,24,9,30,24.5,0,881,590
2006,10,24,10,30,26.3,0,918,695
2006,10,24,11,30,27.3,0,923,732
2006,10,24,12,30,27.700000000000003,0,911,704
2006,10,24,13,30,27.700000000000003,0,882,612
2006,10,24,14,30,27,0,814,463
2006,10,24,15,30,25.3,0,682,273
2006,10,24,16,30,21.6,0,353,76
2006,10,24,17,30,18.2,0,0,0
2006,10,24,18,30,16.400000000000002,0,0,0
2006,10,24,19,30,15.200000000000001,0,0,0
2006,10,24,20,30,14.4,0,0,0
2006,10,24,21,30,13.9,0,0,0
2006,10,24,22,30,13.5,0,0,0
2006,10,24,23,30,13.100000000000001,0,0,0
2006,10,25,0,30,12.8,0,0,0
2006,10,25,1,30,12.5,0,0,0
2006,10,25,2,30,12.200000000000001,0,0,0
2006,10,25,3,30,11.8,0,0,0
2006,10,25,4,30,11.4,0,0,0
2006,10,25,5,30,11.100000000000001,0,0,0
2006,10,25,6,30,12.4,0,272,46
2006,10,25,7,30,15.4,8,333,219
2006,10,25,8,30,18.5,4,44,277
2006,10,25,9,30,21.5,0,860,593
2006,10,25,10,30,23.400000000000002,0,921,703
2006,10,25,11,30,24.3,0,930,743
2006,10,25,12,30,24.5,0,928,720
2006,10,25,13,30,24.5,0,904,626
2006,10,25,14,30,24,0,833,473
2006,10,25,15,30,22.3,0,699,280
2006,10,25,16,30,18.5,0,387,78
2006,10,25,17,30,14.8,0,0,0
2006,10,25,18,30,13.3,0,0,0
2006,10,25,19,30,12.3,0,0,0
2006,10,25,20,30,11.700000000000001,0,0,0
2006,10,25,21,30,11.4,0,0,0
2006,10,25,22,30,11.200000000000001,0,0,0
2006,10,25,23,30,11.100000000000001,0,0,0
2006,10,26,0,30,10.700000000000001,0,0,0
2006,10,26,1,30,10.4,0,0,0
2006,10,26,2,30,10.100000000000001,0,0,0
2006,10,26,3,30,9.9,1,0,0
2006,10,26,4,30,9.5,1,0,0
2006,10,26,5,30,9.3,1,0,0
2006,10,26,6,30,10.600000000000001,0,349,48
2006,10,26,7,30,13.600000000000001,0,740,248
2006,10,26,8,30,16.6,0,883,450
2006,10,26,9,30,18.900000000000002,0,950,614
2006,10,26,10,30,20.700000000000003,0,984,721
2006,10,26,11,30,22.1,0,994,762
2006,10,26,12,30,23,0,986,733
2006,10,26,13,30,23.200000000000003,0,959,638
2006,10,26,14,30,22.6,0,899,484
2006,10,26,15,30,21,0,779,287
2006,10,26,16,30,17.1,0,471,80
2006,10,26,17,30,13.700000000000001,0,0,0
2006,10,26,18,30,12.600000000000001,0,0,0
2006,10,26,19,30,11.9,0,0,0
2006,10,26,20,30,11.4,0,0,0
2006,10,26,21,30,10.9,0,0,0
2006,10,26,22,30,10.4,0,0,0
2006,10,26,23,30,10,0,0,0
2006,10,27,0,30,9.700000000000001,1,0,0
2006,10,27,1,30,9.4,4,0,0
2006,10,27,2,30,9.200000000000001,4,0,0
2006,10,27,3,30,9,1,0,0
2006,10,27,4,30,8.9,1,0,0
2006,10,27,5,30,9.1,4,0,0
2006,10,27,6,30,11.4,4,0,25
2006,10,27,7,30,15.5,0,757,247
2006,10,27,8,30,19.200000000000003,0,896,448
2006,10,27,9,30,22,0,962,611
2006,10,27,10,30,23.900000000000002,0,990,718
2006,10,27,11,30,25.3,0,999,758
2006,10,27,12,30,26.1,0,989,729
2006,10,27,13,30,26.3,0,969,635
2006,10,27,14,30,25.8,0,911,481
2006,10,27,15,30,23.8,0,791,285
2006,10,27,16,30,19.5,0,477,78
2006,10,27,17,30,16.1,0,0,0
2006,10,27,18,30,14.700000000000001,0,0,0
2006,10,27,19,30,13.9,0,0,0
2006,10,27,20,30,13.4,0,0,0
2006,10,27,21,30,13,0,0,0
2006,10,27,22,30,12.700000000000001,0,0,0
2006,10,27,23,30,12.4,0,0,0
2006,10,28,0,30,12.200000000000001,4,0,0
2006,10,28,1,30,12.100000000000001,8,0,0
2006,10,28,2,30,11.9,7,0,0
2006,10,28,3,30,11.8,8,0,0
2006,10,28,4,30,11.700000000000001,7,0,0
2006,10,28,5,30,11.600000000000001,7,0,0
2006,10,28,6,30,13.200000000000001,7,3,30
2006,10,28,7,30,16.7,4,8,132
2006,10,28,8,30,20.400000000000002,8,621,409
2006,10,28,9,30,23.700000000000003,3,236,461
2006,10,28,10,30,26.1,8,615,612
2006,10,28,11,30,27.6,7,488,601
2006,10,28,12,30,28.400000000000002,0,967,713
2006,10,28,13,30,28.6,1,940,616
2006,10,28,14,30,28.1,0,884,465
2006,10,28,15,30,26,0,754,272
2006,10,28,16,30,22.400000000000002,0,442,71
2006,10,28,17,30,20,0,0,0
2006,10,28,18,30,19,0,0,0
2006,10,28,19,30,18.2,0,0,0
2006,10,28,20,30,17.3,0,0,0
2006,10,28,21,30,16.3,0,0,0
2006,10,28,22,30,15.4,0,0,0
2006,10,28,23,30,14.600000000000001,0,0,0
2006,10,29,0,30,14,0,0,0
2006,10,29,1,30,13.4,0,0,0
2006,10,29,2,30,12.700000000000001,0,0,0
2006,10,29,3,30,11.8,0,0,0
2006,10,29,4,30,11,0,0,0
2006,10,29,5,30,10.600000000000001,1,0,0
2006,10,29,6,30,11.700000000000001,1,300,39
2006,10,29,7,30,14.8,0,663,226
2006,10,29,8,30,18.5,0,816,423
2006,10,29,9,30,21.900000000000002,0,889,583
2006,10,29,10,30,24.1,0,951,694
2006,10,29,11,30,25.3,0,962,734
2006,10,29,12,30,25.700000000000003,0,951,705
2006,10,29,13,30,25.5,0,914,609
2006,10,29,14,30,24.6,0,840,456
2006,10,29,15,30,22.3,0,682,259
2006,10,29,16,30,18.2,0,305,62
2006,10,29,17,30,14.700000000000001,0,0,0
2006,10,29,18,30,13.100000000000001,0,0,0
2006,10,29,19,30,12.100000000000001,0,0,0
2006,10,29,20,30,11.4,0,0,0
2006,10,29,21,30,10.700000000000001,0,0,0
2006,10,29,22,30,10.200000000000001,0,0,0
2006,10,29,23,30,9.600000000000001,0,0,0
2006,10,30,0,30,9.1,0,0,0
2006,10,30,1,30,8.8,0,0,0
2006,10,30,2,30,8.5,0,0,0
2006,10,30,3,30,8.1,0,0,0
2006,10,30,4,30,7.6000000000000005,0,0,0
2006,10,30,5,30,7.2,0,0,0
2006,10,30,6,30,8.5,0,277,37
2006,10,30,7,30,11.4,0,692,228
2006,10,30,8,30,14.700000000000001,0,848,426
2006,10,30,9,30,18.3,0,921,588
2006,10,30,10,30,21.1,0,958,694
2006,10,30,11,30,22.6,0,965,733
2006,10,30,12,30,23.200000000000003,0,945,699
2006,10,30,13,30,23.200000000000003,8,426,494
2006,10,30,14,30,22.6,0,842,452
2006,10,30,15,30,20.6,8,305,221
2006,10,30,16,30,16.900000000000002,7,7,45
2006,10,30,17,30,14.200000000000001,0,0,0
2006,10,30,18,30,13.4,0,0,0
2006,10,30,19,30,12.8,7,0,0
2006,10,30,20,30,11.9,1,0,0
2006,10,30,21,30,11,0,0,0
2006,10,30,22,30,10.100000000000001,0,0,0
2006,10,30,23,30,9.4,0,0,0
2006,10,31,0,30,8.8,0,0,0
2006,10,31,1,30,8.5,0,0,0
2006,10,31,2,30,8.5,0,0,0
2006,10,31,3,30,8.6,0,0,0
2006,10,31,4,30,8.700000000000001,0,0,0
2006,10,31,5,30,8.6,0,0,0
2006,10,31,6,30,9,0,119,30
2006,10,31,7,30,10.700000000000001,0,565,211
2006,10,31,8,30,13.3,0,761,406
2006,10,31,9,30,16.1,0,856,563
2006,10,31,10,30,18.5,0,883,665
2006,10,31,11,30,20.3,0,903,705
2006,10,31,12,30,21.5,0,899,678
2006,10,31,13,30,22,0,920,595
2006,10,31,14,30,21.8,0,852,444
2006,10,31,15,30,20.1,0,715,254
2006,10,31,16,30,16.6,0,369,60
2006,10,31,17,30,13.4,0,0,0
2006,10,31,18,30,11.8,0,0,0
2006,10,31,19,30,10.700000000000001,0,0,0
2006,10,31,20,30,9.9,0,0,0
2006,10,31,21,30,9.1,0,0,0
2006,10,31,22,30,8.6,0,0,0
2006,10,31,23,30,8.3,0,0,0
2006,11,1,0,30,8.1,0,0,0
2006,11,1,1,30,7.7,0,0,0
2006,11,1,2,30,7.4,0,0,0
2006,11,1,3,30,7,1,0,0
2006,11,1,4,30,7,4,0,0
2006,11,1,5,30,7.4,7,0,0
2006,11,1,6,30,8.8,7,0,18
2006,11,1,7,30,11,4,8,127
2006,11,1,8,30,13.700000000000001,3,70,277
2006,11,1,9,30,16.900000000000002,4,126,403
2006,11,1,10,30,20.1,0,880,655
2006,11,1,11,30,22.200000000000003,0,896,695
2006,11,1,12,30,23.5,0,881,664
2006,11,1,13,30,24.1,0,872,576
2006,11,1,14,30,23.8,0,805,428
2006,11,1,15,30,22,0,670,242
2006,11,1,16,30,19.1,0,336,55
2006,11,1,17,30,17.1,0,0,0
2006,11,1,18,30,16.2,0,0,0
2006,11,1,19,30,15.5,0,0,0
2006,11,1,20,30,15,1,0,0
2006,11,1,21,30,14.600000000000001,0,0,0
2006,11,1,22,30,14.4,4,0,0
2006,11,1,23,30,14.200000000000001,0,0,0
2006,11,2,0,30,14.100000000000001,1,0,0
2006,11,2,1,30,13.9,7,0,0
2006,11,2,2,30,13.4,4,0,0
2006,11,2,3,30,13,4,0,0
2006,11,2,4,30,12.700000000000001,7,0,0
2006,11,2,5,30,12.5,7,0,0
2006,11,2,6,30,13.100000000000001,7,1,17
2006,11,2,7,30,15,8,32,118
2006,11,2,8,30,17.6,7,288,306
2006,11,2,9,30,20.6,0,861,545
2006,11,2,10,30,23.1,8,731,629
2006,11,2,11,30,24.8,8,712,655
2006,11,2,12,30,25.700000000000003,1,918,662
2006,11,2,13,30,25.8,0,896,573
2006,11,2,14,30,25.1,0,832,426
2006,11,2,15,30,23.3,0,693,240
2006,11,2,16,30,19.700000000000003,0,346,53
2006,11,2,17,30,16.6,0,0,0
2006,11,2,18,30,15.4,0,0,0
2006,11,2,19,30,14.4,0,0,0
2006,11,2,20,30,13.4,4,0,0
2006,11,2,21,30,12.600000000000001,7,0,0
2006,11,2,22,30,12,7,0,0
2006,11,2,23,30,11.600000000000001,7,0,0
2006,11,3,0,30,11.200000000000001,4,0,0
2006,11,3,1,30,10.700000000000001,0,0,0
2006,11,3,2,30,10.3,0,0,0
2006,11,3,3,30,10.100000000000001,0,0,0
2006,11,3,4,30,10.200000000000001,0,0,0
2006,11,3,5,30,10.200000000000001,0,0,0
2006,11,3,6,30,11,0,259,28
2006,11,3,7,30,13.3,0,681,208
2006,11,3,8,30,16.7,0,842,400
2006,11,3,9,30,20.200000000000003,1,911,555
2006,11,3,10,30,22.3,8,469,533
2006,11,3,11,30,23.1,8,504,578
2006,11,3,12,30,23.3,6,108,388
2006,11,3,13,30,23.3,8,304,432
2006,11,3,14,30,23.1,1,791,415
2006,11,3,15,30,21.6,3,307,210
2006,11,3,16,30,18.6,0,321,50
2006,11,3,17,30,16,0,0,0
2006,11,3,18,30,14.5,0,0,0
2006,11,3,19,30,13.200000000000001,0,0,0
2006,11,3,20,30,12.3,0,0,0
2006,11,3,21,30,11.5,0,0,0
2006,11,3,22,30,10.9,0,0,0
2006,11,3,23,30,10.600000000000001,0,0,0
2006,11,4,0,30,10.3,0,0,0
2006,11,4,1,30,10.200000000000001,0,0,0
2006,11,4,2,30,10.100000000000001,0,0,0
2006,11,4,3,30,9.9,0,0,0
2006,11,4,4,30,9.5,0,0,0
2006,11,4,5,30,9.3,0,0,0
2006,11,4,6,30,10.5,0,211,25
2006,11,4,7,30,13.600000000000001,0,668,203
2006,11,4,8,30,17.7,0,830,394
2006,11,4,9,30,21.200000000000003,0,904,550
2006,11,4,10,30,23.400000000000002,0,941,653
2006,11,4,11,30,24.6,0,951,692
2006,11,4,12,30,25.3,0,939,662
2006,11,4,13,30,25.3,0,908,570
2006,11,4,14,30,24.700000000000003,0,843,423
2006,11,4,15,30,22.8,8,36,127
2006,11,4,16,30,19.1,8,5,34
2006,11,4,17,30,16.5,3,0,0
2006,11,4,18,30,15.600000000000001,0,0,0
2006,11,4,19,30,14.8,0,0,0
2006,11,4,20,30,14,0,0,0
2006,11,4,21,30,13.200000000000001,0,0,0
2006,11,4,22,30,12.700000000000001,0,0,0
2006,11,4,23,30,12.200000000000001,8,0,0
2006,11,5,0,30,11.9,0,0,0
2006,11,5,1,30,11.5,1,0,0
2006,11,5,2,30,11.3,0,0,0
2006,11,5,3,30,11.3,0,0,0
2006,11,5,4,30,11.200000000000001,0,0,0
2006,11,5,5,30,11.3,4,0,0
2006,11,5,6,30,12.600000000000001,7,1,16
2006,11,5,7,30,15.700000000000001,4,6,111
2006,11,5,8,30,19.400000000000002,0,817,389
2006,11,5,9,30,22.8,1,891,542
2006,11,5,10,30,25.3,0,936,646
2006,11,5,11,30,26.5,1,950,685
2006,11,5,12,30,27.1,3,543,607
2006,11,5,13,30,26.900000000000002,3,584,547
2006,11,5,14,30,26,3,407,368
2006,11,5,15,30,23.700000000000003,0,700,232
2006,11,5,16,30,20.3,7,3,31
2006,11,5,17,30,17.900000000000002,3,0,0
2006,11,5,18,30,17,0,0,0
2006,11,5,19,30,16.400000000000002,0,0,0
2006,11,5,20,30,15.8,0,0,0
2006,11,5,21,30,15.3,0,0,0
2006,11,5,22,30,14.8,1,0,0
2006,11,5,23,30,14.4,0,0,0
2006,11,6,0,30,14,0,0,0
2006,11,6,1,30,13.600000000000001,4,0,0
2006,11,6,2,30,13.3,4,0,0
2006,11,6,3,30,13.200000000000001,4,0,0
2006,11,6,4,30,13.100000000000001,0,0,0
2006,11,6,5,30,13,0,0,0
2006,11,6,6,30,14.200000000000001,0,205,22
2006,11,6,7,30,17.2,0,664,194
2006,11,6,8,30,20.8,0,821,381
2006,11,6,9,30,24,0,891,534
2006,11,6,10,30,26.400000000000002,0,929,635
2006,11,6,11,30,28,0,944,676
2006,11,6,12,30,28.700000000000003,0,936,649
2006,11,6,13,30,28.8,0,896,555
2006,11,6,14,30,28.1,0,825,409
2006,11,6,15,30,25.700000000000003,0,673,225
2006,11,6,16,30,21.700000000000003,3,0,25
2006,11,6,17,30,19,1,0,0
2006,11,6,18,30,18.2,0,0,0
2006,11,6,19,30,17.7,1,0,0
2006,11,6,20,30,17.2,4,0,0
2006,11,6,21,30,16.7,0,0,0
2006,11,6,22,30,16.2,0,0,0
2006,11,6,23,30,15.9,0,0,0
2006,11,7,0,30,15.700000000000001,0,0,0
2006,11,7,1,30,15.5,3,0,0
2006,11,7,2,30,15.4,4,0,0
2006,11,7,3,30,15.3,0,0,0
2006,11,7,4,30,15.3,0,0,0
2006,11,7,5,30,15.3,1,0,0
2006,11,7,6,30,16.7,0,122,18
2006,11,7,7,30,20.1,0,677,190
2006,11,7,8,30,24.1,0,835,377
2006,11,7,9,30,27.400000000000002,0,906,529
2006,11,7,10,30,29.8,0,941,629
2006,11,7,11,30,31.200000000000003,0,952,667
2006,11,7,12,30,32,0,946,642
2006,11,7,13,30,32.2,0,917,552
2006,11,7,14,30,31.6,0,854,408
2006,11,7,15,30,29.200000000000003,0,720,225
2006,11,7,16,30,25.400000000000002,0,371,43
2006,11,7,17,30,22.8,0,0,0
2006,11,7,18,30,21.3,0,0,0
2006,11,7,19,30,19.700000000000003,0,0,0
2006,11,7,20,30,18.1,0,0,0
2006,11,7,21,30,17,0,0,0
2006,11,7,22,30,16.1,0,0,0
2006,11,7,23,30,15.5,0,0,0
2006,11,8,0,30,14.9,0,0,0
2006,11,8,1,30,14.3,0,0,0
2006,11,8,2,30,13.700000000000001,0,0,0
2006,11,8,3,30,13.100000000000001,0,0,0
2006,11,8,4,30,12.700000000000001,0,0,0
2006,11,8,5,30,12.5,0,0,0
2006,11,8,6,30,13.4,0,207,19
2006,11,8,7,30,15.9,0,684,192
2006,11,8,8,30,19.3,0,847,382
2006,11,8,9,30,22.900000000000002,0,923,537
2006,11,8,10,30,25.700000000000003,0,958,639
2006,11,8,11,30,27.5,0,970,678
2006,11,8,12,30,28.200000000000003,0,962,651
2006,11,8,13,30,27.700000000000003,0,930,559
2006,11,8,14,30,26.400000000000002,0,859,411
2006,11,8,15,30,23.900000000000002,0,722,226
2006,11,8,16,30,20.200000000000003,0,347,42
2006,11,8,17,30,17.400000000000002,0,0,0
2006,11,8,18,30,16.2,0,0,0
2006,11,8,19,30,15.5,0,0,0
2006,11,8,20,30,15,0,0,0
2006,11,8,21,30,14.700000000000001,0,0,0
2006,11,8,22,30,14.200000000000001,0,0,0
2006,11,8,23,30,13,0,0,0
2006,11,9,0,30,11.3,0,0,0
2006,11,9,1,30,9.9,0,0,0
2006,11,9,2,30,9,0,0,0
2006,11,9,3,30,8.200000000000001,0,0,0
2006,11,9,4,30,7.4,0,0,0
2006,11,9,5,30,6.9,0,0,0
2006,11,9,6,30,7.7,0,263,19
2006,11,9,7,30,10.100000000000001,0,742,201
2006,11,9,8,30,13.100000000000001,0,897,398
2006,11,9,9,30,16,0,967,558
2006,11,9,10,30,18.2,0,1001,664
2006,11,9,11,30,19.8,0,1002,697
2006,11,9,12,30,20.900000000000002,0,994,670
2006,11,9,13,30,21.5,0,963,576
2006,11,9,14,30,21.3,0,890,421
2006,11,9,15,30,19.400000000000002,0,753,232
2006,11,9,16,30,15.600000000000001,0,371,42
2006,11,9,17,30,12.600000000000001,0,0,0
2006,11,9,18,30,11,0,0,0
2006,11,9,19,30,9.8,0,0,0
2006,11,9,20,30,8.9,0,0,0
2006,11,9,21,30,8.200000000000001,0,0,0
2006,11,9,22,30,7.9,0,0,0
2006,11,9,23,30,7.800000000000001,0,0,0
2006,11,10,0,30,7.9,0,0,0
2006,11,10,1,30,8.3,0,0,0
2006,11,10,2,30,8.5,0,0,0
2006,11,10,3,30,8.700000000000001,0,0,0
2006,11,10,4,30,8.6,0,0,0
2006,11,10,5,30,8.3,0,0,0
2006,11,10,6,30,9.200000000000001,0,208,17
2006,11,10,7,30,11.8,0,692,189
2006,11,10,8,30,14.9,0,860,381
2006,11,10,9,30,17.7,0,933,538
2006,11,10,10,30,19.900000000000002,0,965,641
2006,11,10,11,30,21.400000000000002,0,977,681
2006,11,10,12,30,22.200000000000003,0,969,654
2006,11,10,13,30,22.5,0,934,561
2006,11,10,14,30,22.200000000000003,0,865,412
2006,11,10,15,30,20,1,710,222
2006,11,10,16,30,16.400000000000002,7,2,25
2006,11,10,17,30,14.100000000000001,7,0,0
2006,11,10,18,30,13.700000000000001,8,0,0
2006,11,10,19,30,13.600000000000001,8,0,0
2006,11,10,20,30,13.4,7,0,0
2006,11,10,21,30,12.5,7,0,0
2006,11,10,22,30,11.9,0,0,0
2006,11,10,23,30,12.100000000000001,0,0,0
2006,11,11,0,30,12.4,4,0,0
2006,11,11,1,30,12.8,4,0,0
2006,11,11,2,30,12.8,8,0,0
2006,11,11,3,30,12,6,0,0
2006,11,11,4,30,11.200000000000001,7,0,0
2006,11,11,5,30,11.100000000000001,8,0,0
2006,11,11,6,30,11.700000000000001,8,0,6
2006,11,11,7,30,13.8,7,52,124
2006,11,11,8,30,16.400000000000002,8,433,327
2006,11,11,9,30,18.1,8,841,507
2006,11,11,10,30,19.6,8,485,514
2006,11,11,11,30,20.200000000000003,4,0,182
2006,11,11,12,30,20.200000000000003,4,0,85
2006,11,11,13,30,19.6,4,0,110
2006,11,11,14,30,18.6,8,42,200
2006,11,11,15,30,16.8,3,341,194
2006,11,11,16,30,14,0,282,34
2006,11,11,17,30,11.4,0,0,0
2006,11,11,18,30,10.200000000000001,0,0,0
2006,11,11,19,30,9.200000000000001,0,0,0
2006,11,11,20,30,8.4,0,0,0
2006,11,11,21,30,7.7,0,0,0
2006,11,11,22,30,7.1000000000000005,0,0,0
2006,11,11,23,30,6.7,0,0,0
2006,11,12,0,30,6.5,0,0,0
2006,11,12,1,30,6.4,0,0,0
2006,11,12,2,30,6.4,0,0,0
2006,11,12,3,30,6.5,0,0,0
2006,11,12,4,30,7.2,0,0,0
2006,11,12,5,30,7.9,8,0,0
2006,11,12,6,30,8.8,7,0,0
2006,11,12,7,30,10.700000000000001,8,136,138
2006,11,12,8,30,12.700000000000001,0,831,367
2006,11,12,9,30,14.5,1,916,525
2006,11,12,10,30,16.400000000000002,1,957,632
2006,11,12,11,30,18,0,969,671
2006,11,12,12,30,18.900000000000002,0,969,649
2006,11,12,13,30,19,8,362,432
2006,11,12,14,30,18.3,7,653,393
2006,11,12,15,30,16.2,0,726,219
2006,11,12,16,30,12.600000000000001,0,338,36
2006,11,12,17,30,10.200000000000001,0,0,0
2006,11,12,18,30,9.700000000000001,0,0,0
2006,11,12,19,30,9.600000000000001,0,0,0
2006,11,12,20,30,9.9,0,0,0
2006,11,12,21,30,10,4,0,0
2006,11,12,22,30,9.600000000000001,7,0,0
2006,11,12,23,30,9.1,0,0,0
2006,11,13,0,30,8.700000000000001,0,0,0
2006,11,13,1,30,8.700000000000001,0,0,0
2006,11,13,2,30,8.8,1,0,0
2006,11,13,3,30,8.8,7,0,0
2006,11,13,4,30,8.8,7,0,0
2006,11,13,5,30,8.9,7,0,0
2006,11,13,6,30,9.700000000000001,7,0,0
2006,11,13,7,30,11.8,0,619,167
2006,11,13,8,30,14.700000000000001,0,795,350
2006,11,13,9,30,17.400000000000002,0,873,501
2006,11,13,10,30,19.5,4,600,583
2006,11,13,11,30,20.900000000000002,0,922,637
2006,11,13,12,30,21.900000000000002,3,62,359
2006,11,13,13,30,22.5,4,0,108
2006,11,13,14,30,22.3,1,805,376
2006,11,13,15,30,20.5,0,655,199
2006,11,13,16,30,17.6,0,270,31
2006,11,13,17,30,15.4,3,0,0
2006,11,13,18,30,14.3,0,0,0
2006,11,13,19,30,13.5,0,0,0
2006,11,13,20,30,13,0,0,0
2006,11,13,21,30,12.600000000000001,0,0,0
2006,11,13,22,30,12.100000000000001,0,0,0
2006,11,13,23,30,11.600000000000001,0,0,0
2006,11,14,0,30,11.200000000000001,0,0,0
2006,11,14,1,30,11,0,0,0
2006,11,14,2,30,11,1,0,0
2006,11,14,3,30,10.9,0,0,0
2006,11,14,4,30,10.8,0,0,0
2006,11,14,5,30,10.8,0,0,0
2006,11,14,6,30,11.700000000000001,0,0,0
2006,11,14,7,30,13.5,3,0,6
2006,11,14,8,30,15.5,0,747,337
2006,11,14,9,30,17.7,0,855,489
2006,11,14,10,30,19.8,1,889,589
2006,11,14,11,30,21.3,0,916,632
2006,11,14,12,30,22.200000000000003,0,912,608
2006,11,14,13,30,22.400000000000002,0,868,519
2006,11,14,14,30,21.900000000000002,0,795,377
2006,11,14,15,30,20.200000000000003,0,642,200
2006,11,14,16,30,17.400000000000002,0,256,30
2006,11,14,17,30,15.200000000000001,0,0,0
2006,11,14,18,30,14,0,0,0
2006,11,14,19,30,13.100000000000001,0,0,0
2006,11,14,20,30,12.200000000000001,0,0,0
2006,11,14,21,30,11.3,0,0,0
2006,11,14,22,30,10.600000000000001,0,0,0
2006,11,14,23,30,10.3,0,0,0
2006,11,15,0,30,10.200000000000001,0,0,0
2006,11,15,1,30,10.100000000000001,0,0,0
2006,11,15,2,30,9.9,0,0,0
2006,11,15,3,30,9.600000000000001,0,0,0
2006,11,15,4,30,9.4,0,0,0
2006,11,15,5,30,9.200000000000001,0,0,0
2006,11,15,6,30,10.4,0,0,0
2006,11,15,7,30,13.3,0,672,169
2006,11,15,8,30,16.8,0,844,357
2006,11,15,9,30,19.700000000000003,0,922,512
2006,11,15,10,30,21.8,0,952,611
2006,11,15,11,30,23.200000000000003,0,962,651
2006,11,15,12,30,24,0,952,624
2006,11,15,13,30,24.1,0,914,531
2006,11,15,14,30,23.5,0,840,386
2006,11,15,15,30,21.1,0,691,205
2006,11,15,16,30,17.5,0,312,31
2006,11,15,17,30,15,0,0,0
2006,11,15,18,30,13.700000000000001,0,0,0
2006,11,15,19,30,13,0,0,0
2006,11,15,20,30,12.4,0,0,0
2006,11,15,21,30,12,0,0,0
2006,11,15,22,30,11.8,0,0,0
2006,11,15,23,30,11.600000000000001,0,0,0
2006,11,16,0,30,11.600000000000001,0,0,0
2006,11,16,1,30,11.700000000000001,0,0,0
2006,11,16,2,30,11.700000000000001,0,0,0
2006,11,16,3,30,11.8,0,0,0
2006,11,16,4,30,11.700000000000001,0,0,0
2006,11,16,5,30,11.600000000000001,0,0,0
2006,11,16,6,30,12.3,0,0,0
2006,11,16,7,30,15,0,702,169
2006,11,16,8,30,18.7,0,871,358
2006,11,16,9,30,22.1,0,940,510
2006,11,16,10,30,25.200000000000003,0,976,613
2006,11,16,11,30,27.1,0,987,653
2006,11,16,12,30,27.900000000000002,0,978,627
2006,11,16,13,30,28,0,947,537
2006,11,16,14,30,27,0,871,389
2006,11,16,15,30,23.6,0,726,207
2006,11,16,16,30,19.200000000000003,0,319,29
2006,11,16,17,30,16.8,0,0,0
2006,11,16,18,30,15.4,0,0,0
2006,11,16,19,30,14.100000000000001,0,0,0
2006,11,16,20,30,13.100000000000001,0,0,0
2006,11,16,21,30,12.4,0,0,0
2006,11,16,22,30,11.9,0,0,0
2006,11,16,23,30,11.700000000000001,0,0,0
2006,11,17,0,30,11.5,1,0,0
2006,11,17,1,30,11.3,0,0,0
2006,11,17,2,30,11,0,0,0
2006,11,17,3,30,10.8,0,0,0
2006,11,17,4,30,10.600000000000001,0,0,0
2006,11,17,5,30,10.4,0,0,0
2006,11,17,6,30,11.4,0,0,0
2006,11,17,7,30,14.100000000000001,0,642,156
2006,11,17,8,30,17.7,0,817,337
2006,11,17,9,30,21.3,0,894,487
2006,11,17,10,30,24.3,0,928,587
2006,11,17,11,30,26.3,0,937,624
2006,11,17,12,30,27.200000000000003,0,927,599
2006,11,17,13,30,27.400000000000002,0,892,510
2006,11,17,14,30,26.700000000000003,0,822,371
2006,11,17,15,30,24.3,0,671,194
2006,11,17,16,30,21,0,276,27
2006,11,17,17,30,18.8,0,0,0
2006,11,17,18,30,17.3,0,0,0
2006,11,17,19,30,16,0,0,0
2006,11,17,20,30,15.100000000000001,0,0,0
2006,11,17,21,30,14.5,0,0,0
2006,11,17,22,30,14,1,0,0
2006,11,17,23,30,13.600000000000001,8,0,0
2006,11,18,0,30,13.200000000000001,1,0,0
2006,11,18,1,30,12.9,0,0,0
2006,11,18,2,30,12.8,4,0,0
2006,11,18,3,30,12.700000000000001,4,0,0
2006,11,18,4,30,12.100000000000001,0,0,0
2006,11,18,5,30,11.5,1,0,0
2006,11,18,6,30,12.200000000000001,0,0,0
2006,11,18,7,30,15,0,624,153
2006,11,18,8,30,18.7,0,813,336
2006,11,18,9,30,22.1,0,896,489
2006,11,18,10,30,24.5,0,928,590
2006,11,18,11,30,26,0,948,632
2006,11,18,12,30,26.900000000000002,0,949,610
2006,11,18,13,30,27,0,917,521
2006,11,18,14,30,26.3,0,853,380
2006,11,18,15,30,23.6,0,706,200
2006,11,18,16,30,19.5,0,294,27
2006,11,18,17,30,16.900000000000002,0,0,0
2006,11,18,18,30,15.700000000000001,0,0,0
2006,11,18,19,30,15,0,0,0
2006,11,18,20,30,14.4,0,0,0
2006,11,18,21,30,13.9,0,0,0
2006,11,18,22,30,13.5,0,0,0
2006,11,18,23,30,13.100000000000001,0,0,0
2006,11,19,0,30,12.700000000000001,0,0,0
2006,11,19,1,30,12.4,0,0,0
2006,11,19,2,30,12.100000000000001,0,0,0
2006,11,19,3,30,11.8,0,0,0
2006,11,19,4,30,11.600000000000001,0,0,0
2006,11,19,5,30,11.4,1,0,0
2006,11,19,6,30,12.200000000000001,1,0,0
2006,11,19,7,30,14.9,0,652,155
2006,11,19,8,30,18.6,0,837,342
2006,11,19,9,30,22.200000000000003,0,918,497
2006,11,19,10,30,24.900000000000002,0,956,600
2006,11,19,11,30,26.5,0,963,637
2006,11,19,12,30,27.3,0,953,612
2006,11,19,13,30,27.400000000000002,0,922,523
2006,11,19,14,30,26.700000000000003,0,852,379
2006,11,19,15,30,23.8,0,700,199
2006,11,19,16,30,19.8,0,275,26
2006,11,19,17,30,17.2,0,0,0
2006,11,19,18,30,15.9,0,0,0
2006,11,19,19,30,15,0,0,0
2006,11,19,20,30,14.3,0,0,0
2006,11,19,21,30,13.8,0,0,0
2006,11,19,22,30,13.4,0,0,0
2006,11,19,23,30,13,0,0,0
2006,11,20,0,30,12.600000000000001,0,0,0
2006,11,20,1,30,12.100000000000001,0,0,0
2006,11,20,2,30,11.5,0,0,0
2006,11,20,3,30,11,0,0,0
2006,11,20,4,30,10.600000000000001,0,0,0
2006,11,20,5,30,10.200000000000001,0,0,0
2006,11,20,6,30,11.3,0,0,0
2006,11,20,7,30,14.8,0,622,150
2006,11,20,8,30,18.900000000000002,0,817,336
2006,11,20,9,30,22.400000000000002,0,904,491
2006,11,20,10,30,25.400000000000002,0,940,594
2006,11,20,11,30,27.200000000000003,0,953,634
2006,11,20,12,30,27.900000000000002,0,943,609
2006,11,20,13,30,27.900000000000002,0,906,520
2006,11,20,14,30,26.900000000000002,0,831,376
2006,11,20,15,30,23.900000000000002,0,668,195
2006,11,20,16,30,20.400000000000002,0,234,24
2006,11,20,17,30,18.8,0,0,0
2006,11,20,18,30,18,0,0,0
2006,11,20,19,30,17.1,0,0,0
2006,11,20,20,30,16.400000000000002,8,0,0
2006,11,20,21,30,15.9,0,0,0
2006,11,20,22,30,15.600000000000001,7,0,0
2006,11,20,23,30,15.3,7,0,0
2006,11,21,0,30,15,7,0,0
2006,11,21,1,30,14.700000000000001,8,0,0
2006,11,21,2,30,14.3,4,0,0
2006,11,21,3,30,14,0,0,0
2006,11,21,4,30,13.9,0,0,0
2006,11,21,5,30,13.8,0,0,0
2006,11,21,6,30,13.9,0,0,0
2006,11,21,7,30,15.8,4,0,50
2006,11,21,8,30,18.900000000000002,3,80,227
2006,11,21,9,30,21.6,0,878,479
2006,11,21,10,30,23.6,0,917,580
2006,11,21,11,30,24.400000000000002,0,935,624
2006,11,21,12,30,24.400000000000002,3,597,580
2006,11,21,13,30,24,8,450,411
2006,11,21,14,30,23.200000000000003,8,556,330
2006,11,21,15,30,20.5,8,5,72
2006,11,21,16,30,16.900000000000002,1,218,23
2006,11,21,17,30,14.600000000000001,7,0,0
2006,11,21,18,30,13.5,7,0,0
2006,11,21,19,30,12.700000000000001,7,0,0
2006,11,21,20,30,12.3,7,0,0
2006,11,21,21,30,12.100000000000001,7,0,0
2006,11,21,22,30,12,7,0,0
2006,11,21,23,30,11.9,1,0,0
2006,11,22,0,30,11.9,7,0,0
2006,11,22,1,30,12,8,0,0
2006,11,22,2,30,12,1,0,0
2006,11,22,3,30,12.100000000000001,7,0,0
2006,11,22,4,30,12.100000000000001,8,0,0
2006,11,22,5,30,12.100000000000001,7,0,0
2006,11,22,6,30,12.4,7,0,0
2006,11,22,7,30,13.8,7,8,76
2006,11,22,8,30,15.8,7,129,227
2006,11,22,9,30,17.6,7,414,395
2006,11,22,10,30,19.1,8,340,438
2006,11,22,11,30,20.200000000000003,8,544,520
2006,11,22,12,30,20.900000000000002,7,295,437
2006,11,22,13,30,20.900000000000002,7,261,374
2006,11,22,14,30,19.900000000000002,6,41,208
2006,11,22,15,30,17.6,6,116,108
2006,11,22,16,30,15.4,7,0,12
2006,11,22,17,30,14.4,7,0,0
2006,11,22,18,30,13.600000000000001,7,0,0
2006,11,22,19,30,12.600000000000001,8,0,0
2006,11,22,20,30,11.700000000000001,7,0,0
2006,11,22,21,30,11.200000000000001,7,0,0
2006,11,22,22,30,10.9,4,0,0
2006,11,22,23,30,10.5,7,0,0
2006,11,23,0,30,10.100000000000001,7,0,0
2006,11,23,1,30,9.9,8,0,0
2006,11,23,2,30,9.9,7,0,0
2006,11,23,3,30,9.8,7,0,0
2006,11,23,4,30,9.600000000000001,4,0,0
2006,11,23,5,30,9.4,8,0,0
2006,11,23,6,30,9.600000000000001,7,0,0
2006,11,23,7,30,10.600000000000001,3,0,50
2006,11,23,8,30,12.4,0,774,316
2006,11,23,9,30,15.100000000000001,0,883,473
2006,11,23,10,30,18.2,0,951,584
2006,11,23,11,30,20.700000000000003,8,293,456
2006,11,23,12,30,21.700000000000003,7,353,463
2006,11,23,13,30,21.8,7,260,378
2006,11,23,14,30,20.900000000000002,7,110,253
2006,11,23,15,30,18.1,7,116,138
2006,11,23,16,30,14.5,7,1,13
2006,11,23,17,30,12.200000000000001,1,0,0
2006,11,23,18,30,10.8,0,0,0
2006,11,23,19,30,9.9,0,0,0
2006,11,23,20,30,9.3,0,0,0
2006,11,23,21,30,8.700000000000001,0,0,0
2006,11,23,22,30,8.1,0,0,0
2006,11,23,23,30,7.5,0,0,0
2006,11,24,0,30,6.9,0,0,0
2006,11,24,1,30,6.4,0,0,0
2006,11,24,2,30,6,0,0,0
2006,11,24,3,30,5.7,0,0,0
2006,11,24,4,30,5.5,0,0,0
2006,11,24,5,30,5.300000000000001,0,0,0
2006,11,24,6,30,6.300000000000001,1,0,0
2006,11,24,7,30,9.3,1,640,141
2006,11,24,8,30,12.8,0,839,327
2006,11,24,9,30,15.5,0,926,483
2006,11,24,10,30,17.6,0,965,588
2006,11,24,11,30,18.8,0,979,630
2006,11,24,12,30,19.400000000000002,0,970,606
2006,11,24,13,30,19.3,0,934,518
2006,11,24,14,30,18.5,0,863,375
2006,11,24,15,30,16.2,0,706,193
2006,11,24,16,30,13.200000000000001,0,253,22
2006,11,24,17,30,11.4,0,0,0
2006,11,24,18,30,10.5,0,0,0
2006,11,24,19,30,9.700000000000001,0,0,0
2006,11,24,20,30,8.6,0,0,0
2006,11,24,21,30,7.5,0,0,0
2006,11,24,22,30,6.6000000000000005,0,0,0
2006,11,24,23,30,5.9,0,0,0
2006,11,25,0,30,5.6000000000000005,0,0,0
2006,11,25,1,30,5.5,4,0,0
2006,11,25,2,30,5.5,0,0,0
2006,11,25,3,30,5.1000000000000005,0,0,0
2006,11,25,4,30,4.4,7,0,0
2006,11,25,5,30,3.6,7,0,0
2006,11,25,6,30,3.8000000000000003,8,0,0
2006,11,25,7,30,6,1,610,135
2006,11,25,8,30,9.3,0,817,319
2006,11,25,9,30,12.3,0,900,471
2006,11,25,10,30,14.4,0,943,575
2006,11,25,11,30,15.8,0,960,618
2006,11,25,12,30,16.400000000000002,0,954,594
2006,11,25,13,30,16.400000000000002,0,917,507
2006,11,25,14,30,15.600000000000001,0,853,369
2006,11,25,15,30,13.100000000000001,0,695,189
2006,11,25,16,30,9.5,0,241,21
2006,11,25,17,30,7.2,0,0,0
2006,11,25,18,30,6,0,0,0
2006,11,25,19,30,4.9,0,0,0
2006,11,25,20,30,4.2,0,0,0
2006,11,25,21,30,3.7,0,0,0
2006,11,25,22,30,3.3000000000000003,0,0,0
2006,11,25,23,30,2.9000000000000004,1,0,0
2006,11,26,0,30,2.6,0,0,0
2006,11,26,1,30,2.3000000000000003,0,0,0
2006,11,26,2,30,2.1,0,0,0
2006,11,26,3,30,2,0,0,0
2006,11,26,4,30,2,0,0,0
2006,11,26,5,30,1.9000000000000001,0,0,0
2006,11,26,6,30,2.7,0,0,0
2006,11,26,7,30,5.2,1,626,133
2006,11,26,8,30,8.8,0,830,317
2006,11,26,9,30,11.8,0,918,472
2006,11,26,10,30,13.8,0,953,576
2006,11,26,11,30,15.100000000000001,0,966,618
2006,11,26,12,30,15.700000000000001,0,957,595
2006,11,26,13,30,15.8,0,912,505
2006,11,26,14,30,15.200000000000001,0,830,361
2006,11,26,15,30,13,7,311,161
2006,11,26,16,30,10.4,7,0,12
2006,11,26,17,30,9.200000000000001,6,0,0
2006,11,26,18,30,8.5,7,0,0
2006,11,26,19,30,7.7,7,0,0
2006,11,26,20,30,7,7,0,0
2006,11,26,21,30,6.300000000000001,7,0,0
2006,11,26,22,30,6,7,0,0
2006,11,26,23,30,6.1000000000000005,0,0,0
2006,11,27,0,30,6.1000000000000005,1,0,0
2006,11,27,1,30,5.9,7,0,0
2006,11,27,2,30,5.5,4,0,0
2006,11,27,3,30,5.300000000000001,4,0,0
2006,11,27,4,30,5.5,0,0,0
2006,11,27,5,30,5.800000000000001,0,0,0
2006,11,27,6,30,6.2,1,0,0
2006,11,27,7,30,7,1,461,118
2006,11,27,8,30,8.1,3,4,132
2006,11,27,9,30,9.5,3,37,270
2006,11,27,10,30,11.100000000000001,2,37,302
2006,11,27,11,30,12.600000000000001,7,639,544
2006,11,27,12,30,13.5,1,920,576
2006,11,27,13,30,13.600000000000001,1,884,490
2006,11,27,14,30,13.100000000000001,4,2,138
2006,11,27,15,30,11.700000000000001,4,0,36
2006,11,27,16,30,9.4,1,201,19
2006,11,27,17,30,7.6000000000000005,4,0,0
2006,11,27,18,30,6.7,4,0,0
2006,11,27,19,30,6.1000000000000005,0,0,0
2006,11,27,20,30,5.9,0,0,0
2006,11,27,21,30,6.1000000000000005,0,0,0
2006,11,27,22,30,6.2,0,0,0
2006,11,27,23,30,6.2,0,0,0
2006,11,28,0,30,6.1000000000000005,0,0,0
2006,11,28,1,30,5.800000000000001,0,0,0
2006,11,28,2,30,5.4,0,0,0
2006,11,28,3,30,4.800000000000001,0,0,0
2006,11,28,4,30,4.1000000000000005,0,0,0
2006,11,28,5,30,3.2,0,0,0
2006,11,28,6,30,3.1,0,0,0
2006,11,28,7,30,4.5,0,602,127
2006,11,28,8,30,6.6000000000000005,0,831,315
2006,11,28,9,30,8.6,0,927,473
2006,11,28,10,30,10.4,0,969,579
2006,11,28,11,30,11.700000000000001,0,984,622
2006,11,28,12,30,12.3,0,975,599
2006,11,28,13,30,12.200000000000001,0,955,518
2006,11,28,14,30,11.200000000000001,0,888,376
2006,11,28,15,30,9.1,0,737,194
2006,11,28,16,30,6.2,0,287,21
2006,11,28,17,30,4.2,0,0,0
2006,11,28,18,30,3.3000000000000003,0,0,0
2006,11,28,19,30,2.7,0,0,0
2006,11,28,20,30,2.3000000000000003,0,0,0
2006,11,28,21,30,1.7000000000000002,0,0,0
2006,11,28,22,30,1.3,0,0,0
2006,11,28,23,30,1.1,0,0,0
2006,11,29,0,30,0.9,0,0,0
2006,11,29,1,30,0.8,0,0,0
2006,11,29,2,30,0.9,0,0,0
2006,11,29,3,30,0.9,0,0,0
2006,11,29,4,30,0.8,0,0,0
2006,11,29,5,30,0.8,0,0,0
2006,11,29,6,30,1.4000000000000001,0,0,0
2006,11,29,7,30,3.2,0,633,128
2006,11,29,8,30,5.2,0,844,313
2006,11,29,9,30,6.7,0,944,476
2006,11,29,10,30,7.800000000000001,0,982,582
2006,11,29,11,30,8.700000000000001,0,994,626
2006,11,29,12,30,9.4,0,984,603
2006,11,29,13,30,9.700000000000001,0,946,516
2006,11,29,14,30,9.5,0,867,372
2006,11,29,15,30,8.3,0,681,187
2006,11,29,16,30,6.4,0,232,20
2006,11,29,17,30,5,0,0,0
2006,11,29,18,30,4.4,0,0,0
2006,11,29,19,30,3.9000000000000004,0,0,0
2006,11,29,20,30,3.2,0,0,0
2006,11,29,21,30,2.6,0,0,0
2006,11,29,22,30,2.1,0,0,0
2006,11,29,23,30,1.6,0,0,0
2006,11,30,0,30,1,0,0,0
2006,11,30,1,30,0.6000000000000001,1,0,0
2006,11,30,2,30,0.5,0,0,0
2006,11,30,3,30,0.5,0,0,0
2006,11,30,4,30,0.5,0,0,0
2006,11,30,5,30,0.6000000000000001,0,0,0
2006,11,30,6,30,1.5,0,0,0
2006,11,30,7,30,3.8000000000000003,4,5,75
2006,11,30,8,30,6.6000000000000005,0,819,305
2006,11,30,9,30,8.700000000000001,0,907,458
2006,11,30,10,30,10.5,0,947,562
2006,11,30,11,30,11.9,0,959,606
2006,11,30,12,30,12.8,0,949,584
2006,11,30,13,30,13.100000000000001,0,926,501
2006,11,30,14,30,12.600000000000001,0,849,359
2006,11,30,15,30,10.200000000000001,0,693,183
2006,11,30,16,30,6.7,0,254,19
2006,11,30,17,30,4.9,0,0,0
2006,11,30,18,30,4.4,0,0,0
2006,11,30,19,30,4,0,0,0
2006,11,30,20,30,3.8000000000000003,0,0,0
2006,11,30,21,30,3.6,0,0,0
2006,11,30,22,30,3.4000000000000004,0,0,0
2006,11,30,23,30,3.2,0,0,0
2006,12,1,0,30,3,0,0,0
2006,12,1,1,30,2.9000000000000004,0,0,0
2006,12,1,2,30,2.9000000000000004,0,0,0
2006,12,1,3,30,2.8000000000000003,0,0,0
2006,12,1,4,30,2.8000000000000003,0,0,0
2006,12,1,5,30,2.9000000000000004,1,0,0
2006,12,1,6,30,3.7,0,0,0
2006,12,1,7,30,6.1000000000000005,4,0,42
2006,12,1,8,30,9.600000000000001,0,812,298
2006,12,1,9,30,13,0,912,455
2006,12,1,10,30,15.8,0,958,561
2006,12,1,11,30,17.6,0,975,605
2006,12,1,12,30,18.6,0,966,584
2006,12,1,13,30,18.8,0,934,500
2006,12,1,14,30,18.1,0,864,361
2006,12,1,15,30,14.9,0,698,183
2006,12,1,16,30,11,0,257,19
2006,12,1,17,30,9.1,1,0,0
2006,12,1,18,30,8.4,7,0,0
2006,12,1,19,30,8.1,0,0,0
2006,12,1,20,30,7.9,0,0,0
2006,12,1,21,30,7.6000000000000005,0,0,0
2006,12,1,22,30,7.4,0,0,0
2006,12,1,23,30,7.4,0,0,0
2006,12,2,0,30,7.300000000000001,0,0,0
2006,12,2,1,30,7,1,0,0
2006,12,2,2,30,6.6000000000000005,1,0,0
2006,12,2,3,30,6.2,1,0,0
2006,12,2,4,30,5.800000000000001,0,0,0
2006,12,2,5,30,5.5,4,0,0
2006,12,2,6,30,5.9,4,0,0
2006,12,2,7,30,7.9,4,0,47
2006,12,2,8,30,11,0,823,301
2006,12,2,9,30,13.8,0,932,464
2006,12,2,10,30,15.700000000000001,0,976,572
2006,12,2,11,30,16.900000000000002,0,990,617
2006,12,2,12,30,17.400000000000002,0,983,597
2006,12,2,13,30,17.3,0,949,511
2006,12,2,14,30,16.6,0,876,369
2006,12,2,15,30,14.200000000000001,0,718,189
2006,12,2,16,30,11,0,241,20
2006,12,2,17,30,9.4,0,0,0
2006,12,2,18,30,8.8,0,0,0
2006,12,2,19,30,8.3,0,0,0
2006,12,2,20,30,7.9,0,0,0
2006,12,2,21,30,7.5,0,0,0
2006,12,2,22,30,7.2,0,0,0
2006,12,2,23,30,6.800000000000001,0,0,0
2006,12,3,0,30,6.2,0,0,0
2006,12,3,1,30,5.6000000000000005,0,0,0
2006,12,3,2,30,5,0,0,0
2006,12,3,3,30,4.3,1,0,0
2006,12,3,4,30,3.7,0,0,0
2006,12,3,5,30,3.3000000000000003,0,0,0
2006,12,3,6,30,3.4000000000000004,1,0,0
2006,12,3,7,30,5.1000000000000005,4,16,77
2006,12,3,8,30,7.9,0,853,304
2006,12,3,9,30,10.600000000000001,0,941,462
2006,12,3,10,30,12.700000000000001,0,976,569
2006,12,3,11,30,14.200000000000001,0,988,614
2006,12,3,12,30,15.100000000000001,0,975,593
2006,12,3,13,30,15.4,0,943,508
2006,12,3,14,30,14.8,0,859,366
2006,12,3,15,30,12.5,0,677,185
2006,12,3,16,30,9.4,0,260,20
2006,12,3,17,30,7.6000000000000005,0,0,0
2006,12,3,18,30,6.9,0,0,0
2006,12,3,19,30,6.300000000000001,0,0,0
2006,12,3,20,30,5.800000000000001,0,0,0
2006,12,3,21,30,5.4,0,0,0
2006,12,3,22,30,5.1000000000000005,0,0,0
2006,12,3,23,30,4.800000000000001,1,0,0
2006,12,4,0,30,4.6000000000000005,0,0,0
2006,12,4,1,30,4.3,0,0,0
2006,12,4,2,30,3.8000000000000003,4,0,0
2006,12,4,3,30,3.3000000000000003,1,0,0
2006,12,4,4,30,2.9000000000000004,1,0,0
2006,12,4,5,30,2.6,4,0,0
2006,12,4,6,30,3,4,0,0
2006,12,4,7,30,5.5,4,8,72
2006,12,4,8,30,9.200000000000001,0,853,301
2006,12,4,9,30,12.700000000000001,0,946,460
2006,12,4,10,30,15.3,0,991,568
2006,12,4,11,30,17.2,0,1007,614
2006,12,4,12,30,18.400000000000002,0,1001,594
2006,12,4,13,30,18.7,0,970,510
2006,12,4,14,30,17.8,0,902,370
2006,12,4,15,30,14.3,0,750,190
2006,12,4,16,30,10,0,313,20
2006,12,4,17,30,8.200000000000001,0,0,0
2006,12,4,18,30,7.7,0,0,0
2006,12,4,19,30,7.300000000000001,0,0,0
2006,12,4,20,30,6.800000000000001,0,0,0
2006,12,4,21,30,6.4,0,0,0
2006,12,4,22,30,5.9,0,0,0
2006,12,4,23,30,5.5,1,0,0
2006,12,5,0,30,5.2,0,0,0
2006,12,5,1,30,4.9,1,0,0
2006,12,5,2,30,4.7,1,0,0
2006,12,5,3,30,4.5,1,0,0
2006,12,5,4,30,4.3,1,0,0
2006,12,5,5,30,4.1000000000000005,4,0,0
2006,12,5,6,30,4.800000000000001,4,0,0
2006,12,5,7,30,8,4,8,70
2006,12,5,8,30,12.200000000000001,0,856,298
2006,12,5,9,30,15.700000000000001,0,947,456
2006,12,5,10,30,18.5,0,985,565
2006,12,5,11,30,20.1,0,1000,611
2006,12,5,12,30,20.900000000000002,0,993,592
2006,12,5,13,30,21,0,962,508
2006,12,5,14,30,19.8,0,892,368
2006,12,5,15,30,16.1,0,735,189
2006,12,5,16,30,11.9,0,290,20
2006,12,5,17,30,9.700000000000001,1,0,0
2006,12,5,18,30,8.6,0,0,0
2006,12,5,19,30,7.9,1,0,0
2006,12,5,20,30,7.4,1,0,0
2006,12,5,21,30,7,0,0,0
2006,12,5,22,30,6.6000000000000005,0,0,0
2006,12,5,23,30,6.2,1,0,0
2006,12,6,0,30,5.9,1,0,0
2006,12,6,1,30,5.7,1,0,0
2006,12,6,2,30,5.5,4,0,0
2006,12,6,3,30,5.4,1,0,0
2006,12,6,4,30,5.4,4,0,0
2006,12,6,5,30,5.4,4,0,0
2006,12,6,6,30,6.1000000000000005,4,0,0
2006,12,6,7,30,9.200000000000001,4,4,65
2006,12,6,8,30,13.4,0,821,290
2006,12,6,9,30,16.8,0,921,447
2006,12,6,10,30,19.6,0,970,556
2006,12,6,11,30,21.3,0,988,602
2006,12,6,12,30,22.3,0,973,578
2006,12,6,13,30,22.400000000000002,0,942,496
2006,12,6,14,30,21.3,0,871,359
2006,12,6,15,30,17.7,0,718,184
2006,12,6,16,30,13.700000000000001,0,269,19
2006,12,6,17,30,11.700000000000001,0,0,0
2006,12,6,18,30,10.8,0,0,0
2006,12,6,19,30,10.200000000000001,0,0,0
2006,12,6,20,30,9.700000000000001,1,0,0
2006,12,6,21,30,9.200000000000001,0,0,0
2006,12,6,22,30,8.700000000000001,1,0,0
2006,12,6,23,30,8.3,4,0,0
2006,12,7,0,30,8,4,0,0
2006,12,7,1,30,7.800000000000001,4,0,0
2006,12,7,2,30,7.7,4,0,0
2006,12,7,3,30,7.6000000000000005,4,0,0
2006,12,7,4,30,7.6000000000000005,1,0,0
2006,12,7,5,30,7.6000000000000005,4,0,0
2006,12,7,6,30,8.4,4,0,0
2006,12,7,7,30,11.200000000000001,4,3,61
2006,12,7,8,30,15,0,826,283
2006,12,7,9,30,18,0,922,438
2006,12,7,10,30,20.400000000000002,0,963,545
2006,12,7,11,30,21.900000000000002,0,976,592
2006,12,7,12,30,22.6,0,965,573
2006,12,7,13,30,22.6,0,940,493
2006,12,7,14,30,21.5,0,867,356
2006,12,7,15,30,18.1,0,710,182
2006,12,7,16,30,14,0,288,19
2006,12,7,17,30,12.100000000000001,0,0,0
2006,12,7,18,30,11.3,0,0,0
2006,12,7,19,30,10.700000000000001,0,0,0
2006,12,7,20,30,10.200000000000001,0,0,0
2006,12,7,21,30,9.8,0,0,0
2006,12,7,22,30,9.5,0,0,0
2006,12,7,23,30,9.1,0,0,0
2006,12,8,0,30,8.700000000000001,0,0,0
2006,12,8,1,30,8.3,0,0,0
2006,12,8,2,30,8,0,0,0
2006,12,8,3,30,7.7,0,0,0
2006,12,8,4,30,7.300000000000001,0,0,0
2006,12,8,5,30,7,0,0,0
2006,12,8,6,30,7.5,1,0,0
2006,12,8,7,30,10.700000000000001,4,4,62
2006,12,8,8,30,14.9,0,754,274
2006,12,8,9,30,18.1,0,862,429
2006,12,8,10,30,20.5,0,915,537
2006,12,8,11,30,21.8,0,926,580
2006,12,8,12,30,22.3,0,916,562
2006,12,8,13,30,21.900000000000002,0,884,482
2006,12,8,14,30,20.400000000000002,0,802,346
2006,12,8,15,30,16.900000000000002,0,635,176
2006,12,8,16,30,12.8,0,164,17
2006,12,8,17,30,10.4,0,0,0
2006,12,8,18,30,9.200000000000001,1,0,0
2006,12,8,19,30,8.3,0,0,0
2006,12,8,20,30,7.6000000000000005,4,0,0
2006,12,8,21,30,7.2,1,0,0
2006,12,8,22,30,6.9,0,0,0
2006,12,8,23,30,6.9,0,0,0
2006,12,9,0,30,7,0,0,0
2006,12,9,1,30,7.2,0,0,0
2006,12,9,2,30,7.4,0,0,0
2006,12,9,3,30,7.6000000000000005,0,0,0
2006,12,9,4,30,7.6000000000000005,0,0,0
2006,12,9,5,30,7.300000000000001,0,0,0
2006,12,9,6,30,7.300000000000001,0,0,0
2006,12,9,7,30,8.3,0,466,91
2006,12,9,8,30,10.700000000000001,0,731,266
2006,12,9,9,30,13.600000000000001,0,857,422
2006,12,9,10,30,15.700000000000001,0,911,529
2006,12,9,11,30,16.7,0,929,576
2006,12,9,12,30,16.900000000000002,0,917,556
2006,12,9,13,30,16.400000000000002,0,878,476
2006,12,9,14,30,15.200000000000001,0,791,342
2006,12,9,15,30,13.100000000000001,0,603,170
2006,12,9,16,30,10.9,0,142,17
2006,12,9,17,30,9.700000000000001,0,0,0
2006,12,9,18,30,9.4,0,0,0
2006,12,9,19,30,9.3,0,0,0
2006,12,9,20,30,9.3,0,0,0
2006,12,9,21,30,9.200000000000001,7,0,0
2006,12,9,22,30,9.3,8,0,0
2006,12,9,23,30,9.5,7,0,0
2006,12,10,0,30,9.200000000000001,0,0,0
2006,12,10,1,30,8.6,0,0,0
2006,12,10,2,30,8,0,0,0
2006,12,10,3,30,7.5,0,0,0
2006,12,10,4,30,6.9,0,0,0
2006,12,10,5,30,6,0,0,0
2006,12,10,6,30,5.6000000000000005,0,0,0
2006,12,10,7,30,6.300000000000001,0,509,91
2006,12,10,8,30,7.800000000000001,0,750,265
2006,12,10,9,30,9.600000000000001,0,856,418
2006,12,10,10,30,11.4,0,896,522
2006,12,10,11,30,12.700000000000001,0,909,566
2006,12,10,12,30,13.4,0,896,547
2006,12,10,13,30,13.4,0,865,470
2006,12,10,14,30,12.8,0,781,337
2006,12,10,15,30,11.100000000000001,0,597,168
2006,12,10,16,30,9.3,0,119,17
2006,12,10,17,30,8.4,1,0,0
2006,12,10,18,30,8.3,0,0,0
2006,12,10,19,30,8.4,0,0,0
2006,12,10,20,30,8.200000000000001,0,0,0
2006,12,10,21,30,7.5,0,0,0
2006,12,10,22,30,6.800000000000001,0,0,0
2006,12,10,23,30,6.4,0,0,0
2006,12,11,0,30,6.2,0,0,0
2006,12,11,1,30,6.2,0,0,0
2006,12,11,2,30,5.9,0,0,0
2006,12,11,3,30,5.6000000000000005,7,0,0
2006,12,11,4,30,5.2,0,0,0
2006,12,11,5,30,4.800000000000001,0,0,0
2006,12,11,6,30,4.7,0,0,0
2006,12,11,7,30,5.7,1,467,87
2006,12,11,8,30,7.9,0,744,262
2006,12,11,9,30,10.8,0,867,418
2006,12,11,10,30,13.5,0,918,525
2006,12,11,11,30,15.200000000000001,0,938,573
2006,12,11,12,30,15.9,3,250,430
2006,12,11,13,30,16,0,898,477
2006,12,11,14,30,15.4,0,824,344
2006,12,11,15,30,13.200000000000001,4,5,97
2006,12,11,16,30,10.700000000000001,4,0,8
2006,12,11,17,30,9.3,7,0,0
2006,12,11,18,30,8.200000000000001,7,0,0
2006,12,11,19,30,7.5,0,0,0
2006,12,11,20,30,7,0,0,0
2006,12,11,21,30,6.800000000000001,0,0,0
2006,12,11,22,30,6.9,0,0,0
2006,12,11,23,30,6.6000000000000005,0,0,0
2006,12,12,0,30,6.1000000000000005,0,0,0
2006,12,12,1,30,5.7,0,0,0
2006,12,12,2,30,5.4,7,0,0
2006,12,12,3,30,5.300000000000001,8,0,0
2006,12,12,4,30,5.300000000000001,7,0,0
2006,12,12,5,30,4.9,7,0,0
2006,12,12,6,30,5.1000000000000005,7,0,0
2006,12,12,7,30,7.300000000000001,4,2,53
2006,12,12,8,30,10.5,7,466,231
2006,12,12,9,30,12.8,7,267,311
2006,12,12,10,30,14,7,126,320
2006,12,12,11,30,15.4,7,514,458
2006,12,12,12,30,17.7,7,446,441
2006,12,12,13,30,18.400000000000002,8,359,367
2006,12,12,14,30,17.6,0,753,328
2006,12,12,15,30,14.9,8,129,134
2006,12,12,16,30,11.700000000000001,7,0,10
2006,12,12,17,30,9.9,7,0,0
2006,12,12,18,30,8.9,0,0,0
2006,12,12,19,30,8.3,0,0,0
2006,12,12,20,30,8,0,0,0
2006,12,12,21,30,7.7,0,0,0
2006,12,12,22,30,7.300000000000001,0,0,0
2006,12,12,23,30,7,0,0,0
2006,12,13,0,30,6.800000000000001,0,0,0
2006,12,13,1,30,6.800000000000001,8,0,0
2006,12,13,2,30,7,7,0,0
2006,12,13,3,30,7,0,0,0
2006,12,13,4,30,6.800000000000001,0,0,0
2006,12,13,5,30,6.6000000000000005,0,0,0
2006,12,13,6,30,6.9,0,0,0
2006,12,13,7,30,8.9,1,411,79
2006,12,13,8,30,11.9,0,687,248
2006,12,13,9,30,14.8,0,804,399
2006,12,13,10,30,17.3,3,320,418
2006,12,13,11,30,19.1,0,888,555
2006,12,13,12,30,20.200000000000003,8,410,438
2006,12,13,13,30,20.5,0,843,463
2006,12,13,14,30,19.700000000000003,1,769,334
2006,12,13,15,30,16.7,3,14,110
2006,12,13,16,30,13.3,4,0,9
2006,12,13,17,30,11.8,7,0,0
2006,12,13,18,30,11.100000000000001,7,0,0
2006,12,13,19,30,10.700000000000001,4,0,0
2006,12,13,20,30,10.3,0,0,0
2006,12,13,21,30,9.700000000000001,0,0,0
2006,12,13,22,30,9.200000000000001,4,0,0
2006,12,13,23,30,8.700000000000001,4,0,0
2006,12,14,0,30,8.4,0,0,0
2006,12,14,1,30,8.200000000000001,1,0,0
2006,12,14,2,30,7.9,7,0,0
2006,12,14,3,30,7.800000000000001,7,0,0
2006,12,14,4,30,7.7,0,0,0
2006,12,14,5,30,7.800000000000001,0,0,0
2006,12,14,6,30,8.3,0,0,0
2006,12,14,7,30,10.5,0,439,80
2006,12,14,8,30,13.700000000000001,4,7,133
2006,12,14,9,30,17.3,8,539,349
2006,12,14,10,30,20.6,1,898,514
2006,12,14,11,30,22.5,0,919,563
2006,12,14,12,30,23.200000000000003,0,918,550
2006,12,14,13,30,23,0,877,472
2006,12,14,14,30,21.6,0,805,343
2006,12,14,15,30,18.3,8,101,127
2006,12,14,16,30,14.9,7,1,11
2006,12,14,17,30,12.8,7,0,0
2006,12,14,18,30,11.200000000000001,7,0,0
2006,12,14,19,30,10,7,0,0
2006,12,14,20,30,9.200000000000001,1,0,0
2006,12,14,21,30,8.8,0,0,0
2006,12,14,22,30,8.4,7,0,0
2006,12,14,23,30,7.9,7,0,0
2006,12,15,0,30,7.300000000000001,4,0,0
2006,12,15,1,30,6.9,4,0,0
2006,12,15,2,30,6.6000000000000005,4,0,0
2006,12,15,3,30,6.4,4,0,0
2006,12,15,4,30,6.300000000000001,7,0,0
2006,12,15,5,30,6,4,0,0
2006,12,15,6,30,6.2,7,0,0
2006,12,15,7,30,8.3,7,14,54
2006,12,15,8,30,11.5,4,39,173
2006,12,15,9,30,14.200000000000001,7,396,340
2006,12,15,10,30,16.5,3,307,422
2006,12,15,11,30,18.2,4,223,439
2006,12,15,12,30,19.1,3,262,442
2006,12,15,13,30,19.1,4,198,367
2006,12,15,14,30,17.8,3,98,249
2006,12,15,15,30,14.8,8,52,120
2006,12,15,16,30,11.600000000000001,7,1,13
2006,12,15,17,30,9.9,7,0,0
2006,12,15,18,30,9,7,0,0
2006,12,15,19,30,8.3,7,0,0
2006,12,15,20,30,7.7,7,0,0
2006,12,15,21,30,7.300000000000001,7,0,0
2006,12,15,22,30,7,7,0,0
2006,12,15,23,30,6.800000000000001,7,0,0
2006,12,16,0,30,6.9,7,0,0
2006,12,16,1,30,7.2,7,0,0
2006,12,16,2,30,7.4,7,0,0
2006,12,16,3,30,7.5,7,0,0
2006,12,16,4,30,7.800000000000001,6,0,0
2006,12,16,5,30,8,6,0,0
2006,12,16,6,30,8.4,6,0,0
2006,12,16,7,30,8.9,6,2,39
2006,12,16,8,30,9.5,6,11,103
2006,12,16,9,30,10.200000000000001,7,136,271
2006,12,16,10,30,10.700000000000001,7,92,310
2006,12,16,11,30,10.700000000000001,7,203,396
2006,12,16,12,30,10.5,7,3,137
2006,12,16,13,30,10,7,141,311
2006,12,16,14,30,9.4,8,6,113
2006,12,16,15,30,8.1,8,348,166
2006,12,16,16,30,6.6000000000000005,7,0,8
2006,12,16,17,30,5.6000000000000005,7,0,0
2006,12,16,18,30,5,7,0,0
2006,12,16,19,30,4.800000000000001,7,0,0
2006,12,16,20,30,4.6000000000000005,4,0,0
2006,12,16,21,30,4.1000000000000005,4,0,0
2006,12,16,22,30,3.1,4,0,0
2006,12,16,23,30,1.9000000000000001,1,0,0
2006,12,17,0,30,1.3,0,0,0
2006,12,17,1,30,1.1,0,0,0
2006,12,17,2,30,0.9,0,0,0
2006,12,17,3,30,0.9,0,0,0
2006,12,17,4,30,0.9,0,0,0
2006,12,17,5,30,0.8,0,0,0
2006,12,17,6,30,1,0,0,0
2006,12,17,7,30,2.4000000000000004,0,477,79
2006,12,17,8,30,4.4,0,756,255
2006,12,17,9,30,6.1000000000000005,0,884,417
2006,12,17,10,30,7.6000000000000005,0,935,528
2006,12,17,11,30,8.8,0,961,580
2006,12,17,12,30,9.4,2,33,293
2006,12,17,13,30,9.4,0,927,490
2006,12,17,14,30,8.700000000000001,0,856,358
2006,12,17,15,30,6.7,0,701,187
2006,12,17,16,30,4.2,0,266,23
2006,12,17,17,30,2.7,0,0,0
2006,12,17,18,30,1.6,0,0,0
2006,12,17,19,30,0.8,0,0,0
2006,12,17,20,30,0.2,0,0,0
2006,12,17,21,30,-0.2,0,0,0
2006,12,17,22,30,-0.4,0,0,0
2006,12,17,23,30,-0.5,0,0,0
2006,12,18,0,30,-0.6000000000000001,0,0,0
2006,12,18,1,30,-0.8,0,0,0
2006,12,18,2,30,-1.1,4,0,0
2006,12,18,3,30,-1.2000000000000002,0,0,0
2006,12,18,4,30,-1.1,0,0,0
2006,12,18,5,30,-0.9,0,0,0
2006,12,18,6,30,-0.2,1,0,0
2006,12,18,7,30,1.8,1,461,77
2006,12,18,8,30,4.4,0,743,252
2006,12,18,9,30,6.300000000000001,0,859,409
2006,12,18,10,30,7.5,4,0,88
2006,12,18,11,30,8.200000000000001,4,51,336
2006,12,18,12,30,8.5,10,85,386
2006,12,18,13,30,8.4,0,907,485
2006,12,18,14,30,7.9,0,836,354
2006,12,18,15,30,5.9,0,680,185
2006,12,18,16,30,2.9000000000000004,0,252,23
2006,12,18,17,30,1.2000000000000002,0,0,0
2006,12,18,18,30,0.5,1,0,0
2006,12,18,19,30,0,1,0,0
2006,12,18,20,30,-0.30000000000000004,0,0,0
2006,12,18,21,30,-0.5,0,0,0
2006,12,18,22,30,-0.6000000000000001,0,0,0
2006,12,18,23,30,-0.6000000000000001,0,0,0
2006,12,19,0,30,-0.30000000000000004,0,0,0
2006,12,19,1,30,-0.1,0,0,0
2006,12,19,2,30,0,0,0,0
2006,12,19,3,30,0,0,0,0
2006,12,19,4,30,-0.1,0,0,0
2006,12,19,5,30,-0.1,1,0,0
2006,12,19,6,30,0.4,1,0,0
2006,12,19,7,30,2.7,4,0,38
2006,12,19,8,30,5.800000000000001,0,792,259
2006,12,19,9,30,7.9,0,903,419
2006,12,19,10,30,9.3,0,954,531
2006,12,19,11,30,10.200000000000001,0,973,584
2006,12,19,12,30,10.8,0,968,572
2006,12,19,13,30,10.9,0,935,496
2006,12,19,14,30,10.200000000000001,0,864,363
2006,12,19,15,30,7.7,0,708,191
2006,12,19,16,30,4.9,0,288,24
2006,12,19,17,30,3.6,0,0,0
2006,12,19,18,30,2.9000000000000004,0,0,0
2006,12,19,19,30,2.4000000000000004,0,0,0
2006,12,19,20,30,2.1,0,0,0
2006,12,19,21,30,1.9000000000000001,0,0,0
2006,12,19,22,30,1.6,0,0,0
2006,12,19,23,30,1.2000000000000002,0,0,0
2006,12,20,0,30,0.8,0,0,0
2006,12,20,1,30,0.7000000000000001,0,0,0
2006,12,20,2,30,0.6000000000000001,1,0,0
2006,12,20,3,30,0.6000000000000001,0,0,0
2006,12,20,4,30,0.8,4,0,0
2006,12,20,5,30,0.9,8,0,0
2006,12,20,6,30,1.3,7,0,0
2006,12,20,7,30,3.1,7,7,46
2006,12,20,8,30,5.7,4,15,150
2006,12,20,9,30,8.6,0,872,411
2006,12,20,10,30,10.9,0,930,524
2006,12,20,11,30,12.100000000000001,0,946,573
2006,12,20,12,30,12.600000000000001,0,942,562
2006,12,20,13,30,12.600000000000001,0,913,488
2006,12,20,14,30,11.700000000000001,0,835,355
2006,12,20,15,30,9.4,0,678,186
2006,12,20,16,30,7.2,0,251,24
2006,12,20,17,30,6,0,0,0
2006,12,20,18,30,5,0,0,0
2006,12,20,19,30,4.2,4,0,0
2006,12,20,20,30,3.4000000000000004,1,0,0
2006,12,20,21,30,2.8000000000000003,0,0,0
2006,12,20,22,30,2.2,0,0,0
2006,12,20,23,30,1.5,0,0,0
2006,12,21,0,30,0.9,0,0,0
2006,12,21,1,30,0.5,0,0,0
2006,12,21,2,30,0.2,0,0,0
2006,12,21,3,30,0.2,0,0,0
2006,12,21,4,30,0.30000000000000004,1,0,0
2006,12,21,5,30,0.4,1,0,0
2006,12,21,6,30,1.1,4,0,0
2006,12,21,7,30,3.5,7,4,40
2006,12,21,8,30,6.5,0,712,244
2006,12,21,9,30,9.200000000000001,7,460,339
2006,12,21,10,30,11.700000000000001,0,882,510
2006,12,21,11,30,12.8,0,886,560
2006,12,21,12,30,13,8,566,493
2006,12,21,13,30,13.200000000000001,7,471,398
2006,12,21,14,30,12.600000000000001,7,124,239
2006,12,21,15,30,9.9,7,230,154
2006,12,21,16,30,6.800000000000001,0,201,23
2006,12,21,17,30,4.9,7,0,0
2006,12,21,18,30,4,7,0,0
2006,12,21,19,30,3.8000000000000003,0,0,0
2006,12,21,20,30,3.8000000000000003,7,0,0
2006,12,21,21,30,3.7,7,0,0
2006,12,21,22,30,3.4000000000000004,7,0,0
2006,12,21,23,30,3.5,0,0,0
2006,12,22,0,30,3.6,0,0,0
2006,12,22,1,30,4.2,0,0,0
2006,12,22,2,30,4.9,4,0,0
2006,12,22,3,30,5,7,0,0
2006,12,22,4,30,5.2,0,0,0
2006,12,22,5,30,4.800000000000001,0,0,0
2006,12,22,6,30,4.3,0,0,0
2006,12,22,7,30,5,0,413,70
2006,12,22,8,30,6.5,0,712,243
2006,12,22,9,30,8.3,0,843,400
2006,12,22,10,30,10.5,4,255,403
2006,12,22,11,30,12.3,0,944,571
2006,12,22,12,30,13.600000000000001,0,948,564
2006,12,22,13,30,14.100000000000001,0,918,491
2006,12,22,14,30,13.600000000000001,0,848,361
2006,12,22,15,30,10.9,0,704,194
2006,12,22,16,30,7.7,0,293,27
2006,12,22,17,30,6.300000000000001,0,0,0
2006,12,22,18,30,6.2,0,0,0
2006,12,22,19,30,6.1000000000000005,0,0,0
2006,12,22,20,30,5.6000000000000005,1,0,0
2006,12,22,21,30,4.800000000000001,0,0,0
2006,12,22,22,30,4.1000000000000005,1,0,0
2006,12,22,23,30,3.7,0,0,0
2006,12,23,0,30,3.2,0,0,0
2006,12,23,1,30,2.7,0,0,0
2006,12,23,2,30,2.4000000000000004,0,0,0
2006,12,23,3,30,2.5,0,0,0
2006,12,23,4,30,2.6,1,0,0
2006,12,23,5,30,2.5,1,0,0
2006,12,23,6,30,2.9000000000000004,4,0,0
2006,12,23,7,30,5.6000000000000005,4,1,39
2006,12,23,8,30,9.1,0,771,249
2006,12,23,9,30,12,0,898,412
2006,12,23,10,30,14.100000000000001,0,949,526
2006,12,23,11,30,15.700000000000001,0,971,581
2006,12,23,12,30,16.5,0,959,567
2006,12,23,13,30,16.5,0,925,493
2006,12,23,14,30,15.4,0,851,361
2006,12,23,15,30,12.200000000000001,7,240,154
2006,12,23,16,30,9,7,1,16
2006,12,23,17,30,8,7,0,0
2006,12,23,18,30,7.7,7,0,0
2006,12,23,19,30,7.4,7,0,0
2006,12,23,20,30,7,7,0,0
2006,12,23,21,30,6.5,0,0,0
2006,12,23,22,30,6,0,0,0
2006,12,23,23,30,5.800000000000001,0,0,0
2006,12,24,0,30,5.4,4,0,0
2006,12,24,1,30,4.800000000000001,7,0,0
2006,12,24,2,30,4.3,1,0,0
2006,12,24,3,30,4,0,0,0
2006,12,24,4,30,3.9000000000000004,8,0,0
2006,12,24,5,30,3.7,8,0,0
2006,12,24,6,30,4.2,8,0,0
2006,12,24,7,30,6.7,7,7,42
2006,12,24,8,30,10.200000000000001,0,758,242
2006,12,24,9,30,13.600000000000001,0,873,400
2006,12,24,10,30,16.3,0,927,512
2006,12,24,11,30,18,8,618,501
2006,12,24,12,30,18.900000000000002,1,939,555
2006,12,24,13,30,19,8,658,454
2006,12,24,14,30,17.900000000000002,0,825,356
2006,12,24,15,30,14.3,0,672,189
2006,12,24,16,30,10.600000000000001,0,298,28
2006,12,24,17,30,9,0,0,0
2006,12,24,18,30,8.4,0,0,0
2006,12,24,19,30,7.800000000000001,1,0,0
2006,12,24,20,30,7.300000000000001,4,0,0
2006,12,24,21,30,6.9,4,0,0
2006,12,24,22,30,6.5,4,0,0
2006,12,24,23,30,6.2,0,0,0
2006,12,25,0,30,6.1000000000000005,0,0,0
2006,12,25,1,30,5.9,0,0,0
2006,12,25,2,30,5.7,0,0,0
2006,12,25,3,30,5.4,0,0,0
2006,12,25,4,30,5.1000000000000005,0,0,0
2006,12,25,5,30,4.9,1,0,0
2006,12,25,6,30,5.4,0,0,0
2006,12,25,7,30,8,4,0,33
2006,12,25,8,30,11.4,1,731,240
2006,12,25,9,30,14.600000000000001,4,123,287
2006,12,25,10,30,17.6,3,333,420
2006,12,25,11,30,19.6,1,932,569
2006,12,25,12,30,20.6,1,928,559
2006,12,25,13,30,20.700000000000003,3,225,376
2006,12,25,14,30,19.400000000000002,3,489,341
2006,12,25,15,30,15.9,0,676,192
2006,12,25,16,30,12.5,0,277,29
2006,12,25,17,30,10.700000000000001,0,0,0
2006,12,25,18,30,9.8,0,0,0
2006,12,25,19,30,9.4,0,0,0
2006,12,25,20,30,9.200000000000001,0,0,0
2006,12,25,21,30,9,0,0,0
2006,12,25,22,30,9,0,0,0
2006,12,25,23,30,9.200000000000001,0,0,0
2006,12,26,0,30,9.5,1,0,0
2006,12,26,1,30,9.3,7,0,0
2006,12,26,2,30,8.9,8,0,0
2006,12,26,3,30,8.700000000000001,0,0,0
2006,12,26,4,30,8.6,4,0,0
2006,12,26,5,30,8.3,7,0,0
2006,12,26,6,30,8.5,4,0,0
2006,12,26,7,30,10.4,7,4,37
2006,12,26,8,30,13.4,8,237,179
2006,12,26,9,30,16.1,6,35,189
2006,12,26,10,30,18.7,6,100,306
2006,12,26,11,30,19.900000000000002,6,65,307
2006,12,26,12,30,19.200000000000003,6,0,72
2006,12,26,13,30,17.2,8,336,367
2006,12,26,14,30,15.3,6,1,84
2006,12,26,15,30,13.3,6,0,22
2006,12,26,16,30,11.5,6,1,17
2006,12,26,17,30,10.8,7,0,0
2006,12,26,18,30,10.600000000000001,6,0,0
2006,12,26,19,30,10.200000000000001,6,0,0
2006,12,26,20,30,9.600000000000001,7,0,0
2006,12,26,21,30,8.9,7,0,0
2006,12,26,22,30,8.200000000000001,7,0,0
2006,12,26,23,30,8,7,0,0
2006,12,27,0,30,8,7,0,0
2006,12,27,1,30,7.6000000000000005,7,0,0
2006,12,27,2,30,7.5,8,0,0
2006,12,27,3,30,7.9,6,0,0
2006,12,27,4,30,8.200000000000001,4,0,0
2006,12,27,5,30,7.4,4,0,0
2006,12,27,6,30,6.5,4,0,0
2006,12,27,7,30,6.6000000000000005,0,425,65
2006,12,27,8,30,7.7,0,727,236
2006,12,27,9,30,9,0,842,392
2006,12,27,10,30,9.8,0,865,499
2006,12,27,11,30,9.9,2,130,398
2006,12,27,12,30,9.600000000000001,8,170,366
2006,12,27,13,30,9.3,8,40,241
2006,12,27,14,30,8.6,7,232,289
2006,12,27,15,30,7.300000000000001,1,447,176
2006,12,27,16,30,5.800000000000001,1,90,27
2006,12,27,17,30,4.9,0,0,0
2006,12,27,18,30,4.6000000000000005,0,0,0
2006,12,27,19,30,4.5,0,0,0
2006,12,27,20,30,4.3,0,0,0
2006,12,27,21,30,4.2,0,0,0
2006,12,27,22,30,4,1,0,0
2006,12,27,23,30,3.5,0,0,0
2006,12,28,0,30,2.9000000000000004,0,0,0
2006,12,28,1,30,2.4000000000000004,0,0,0
2006,12,28,2,30,2.1,0,0,0
2006,12,28,3,30,1.8,0,0,0
2006,12,28,4,30,1.5,0,0,0
2006,12,28,5,30,1.4000000000000001,0,0,0
2006,12,28,6,30,1.9000000000000001,0,0,0
2006,12,28,7,30,3.6,1,492,68
2006,12,28,8,30,6,0,788,247
2006,12,28,9,30,8,0,912,413
2006,12,28,10,30,9.600000000000001,0,950,528
2006,12,28,11,30,10.8,0,966,586
2006,12,28,12,30,11.4,0,961,578
2006,12,28,13,30,11.5,0,938,507
2006,12,28,14,30,11,0,876,379
2006,12,28,15,30,9.200000000000001,0,738,209
2006,12,28,16,30,6.9,0,356,36
2006,12,28,17,30,5.4,0,0,0
2006,12,28,18,30,4.7,0,0,0
2006,12,28,19,30,4.2,0,0,0
2006,12,28,20,30,3.7,0,0,0
2006,12,28,21,30,3.3000000000000003,0,0,0
2006,12,28,22,30,2.7,0,0,0
2006,12,28,23,30,2.1,0,0,0
2006,12,29,0,30,1.6,0,0,0
2006,12,29,1,30,1.4000000000000001,0,0,0
2006,12,29,2,30,1.4000000000000001,0,0,0
2006,12,29,3,30,1.4000000000000001,0,0,0
2006,12,29,4,30,1.4000000000000001,0,0,0
2006,12,29,5,30,1.5,0,0,0
2006,12,29,6,30,2.3000000000000003,0,0,0
2006,12,29,7,30,4.7,1,500,68
2006,12,29,8,30,7.9,0,791,247
2006,12,29,9,30,10.9,0,904,409
2006,12,29,10,30,13.4,0,953,526
2006,12,29,11,30,15.100000000000001,0,973,584
2006,12,29,12,30,16,0,971,578
2006,12,29,13,30,16.1,0,939,506
2006,12,29,14,30,15.200000000000001,0,871,378
2006,12,29,15,30,12,0,729,209
2006,12,29,16,30,8.700000000000001,0,377,38
2006,12,29,17,30,7.4,1,0,0
2006,12,29,18,30,6.5,4,0,0
2006,12,29,19,30,5.800000000000001,0,0,0
2006,12,29,20,30,5.4,0,0,0
2006,12,29,21,30,4.9,0,0,0
2006,12,29,22,30,4.3,0,0,0
2006,12,29,23,30,3.8000000000000003,1,0,0
2006,12,30,0,30,3.5,0,0,0
2006,12,30,1,30,3.3000000000000003,0,0,0
2006,12,30,2,30,3.3000000000000003,0,0,0
2006,12,30,3,30,3.3000000000000003,0,0,0
2006,12,30,4,30,3.3000000000000003,1,0,0
2006,12,30,5,30,3.4000000000000004,0,0,0
2006,12,30,6,30,4,4,0,0
2006,12,30,7,30,6.300000000000001,4,1,37
2006,12,30,8,30,9.600000000000001,0,801,249
2006,12,30,9,30,12.600000000000001,0,916,413
2006,12,30,10,30,15.200000000000001,0,966,531
2006,12,30,11,30,16.900000000000002,0,988,590
2006,12,30,12,30,17.7,0,977,579
2006,12,30,13,30,17.8,0,954,509
2006,12,30,14,30,16.8,0,891,382
2006,12,30,15,30,14.4,0,755,212
2006,12,30,16,30,11.8,0,391,39
2006,12,30,17,30,10.200000000000001,0,0,0
2006,12,30,18,30,9.200000000000001,0,0,0
2006,12,30,19,30,8.5,0,0,0
2006,12,30,20,30,7.800000000000001,0,0,0
2006,12,30,21,30,6.9,0,0,0
2006,12,30,22,30,6.1000000000000005,0,0,0
2006,12,30,23,30,5.6000000000000005,0,0,0
2006,12,31,0,30,5.1000000000000005,0,0,0
2006,12,31,1,30,4.6000000000000005,0,0,0
2006,12,31,2,30,4.1000000000000005,0,0,0
2006,12,31,3,30,3.7,0,0,0
2006,12,31,4,30,3.4000000000000004,0,0,0
2006,12,31,5,30,3.2,1,0,0
2006,12,31,6,30,3.4000000000000004,0,0,0
2006,12,31,7,30,5.4,0,456,64
2006,12,31,8,30,8.6,4,9,133
2006,12,31,9,30,11.8,0,876,400
2006,12,31,10,30,14.600000000000001,8,659,477
2006,12,31,11,30,16.1,0,933,571
2006,12,31,12,30,16.3,0,922,563
2006,12,31,13,30,15.600000000000001,0,883,492
2006,12,31,14,30,14.3,2,519,364
2006,12,31,15,30,11.5,8,210,170
2006,12,31,16,30,10.4,0,278,37
2006,12,31,17,30,9,0,0,0
2006,12,31,18,30,8.200000000000001,0,0,0
2006,12,31,19,30,7.6000000000000005,8,0,0
2006,12,31,20,30,7.1000000000000005,7,0,0
2006,12,31,21,30,6.7,8,0,0
2006,12,31,22,30,6.5,0,0,0
2006,12,31,23,30,6.300000000000001,0,0,0
