Source,Location ID,City,State,Country,Latitude,Longitude,Time Zone,Elevation,Local Time Zone,Clearsky DHI Units,Clearsky DNI Units,Clearsky GHI Units,Dew Point Units,DHI Units,DNI Units,GHI Units,Solar Zenith Angle Units,Temperature Units,Pressure Units,Relative Humidity Units,Precipitable Water Units,Wind Direction Units,Wind Speed Units,Cloud Type -15,Cloud Type 0,Cloud Type 1,Cloud Type 2,Cloud Type 3,Cloud Type 4,Cloud Type 5,Cloud Type 6,Cloud Type 7,Cloud Type 8,Cloud Type 9,Cloud Type 10,Cloud Type 11,Cloud Type 12,Fill Flag 0,Fill Flag 1,Fill Flag 2,Fill Flag 3,Fill Flag 4,Fill Flag 5,Surface Albedo Units,Version
NSRDB,235443,-,-,-,33.85,-116.46,-8,176,-8,w/m2,w/m2,w/m2,c,w/m2,w/m2,w/m2,Degree,c,mbar,%,cm,Degrees,m/s,N/A,Clear,Probably Clear,Fog,Water,Super-Cooled Water,Mixed,Opaque Ice,Cirrus,Overlapping,Overshooting,Unknown,Dust,Smoke,N/A,Missing Image,Low Irradiance,Exceeds Clearsky,Missing CLoud Properties,Rayleigh Violation,N/A,4.0.1
Year,Month,Day,Hour,Minute,Temperature,DNI,GHI,Cloud Type
2006,1,1,0,30,12.200000000000001,0,0,0
2006,1,1,1,30,11.600000000000001,0,0,0
2006,1,1,2,30,11.100000000000001,0,0,8
2006,1,1,3,30,10.9,0,0,0
2006,1,1,4,30,10.8,0,0,7
2006,1,1,5,30,10.600000000000001,0,0,7
2006,1,1,6,30,10.700000000000001,0,0,7
2006,1,1,7,30,11.600000000000001,12,53,8
2006,1,1,8,30,12.9,697,252,0
2006,1,1,9,30,14.4,814,407,0
2006,1,1,10,30,16.1,249,381,7
2006,1,1,11,30,17.3,90,329,7
2006,1,1,12,30,18.1,36,266,8
2006,1,1,13,30,18.6,323,365,8
2006,1,1,14,30,18.400000000000002,30,171,7
2006,1,1,15,30,16.400000000000002,0,33,4
2006,1,1,16,30,13.8,0,16,4
2006,1,1,17,30,12.8,0,0,7
2006,1,1,18,30,12.600000000000001,0,0,7
2006,1,1,19,30,12.5,0,0,7
2006,1,1,20,30,12.200000000000001,0,0,4
2006,1,1,21,30,12,0,0,7
2006,1,1,22,30,12.100000000000001,0,0,7
2006,1,1,23,30,12.600000000000001,0,0,0
2006,1,2,0,30,12.9,0,0,1
2006,1,2,1,30,13,0,0,0
2006,1,2,2,30,12.9,0,0,0
2006,1,2,3,30,12.8,0,0,0
2006,1,2,4,30,12.8,0,0,4
2006,1,2,5,30,12.8,0,0,4
2006,1,2,6,30,13,0,0,0
2006,1,2,7,30,13.700000000000001,4,43,8
2006,1,2,8,30,14.700000000000001,0,43,3
2006,1,2,9,30,16,89,280,3
2006,1,2,10,30,17.2,335,397,8
2006,1,2,11,30,17.8,5,168,7
2006,1,2,12,30,17.8,110,328,7
2006,1,2,13,30,17.400000000000002,3,130,7
2006,1,2,14,30,16.8,13,135,7
2006,1,2,15,30,15.700000000000001,580,190,1
2006,1,2,16,30,14.200000000000001,233,32,0
2006,1,2,17,30,12.9,0,0,0
2006,1,2,18,30,12,0,0,8
2006,1,2,19,30,11.5,0,0,4
2006,1,2,20,30,11.3,0,0,1
2006,1,2,21,30,11.100000000000001,0,0,0
2006,1,2,22,30,11,0,0,0
2006,1,2,23,30,10.8,0,0,0
2006,1,3,0,30,10.5,0,0,0
2006,1,3,1,30,9.9,0,0,0
2006,1,3,2,30,9.1,0,0,0
2006,1,3,3,30,8.5,0,0,0
2006,1,3,4,30,8.1,0,0,0
2006,1,3,5,30,7.6000000000000005,0,0,0
2006,1,3,6,30,7.800000000000001,0,0,0
2006,1,3,7,30,9.5,450,83,0
2006,1,3,8,30,11.700000000000001,733,264,0
2006,1,3,9,30,14,502,364,7
2006,1,3,10,30,16.1,122,341,7
2006,1,3,11,30,17.900000000000002,351,450,7
2006,1,3,12,30,19.1,936,583,0
2006,1,3,13,30,19.400000000000002,907,509,0
2006,1,3,14,30,18.6,836,376,0
2006,1,3,15,30,16.400000000000002,688,206,0
2006,1,3,16,30,13.9,303,35,0
2006,1,3,17,30,12.9,0,0,0
2006,1,3,18,30,11.8,0,0,7
2006,1,3,19,30,10.700000000000001,0,0,7
2006,1,3,20,30,10.4,0,0,7
2006,1,3,21,30,10.200000000000001,0,0,7
2006,1,3,22,30,10.100000000000001,0,0,7
2006,1,3,23,30,9.8,0,0,7
2006,1,4,0,30,9.700000000000001,0,0,7
2006,1,4,1,30,9.8,0,0,7
2006,1,4,2,30,10.100000000000001,0,0,7
2006,1,4,3,30,10.3,0,0,7
2006,1,4,4,30,9.9,0,0,7
2006,1,4,5,30,9.3,0,0,7
2006,1,4,6,30,9.700000000000001,0,0,7
2006,1,4,7,30,12.9,10,49,7
2006,1,4,8,30,16.8,730,255,0
2006,1,4,9,30,19.5,840,411,0
2006,1,4,10,30,21.5,885,522,0
2006,1,4,11,30,22.8,907,577,0
2006,1,4,12,30,23.5,901,567,0
2006,1,4,13,30,23.6,869,495,0
2006,1,4,14,30,22.6,800,368,0
2006,1,4,15,30,19.3,193,161,8
2006,1,4,16,30,15.8,2,23,7
2006,1,4,17,30,14.4,0,0,7
2006,1,4,18,30,13.600000000000001,0,0,7
2006,1,4,19,30,13.100000000000001,0,0,3
2006,1,4,20,30,12.8,0,0,0
2006,1,4,21,30,12.600000000000001,0,0,0
2006,1,4,22,30,12.5,0,0,3
2006,1,4,23,30,12.5,0,0,1
2006,1,5,0,30,12.4,0,0,1
2006,1,5,1,30,12.3,0,0,3
2006,1,5,2,30,12.100000000000001,0,0,3
2006,1,5,3,30,11.9,0,0,1
2006,1,5,4,30,11.700000000000001,0,0,4
2006,1,5,5,30,11.5,0,0,0
2006,1,5,6,30,12.3,0,0,0
2006,1,5,7,30,15.600000000000001,501,84,0
2006,1,5,8,30,19.3,768,264,0
2006,1,5,9,30,21.8,878,425,0
2006,1,5,10,30,23.5,921,539,0
2006,1,5,11,30,24.700000000000003,938,594,0
2006,1,5,12,30,25.3,930,584,0
2006,1,5,13,30,25.3,549,448,8
2006,1,5,14,30,24.1,462,357,3
2006,1,5,15,30,20.5,652,208,0
2006,1,5,16,30,16.7,270,38,0
2006,1,5,17,30,15,0,0,0
2006,1,5,18,30,14.3,0,0,0
2006,1,5,19,30,13.700000000000001,0,0,0
2006,1,5,20,30,13.200000000000001,0,0,0
2006,1,5,21,30,12.8,0,0,0
2006,1,5,22,30,12.5,0,0,0
2006,1,5,23,30,12.4,0,0,0
2006,1,6,0,30,12.3,0,0,0
2006,1,6,1,30,12.200000000000001,0,0,1
2006,1,6,2,30,12.100000000000001,0,0,0
2006,1,6,3,30,12.100000000000001,0,0,0
2006,1,6,4,30,12.100000000000001,0,0,0
2006,1,6,5,30,12,0,0,0
2006,1,6,6,30,12.600000000000001,0,0,0
2006,1,6,7,30,15.5,519,87,0
2006,1,6,8,30,19.200000000000003,786,270,0
2006,1,6,9,30,21.8,894,434,0
2006,1,6,10,30,23.700000000000003,949,555,0
2006,1,6,11,30,24.8,967,612,0
2006,1,6,12,30,25.200000000000003,961,602,0
2006,1,6,13,30,25,929,528,0
2006,1,6,14,30,23.6,859,395,0
2006,1,6,15,30,20.700000000000003,713,220,0
2006,1,6,16,30,18.2,331,43,0
2006,1,6,17,30,17.2,0,0,0
2006,1,6,18,30,16.6,0,0,0
2006,1,6,19,30,16.3,0,0,0
2006,1,6,20,30,16.2,0,0,3
2006,1,6,21,30,16.1,0,0,0
2006,1,6,22,30,16,0,0,0
2006,1,6,23,30,15.8,0,0,3
2006,1,7,0,30,15.5,0,0,3
2006,1,7,1,30,15.3,0,0,7
2006,1,7,2,30,15.100000000000001,0,0,7
2006,1,7,3,30,14.700000000000001,0,0,0
2006,1,7,4,30,14.100000000000001,0,0,0
2006,1,7,5,30,13.600000000000001,0,0,1
2006,1,7,6,30,13.9,0,0,0
2006,1,7,7,30,16.2,467,83,1
2006,1,7,8,30,19.6,737,263,0
2006,1,7,9,30,22.200000000000003,849,429,0
2006,1,7,10,30,23.6,892,544,0
2006,1,7,11,30,24,904,599,8
2006,1,7,12,30,24,883,587,0
2006,1,7,13,30,23.6,848,511,0
2006,1,7,14,30,22.3,781,382,0
2006,1,7,15,30,19.200000000000003,629,210,0
2006,1,7,16,30,16,261,40,0
2006,1,7,17,30,14.4,0,0,0
2006,1,7,18,30,13.3,0,0,0
2006,1,7,19,30,12.600000000000001,0,0,0
2006,1,7,20,30,12,0,0,0
2006,1,7,21,30,11.600000000000001,0,0,0
2006,1,7,22,30,11.3,0,0,0
2006,1,7,23,30,11.100000000000001,0,0,0
2006,1,8,0,30,10.8,0,0,0
2006,1,8,1,30,10.4,0,0,0
2006,1,8,2,30,10.200000000000001,0,0,0
2006,1,8,3,30,10.200000000000001,0,0,0
2006,1,8,4,30,10.3,0,0,0
2006,1,8,5,30,10.4,0,0,0
2006,1,8,6,30,11.100000000000001,0,0,0
2006,1,8,7,30,13.8,470,85,0
2006,1,8,8,30,17.3,744,269,0
2006,1,8,9,30,20.400000000000002,854,434,0
2006,1,8,10,30,22.700000000000003,864,541,0
2006,1,8,11,30,23.8,885,598,0
2006,1,8,12,30,24.200000000000003,883,588,0
2006,1,8,13,30,23.900000000000002,836,512,0
2006,1,8,14,30,22.5,768,383,0
2006,1,8,15,30,19.200000000000003,613,211,0
2006,1,8,16,30,16,230,40,0
2006,1,8,17,30,14.100000000000001,0,0,0
2006,1,8,18,30,12.8,0,0,0
2006,1,8,19,30,11.8,0,0,0
2006,1,8,20,30,11.100000000000001,0,0,0
2006,1,8,21,30,10.5,0,0,0
2006,1,8,22,30,9.9,0,0,0
2006,1,8,23,30,9.4,0,0,0
2006,1,9,0,30,9.1,0,0,0
2006,1,9,1,30,8.8,0,0,0
2006,1,9,2,30,8.5,0,0,0
2006,1,9,3,30,8.200000000000001,0,0,0
2006,1,9,4,30,7.9,0,0,0
2006,1,9,5,30,7.7,0,0,0
2006,1,9,6,30,8.8,0,0,0
2006,1,9,7,30,11.9,441,81,0
2006,1,9,8,30,15.100000000000001,729,263,0
2006,1,9,9,30,17.400000000000002,847,427,0
2006,1,9,10,30,19.1,901,545,0
2006,1,9,11,30,20.3,920,602,0
2006,1,9,12,30,21,915,594,0
2006,1,9,13,30,21.1,901,524,0
2006,1,9,14,30,20.200000000000003,837,397,0
2006,1,9,15,30,17,690,223,0
2006,1,9,16,30,13.4,315,46,0
2006,1,9,17,30,11.9,0,0,0
2006,1,9,18,30,11,0,0,0
2006,1,9,19,30,10.200000000000001,0,0,0
2006,1,9,20,30,9.600000000000001,0,0,0
2006,1,9,21,30,9.1,0,0,0
2006,1,9,22,30,8.700000000000001,0,0,0
2006,1,9,23,30,8.3,0,0,0
2006,1,10,0,30,7.9,0,0,0
2006,1,10,1,30,7.6000000000000005,0,0,0
2006,1,10,2,30,7.4,0,0,0
2006,1,10,3,30,7.4,0,0,0
2006,1,10,4,30,7.4,0,0,0
2006,1,10,5,30,7.5,0,0,0
2006,1,10,6,30,8.3,0,0,0
2006,1,10,7,30,11.5,7,60,3
2006,1,10,8,30,15.4,614,253,0
2006,1,10,9,30,18.2,750,417,0
2006,1,10,10,30,20.200000000000003,875,545,0
2006,1,10,11,30,21.400000000000002,906,606,0
2006,1,10,12,30,22.1,908,600,0
2006,1,10,13,30,22.1,862,524,0
2006,1,10,14,30,21,791,394,0
2006,1,10,15,30,18.400000000000002,642,221,0
2006,1,10,16,30,16.3,270,45,0
2006,1,10,17,30,15.600000000000001,0,0,0
2006,1,10,18,30,14.8,0,0,0
2006,1,10,19,30,13.8,0,0,0
2006,1,10,20,30,13.100000000000001,0,0,0
2006,1,10,21,30,12.5,0,0,0
2006,1,10,22,30,12,0,0,0
2006,1,10,23,30,11.700000000000001,0,0,0
2006,1,11,0,30,11.5,0,0,0
2006,1,11,1,30,11.200000000000001,0,0,0
2006,1,11,2,30,10.9,0,0,0
2006,1,11,3,30,10.700000000000001,0,0,0
2006,1,11,4,30,10.600000000000001,0,0,0
2006,1,11,5,30,10.600000000000001,0,0,0
2006,1,11,6,30,11,0,0,0
2006,1,11,7,30,13.100000000000001,375,78,0
2006,1,11,8,30,16.3,658,257,0
2006,1,11,9,30,19.3,779,420,0
2006,1,11,10,30,21.5,833,533,0
2006,1,11,11,30,22.900000000000002,849,588,0
2006,1,11,12,30,23.6,449,496,8
2006,1,11,13,30,23.6,809,505,0
2006,1,11,14,30,22.400000000000002,523,359,8
2006,1,11,15,30,19.5,6,123,4
2006,1,11,16,30,16.8,1,24,6
2006,1,11,17,30,15.4,0,0,6
2006,1,11,18,30,14.200000000000001,0,0,7
2006,1,11,19,30,13.100000000000001,0,0,7
2006,1,11,20,30,12.3,0,0,7
2006,1,11,21,30,11.9,0,0,4
2006,1,11,22,30,11.600000000000001,0,0,0
2006,1,11,23,30,11,0,0,4
2006,1,12,0,30,10.600000000000001,0,0,4
2006,1,12,1,30,10.3,0,0,0
2006,1,12,2,30,10.100000000000001,0,0,0
2006,1,12,3,30,9.9,0,0,0
2006,1,12,4,30,9.8,0,0,4
2006,1,12,5,30,9.700000000000001,0,0,1
2006,1,12,6,30,10.3,0,0,4
2006,1,12,7,30,12.8,412,79,0
2006,1,12,8,30,16.3,694,256,0
2006,1,12,9,30,19,814,417,0
2006,1,12,10,30,20.8,865,532,0
2006,1,12,11,30,21.8,884,589,0
2006,1,12,12,30,22.3,877,582,0
2006,1,12,13,30,22.3,831,510,0
2006,1,12,14,30,21.5,759,384,0
2006,1,12,15,30,19,615,218,0
2006,1,12,16,30,16.5,263,48,0
2006,1,12,17,30,15.3,0,0,0
2006,1,12,18,30,14.3,0,0,0
2006,1,12,19,30,13.4,0,0,0
2006,1,12,20,30,12.8,0,0,0
2006,1,12,21,30,12.200000000000001,0,0,0
2006,1,12,22,30,11.8,0,0,0
2006,1,12,23,30,11.4,0,0,0
2006,1,13,0,30,11.200000000000001,0,0,0
2006,1,13,1,30,10.9,0,0,0
2006,1,13,2,30,10.5,0,0,0
2006,1,13,3,30,10,0,0,0
2006,1,13,4,30,9.700000000000001,0,0,0
2006,1,13,5,30,9.5,0,0,0
2006,1,13,6,30,10,0,0,0
2006,1,13,7,30,12.8,415,80,0
2006,1,13,8,30,16.2,704,260,0
2006,1,13,9,30,18.7,825,424,0
2006,1,13,10,30,20.8,901,545,0
2006,1,13,11,30,22.3,924,604,0
2006,1,13,12,30,23.200000000000003,922,598,0
2006,1,13,13,30,23.200000000000003,892,528,0
2006,1,13,14,30,22.3,831,401,0
2006,1,13,15,30,19.1,697,231,0
2006,1,13,16,30,15.8,356,54,0
2006,1,13,17,30,14.8,0,0,0
2006,1,13,18,30,14.4,0,0,1
2006,1,13,19,30,14.100000000000001,0,0,8
2006,1,13,20,30,14.200000000000001,0,0,7
2006,1,13,21,30,14.4,0,0,7
2006,1,13,22,30,14.5,0,0,7
2006,1,13,23,30,14.4,0,0,7
2006,1,14,0,30,14.100000000000001,0,0,7
2006,1,14,1,30,13.600000000000001,0,0,8
2006,1,14,2,30,13.200000000000001,0,0,7
2006,1,14,3,30,12.9,0,0,7
2006,1,14,4,30,12.700000000000001,0,0,7
2006,1,14,5,30,12.100000000000001,0,0,0
2006,1,14,6,30,11.8,0,0,0
2006,1,14,7,30,13,345,77,0
2006,1,14,8,30,14.8,651,256,0
2006,1,14,9,30,16.6,795,422,0
2006,1,14,10,30,18.6,875,543,0
2006,1,14,11,30,19.8,884,597,0
2006,1,14,12,30,19.700000000000003,859,585,0
2006,1,14,13,30,18.900000000000002,331,405,8
2006,1,14,14,30,17.6,428,341,8
2006,1,14,15,30,15.8,155,186,4
2006,1,14,16,30,14.100000000000001,8,44,7
2006,1,14,17,30,13.100000000000001,0,0,7
2006,1,14,18,30,12.4,0,0,8
2006,1,14,19,30,11.8,0,0,0
2006,1,14,20,30,11.200000000000001,0,0,7
2006,1,14,21,30,10.600000000000001,0,0,0
2006,1,14,22,30,9.600000000000001,0,0,0
2006,1,14,23,30,8.8,0,0,0
2006,1,15,0,30,8.4,0,0,0
2006,1,15,1,30,8.1,0,0,0
2006,1,15,2,30,7.9,0,0,0
2006,1,15,3,30,7.5,0,0,0
2006,1,15,4,30,7.2,0,0,0
2006,1,15,5,30,6.9,0,0,0
2006,1,15,6,30,7.5,0,0,0
2006,1,15,7,30,9,460,87,0
2006,1,15,8,30,10.9,746,272,0
2006,1,15,9,30,12.8,873,442,0
2006,1,15,10,30,14.5,935,566,0
2006,1,15,11,30,15.5,957,627,0
2006,1,15,12,30,16.1,956,623,0
2006,1,15,13,30,16.2,918,550,0
2006,1,15,14,30,15.5,857,420,0
2006,1,15,15,30,13.5,721,245,0
2006,1,15,16,30,10.700000000000001,383,61,0
2006,1,15,17,30,9.1,0,0,0
2006,1,15,18,30,8.4,0,0,0
2006,1,15,19,30,7.800000000000001,0,0,0
2006,1,15,20,30,7.2,0,0,0
2006,1,15,21,30,6.6000000000000005,0,0,0
2006,1,15,22,30,5.9,0,0,0
2006,1,15,23,30,5.2,0,0,0
2006,1,16,0,30,4.800000000000001,0,0,0
2006,1,16,1,30,4.5,0,0,0
2006,1,16,2,30,4.3,0,0,0
2006,1,16,3,30,4.1000000000000005,0,0,0
2006,1,16,4,30,4.1000000000000005,0,0,0
2006,1,16,5,30,4.1000000000000005,0,0,0
2006,1,16,6,30,5.2,0,0,0
2006,1,16,7,30,7.7,502,90,1
2006,1,16,8,30,10.4,773,278,0
2006,1,16,9,30,12.3,884,448,0
2006,1,16,10,30,14,924,567,0
2006,1,16,11,30,15.200000000000001,944,626,0
2006,1,16,12,30,16.1,943,621,0
2006,1,16,13,30,16.5,918,551,0
2006,1,16,14,30,16,852,420,0
2006,1,16,15,30,13.5,716,245,0
2006,1,16,16,30,10.4,390,63,0
2006,1,16,17,30,8.9,0,0,0
2006,1,16,18,30,8.200000000000001,0,0,0
2006,1,16,19,30,7.800000000000001,0,0,7
2006,1,16,20,30,7.6000000000000005,0,0,7
2006,1,16,21,30,7.5,0,0,7
2006,1,16,22,30,7.4,0,0,7
2006,1,16,23,30,7.4,0,0,7
2006,1,17,0,30,7.4,0,0,4
2006,1,17,1,30,7.300000000000001,0,0,0
2006,1,17,2,30,7.2,0,0,0
2006,1,17,3,30,7,0,0,0
2006,1,17,4,30,6.9,0,0,0
2006,1,17,5,30,6.9,0,0,0
2006,1,17,6,30,7.9,0,0,0
2006,1,17,7,30,11.100000000000001,495,89,0
2006,1,17,8,30,14.8,19,164,3
2006,1,17,9,30,17.3,306,357,3
2006,1,17,10,30,19.200000000000003,911,562,0
2006,1,17,11,30,20.700000000000003,931,623,1
2006,1,17,12,30,21.6,924,618,0
2006,1,17,13,30,21.6,905,549,0
2006,1,17,14,30,20.700000000000003,844,421,1
2006,1,17,15,30,17.8,122,187,3
2006,1,17,16,30,14.8,379,64,1
2006,1,17,17,30,13.5,0,0,7
2006,1,17,18,30,12.9,0,0,7
2006,1,17,19,30,12.5,0,0,7
2006,1,17,20,30,12.100000000000001,0,0,7
2006,1,17,21,30,11.600000000000001,0,0,8
2006,1,17,22,30,11.3,0,0,1
2006,1,17,23,30,10.9,0,0,4
2006,1,18,0,30,10.700000000000001,0,0,0
2006,1,18,1,30,10.700000000000001,0,0,0
2006,1,18,2,30,10.700000000000001,0,0,1
2006,1,18,3,30,10.4,0,0,4
2006,1,18,4,30,9.9,0,0,8
2006,1,18,5,30,9.200000000000001,0,0,4
2006,1,18,6,30,9.5,0,0,0
2006,1,18,7,30,12,485,91,1
2006,1,18,8,30,15.3,768,281,0
2006,1,18,9,30,17.7,881,451,0
2006,1,18,10,30,19.400000000000002,921,567,0
2006,1,18,11,30,20.200000000000003,929,623,0
2006,1,18,12,30,20,700,582,8
2006,1,18,13,30,19,862,537,0
2006,1,18,14,30,17.7,792,410,0
2006,1,18,15,30,15.9,666,243,0
2006,1,18,16,30,14.100000000000001,9,46,7
2006,1,18,17,30,12.700000000000001,0,0,7
2006,1,18,18,30,11.8,0,0,7
2006,1,18,19,30,11.4,0,0,7
2006,1,18,20,30,11.4,0,0,7
2006,1,18,21,30,11.200000000000001,0,0,7
2006,1,18,22,30,10.9,0,0,7
2006,1,18,23,30,10.100000000000001,0,0,1
2006,1,19,0,30,9.200000000000001,0,0,0
2006,1,19,1,30,8.700000000000001,0,0,0
2006,1,19,2,30,8.200000000000001,0,0,0
2006,1,19,3,30,7.6000000000000005,0,0,0
2006,1,19,4,30,6.800000000000001,0,0,0
2006,1,19,5,30,5.9,0,0,0
2006,1,19,6,30,6.6000000000000005,0,0,0
2006,1,19,7,30,9.3,515,94,0
2006,1,19,8,30,12.100000000000001,791,286,0
2006,1,19,9,30,14.3,894,454,0
2006,1,19,10,30,15.8,932,574,0
2006,1,19,11,30,16.6,952,636,0
2006,1,19,12,30,16.900000000000002,286,459,6
2006,1,19,13,30,16.900000000000002,712,518,8
2006,1,19,14,30,16.2,233,327,7
2006,1,19,15,30,14,390,222,7
2006,1,19,16,30,11,20,53,7
2006,1,19,17,30,9.4,0,0,7
2006,1,19,18,30,8.6,0,0,0
2006,1,19,19,30,8,0,0,0
2006,1,19,20,30,7.300000000000001,0,0,0
2006,1,19,21,30,6.7,0,0,0
2006,1,19,22,30,6.1000000000000005,0,0,0
2006,1,19,23,30,5.6000000000000005,0,0,0
2006,1,20,0,30,5.1000000000000005,0,0,0
2006,1,20,1,30,4.7,0,0,0
2006,1,20,2,30,4.3,0,0,0
2006,1,20,3,30,4,0,0,0
2006,1,20,4,30,3.8000000000000003,0,0,0
2006,1,20,5,30,3.6,0,0,0
2006,1,20,6,30,4.9,0,0,0
2006,1,20,7,30,8.4,537,97,0
2006,1,20,8,30,11.9,799,291,0
2006,1,20,9,30,14.5,909,465,0
2006,1,20,10,30,16.2,961,590,0
2006,1,20,11,30,17.3,981,654,0
2006,1,20,12,30,17.900000000000002,980,651,0
2006,1,20,13,30,17.900000000000002,953,580,0
2006,1,20,14,30,17.3,896,449,0
2006,1,20,15,30,14.9,777,272,0
2006,1,20,16,30,12.3,477,79,0
2006,1,20,17,30,11.3,0,0,0
2006,1,20,18,30,10.9,0,0,0
2006,1,20,19,30,10.200000000000001,0,0,0
2006,1,20,20,30,9.200000000000001,0,0,0
2006,1,20,21,30,8.200000000000001,0,0,0
2006,1,20,22,30,7.300000000000001,0,0,0
2006,1,20,23,30,6.5,0,0,0
2006,1,21,0,30,6,0,0,0
2006,1,21,1,30,5.6000000000000005,0,0,0
2006,1,21,2,30,5.300000000000001,0,0,0
2006,1,21,3,30,5.1000000000000005,0,0,0
2006,1,21,4,30,5,0,0,0
2006,1,21,5,30,4.9,0,0,0
2006,1,21,6,30,6.1000000000000005,0,0,0
2006,1,21,7,30,9.5,490,96,1
2006,1,21,8,30,13.200000000000001,761,288,0
2006,1,21,9,30,15.700000000000001,872,461,0
2006,1,21,10,30,17.3,926,587,0
2006,1,21,11,30,18.400000000000002,945,651,0
2006,1,21,12,30,18.900000000000002,929,641,0
2006,1,21,13,30,18.900000000000002,896,571,0
2006,1,21,14,30,18.1,825,440,0
2006,1,21,15,30,15.3,694,264,0
2006,1,21,16,30,12.3,384,76,0
2006,1,21,17,30,11,0,0,1
2006,1,21,18,30,10,0,0,7
2006,1,21,19,30,9.1,0,0,8
2006,1,21,20,30,8.3,0,0,0
2006,1,21,21,30,7.7,0,0,0
2006,1,21,22,30,7.2,0,0,0
2006,1,21,23,30,6.9,0,0,0
2006,1,22,0,30,6.7,0,0,0
2006,1,22,1,30,6.5,0,0,0
2006,1,22,2,30,6.4,0,0,0
2006,1,22,3,30,6.2,0,0,0
2006,1,22,4,30,5.9,0,0,0
2006,1,22,5,30,5.6000000000000005,0,0,0
2006,1,22,6,30,6.6000000000000005,0,0,0
2006,1,22,7,30,10,425,91,0
2006,1,22,8,30,13.600000000000001,708,278,0
2006,1,22,9,30,16,834,449,0
2006,1,22,10,30,17.400000000000002,895,573,0
2006,1,22,11,30,18.2,919,638,0
2006,1,22,12,30,18.400000000000002,595,619,2
2006,1,22,13,30,18.1,882,564,0
2006,1,22,14,30,17.3,809,434,0
2006,1,22,15,30,15,663,260,0
2006,1,22,16,30,11.8,342,75,0
2006,1,22,17,30,9.9,0,0,0
2006,1,22,18,30,9.4,0,0,0
2006,1,22,19,30,9.200000000000001,0,0,0
2006,1,22,20,30,9.200000000000001,0,0,0
2006,1,22,21,30,9.1,0,0,0
2006,1,22,22,30,8.700000000000001,0,0,0
2006,1,22,23,30,8,0,0,0
2006,1,23,0,30,7.4,0,0,0
2006,1,23,1,30,7.1000000000000005,0,0,0
2006,1,23,2,30,6.800000000000001,0,0,0
2006,1,23,3,30,6.6000000000000005,0,0,0
2006,1,23,4,30,6.300000000000001,0,0,0
2006,1,23,5,30,6,0,0,0
2006,1,23,6,30,6.6000000000000005,0,0,0
2006,1,23,7,30,8.8,493,98,0
2006,1,23,8,30,11.600000000000001,763,291,0
2006,1,23,9,30,14.100000000000001,883,469,0
2006,1,23,10,30,16.1,925,594,0
2006,1,23,11,30,17.5,933,656,0
2006,1,23,12,30,18.3,916,649,0
2006,1,23,13,30,18.6,961,594,0
2006,1,23,14,30,18.1,897,461,0
2006,1,23,15,30,15.8,758,280,0
2006,1,23,16,30,12.3,433,84,0
2006,1,23,17,30,10.4,0,0,0
2006,1,23,18,30,10.100000000000001,0,0,0
2006,1,23,19,30,10.100000000000001,0,0,0
2006,1,23,20,30,10.200000000000001,0,0,0
2006,1,23,21,30,9.9,0,0,0
2006,1,23,22,30,9.4,0,0,0
2006,1,23,23,30,8.9,0,0,0
2006,1,24,0,30,8.6,0,0,0
2006,1,24,1,30,8.5,0,0,0
2006,1,24,2,30,8.4,0,0,0
2006,1,24,3,30,8.3,0,0,0
2006,1,24,4,30,8.1,0,0,0
2006,1,24,5,30,7.800000000000001,0,0,0
2006,1,24,6,30,8.6,0,0,0
2006,1,24,7,30,11.100000000000001,424,94,0
2006,1,24,8,30,14.3,703,284,0
2006,1,24,9,30,17.3,821,455,0
2006,1,24,10,30,19.6,891,583,0
2006,1,24,11,30,21,886,642,0
2006,1,24,12,30,21.5,854,633,0
2006,1,24,13,30,21.3,893,578,0
2006,1,24,14,30,20.5,817,446,0
2006,1,24,15,30,17.8,670,270,0
2006,1,24,16,30,14.9,336,80,0
2006,1,24,17,30,13.8,0,0,0
2006,1,24,18,30,13.200000000000001,0,0,0
2006,1,24,19,30,12.5,0,0,0
2006,1,24,20,30,11.8,0,0,0
2006,1,24,21,30,10.8,0,0,4
2006,1,24,22,30,9.5,0,0,4
2006,1,24,23,30,8.4,0,0,0
2006,1,25,0,30,7.6000000000000005,0,0,0
2006,1,25,1,30,7.1000000000000005,0,0,0
2006,1,25,2,30,6.6000000000000005,0,0,0
2006,1,25,3,30,6,0,0,4
2006,1,25,4,30,5.6000000000000005,0,0,4
2006,1,25,5,30,5.4,0,0,0
2006,1,25,6,30,6.5,0,0,0
2006,1,25,7,30,9.700000000000001,383,93,0
2006,1,25,8,30,13.3,672,281,0
2006,1,25,9,30,15.9,794,451,0
2006,1,25,10,30,17.400000000000002,876,580,0
2006,1,25,11,30,18.2,897,643,0
2006,1,25,12,30,18.7,891,641,0
2006,1,25,13,30,18.6,867,573,0
2006,1,25,14,30,18,795,442,0
2006,1,25,15,30,15.700000000000001,659,268,0
2006,1,25,16,30,12.3,365,83,0
2006,1,25,17,30,10.100000000000001,0,0,0
2006,1,25,18,30,9.3,0,0,0
2006,1,25,19,30,8.8,0,0,0
2006,1,25,20,30,8.4,0,0,0
2006,1,25,21,30,8.200000000000001,0,0,0
2006,1,25,22,30,8,0,0,0
2006,1,25,23,30,7.7,0,0,0
2006,1,26,0,30,7.5,0,0,8
2006,1,26,1,30,7.5,0,0,7
2006,1,26,2,30,7.800000000000001,0,0,7
2006,1,26,3,30,7.800000000000001,0,0,7
2006,1,26,4,30,7.800000000000001,0,0,7
2006,1,26,5,30,7.9,0,0,7
2006,1,26,6,30,8.8,0,0,8
2006,1,26,7,30,11.4,13,66,7
2006,1,26,8,30,14.9,713,290,0
2006,1,26,9,30,17.6,841,465,0
2006,1,26,10,30,19.200000000000003,912,596,1
2006,1,26,11,30,20.200000000000003,941,664,0
2006,1,26,12,30,20.6,943,663,0
2006,1,26,13,30,20.400000000000002,912,590,0
2006,1,26,14,30,19.5,856,461,0
2006,1,26,15,30,16.8,732,283,0
2006,1,26,16,30,13.100000000000001,451,92,0
2006,1,26,17,30,10.700000000000001,0,0,0
2006,1,26,18,30,9.8,0,0,0
2006,1,26,19,30,9.5,0,0,0
2006,1,26,20,30,9.1,0,0,0
2006,1,26,21,30,8.8,0,0,0
2006,1,26,22,30,8.6,0,0,0
2006,1,26,23,30,8.4,0,0,7
2006,1,27,0,30,8.3,0,0,1
2006,1,27,1,30,8.1,0,0,0
2006,1,27,2,30,8,0,0,0
2006,1,27,3,30,7.7,0,0,0
2006,1,27,4,30,7.4,0,0,0
2006,1,27,5,30,7.2,0,0,0
2006,1,27,6,30,8.1,0,0,0
2006,1,27,7,30,9.9,440,101,0
2006,1,27,8,30,12,726,295,0
2006,1,27,9,30,14.4,853,470,0
2006,1,27,10,30,16.6,557,520,8
2006,1,27,11,30,18.2,936,664,0
2006,1,27,12,30,18.900000000000002,933,662,0
2006,1,27,13,30,19.1,908,591,1
2006,1,27,14,30,18.6,855,463,0
2006,1,27,15,30,16.3,738,288,0
2006,1,27,16,30,13,12,62,7
2006,1,27,17,30,11.200000000000001,0,0,7
2006,1,27,18,30,10.3,0,0,7
2006,1,27,19,30,9.8,0,0,10
2006,1,27,20,30,9.4,0,0,1
2006,1,27,21,30,9,0,0,0
2006,1,27,22,30,8.6,0,0,0
2006,1,27,23,30,8.700000000000001,0,0,1
2006,1,28,0,30,9.3,0,0,1
2006,1,28,1,30,9.600000000000001,0,0,7
2006,1,28,2,30,9.700000000000001,0,0,4
2006,1,28,3,30,9.700000000000001,0,0,0
2006,1,28,4,30,9.700000000000001,0,0,7
2006,1,28,5,30,9.8,0,0,4
2006,1,28,6,30,10.200000000000001,0,0,7
2006,1,28,7,30,12.200000000000001,7,57,7
2006,1,28,8,30,15.200000000000001,26,142,7
2006,1,28,9,30,17.400000000000002,265,370,3
2006,1,28,10,30,19.200000000000003,904,590,0
2006,1,28,11,30,20.700000000000003,923,653,0
2006,1,28,12,30,21.700000000000003,734,627,8
2006,1,28,13,30,21.900000000000002,578,567,2
2006,1,28,14,30,21.400000000000002,205,352,4
2006,1,28,15,30,19.200000000000003,146,219,4
2006,1,28,16,30,15.9,42,72,7
2006,1,28,17,30,13.5,0,0,4
2006,1,28,18,30,12.100000000000001,0,0,7
2006,1,28,19,30,11.100000000000001,0,0,7
2006,1,28,20,30,10.5,0,0,7
2006,1,28,21,30,10.100000000000001,0,0,6
2006,1,28,22,30,9.5,0,0,6
2006,1,28,23,30,8.9,0,0,7
2006,1,29,0,30,8.3,0,0,6
2006,1,29,1,30,7.800000000000001,0,0,6
2006,1,29,2,30,7.5,0,0,6
2006,1,29,3,30,7.300000000000001,0,0,7
2006,1,29,4,30,7.2,0,0,7
2006,1,29,5,30,7.2,0,0,4
2006,1,29,6,30,8.6,0,0,7
2006,1,29,7,30,11.700000000000001,8,69,4
2006,1,29,8,30,14.9,12,162,4
2006,1,29,9,30,17.400000000000002,850,462,1
2006,1,29,10,30,19.3,885,583,0
2006,1,29,11,30,20.700000000000003,911,648,0
2006,1,29,12,30,21.6,915,649,0
2006,1,29,13,30,22,883,581,0
2006,1,29,14,30,21.8,829,457,0
2006,1,29,15,30,19.700000000000003,721,288,0
2006,1,29,16,30,16.7,463,99,0
2006,1,29,17,30,14.8,0,0,0
2006,1,29,18,30,14.100000000000001,0,0,0
2006,1,29,19,30,13.5,0,0,0
2006,1,29,20,30,12.9,0,0,0
2006,1,29,21,30,12.4,0,0,0
2006,1,29,22,30,12,0,0,0
2006,1,29,23,30,11.700000000000001,0,0,0
2006,1,30,0,30,11.4,0,0,0
2006,1,30,1,30,11,0,0,0
2006,1,30,2,30,10.700000000000001,0,0,0
2006,1,30,3,30,10.5,0,0,0
2006,1,30,4,30,10.5,0,0,0
2006,1,30,5,30,10.600000000000001,0,0,0
2006,1,30,6,30,11.600000000000001,0,0,0
2006,1,30,7,30,14.200000000000001,458,105,0
2006,1,30,8,30,17.3,717,296,0
2006,1,30,9,30,19.700000000000003,827,468,0
2006,1,30,10,30,21.900000000000002,912,599,0
2006,1,30,11,30,23.6,939,666,0
2006,1,30,12,30,24.5,937,663,0
2006,1,30,13,30,24.8,907,595,0
2006,1,30,14,30,24.1,851,468,0
2006,1,30,15,30,21.3,739,295,0
2006,1,30,16,30,17.3,483,103,0
2006,1,30,17,30,14.600000000000001,0,0,0
2006,1,30,18,30,13.200000000000001,0,0,0
2006,1,30,19,30,12.200000000000001,0,0,0
2006,1,30,20,30,11.600000000000001,0,0,0
2006,1,30,21,30,11.3,0,0,0
2006,1,30,22,30,11,0,0,0
2006,1,30,23,30,10.600000000000001,0,0,0
2006,1,31,0,30,10.3,0,0,8
2006,1,31,1,30,10,0,0,1
2006,1,31,2,30,9.8,0,0,7
2006,1,31,3,30,9.700000000000001,0,0,0
2006,1,31,4,30,9.600000000000001,0,0,0
2006,1,31,5,30,8.9,0,0,0
2006,1,31,6,30,9.3,0,0,0
2006,1,31,7,30,12,551,116,0
2006,1,31,8,30,15.3,814,320,0
2006,1,31,9,30,18,919,499,0
2006,1,31,10,30,19.6,952,624,0
2006,1,31,11,30,20.700000000000003,974,691,0
2006,1,31,12,30,21.5,975,691,0
2006,1,31,13,30,21.8,949,622,0
2006,1,31,14,30,21.3,893,491,0
2006,1,31,15,30,19.1,776,310,0
2006,1,31,16,30,16.2,482,109,1
2006,1,31,17,30,14.4,0,0,0
2006,1,31,18,30,13.3,0,0,0
2006,1,31,19,30,12.4,0,0,0
2006,1,31,20,30,11.8,0,0,0
2006,1,31,21,30,11.4,0,0,7
2006,1,31,22,30,11.3,0,0,0
2006,1,31,23,30,11.3,0,0,0
2006,2,1,0,30,11.3,0,0,1
2006,2,1,1,30,11.4,0,0,7
2006,2,1,2,30,11.700000000000001,0,0,7
2006,2,1,3,30,11.8,0,0,7
2006,2,1,4,30,11.600000000000001,0,0,7
2006,2,1,5,30,11.3,0,0,7
2006,2,1,6,30,12.100000000000001,0,0,7
2006,2,1,7,30,15.100000000000001,146,99,7
2006,2,1,8,30,18.5,15,173,4
2006,2,1,9,30,21.1,142,347,4
2006,2,1,10,30,22.900000000000002,870,596,1
2006,2,1,11,30,24.200000000000003,893,663,0
2006,2,1,12,30,25.1,896,664,0
2006,2,1,13,30,25.400000000000002,886,599,0
2006,2,1,14,30,24.900000000000002,834,474,0
2006,2,1,15,30,22.8,728,302,0
2006,2,1,16,30,19.400000000000002,473,109,0
2006,2,1,17,30,16.900000000000002,0,0,0
2006,2,1,18,30,15.700000000000001,0,0,0
2006,2,1,19,30,14.9,0,0,1
2006,2,1,20,30,14.5,0,0,3
2006,2,1,21,30,14.3,0,0,0
2006,2,1,22,30,14.100000000000001,0,0,0
2006,2,1,23,30,14,0,0,4
2006,2,2,0,30,13.5,0,0,0
2006,2,2,1,30,12.9,0,0,7
2006,2,2,2,30,12.3,0,0,7
2006,2,2,3,30,11.9,0,0,7
2006,2,2,4,30,11.4,0,0,7
2006,2,2,5,30,11,0,0,7
2006,2,2,6,30,12.100000000000001,0,0,7
2006,2,2,7,30,15.3,100,96,7
2006,2,2,8,30,18.7,406,275,8
2006,2,2,9,30,21.900000000000002,613,458,8
2006,2,2,10,30,24.700000000000003,688,581,7
2006,2,2,11,30,26.400000000000002,657,621,8
2006,2,2,12,30,27.1,601,597,8
2006,2,2,13,30,26.900000000000002,431,506,8
2006,2,2,14,30,25.8,384,401,8
2006,2,2,15,30,23.200000000000003,378,269,7
2006,2,2,16,30,19.700000000000003,180,87,7
2006,2,2,17,30,17.5,0,0,6
2006,2,2,18,30,16.5,0,0,7
2006,2,2,19,30,15.600000000000001,0,0,7
2006,2,2,20,30,14.8,0,0,3
2006,2,2,21,30,14.200000000000001,0,0,4
2006,2,2,22,30,13.700000000000001,0,0,7
2006,2,2,23,30,13.4,0,0,4
2006,2,3,0,30,13.100000000000001,0,0,4
2006,2,3,1,30,13.100000000000001,0,0,3
2006,2,3,2,30,13,0,0,3
2006,2,3,3,30,12.9,0,0,3
2006,2,3,4,30,12.5,0,0,0
2006,2,3,5,30,12,0,0,0
2006,2,3,6,30,13.4,0,0,1
2006,2,3,7,30,17.1,486,117,0
2006,2,3,8,30,20.900000000000002,742,313,0
2006,2,3,9,30,23.8,861,491,0
2006,2,3,10,30,25.700000000000003,917,620,0
2006,2,3,11,30,26.8,940,688,0
2006,2,3,12,30,27.400000000000002,943,690,0
2006,2,3,13,30,27.400000000000002,920,622,0
2006,2,3,14,30,26.8,867,493,0
2006,2,3,15,30,24.3,759,317,0
2006,2,3,16,30,21,515,119,0
2006,2,3,17,30,19.400000000000002,0,0,0
2006,2,3,18,30,18.900000000000002,0,0,0
2006,2,3,19,30,18.400000000000002,0,0,0
2006,2,3,20,30,17.8,0,0,0
2006,2,3,21,30,17,0,0,0
2006,2,3,22,30,16.2,0,0,0
2006,2,3,23,30,15.600000000000001,0,0,0
2006,2,4,0,30,15.3,0,0,0
2006,2,4,1,30,15.200000000000001,0,0,0
2006,2,4,2,30,15.100000000000001,0,0,0
2006,2,4,3,30,15.100000000000001,0,0,0
2006,2,4,4,30,15,0,0,0
2006,2,4,5,30,15,0,0,0
2006,2,4,6,30,15.700000000000001,0,0,0
2006,2,4,7,30,18.2,192,112,8
2006,2,4,8,30,21.400000000000002,782,325,0
2006,2,4,9,30,24.5,389,432,4
2006,2,4,10,30,27,343,524,4
2006,2,4,11,30,28.3,705,670,8
2006,2,4,12,30,29,410,596,4
2006,2,4,13,30,29.1,931,631,0
2006,2,4,14,30,28.400000000000002,879,501,0
2006,2,4,15,30,25.900000000000002,224,246,8
2006,2,4,16,30,22.8,13,86,3
2006,2,4,17,30,21.1,0,0,7
2006,2,4,18,30,20.1,0,0,7
2006,2,4,19,30,19.3,0,0,7
2006,2,4,20,30,18.900000000000002,0,0,7
2006,2,4,21,30,18.5,0,0,7
2006,2,4,22,30,18.400000000000002,0,0,7
2006,2,4,23,30,18.3,0,0,8
2006,2,5,0,30,18.2,0,0,7
2006,2,5,1,30,18,0,0,8
2006,2,5,2,30,17.7,0,0,8
2006,2,5,3,30,16.8,0,0,7
2006,2,5,4,30,15.600000000000001,0,0,7
2006,2,5,5,30,15.100000000000001,0,0,7
2006,2,5,6,30,15.600000000000001,0,0,7
2006,2,5,7,30,17.2,14,80,7
2006,2,5,8,30,19.3,183,251,7
2006,2,5,9,30,21.200000000000003,384,422,7
2006,2,5,10,30,22.900000000000002,638,598,7
2006,2,5,11,30,24.200000000000003,543,609,7
2006,2,5,12,30,25,357,567,7
2006,2,5,13,30,25.200000000000003,517,563,8
2006,2,5,14,30,24.5,726,479,8
2006,2,5,15,30,22,111,233,8
2006,2,5,16,30,18.400000000000002,57,77,6
2006,2,5,17,30,16.2,0,0,7
2006,2,5,18,30,15.100000000000001,0,0,7
2006,2,5,19,30,14.3,0,0,7
2006,2,5,20,30,13.5,0,0,4
2006,2,5,21,30,12.8,0,0,1
2006,2,5,22,30,12,0,0,7
2006,2,5,23,30,11.3,0,0,1
2006,2,6,0,30,10.600000000000001,0,0,8
2006,2,6,1,30,10.200000000000001,0,0,4
2006,2,6,2,30,9.9,0,0,7
2006,2,6,3,30,9.4,0,0,4
2006,2,6,4,30,8.700000000000001,0,0,1
2006,2,6,5,30,8.3,0,0,10
2006,2,6,6,30,9.9,0,0,7
2006,2,6,7,30,13.4,0,46,4
2006,2,6,8,30,16.5,179,267,3
2006,2,6,9,30,18.900000000000002,912,530,0
2006,2,6,10,30,20.6,955,662,0
2006,2,6,11,30,21.8,971,732,0
2006,2,6,12,30,22.6,965,731,0
2006,2,6,13,30,22.8,943,661,0
2006,2,6,14,30,22.3,538,507,2
2006,2,6,15,30,19.900000000000002,410,298,8
2006,2,6,16,30,16.3,1,71,2
2006,2,6,17,30,14.4,0,0,7
2006,2,6,18,30,13.600000000000001,0,0,7
2006,2,6,19,30,12.9,0,0,3
2006,2,6,20,30,12,0,0,0
2006,2,6,21,30,11,0,0,0
2006,2,6,22,30,10.3,0,0,0
2006,2,6,23,30,9.9,0,0,1
2006,2,7,0,30,9.600000000000001,0,0,1
2006,2,7,1,30,9.4,0,0,7
2006,2,7,2,30,9.200000000000001,0,0,7
2006,2,7,3,30,9.1,0,0,7
2006,2,7,4,30,9,0,0,7
2006,2,7,5,30,9.1,0,0,7
2006,2,7,6,30,10.9,0,0,4
2006,2,7,7,30,14.8,5,85,3
2006,2,7,8,30,18.3,404,288,8
2006,2,7,9,30,20.700000000000003,526,459,8
2006,2,7,10,30,22.5,666,605,8
2006,2,7,11,30,23.6,513,667,3
2006,2,7,12,30,24.400000000000002,938,724,0
2006,2,7,13,30,24.700000000000003,929,658,0
2006,2,7,14,30,24,871,524,0
2006,2,7,15,30,21.8,754,341,0
2006,2,7,16,30,19.6,290,131,7
2006,2,7,17,30,18.6,0,0,7
2006,2,7,18,30,17.8,0,0,7
2006,2,7,19,30,17,0,0,7
2006,2,7,20,30,16.2,0,0,7
2006,2,7,21,30,15.5,0,0,7
2006,2,7,22,30,14.8,0,0,7
2006,2,7,23,30,13.9,0,0,8
2006,2,8,0,30,13.100000000000001,0,0,8
2006,2,8,1,30,12.600000000000001,0,0,8
2006,2,8,2,30,12.600000000000001,0,0,0
2006,2,8,3,30,12.700000000000001,0,0,0
2006,2,8,4,30,12.700000000000001,0,0,1
2006,2,8,5,30,12.600000000000001,0,0,7
2006,2,8,6,30,14,0,0,7
2006,2,8,7,30,17.5,5,64,8
2006,2,8,8,30,21.200000000000003,70,240,3
2006,2,8,9,30,24.1,891,528,1
2006,2,8,10,30,26.1,941,661,0
2006,2,8,11,30,27.1,949,724,0
2006,2,8,12,30,27.5,551,621,8
2006,2,8,13,30,27.5,720,635,8
2006,2,8,14,30,26.900000000000002,571,480,8
2006,2,8,15,30,24.400000000000002,207,263,8
2006,2,8,16,30,21,256,134,7
2006,2,8,17,30,19.200000000000003,0,0,7
2006,2,8,18,30,18.2,0,0,0
2006,2,8,19,30,17.400000000000002,0,0,0
2006,2,8,20,30,16.900000000000002,0,0,0
2006,2,8,21,30,16.400000000000002,0,0,0
2006,2,8,22,30,16,0,0,0
2006,2,8,23,30,15.5,0,0,8
2006,2,9,0,30,15.200000000000001,0,0,7
2006,2,9,1,30,14.8,0,0,3
2006,2,9,2,30,14.3,0,0,0
2006,2,9,3,30,13.9,0,0,0
2006,2,9,4,30,13.600000000000001,0,0,0
2006,2,9,5,30,13.600000000000001,0,0,0
2006,2,9,6,30,15.4,0,0,0
2006,2,9,7,30,19.200000000000003,544,139,0
2006,2,9,8,30,22.900000000000002,785,347,0
2006,2,9,9,30,25.700000000000003,890,529,0
2006,2,9,10,30,27.5,941,662,0
2006,2,9,11,30,28.3,961,730,0
2006,2,9,12,30,28.6,961,731,0
2006,2,9,13,30,28.3,949,667,0
2006,2,9,14,30,27.5,899,534,0
2006,2,9,15,30,24.6,797,352,0
2006,2,9,16,30,20.6,564,144,0
2006,2,9,17,30,18.3,0,0,0
2006,2,9,18,30,17.400000000000002,0,0,0
2006,2,9,19,30,16.6,0,0,0
2006,2,9,20,30,16,0,0,0
2006,2,9,21,30,15.600000000000001,0,0,0
2006,2,9,22,30,15.200000000000001,0,0,0
2006,2,9,23,30,15,0,0,0
2006,2,10,0,30,14.700000000000001,0,0,0
2006,2,10,1,30,14.3,0,0,0
2006,2,10,2,30,13.700000000000001,0,0,0
2006,2,10,3,30,13.100000000000001,0,0,0
2006,2,10,4,30,12.4,0,0,0
2006,2,10,5,30,12,0,0,0
2006,2,10,6,30,13.600000000000001,0,0,0
2006,2,10,7,30,17.6,580,148,0
2006,2,10,8,30,21.700000000000003,809,358,0
2006,2,10,9,30,25,901,538,0
2006,2,10,10,30,27.200000000000003,957,672,0
2006,2,10,11,30,28.3,978,742,0
2006,2,10,12,30,28.900000000000002,977,742,0
2006,2,10,13,30,28.900000000000002,954,673,0
2006,2,10,14,30,28.1,902,539,0
2006,2,10,15,30,25.200000000000003,799,356,0
2006,2,10,16,30,21,553,146,0
2006,2,10,17,30,18.400000000000002,0,0,0
2006,2,10,18,30,17.3,0,0,0
2006,2,10,19,30,16.3,0,0,0
2006,2,10,20,30,15.600000000000001,0,0,0
2006,2,10,21,30,15.100000000000001,0,0,0
2006,2,10,22,30,14.5,0,0,0
2006,2,10,23,30,13.8,0,0,0
2006,2,11,0,30,13.100000000000001,0,0,0
2006,2,11,1,30,12.4,0,0,0
2006,2,11,2,30,11.9,0,0,0
2006,2,11,3,30,11.3,0,0,0
2006,2,11,4,30,10.700000000000001,0,0,0
2006,2,11,5,30,10.200000000000001,0,0,0
2006,2,11,6,30,12.100000000000001,0,0,0
2006,2,11,7,30,15.8,616,154,0
2006,2,11,8,30,19,833,365,0
2006,2,11,9,30,21.700000000000003,928,550,0
2006,2,11,10,30,23.900000000000002,970,684,0
2006,2,11,11,30,25.5,988,754,0
2006,2,11,12,30,26.1,986,754,0
2006,2,11,13,30,26.200000000000003,964,684,0
2006,2,11,14,30,25.5,913,549,0
2006,2,11,15,30,22.700000000000003,812,364,0
2006,2,11,16,30,18.7,570,152,0
2006,2,11,17,30,16.3,0,0,0
2006,2,11,18,30,14.9,0,0,0
2006,2,11,19,30,13.700000000000001,0,0,0
2006,2,11,20,30,12.9,0,0,0
2006,2,11,21,30,12.200000000000001,0,0,0
2006,2,11,22,30,11.9,0,0,0
2006,2,11,23,30,11.8,0,0,0
2006,2,12,0,30,11.5,0,0,0
2006,2,12,1,30,10.9,0,0,0
2006,2,12,2,30,10.4,0,0,0
2006,2,12,3,30,10.100000000000001,0,0,0
2006,2,12,4,30,9.9,0,0,0
2006,2,12,5,30,9.9,0,0,0
2006,2,12,6,30,12.3,0,0,0
2006,2,12,7,30,16.900000000000002,620,156,0
2006,2,12,8,30,20.400000000000002,826,365,0
2006,2,12,9,30,22.6,911,545,0
2006,2,12,10,30,24.3,949,675,0
2006,2,12,11,30,25.8,968,744,0
2006,2,12,12,30,26.6,968,745,0
2006,2,12,13,30,26.900000000000002,945,675,0
2006,2,12,14,30,26.5,893,542,0
2006,2,12,15,30,24.1,792,360,0
2006,2,12,16,30,20.6,567,151,0
2006,2,12,17,30,18.8,0,0,0
2006,2,12,18,30,18.2,0,0,0
2006,2,12,19,30,17.7,0,0,0
2006,2,12,20,30,17.3,0,0,0
2006,2,12,21,30,16.8,0,0,0
2006,2,12,22,30,16.400000000000002,0,0,0
2006,2,12,23,30,16,0,0,0
2006,2,13,0,30,15.200000000000001,0,0,0
2006,2,13,1,30,14.100000000000001,0,0,0
2006,2,13,2,30,13.100000000000001,0,0,0
2006,2,13,3,30,12.4,0,0,0
2006,2,13,4,30,11.8,0,0,0
2006,2,13,5,30,11.600000000000001,0,0,1
2006,2,13,6,30,13.8,0,0,3
2006,2,13,7,30,18.400000000000002,592,156,0
2006,2,13,8,30,22.400000000000002,233,289,3
2006,2,13,9,30,25.1,703,507,8
2006,2,13,10,30,26.8,717,644,8
2006,2,13,11,30,27.900000000000002,669,740,2
2006,2,13,12,30,28.3,587,708,2
2006,2,13,13,30,28.200000000000003,564,593,7
2006,2,13,14,30,27.6,877,544,1
2006,2,13,15,30,25.3,773,361,0
2006,2,13,16,30,22.400000000000002,549,154,0
2006,2,13,17,30,20.900000000000002,0,0,0
2006,2,13,18,30,20.1,0,0,0
2006,2,13,19,30,19.5,0,0,0
2006,2,13,20,30,19,0,0,3
2006,2,13,21,30,18.8,0,0,3
2006,2,13,22,30,18.7,0,0,3
2006,2,13,23,30,18.400000000000002,0,0,3
2006,2,14,0,30,17.6,0,0,3
2006,2,14,1,30,16.7,0,0,4
2006,2,14,2,30,16,0,0,7
2006,2,14,3,30,15.700000000000001,0,0,7
2006,2,14,4,30,15.5,0,0,7
2006,2,14,5,30,15.3,0,0,7
2006,2,14,6,30,16,0,0,6
2006,2,14,7,30,18.5,7,79,6
2006,2,14,8,30,21.8,9,122,7
2006,2,14,9,30,24.6,864,541,1
2006,2,14,10,30,26.400000000000002,927,678,0
2006,2,14,11,30,27.200000000000003,952,748,0
2006,2,14,12,30,27.400000000000002,951,748,0
2006,2,14,13,30,26.900000000000002,924,675,0
2006,2,14,14,30,25.6,873,544,0
2006,2,14,15,30,23.200000000000003,767,360,0
2006,2,14,16,30,19.5,538,154,0
2006,2,14,17,30,16.3,0,0,0
2006,2,14,18,30,14.8,0,0,0
2006,2,14,19,30,13.8,0,0,0
2006,2,14,20,30,13,0,0,0
2006,2,14,21,30,12.4,0,0,0
2006,2,14,22,30,11.9,0,0,0
2006,2,14,23,30,11.4,0,0,0
2006,2,15,0,30,11,0,0,0
2006,2,15,1,30,10.8,0,0,0
2006,2,15,2,30,10.5,0,0,0
2006,2,15,3,30,10.100000000000001,0,0,0
2006,2,15,4,30,9.700000000000001,0,0,0
2006,2,15,5,30,9.700000000000001,0,0,0
2006,2,15,6,30,10.8,0,0,0
2006,2,15,7,30,12.8,501,153,0
2006,2,15,8,30,14.600000000000001,698,354,0
2006,2,15,9,30,16.1,805,535,0
2006,2,15,10,30,16.900000000000002,844,663,0
2006,2,15,11,30,17.1,886,736,0
2006,2,15,12,30,17,902,738,0
2006,2,15,13,30,16.6,900,676,0
2006,2,15,14,30,15.8,867,549,0
2006,2,15,15,30,14.4,780,370,0
2006,2,15,16,30,12.200000000000001,580,164,0
2006,2,15,17,30,10.100000000000001,0,0,0
2006,2,15,18,30,8.8,0,0,0
2006,2,15,19,30,8,0,0,0
2006,2,15,20,30,7.7,0,0,0
2006,2,15,21,30,7.2,0,0,0
2006,2,15,22,30,6.4,0,0,0
2006,2,15,23,30,5.5,0,0,0
2006,2,16,0,30,5,0,0,0
2006,2,16,1,30,4.5,0,0,0
2006,2,16,2,30,4,0,0,0
2006,2,16,3,30,3.6,0,0,0
2006,2,16,4,30,3.3000000000000003,0,0,0
2006,2,16,5,30,3.3000000000000003,0,0,0
2006,2,16,6,30,5.4,0,0,0
2006,2,16,7,30,8.8,674,178,0
2006,2,16,8,30,11.4,870,396,0
2006,2,16,9,30,13.3,957,584,0
2006,2,16,10,30,14.9,996,719,0
2006,2,16,11,30,16.1,1003,783,0
2006,2,16,12,30,16.900000000000002,1003,783,0
2006,2,16,13,30,17.2,748,671,7
2006,2,16,14,30,16.7,923,572,0
2006,2,16,15,30,15.5,125,252,8
2006,2,16,16,30,13.4,54,113,8
2006,2,16,17,30,11.4,0,0,7
2006,2,16,18,30,10.3,0,0,7
2006,2,16,19,30,9.5,0,0,7
2006,2,16,20,30,9.200000000000001,0,0,1
2006,2,16,21,30,9,0,0,4
2006,2,16,22,30,8.8,0,0,0
2006,2,16,23,30,8.700000000000001,0,0,0
2006,2,17,0,30,8.4,0,0,7
2006,2,17,1,30,8.1,0,0,1
2006,2,17,2,30,7.7,0,0,1
2006,2,17,3,30,7.300000000000001,0,0,1
2006,2,17,4,30,6.9,0,0,7
2006,2,17,5,30,6.800000000000001,0,0,7
2006,2,17,6,30,7.9,0,0,7
2006,2,17,7,30,10.100000000000001,0,58,4
2006,2,17,8,30,12.3,797,381,1
2006,2,17,9,30,14.700000000000001,900,566,0
2006,2,17,10,30,16.5,950,700,0
2006,2,17,11,30,17.7,971,770,0
2006,2,17,12,30,18.2,971,770,0
2006,2,17,13,30,18.1,949,696,0
2006,2,17,14,30,17.2,908,565,0
2006,2,17,15,30,15.5,813,379,0
2006,2,17,16,30,12.700000000000001,621,170,0
2006,2,17,17,30,10.3,0,0,1
2006,2,17,18,30,9.1,0,0,0
2006,2,17,19,30,8.5,0,0,1
2006,2,17,20,30,8.1,0,0,4
2006,2,17,21,30,8,0,0,4
2006,2,17,22,30,8,0,0,1
2006,2,17,23,30,7.9,0,0,1
2006,2,18,0,30,7.800000000000001,0,0,4
2006,2,18,1,30,7.5,0,0,1
2006,2,18,2,30,7.5,0,0,4
2006,2,18,3,30,7.2,0,0,0
2006,2,18,4,30,7,0,0,0
2006,2,18,5,30,7,0,0,4
2006,2,18,6,30,8,0,0,1
2006,2,18,7,30,9.8,598,173,1
2006,2,18,8,30,11.3,805,383,0
2006,2,18,9,30,12.700000000000001,902,568,0
2006,2,18,10,30,14.100000000000001,924,696,0
2006,2,18,11,30,15,948,766,0
2006,2,18,12,30,15.4,5,218,8
2006,2,18,13,30,15.3,0,207,4
2006,2,18,14,30,14.600000000000001,0,11,8
2006,2,18,15,30,13.4,259,292,8
2006,2,18,16,30,11.100000000000001,3,91,4
2006,2,18,17,30,9,0,0,4
2006,2,18,18,30,8,0,0,4
2006,2,18,19,30,7.4,0,0,0
2006,2,18,20,30,6.9,0,0,4
2006,2,18,21,30,6.6000000000000005,0,0,4
2006,2,18,22,30,6.300000000000001,0,0,4
2006,2,18,23,30,6,0,0,4
2006,2,19,0,30,5.9,0,0,1
2006,2,19,1,30,5.7,0,0,4
2006,2,19,2,30,5.6000000000000005,0,0,4
2006,2,19,3,30,5.7,0,0,4
2006,2,19,4,30,5.9,0,0,4
2006,2,19,5,30,6.2,0,0,4
2006,2,19,6,30,7.300000000000001,0,0,8
2006,2,19,7,30,9.1,2,90,4
2006,2,19,8,30,10.700000000000001,13,196,4
2006,2,19,9,30,12.100000000000001,870,563,0
2006,2,19,10,30,13.3,925,696,1
2006,2,19,11,30,14.3,948,767,1
2006,2,19,12,30,14.9,0,95,4
2006,2,19,13,30,15,0,99,8
2006,2,19,14,30,14.5,360,479,4
2006,2,19,15,30,13.200000000000001,340,316,8
2006,2,19,16,30,10.8,276,161,2
2006,2,19,17,30,8.3,0,0,0
2006,2,19,18,30,6.800000000000001,0,0,0
2006,2,19,19,30,5.800000000000001,0,0,0
2006,2,19,20,30,5.2,0,0,0
2006,2,19,21,30,4.800000000000001,0,0,0
2006,2,19,22,30,4.5,0,0,0
2006,2,19,23,30,4.1000000000000005,0,0,0
2006,2,20,0,30,3.6,0,0,0
2006,2,20,1,30,3.2,0,0,0
2006,2,20,2,30,2.8000000000000003,0,0,0
2006,2,20,3,30,2.3000000000000003,0,0,0
2006,2,20,4,30,1.9000000000000001,0,0,0
2006,2,20,5,30,2.1,0,0,0
2006,2,20,6,30,4.3,0,0,0
2006,2,20,7,30,8.1,627,186,0
2006,2,20,8,30,11.200000000000001,814,397,0
2006,2,20,9,30,13.200000000000001,903,582,0
2006,2,20,10,30,14.600000000000001,943,715,0
2006,2,20,11,30,15.8,962,785,0
2006,2,20,12,30,16.5,961,784,0
2006,2,20,13,30,16.8,937,713,0
2006,2,20,14,30,16.5,891,578,0
2006,2,20,15,30,15.200000000000001,800,393,0
2006,2,20,16,30,12.3,611,181,0
2006,2,20,17,30,9.4,0,0,0
2006,2,20,18,30,8,0,0,0
2006,2,20,19,30,6.9,0,0,0
2006,2,20,20,30,5.9,0,0,0
2006,2,20,21,30,5.2,0,0,0
2006,2,20,22,30,4.6000000000000005,0,0,0
2006,2,20,23,30,4.2,0,0,0
2006,2,21,0,30,3.8000000000000003,0,0,0
2006,2,21,1,30,3.6,0,0,0
2006,2,21,2,30,3.4000000000000004,0,0,0
2006,2,21,3,30,3.3000000000000003,0,0,0
2006,2,21,4,30,3.2,0,0,0
2006,2,21,5,30,3.4000000000000004,0,0,4
2006,2,21,6,30,5.800000000000001,0,0,0
2006,2,21,7,30,9.600000000000001,0,81,4
2006,2,21,8,30,12.5,23,232,4
2006,2,21,9,30,14.200000000000001,90,336,8
2006,2,21,10,30,15.4,540,618,8
2006,2,21,11,30,16.1,578,746,2
2006,2,21,12,30,16.3,956,792,0
2006,2,21,13,30,16.3,908,715,0
2006,2,21,14,30,15.8,880,587,0
2006,2,21,15,30,14.5,797,401,1
2006,2,21,16,30,11.200000000000001,35,135,2
2006,2,21,17,30,8.200000000000001,0,0,0
2006,2,21,18,30,7.4,0,0,0
2006,2,21,19,30,6.800000000000001,0,0,0
2006,2,21,20,30,6.4,0,0,0
2006,2,21,21,30,6,0,0,0
2006,2,21,22,30,5.6000000000000005,0,0,0
2006,2,21,23,30,5.300000000000001,0,0,0
2006,2,22,0,30,5.1000000000000005,0,0,0
2006,2,22,1,30,5,0,0,0
2006,2,22,2,30,5,0,0,0
2006,2,22,3,30,5,0,0,0
2006,2,22,4,30,4.9,0,0,0
2006,2,22,5,30,5.4,0,0,0
2006,2,22,6,30,7.9,77,12,0
2006,2,22,7,30,11.9,602,189,0
2006,2,22,8,30,15,796,404,0
2006,2,22,9,30,17.3,888,590,0
2006,2,22,10,30,18.900000000000002,932,724,0
2006,2,22,11,30,20.200000000000003,952,794,0
2006,2,22,12,30,21,952,793,0
2006,2,22,13,30,21.200000000000003,929,721,0
2006,2,22,14,30,20.8,881,585,0
2006,2,22,15,30,19.1,785,398,0
2006,2,22,16,30,15.700000000000001,582,184,0
2006,2,22,17,30,13,0,0,0
2006,2,22,18,30,11.9,0,0,0
2006,2,22,19,30,11.3,0,0,0
2006,2,22,20,30,10.8,0,0,0
2006,2,22,21,30,10.3,0,0,0
2006,2,22,22,30,9.700000000000001,0,0,0
2006,2,22,23,30,9.1,0,0,0
2006,2,23,0,30,8.700000000000001,0,0,0
2006,2,23,1,30,8.3,0,0,0
2006,2,23,2,30,8.1,0,0,0
2006,2,23,3,30,7.800000000000001,0,0,0
2006,2,23,4,30,7.5,0,0,0
2006,2,23,5,30,7.7,0,0,0
2006,2,23,6,30,10.4,101,13,0
2006,2,23,7,30,14.8,627,195,0
2006,2,23,8,30,18.5,817,411,0
2006,2,23,9,30,21.3,905,598,0
2006,2,23,10,30,23,950,732,0
2006,2,23,11,30,24.1,969,803,0
2006,2,23,12,30,24.8,969,802,0
2006,2,23,13,30,24.900000000000002,949,730,0
2006,2,23,14,30,24.400000000000002,901,594,0
2006,2,23,15,30,22.5,809,407,0
2006,2,23,16,30,19.3,615,191,0
2006,2,23,17,30,17.1,83,12,0
2006,2,23,18,30,16,0,0,0
2006,2,23,19,30,14.9,0,0,0
2006,2,23,20,30,13.600000000000001,0,0,0
2006,2,23,21,30,12.600000000000001,0,0,0
2006,2,23,22,30,11.8,0,0,0
2006,2,23,23,30,11.3,0,0,0
2006,2,24,0,30,10.8,0,0,0
2006,2,24,1,30,10.4,0,0,0
2006,2,24,2,30,10,0,0,0
2006,2,24,3,30,9.600000000000001,0,0,0
2006,2,24,4,30,9.4,0,0,0
2006,2,24,5,30,9.5,0,0,0
2006,2,24,6,30,12,120,16,0
2006,2,24,7,30,16.3,632,203,0
2006,2,24,8,30,20.200000000000003,821,421,0
2006,2,24,9,30,23.1,911,609,0
2006,2,24,10,30,24.6,960,746,0
2006,2,24,11,30,25.6,980,816,0
2006,2,24,12,30,26,980,815,0
2006,2,24,13,30,26,962,744,0
2006,2,24,14,30,25.400000000000002,908,601,0
2006,2,24,15,30,23.6,817,413,0
2006,2,24,16,30,20.1,627,196,0
2006,2,24,17,30,17.3,105,13,0
2006,2,24,18,30,16.2,0,0,0
2006,2,24,19,30,15.4,0,0,0
2006,2,24,20,30,14.600000000000001,0,0,0
2006,2,24,21,30,13.8,0,0,0
2006,2,24,22,30,13.100000000000001,0,0,0
2006,2,24,23,30,12.3,0,0,0
2006,2,25,0,30,11.5,0,0,0
2006,2,25,1,30,10.700000000000001,0,0,0
2006,2,25,2,30,10.3,0,0,0
2006,2,25,3,30,10.200000000000001,0,0,0
2006,2,25,4,30,10.3,0,0,0
2006,2,25,5,30,10.8,0,0,0
2006,2,25,6,30,13.100000000000001,0,9,3
2006,2,25,7,30,17.2,667,210,0
2006,2,25,8,30,20.900000000000002,848,428,0
2006,2,25,9,30,23.400000000000002,932,616,0
2006,2,25,10,30,25,963,749,0
2006,2,25,11,30,25.900000000000002,976,814,1
2006,2,25,12,30,26.400000000000002,666,725,8
2006,2,25,13,30,26.3,510,630,8
2006,2,25,14,30,25.700000000000003,335,469,7
2006,2,25,15,30,23.6,304,339,8
2006,2,25,16,30,19.8,11,103,6
2006,2,25,17,30,17.3,0,9,7
2006,2,25,18,30,16.8,0,0,7
2006,2,25,19,30,16.6,0,0,7
2006,2,25,20,30,16.5,0,0,7
2006,2,25,21,30,16.5,0,0,6
2006,2,25,22,30,16.6,0,0,7
2006,2,25,23,30,17,0,0,7
2006,2,26,0,30,17.1,0,0,7
2006,2,26,1,30,16.900000000000002,0,0,7
2006,2,26,2,30,16.400000000000002,0,0,7
2006,2,26,3,30,16,0,0,7
2006,2,26,4,30,15.9,0,0,7
2006,2,26,5,30,16.1,0,0,7
2006,2,26,6,30,16.900000000000002,0,14,7
2006,2,26,7,30,19.1,154,175,8
2006,2,26,8,30,22,157,306,7
2006,2,26,9,30,24.1,234,482,4
2006,2,26,10,30,25.5,726,713,8
2006,2,26,11,30,26.6,568,700,8
2006,2,26,12,30,27.200000000000003,647,725,8
2006,2,26,13,30,27.1,647,677,8
2006,2,26,14,30,26.400000000000002,840,585,1
2006,2,26,15,30,24.700000000000003,500,326,7
2006,2,26,16,30,21.3,147,156,8
2006,2,26,17,30,18.1,92,14,0
2006,2,26,18,30,16.5,0,0,0
2006,2,26,19,30,15.600000000000001,0,0,7
2006,2,26,20,30,14.8,0,0,0
2006,2,26,21,30,14,0,0,0
2006,2,26,22,30,13.600000000000001,0,0,0
2006,2,26,23,30,13.600000000000001,0,0,7
2006,2,27,0,30,13.4,0,0,7
2006,2,27,1,30,13.100000000000001,0,0,6
2006,2,27,2,30,13.200000000000001,0,0,6
2006,2,27,3,30,13.5,0,0,6
2006,2,27,4,30,13.700000000000001,0,0,6
2006,2,27,5,30,14.100000000000001,0,0,6
2006,2,27,6,30,15.5,0,12,6
2006,2,27,7,30,17.5,51,142,7
2006,2,27,8,30,19.400000000000002,0,63,6
2006,2,27,9,30,20.900000000000002,323,438,7
2006,2,27,10,30,22.400000000000002,7,239,6
2006,2,27,11,30,23.700000000000003,334,567,7
2006,2,27,12,30,24.200000000000003,3,201,8
2006,2,27,13,30,23.8,81,395,6
2006,2,27,14,30,23.1,2,130,7
2006,2,27,15,30,21.700000000000003,24,221,4
2006,2,27,16,30,19.6,321,136,8
2006,2,27,17,30,17.8,0,7,6
2006,2,27,18,30,17,0,0,7
2006,2,27,19,30,16.6,0,0,7
2006,2,27,20,30,16.1,0,0,7
2006,2,27,21,30,15.9,0,0,6
2006,2,27,22,30,16.1,0,0,7
2006,2,27,23,30,16.3,0,0,7
2006,2,28,0,30,16.400000000000002,0,0,7
2006,2,28,1,30,16.400000000000002,0,0,7
2006,2,28,2,30,16.3,0,0,7
2006,2,28,3,30,16.2,0,0,7
2006,2,28,4,30,15.8,0,0,7
2006,2,28,5,30,15.5,0,0,7
2006,2,28,6,30,16.1,0,9,7
2006,2,28,7,30,17.1,3,62,8
2006,2,28,8,30,17.900000000000002,17,210,4
2006,2,28,9,30,18.900000000000002,0,146,4
2006,2,28,10,30,19.700000000000003,0,67,4
2006,2,28,11,30,20.1,0,39,4
2006,2,28,12,30,19.900000000000002,490,650,7
2006,2,28,13,30,19.700000000000003,247,510,8
2006,2,28,14,30,19,891,608,0
2006,2,28,15,30,17.7,806,423,0
2006,2,28,16,30,15.4,81,157,3
2006,2,28,17,30,12.9,142,20,0
2006,2,28,18,30,11.600000000000001,0,0,7
2006,2,28,19,30,11,0,0,1
2006,2,28,20,30,10.600000000000001,0,0,1
2006,2,28,21,30,10.4,0,0,7
2006,2,28,22,30,10.4,0,0,7
2006,2,28,23,30,10.3,0,0,4
2006,3,1,0,30,10,0,0,0
2006,3,1,1,30,9.5,0,0,0
2006,3,1,2,30,8.700000000000001,0,0,4
2006,3,1,3,30,7.800000000000001,0,0,7
2006,3,1,4,30,7.4,0,0,6
2006,3,1,5,30,7.800000000000001,0,0,7
2006,3,1,6,30,10,2,21,7
2006,3,1,7,30,13.600000000000001,680,228,0
2006,3,1,8,30,16.5,852,447,0
2006,3,1,9,30,18.6,933,635,0
2006,3,1,10,30,20.1,963,764,0
2006,3,1,11,30,21.1,980,832,0
2006,3,1,12,30,21.700000000000003,977,830,0
2006,3,1,13,30,21.8,950,753,0
2006,3,1,14,30,21.3,903,616,0
2006,3,1,15,30,20.1,813,427,0
2006,3,1,16,30,17.6,631,210,0
2006,3,1,17,30,14.8,139,21,0
2006,3,1,18,30,13.100000000000001,0,0,0
2006,3,1,19,30,11.600000000000001,0,0,0
2006,3,1,20,30,10.4,0,0,0
2006,3,1,21,30,9.600000000000001,0,0,0
2006,3,1,22,30,9,0,0,0
2006,3,1,23,30,8.5,0,0,0
2006,3,2,0,30,8.200000000000001,0,0,0
2006,3,2,1,30,7.9,0,0,0
2006,3,2,2,30,7.5,0,0,0
2006,3,2,3,30,7,0,0,0
2006,3,2,4,30,6.7,0,0,0
2006,3,2,5,30,7.2,0,0,0
2006,3,2,6,30,9.700000000000001,161,30,0
2006,3,2,7,30,13.5,624,227,0
2006,3,2,8,30,16.7,805,445,0
2006,3,2,9,30,19,892,632,0
2006,3,2,10,30,20.3,924,761,1
2006,3,2,11,30,21.1,480,679,7
2006,3,2,12,30,21.700000000000003,950,829,0
2006,3,2,13,30,22.200000000000003,939,758,0
2006,3,2,14,30,21.900000000000002,907,622,0
2006,3,2,15,30,20.5,826,434,0
2006,3,2,16,30,17.2,658,216,0
2006,3,2,17,30,13.9,186,23,0
2006,3,2,18,30,12.200000000000001,0,0,0
2006,3,2,19,30,10.8,0,0,0
2006,3,2,20,30,9.700000000000001,0,0,0
2006,3,2,21,30,8.700000000000001,0,0,0
2006,3,2,22,30,8,0,0,0
2006,3,2,23,30,7.5,0,0,0
2006,3,3,0,30,6.9,0,0,0
2006,3,3,1,30,6.2,0,0,0
2006,3,3,2,30,5.7,0,0,0
2006,3,3,3,30,5.5,0,0,0
2006,3,3,4,30,5.5,0,0,0
2006,3,3,5,30,6.300000000000001,0,0,0
2006,3,3,6,30,8.5,207,33,0
2006,3,3,7,30,11.100000000000001,630,227,0
2006,3,3,8,30,13.3,804,440,0
2006,3,3,9,30,14.8,890,624,0
2006,3,3,10,30,15.9,906,749,0
2006,3,3,11,30,16.8,929,817,1
2006,3,3,12,30,17.400000000000002,926,813,0
2006,3,3,13,30,17.400000000000002,856,730,0
2006,3,3,14,30,16.6,137,442,2
2006,3,3,15,30,15.100000000000001,81,297,2
2006,3,3,16,30,13.200000000000001,96,157,8
2006,3,3,17,30,11.600000000000001,78,22,0
2006,3,3,18,30,10.700000000000001,0,0,7
2006,3,3,19,30,10,0,0,7
2006,3,3,20,30,9.600000000000001,0,0,0
2006,3,3,21,30,9.3,0,0,0
2006,3,3,22,30,9,0,0,0
2006,3,3,23,30,8.8,0,0,7
2006,3,4,0,30,8.5,0,0,7
2006,3,4,1,30,8.3,0,0,7
2006,3,4,2,30,7.7,0,0,7
2006,3,4,3,30,6.7,0,0,7
2006,3,4,4,30,5.7,0,0,1
2006,3,4,5,30,5.800000000000001,0,0,0
2006,3,4,6,30,7.9,184,34,0
2006,3,4,7,30,11,643,236,1
2006,3,4,8,30,13.600000000000001,835,459,0
2006,3,4,9,30,15.8,924,645,0
2006,3,4,10,30,17.7,956,777,0
2006,3,4,11,30,19.1,975,846,0
2006,3,4,12,30,20.1,975,843,0
2006,3,4,13,30,20.5,950,766,0
2006,3,4,14,30,20.3,536,541,8
2006,3,4,15,30,19.1,566,405,8
2006,3,4,16,30,16.3,649,220,1
2006,3,4,17,30,13.600000000000001,0,16,3
2006,3,4,18,30,12.600000000000001,0,0,0
2006,3,4,19,30,12.200000000000001,0,0,0
2006,3,4,20,30,11.700000000000001,0,0,0
2006,3,4,21,30,11.4,0,0,0
2006,3,4,22,30,11.200000000000001,0,0,0
2006,3,4,23,30,11,0,0,0
2006,3,5,0,30,10.8,0,0,0
2006,3,5,1,30,10.5,0,0,0
2006,3,5,2,30,10.3,0,0,3
2006,3,5,3,30,10,0,0,0
2006,3,5,4,30,9.700000000000001,0,0,0
2006,3,5,5,30,9.9,0,0,0
2006,3,5,6,30,11.8,263,39,1
2006,3,5,7,30,15,47,168,3
2006,3,5,8,30,17.8,107,325,4
2006,3,5,9,30,19.8,708,607,8
2006,3,5,10,30,21,929,765,0
2006,3,5,11,30,21.900000000000002,951,833,0
2006,3,5,12,30,22.900000000000002,953,831,0
2006,3,5,13,30,23.3,929,756,0
2006,3,5,14,30,23,553,542,8
2006,3,5,15,30,21.700000000000003,153,283,7
2006,3,5,16,30,18.7,107,161,8
2006,3,5,17,30,16.2,1,19,7
2006,3,5,18,30,15.4,0,0,8
2006,3,5,19,30,15,0,0,7
2006,3,5,20,30,14.5,0,0,7
2006,3,5,21,30,14,0,0,7
2006,3,5,22,30,13.700000000000001,0,0,1
2006,3,5,23,30,13.700000000000001,0,0,7
2006,3,6,0,30,13.700000000000001,0,0,7
2006,3,6,1,30,13.8,0,0,7
2006,3,6,2,30,13.8,0,0,7
2006,3,6,3,30,13.700000000000001,0,0,7
2006,3,6,4,30,13.5,0,0,7
2006,3,6,5,30,13.4,0,0,7
2006,3,6,6,30,13.8,2,30,7
2006,3,6,7,30,14.9,27,132,7
2006,3,6,8,30,16.3,135,308,7
2006,3,6,9,30,17.5,199,434,7
2006,3,6,10,30,18.6,219,515,6
2006,3,6,11,30,19.700000000000003,205,560,7
2006,3,6,12,30,20.6,364,642,7
2006,3,6,13,30,21,561,649,7
2006,3,6,14,30,20.700000000000003,871,617,0
2006,3,6,15,30,19.6,470,412,2
2006,3,6,16,30,17.3,640,219,0
2006,3,6,17,30,15.3,202,29,0
2006,3,6,18,30,14.4,0,0,0
2006,3,6,19,30,13.700000000000001,0,0,0
2006,3,6,20,30,13.100000000000001,0,0,0
2006,3,6,21,30,12.600000000000001,0,0,0
2006,3,6,22,30,12.3,0,0,0
2006,3,6,23,30,12.100000000000001,0,0,0
2006,3,7,0,30,12.100000000000001,0,0,0
2006,3,7,1,30,12.200000000000001,0,0,0
2006,3,7,2,30,12.3,0,0,1
2006,3,7,3,30,12.200000000000001,0,0,1
2006,3,7,4,30,11.9,0,0,0
2006,3,7,5,30,11.8,0,0,0
2006,3,7,6,30,12.600000000000001,231,44,1
2006,3,7,7,30,13.9,619,243,0
2006,3,7,8,30,15.4,795,458,0
2006,3,7,9,30,17.3,891,645,0
2006,3,7,10,30,18.8,935,776,0
2006,3,7,11,30,19.6,952,843,0
2006,3,7,12,30,19.700000000000003,951,839,0
2006,3,7,13,30,19,925,766,0
2006,3,7,14,30,17.7,870,627,0
2006,3,7,15,30,15.8,755,433,0
2006,3,7,16,30,13.600000000000001,528,214,0
2006,3,7,17,30,11.9,96,27,0
2006,3,7,18,30,11,0,0,0
2006,3,7,19,30,10.600000000000001,0,0,0
2006,3,7,20,30,10.3,0,0,0
2006,3,7,21,30,10.100000000000001,0,0,0
2006,3,7,22,30,9.8,0,0,0
2006,3,7,23,30,9.600000000000001,0,0,0
2006,3,8,0,30,9.200000000000001,0,0,0
2006,3,8,1,30,8.8,0,0,0
2006,3,8,2,30,8.5,0,0,0
2006,3,8,3,30,8,0,0,0
2006,3,8,4,30,7.7,0,0,0
2006,3,8,5,30,8,0,0,0
2006,3,8,6,30,9.3,236,47,0
2006,3,8,7,30,11.700000000000001,645,253,0
2006,3,8,8,30,14.5,816,472,0
2006,3,8,9,30,16.7,910,663,0
2006,3,8,10,30,18.2,946,796,0
2006,3,8,11,30,19.1,946,859,0
2006,3,8,12,30,19.400000000000002,953,858,0
2006,3,8,13,30,19.200000000000003,935,787,1
2006,3,8,14,30,18.8,893,647,0
2006,3,8,15,30,17.8,815,457,0
2006,3,8,16,30,14.8,650,235,0
2006,3,8,17,30,11.4,208,34,0
2006,3,8,18,30,9.8,0,0,0
2006,3,8,19,30,8.9,0,0,1
2006,3,8,20,30,8.8,0,0,0
2006,3,8,21,30,9.1,0,0,0
2006,3,8,22,30,8.6,0,0,1
2006,3,8,23,30,7.800000000000001,0,0,7
2006,3,9,0,30,7.5,0,0,7
2006,3,9,1,30,7.300000000000001,0,0,7
2006,3,9,2,30,7.5,0,0,6
2006,3,9,3,30,7.6000000000000005,0,0,7
2006,3,9,4,30,7.6000000000000005,0,0,6
2006,3,9,5,30,8,0,0,7
2006,3,9,6,30,9.4,5,38,7
2006,3,9,7,30,11.5,162,191,8
2006,3,9,8,30,13.200000000000001,479,405,8
2006,3,9,9,30,14.8,227,448,6
2006,3,9,10,30,16.400000000000002,531,653,7
2006,3,9,11,30,17.7,212,586,6
2006,3,9,12,30,18.400000000000002,148,523,6
2006,3,9,13,30,18.5,334,594,7
2006,3,9,14,30,17.900000000000002,533,537,8
2006,3,9,15,30,16.400000000000002,201,331,8
2006,3,9,16,30,14.4,10,98,7
2006,3,9,17,30,12.700000000000001,1,25,7
2006,3,9,18,30,11.600000000000001,0,0,7
2006,3,9,19,30,10.8,0,0,0
2006,3,9,20,30,10,0,0,0
2006,3,9,21,30,9.3,0,0,0
2006,3,9,22,30,8.8,0,0,0
2006,3,9,23,30,8.4,0,0,0
2006,3,10,0,30,8.1,0,0,0
2006,3,10,1,30,7.6000000000000005,0,0,0
2006,3,10,2,30,7.2,0,0,0
2006,3,10,3,30,6.7,0,0,1
2006,3,10,4,30,6.300000000000001,0,0,1
2006,3,10,5,30,6.7,0,0,4
2006,3,10,6,30,7.9,0,30,4
2006,3,10,7,30,9.4,2,118,4
2006,3,10,8,30,10.600000000000001,28,279,4
2006,3,10,9,30,11.4,72,371,7
2006,3,10,10,30,12,32,429,4
2006,3,10,11,30,12.4,437,708,7
2006,3,10,12,30,12.4,21,343,7
2006,3,10,13,30,12.100000000000001,242,620,4
2006,3,10,14,30,11.3,0,194,4
2006,3,10,15,30,10.4,308,364,8
2006,3,10,16,30,9.1,36,135,8
2006,3,10,17,30,7.9,1,23,7
2006,3,10,18,30,7.4,0,0,4
2006,3,10,19,30,7.2,0,0,4
2006,3,10,20,30,7,0,0,7
2006,3,10,21,30,6.800000000000001,0,0,4
2006,3,10,22,30,6.800000000000001,0,0,4
2006,3,10,23,30,6.800000000000001,0,0,7
2006,3,11,0,30,6.7,0,0,7
2006,3,11,1,30,6.6000000000000005,0,0,7
2006,3,11,2,30,6.5,0,0,6
2006,3,11,3,30,6.4,0,0,6
2006,3,11,4,30,6.4,0,0,4
2006,3,11,5,30,6.4,0,0,7
2006,3,11,6,30,7.1000000000000005,0,21,6
2006,3,11,7,30,8.5,0,21,6
2006,3,11,8,30,9.600000000000001,0,27,6
2006,3,11,9,30,10.100000000000001,14,259,6
2006,3,11,10,30,10.5,5,248,7
2006,3,11,11,30,10.8,27,393,6
2006,3,11,12,30,10.8,259,608,6
2006,3,11,13,30,10.5,5,260,6
2006,3,11,14,30,9.9,50,354,6
2006,3,11,15,30,9,17,204,6
2006,3,11,16,30,7.7,0,46,6
2006,3,11,17,30,6.300000000000001,0,15,6
2006,3,11,18,30,5.4,0,0,6
2006,3,11,19,30,4.9,0,0,7
2006,3,11,20,30,4.6000000000000005,0,0,1
2006,3,11,21,30,4.5,0,0,4
2006,3,11,22,30,4.4,0,0,4
2006,3,11,23,30,4.3,0,0,7
2006,3,12,0,30,4,0,0,4
2006,3,12,1,30,3.7,0,0,4
2006,3,12,2,30,3.3000000000000003,0,0,1
2006,3,12,3,30,3,0,0,1
2006,3,12,4,30,2.6,0,0,0
2006,3,12,5,30,3.1,0,0,1
2006,3,12,6,30,5.2,395,68,1
2006,3,12,7,30,8.1,753,287,0
2006,3,12,8,30,10.3,883,506,0
2006,3,12,9,30,11.9,945,689,0
2006,3,12,10,30,12.9,965,818,0
2006,3,12,11,30,13.200000000000001,974,880,0
2006,3,12,12,30,13,968,872,0
2006,3,12,13,30,12.700000000000001,953,797,0
2006,3,12,14,30,12.100000000000001,195,428,8
2006,3,12,15,30,11.200000000000001,0,10,8
2006,3,12,16,30,9.700000000000001,101,184,4
2006,3,12,17,30,8,0,22,4
2006,3,12,18,30,7.1000000000000005,0,0,4
2006,3,12,19,30,6.5,0,0,4
2006,3,12,20,30,6,0,0,4
2006,3,12,21,30,5.5,0,0,1
2006,3,12,22,30,5.1000000000000005,0,0,0
2006,3,12,23,30,4.800000000000001,0,0,0
2006,3,13,0,30,4.5,0,0,0
2006,3,13,1,30,4.3,0,0,0
2006,3,13,2,30,4,0,0,0
2006,3,13,3,30,3.8000000000000003,0,0,1
2006,3,13,4,30,3.4000000000000004,0,0,0
2006,3,13,5,30,4,0,0,1
2006,3,13,6,30,6.1000000000000005,354,70,1
2006,3,13,7,30,8.8,712,286,0
2006,3,13,8,30,11.3,853,505,0
2006,3,13,9,30,13.3,919,687,0
2006,3,13,10,30,15,929,812,0
2006,3,13,11,30,16.3,951,879,0
2006,3,13,12,30,17.2,955,874,0
2006,3,13,13,30,17.7,933,798,0
2006,3,13,14,30,17.5,894,659,0
2006,3,13,15,30,16.7,818,469,0
2006,3,13,16,30,14.4,679,250,0
2006,3,13,17,30,11.8,289,45,0
2006,3,13,18,30,10.5,0,0,0
2006,3,13,19,30,9.9,0,0,0
2006,3,13,20,30,9.5,0,0,0
2006,3,13,21,30,9.1,0,0,0
2006,3,13,22,30,8.8,0,0,1
2006,3,13,23,30,8.700000000000001,0,0,1
2006,3,14,0,30,8.6,0,0,0
2006,3,14,1,30,8.3,0,0,0
2006,3,14,2,30,7.9,0,0,0
2006,3,14,3,30,7.7,0,0,0
2006,3,14,4,30,7.7,0,0,1
2006,3,14,5,30,8.3,0,0,0
2006,3,14,6,30,10.5,398,75,1
2006,3,14,7,30,13.600000000000001,724,292,0
2006,3,14,8,30,16.2,855,510,0
2006,3,14,9,30,18.400000000000002,921,694,0
2006,3,14,10,30,20.200000000000003,949,823,0
2006,3,14,11,30,21.5,967,889,0
2006,3,14,12,30,22.1,599,761,8
2006,3,14,13,30,22,547,678,8
2006,3,14,14,30,21.1,356,562,2
2006,3,14,15,30,19.400000000000002,618,460,8
2006,3,14,16,30,16.6,638,248,1
2006,3,14,17,30,13.600000000000001,8,38,7
2006,3,14,18,30,11.8,0,0,7
2006,3,14,19,30,10.600000000000001,0,0,1
2006,3,14,20,30,9.9,0,0,0
2006,3,14,21,30,9.700000000000001,0,0,0
2006,3,14,22,30,9.600000000000001,0,0,0
2006,3,14,23,30,9.4,0,0,0
2006,3,15,0,30,8.9,0,0,0
2006,3,15,1,30,8.3,0,0,0
2006,3,15,2,30,7.6000000000000005,0,0,0
2006,3,15,3,30,6.800000000000001,0,0,0
2006,3,15,4,30,5.9,0,0,0
2006,3,15,5,30,6.2,0,0,0
2006,3,15,6,30,8.700000000000001,369,78,0
2006,3,15,7,30,12.200000000000001,726,301,0
2006,3,15,8,30,15.200000000000001,868,523,0
2006,3,15,9,30,17.5,942,710,0
2006,3,15,10,30,19.400000000000002,974,842,0
2006,3,15,11,30,20.8,984,903,0
2006,3,15,12,30,21.700000000000003,983,896,0
2006,3,15,13,30,22.200000000000003,957,817,0
2006,3,15,14,30,22.1,917,675,0
2006,3,15,15,30,21.1,840,482,0
2006,3,15,16,30,18.3,688,259,0
2006,3,15,17,30,14.9,295,48,0
2006,3,15,18,30,13.200000000000001,0,0,0
2006,3,15,19,30,12.200000000000001,0,0,0
2006,3,15,20,30,11.3,0,0,0
2006,3,15,21,30,10.4,0,0,0
2006,3,15,22,30,9.9,0,0,0
2006,3,15,23,30,9.700000000000001,0,0,1
2006,3,16,0,30,9.700000000000001,0,0,4
2006,3,16,1,30,9.5,0,0,4
2006,3,16,2,30,9.3,0,0,7
2006,3,16,3,30,9.3,0,0,7
2006,3,16,4,30,9.4,0,0,7
2006,3,16,5,30,10,0,0,8
2006,3,16,6,30,11.9,10,54,7
2006,3,16,7,30,14.4,106,213,7
2006,3,16,8,30,17,134,340,7
2006,3,16,9,30,19.1,210,514,7
2006,3,16,10,30,20.700000000000003,191,567,7
2006,3,16,11,30,21.700000000000003,537,760,7
2006,3,16,12,30,22.3,709,884,2
2006,3,16,13,30,22.6,941,815,0
2006,3,16,14,30,22.200000000000003,912,675,0
2006,3,16,15,30,21.1,841,483,0
2006,3,16,16,30,17.900000000000002,693,260,0
2006,3,16,17,30,14.5,308,50,0
2006,3,16,18,30,13,0,0,0
2006,3,16,19,30,12.3,0,0,7
2006,3,16,20,30,11.700000000000001,0,0,7
2006,3,16,21,30,11,0,0,7
2006,3,16,22,30,10.3,0,0,7
2006,3,16,23,30,9.700000000000001,0,0,7
2006,3,17,0,30,9.200000000000001,0,0,7
2006,3,17,1,30,8.9,0,0,7
2006,3,17,2,30,8.8,0,0,7
2006,3,17,3,30,8.4,0,0,8
2006,3,17,4,30,7.5,0,0,0
2006,3,17,5,30,7.9,0,0,0
2006,3,17,6,30,10.5,14,63,7
2006,3,17,7,30,13.700000000000001,647,294,1
2006,3,17,8,30,16.1,283,417,7
2006,3,17,9,30,17.1,440,581,8
2006,3,17,10,30,17.3,823,804,0
2006,3,17,11,30,18.2,873,873,0
2006,3,17,12,30,19.200000000000003,905,873,0
2006,3,17,13,30,19.3,894,797,0
2006,3,17,14,30,18.3,848,655,0
2006,3,17,15,30,16.7,768,466,1
2006,3,17,16,30,14.600000000000001,616,249,1
2006,3,17,17,30,12.600000000000001,0,32,3
2006,3,17,18,30,11.5,0,0,0
2006,3,17,19,30,10.9,0,0,0
2006,3,17,20,30,10.3,0,0,7
2006,3,17,21,30,9.600000000000001,0,0,7
2006,3,17,22,30,9,0,0,4
2006,3,17,23,30,8.5,0,0,0
2006,3,18,0,30,8.1,0,0,0
2006,3,18,1,30,7.7,0,0,0
2006,3,18,2,30,7.300000000000001,0,0,0
2006,3,18,3,30,6.7,0,0,0
2006,3,18,4,30,6.300000000000001,0,0,0
2006,3,18,5,30,6.800000000000001,0,0,0
2006,3,18,6,30,8.3,414,90,0
2006,3,18,7,30,10.100000000000001,700,305,0
2006,3,18,8,30,12,830,522,0
2006,3,18,9,30,13.8,901,704,0
2006,3,18,10,30,15.200000000000001,923,830,0
2006,3,18,11,30,16,936,891,0
2006,3,18,12,30,16.2,932,883,0
2006,3,18,13,30,16,881,800,0
2006,3,18,14,30,15.100000000000001,131,406,8
2006,3,18,15,30,13.8,743,469,0
2006,3,18,16,30,12,558,249,0
2006,3,18,17,30,10.200000000000001,173,48,0
2006,3,18,18,30,9,0,0,0
2006,3,18,19,30,8.3,0,0,0
2006,3,18,20,30,7.800000000000001,0,0,0
2006,3,18,21,30,7.300000000000001,0,0,0
2006,3,18,22,30,6.9,0,0,0
2006,3,18,23,30,6.6000000000000005,0,0,0
2006,3,19,0,30,6.4,0,0,0
2006,3,19,1,30,6.1000000000000005,0,0,0
2006,3,19,2,30,5.9,0,0,0
2006,3,19,3,30,5.6000000000000005,0,0,1
2006,3,19,4,30,5.4,0,0,0
2006,3,19,5,30,6.2,0,0,0
2006,3,19,6,30,8.4,313,88,0
2006,3,19,7,30,11,659,305,0
2006,3,19,8,30,13.3,813,524,0
2006,3,19,9,30,15,895,709,0
2006,3,19,10,30,16,918,833,0
2006,3,19,11,30,16.400000000000002,930,895,0
2006,3,19,12,30,16.400000000000002,924,885,0
2006,3,19,13,30,16.1,687,760,8
2006,3,19,14,30,15.3,508,639,2
2006,3,19,15,30,14,704,464,0
2006,3,19,16,30,12.5,478,243,0
2006,3,19,17,30,11.100000000000001,2,41,7
2006,3,19,18,30,10.3,0,0,8
2006,3,19,19,30,9.600000000000001,0,0,4
2006,3,19,20,30,9,0,0,4
2006,3,19,21,30,8.4,0,0,1
2006,3,19,22,30,8,0,0,0
2006,3,19,23,30,7.6000000000000005,0,0,0
2006,3,20,0,30,7.300000000000001,0,0,0
2006,3,20,1,30,6.9,0,0,0
2006,3,20,2,30,6.5,0,0,0
2006,3,20,3,30,6.1000000000000005,0,0,0
2006,3,20,4,30,5.9,0,0,0
2006,3,20,5,30,6.7,0,0,7
2006,3,20,6,30,8.700000000000001,294,91,1
2006,3,20,7,30,11.200000000000001,594,305,1
2006,3,20,8,30,13.4,743,520,1
2006,3,20,9,30,15.3,829,703,0
2006,3,20,10,30,17.1,883,830,0
2006,3,20,11,30,18.400000000000002,916,898,0
2006,3,20,12,30,19.200000000000003,919,888,0
2006,3,20,13,30,19.3,378,700,2
2006,3,20,14,30,18.5,835,664,1
2006,3,20,15,30,17,747,474,1
2006,3,20,16,30,14.600000000000001,220,227,4
2006,3,20,17,30,12.100000000000001,186,51,0
2006,3,20,18,30,10.600000000000001,0,0,0
2006,3,20,19,30,9.700000000000001,0,0,0
2006,3,20,20,30,9,0,0,0
2006,3,20,21,30,8.6,0,0,4
2006,3,20,22,30,8.3,0,0,4
2006,3,20,23,30,8.200000000000001,0,0,0
2006,3,21,0,30,8.4,0,0,4
2006,3,21,1,30,8.5,0,0,4
2006,3,21,2,30,8.6,0,0,4
2006,3,21,3,30,8.200000000000001,0,0,4
2006,3,21,4,30,7.5,0,0,4
2006,3,21,5,30,7.5,0,0,8
2006,3,21,6,30,8.700000000000001,414,101,0
2006,3,21,7,30,10.200000000000001,725,325,0
2006,3,21,8,30,12,881,549,0
2006,3,21,9,30,13.8,959,738,0
2006,3,21,10,30,15.3,990,867,0
2006,3,21,11,30,16.3,1001,929,0
2006,3,21,12,30,16.7,995,921,0
2006,3,21,13,30,16.6,964,835,0
2006,3,21,14,30,16.1,920,692,0
2006,3,21,15,30,15.3,842,498,0
2006,3,21,16,30,13.3,701,274,0
2006,3,21,17,30,10.4,344,60,0
2006,3,21,18,30,8.6,0,0,0
2006,3,21,19,30,7.9,0,0,0
2006,3,21,20,30,7.300000000000001,0,0,0
2006,3,21,21,30,6.800000000000001,0,0,0
2006,3,21,22,30,6.5,0,0,0
2006,3,21,23,30,6.2,0,0,0
2006,3,22,0,30,5.800000000000001,0,0,0
2006,3,22,1,30,5.300000000000001,0,0,0
2006,3,22,2,30,4.800000000000001,0,0,0
2006,3,22,3,30,4.5,0,0,0
2006,3,22,4,30,4.800000000000001,0,0,0
2006,3,22,5,30,6.5,0,0,1
2006,3,22,6,30,10.5,9,76,3
2006,3,22,7,30,14.9,753,334,0
2006,3,22,8,30,17.8,875,555,0
2006,3,22,9,30,19.6,933,736,0
2006,3,22,10,30,21,959,863,0
2006,3,22,11,30,22.200000000000003,973,926,0
2006,3,22,12,30,23,967,916,0
2006,3,22,13,30,23.400000000000002,935,832,0
2006,3,22,14,30,23.200000000000003,886,688,0
2006,3,22,15,30,22.3,510,488,2
2006,3,22,16,30,19.700000000000003,614,267,0
2006,3,22,17,30,16.900000000000002,227,58,0
2006,3,22,18,30,15.8,0,0,7
2006,3,22,19,30,15.3,0,0,7
2006,3,22,20,30,14.8,0,0,7
2006,3,22,21,30,14.3,0,0,7
2006,3,22,22,30,13.600000000000001,0,0,7
2006,3,22,23,30,13,0,0,1
2006,3,23,0,30,12.4,0,0,1
2006,3,23,1,30,11.8,0,0,1
2006,3,23,2,30,11.3,0,0,4
2006,3,23,3,30,10.700000000000001,0,0,3
2006,3,23,4,30,10,0,0,7
2006,3,23,5,30,10.5,0,0,7
2006,3,23,6,30,13.9,14,74,7
2006,3,23,7,30,18,419,324,8
2006,3,23,8,30,20.700000000000003,606,528,8
2006,3,23,9,30,22.8,869,725,0
2006,3,23,10,30,24.200000000000003,685,853,2
2006,3,23,11,30,25.200000000000003,952,922,1
2006,3,23,12,30,25.8,957,915,0
2006,3,23,13,30,26.200000000000003,884,824,0
2006,3,23,14,30,26,852,684,0
2006,3,23,15,30,25.1,781,493,0
2006,3,23,16,30,22.6,632,271,0
2006,3,23,17,30,20.200000000000003,273,61,0
2006,3,23,18,30,19.6,0,0,0
2006,3,23,19,30,19.3,0,0,0
2006,3,23,20,30,18.7,0,0,0
2006,3,23,21,30,17.900000000000002,0,0,0
2006,3,23,22,30,17.1,0,0,0
2006,3,23,23,30,16.400000000000002,0,0,0
2006,3,24,0,30,16,0,0,1
2006,3,24,1,30,15.700000000000001,0,0,1
2006,3,24,2,30,15.200000000000001,0,0,7
2006,3,24,3,30,14.700000000000001,0,0,7
2006,3,24,4,30,14.4,0,0,7
2006,3,24,5,30,15.100000000000001,0,0,7
2006,3,24,6,30,17.5,1,38,7
2006,3,24,7,30,20.700000000000003,375,308,8
2006,3,24,8,30,23.200000000000003,200,418,7
2006,3,24,9,30,24.900000000000002,677,717,8
2006,3,24,10,30,26.3,906,865,1
2006,3,24,11,30,27.400000000000002,921,923,0
2006,3,24,12,30,28.200000000000003,922,915,0
2006,3,24,13,30,28.5,914,837,0
2006,3,24,14,30,28.1,869,693,0
2006,3,24,15,30,27,787,497,1
2006,3,24,16,30,23.900000000000002,625,273,0
2006,3,24,17,30,20.200000000000003,13,52,7
2006,3,24,18,30,18.1,0,0,3
2006,3,24,19,30,17,0,0,7
2006,3,24,20,30,16.3,0,0,3
2006,3,24,21,30,15.700000000000001,0,0,7
2006,3,24,22,30,15,0,0,7
2006,3,24,23,30,14.4,0,0,4
2006,3,25,0,30,14,0,0,7
2006,3,25,1,30,13.9,0,0,7
2006,3,25,2,30,13.600000000000001,0,0,1
2006,3,25,3,30,13.100000000000001,0,0,0
2006,3,25,4,30,12.700000000000001,0,0,0
2006,3,25,5,30,13.700000000000001,0,0,0
2006,3,25,6,30,16.900000000000002,437,118,0
2006,3,25,7,30,20.8,693,339,8
2006,3,25,8,30,23.6,453,468,8
2006,3,25,9,30,25.5,579,645,8
2006,3,25,10,30,26.6,94,498,7
2006,3,25,11,30,27.400000000000002,16,372,7
2006,3,25,12,30,27.6,20,383,7
2006,3,25,13,30,26.900000000000002,72,456,6
2006,3,25,14,30,25.400000000000002,48,373,6
2006,3,25,15,30,23.5,76,286,8
2006,3,25,16,30,20.8,262,226,8
2006,3,25,17,30,18.1,9,49,7
2006,3,25,18,30,16.2,0,0,0
2006,3,25,19,30,15.4,0,0,0
2006,3,25,20,30,15,0,0,1
2006,3,25,21,30,14.600000000000001,0,0,3
2006,3,25,22,30,14.100000000000001,0,0,0
2006,3,25,23,30,13.600000000000001,0,0,1
2006,3,26,0,30,13.200000000000001,0,0,0
2006,3,26,1,30,12.5,0,0,0
2006,3,26,2,30,11.9,0,0,7
2006,3,26,3,30,11.4,0,0,7
2006,3,26,4,30,10.700000000000001,0,0,7
2006,3,26,5,30,11,0,0,7
2006,3,26,6,30,13.3,1,46,7
2006,3,26,7,30,16.400000000000002,70,238,7
2006,3,26,8,30,19.6,323,465,7
2006,3,26,9,30,21.8,406,621,7
2006,3,26,10,30,23.3,382,705,7
2006,3,26,11,30,24.200000000000003,652,857,8
2006,3,26,12,30,24.8,216,624,7
2006,3,26,13,30,24.900000000000002,292,636,7
2006,3,26,14,30,24.5,218,535,7
2006,3,26,15,30,23.400000000000002,1,106,6
2006,3,26,16,30,21.1,337,202,7
2006,3,26,17,30,18.7,2,44,7
2006,3,26,18,30,17.5,0,0,7
2006,3,26,19,30,17,0,0,7
2006,3,26,20,30,16.8,0,0,7
2006,3,26,21,30,16.7,0,0,7
2006,3,26,22,30,16.7,0,0,8
2006,3,26,23,30,16.5,0,0,4
2006,3,27,0,30,15.9,0,0,3
2006,3,27,1,30,15.200000000000001,0,0,3
2006,3,27,2,30,14.8,0,0,7
2006,3,27,3,30,14.5,0,0,7
2006,3,27,4,30,14.4,0,0,7
2006,3,27,5,30,14.700000000000001,0,0,7
2006,3,27,6,30,16.2,32,94,7
2006,3,27,7,30,18.5,653,338,8
2006,3,27,8,30,21,604,539,8
2006,3,27,9,30,23.1,633,679,8
2006,3,27,10,30,24.5,542,738,8
2006,3,27,11,30,25.5,911,909,0
2006,3,27,12,30,26.1,601,794,8
2006,3,27,13,30,26.3,536,721,8
2006,3,27,14,30,25.700000000000003,513,591,8
2006,3,27,15,30,24.1,150,340,6
2006,3,27,16,30,21.3,7,108,7
2006,3,27,17,30,18.5,3,43,7
2006,3,27,18,30,16.900000000000002,0,0,7
2006,3,27,19,30,16.1,0,0,7
2006,3,27,20,30,15.3,0,0,7
2006,3,27,21,30,14.700000000000001,0,0,7
2006,3,27,22,30,14.3,0,0,7
2006,3,27,23,30,14.100000000000001,0,0,7
2006,3,28,0,30,14,0,0,7
2006,3,28,1,30,13.8,0,0,7
2006,3,28,2,30,13.700000000000001,0,0,6
2006,3,28,3,30,13.4,0,0,6
2006,3,28,4,30,13,0,0,7
2006,3,28,5,30,13.700000000000001,0,0,7
2006,3,28,6,30,15.700000000000001,0,8,6
2006,3,28,7,30,18.1,5,113,6
2006,3,28,8,30,20.400000000000002,825,556,0
2006,3,28,9,30,22.200000000000003,261,583,2
2006,3,28,10,30,23.3,477,708,8
2006,3,28,11,30,23.700000000000003,1,320,4
2006,3,28,12,30,23.400000000000002,1,340,4
2006,3,28,13,30,22.6,2,187,8
2006,3,28,14,30,21.400000000000002,32,308,8
2006,3,28,15,30,19.8,176,344,8
2006,3,28,16,30,17.7,463,274,8
2006,3,28,17,30,15.9,9,50,8
2006,3,28,18,30,14.9,0,0,0
2006,3,28,19,30,14.4,0,0,8
2006,3,28,20,30,13.9,0,0,8
2006,3,28,21,30,13.5,0,0,8
2006,3,28,22,30,13.200000000000001,0,0,8
2006,3,28,23,30,12.9,0,0,4
2006,3,29,0,30,12.4,0,0,4
2006,3,29,1,30,11.4,0,0,4
2006,3,29,2,30,10.5,0,0,0
2006,3,29,3,30,9.600000000000001,0,0,0
2006,3,29,4,30,8.9,0,0,0
2006,3,29,5,30,9.5,0,0,0
2006,3,29,6,30,11.100000000000001,4,86,4
2006,3,29,7,30,12.600000000000001,68,255,3
2006,3,29,8,30,14.200000000000001,210,457,3
2006,3,29,9,30,15.9,860,744,0
2006,3,29,10,30,17.400000000000002,885,866,0
2006,3,29,11,30,18.3,921,930,0
2006,3,29,12,30,18.7,930,922,0
2006,3,29,13,30,18.5,897,839,0
2006,3,29,14,30,17.900000000000002,876,702,0
2006,3,29,15,30,16.8,819,513,0
2006,3,29,16,30,15.200000000000001,684,291,0
2006,3,29,17,30,12.9,343,75,0
2006,3,29,18,30,11,0,0,0
2006,3,29,19,30,10.3,0,0,1
2006,3,29,20,30,10.100000000000001,0,0,7
2006,3,29,21,30,10.100000000000001,0,0,7
2006,3,29,22,30,9.8,0,0,1
2006,3,29,23,30,9.5,0,0,1
2006,3,30,0,30,9.4,0,0,7
2006,3,30,1,30,9.600000000000001,0,0,7
2006,3,30,2,30,9.700000000000001,0,0,7
2006,3,30,3,30,9.600000000000001,0,0,7
2006,3,30,4,30,9.4,0,0,3
2006,3,30,5,30,10.200000000000001,0,0,7
2006,3,30,6,30,11.8,6,78,7
2006,3,30,7,30,13.4,646,352,7
2006,3,30,8,30,15,409,484,7
2006,3,30,9,30,16.7,636,722,7
2006,3,30,10,30,18.8,898,870,0
2006,3,30,11,30,20.6,935,936,0
2006,3,30,12,30,21.700000000000003,939,926,0
2006,3,30,13,30,22.200000000000003,913,843,0
2006,3,30,14,30,22,867,700,0
2006,3,30,15,30,21.1,787,508,0
2006,3,30,16,30,19.1,636,286,0
2006,3,30,17,30,16.3,25,62,7
2006,3,30,18,30,14.3,0,0,7
2006,3,30,19,30,13.5,0,0,7
2006,3,30,20,30,12.8,0,0,7
2006,3,30,21,30,12.4,0,0,7
2006,3,30,22,30,12.200000000000001,0,0,7
2006,3,30,23,30,12,0,0,7
2006,3,31,0,30,11.8,0,0,7
2006,3,31,1,30,11.5,0,0,7
2006,3,31,2,30,10.9,0,0,7
2006,3,31,3,30,10.3,0,0,7
2006,3,31,4,30,9.700000000000001,0,0,7
2006,3,31,5,30,10.3,0,0,7
2006,3,31,6,30,12.100000000000001,0,13,7
2006,3,31,7,30,14,9,140,7
2006,3,31,8,30,15,4,172,6
2006,3,31,9,30,15.5,4,225,6
2006,3,31,10,30,16.400000000000002,324,652,7
2006,3,31,11,30,16.900000000000002,88,483,7
2006,3,31,12,30,17.400000000000002,53,477,7
2006,3,31,13,30,18.400000000000002,53,390,7
2006,3,31,14,30,18.900000000000002,375,557,7
2006,3,31,15,30,18.400000000000002,20,226,6
2006,3,31,16,30,16.6,55,188,7
2006,3,31,17,30,14.200000000000001,9,55,7
2006,3,31,18,30,12.600000000000001,0,0,0
2006,3,31,19,30,12,0,0,0
2006,3,31,20,30,11.5,0,0,3
2006,3,31,21,30,10.8,0,0,4
2006,3,31,22,30,10.100000000000001,0,0,7
2006,3,31,23,30,9.600000000000001,0,0,7
2006,4,1,0,30,9.4,0,0,6
2006,4,1,1,30,9.200000000000001,0,0,6
2006,4,1,2,30,9.200000000000001,0,0,7
2006,4,1,3,30,9.1,0,0,7
2006,4,1,4,30,9,0,0,7
2006,4,1,5,30,9.9,0,0,1
2006,4,1,6,30,12.100000000000001,427,144,0
2006,4,1,7,30,14,666,365,0
2006,4,1,8,30,15.8,780,578,0
2006,4,1,9,30,18,861,757,0
2006,4,1,10,30,19.900000000000002,898,881,0
2006,4,1,11,30,21.1,913,939,0
2006,4,1,12,30,21.6,911,928,0
2006,4,1,13,30,21.400000000000002,854,837,0
2006,4,1,14,30,20.8,800,693,0
2006,4,1,15,30,19.700000000000003,740,505,1
2006,4,1,16,30,17.900000000000002,612,289,0
2006,4,1,17,30,15.4,4,59,3
2006,4,1,18,30,13.9,0,0,0
2006,4,1,19,30,13.200000000000001,0,0,0
2006,4,1,20,30,12.5,0,0,0
2006,4,1,21,30,12,0,0,7
2006,4,1,22,30,11.5,0,0,3
2006,4,1,23,30,10.9,0,0,0
2006,4,2,0,30,10.4,0,0,0
2006,4,2,1,30,9.8,0,0,0
2006,4,2,2,30,9.1,0,0,0
2006,4,2,3,30,8.6,0,0,0
2006,4,2,4,30,8.200000000000001,0,0,0
2006,4,2,5,30,9.3,0,0,0
2006,4,2,6,30,12.200000000000001,498,154,0
2006,4,2,7,30,16.1,558,373,8
2006,4,2,8,30,19.5,841,593,0
2006,4,2,9,30,21.8,899,770,0
2006,4,2,10,30,23.6,931,894,0
2006,4,2,11,30,25,938,952,0
2006,4,2,12,30,25.700000000000003,919,936,0
2006,4,2,13,30,26.1,733,822,8
2006,4,2,14,30,25.8,865,711,0
2006,4,2,15,30,24.6,32,250,7
2006,4,2,16,30,22,286,247,8
2006,4,2,17,30,19.1,6,54,7
2006,4,2,18,30,17.400000000000002,0,0,6
2006,4,2,19,30,16.7,0,0,7
2006,4,2,20,30,16.400000000000002,0,0,6
2006,4,2,21,30,16.3,0,0,6
2006,4,2,22,30,16.3,0,0,8
2006,4,2,23,30,16,0,0,4
2006,4,3,0,30,15.5,0,0,1
2006,4,3,1,30,14.8,0,0,7
2006,4,3,2,30,14.100000000000001,0,0,7
2006,4,3,3,30,13.600000000000001,0,0,7
2006,4,3,4,30,13.200000000000001,0,0,7
2006,4,3,5,30,14.700000000000001,0,0,0
2006,4,3,6,30,18.2,519,155,0
2006,4,3,7,30,21.8,742,376,0
2006,4,3,8,30,24.6,843,585,0
2006,4,3,9,30,26.1,891,755,0
2006,4,3,10,30,26.400000000000002,636,763,8
2006,4,3,11,30,25.700000000000003,307,680,7
2006,4,3,12,30,24.900000000000002,66,481,8
2006,4,3,13,30,24.1,360,624,7
2006,4,3,14,30,23.200000000000003,29,314,8
2006,4,3,15,30,21.900000000000002,1,85,7
2006,4,3,16,30,20.400000000000002,0,28,8
2006,4,3,17,30,18.900000000000002,1,37,8
2006,4,3,18,30,17.8,0,0,8
2006,4,3,19,30,17.3,0,0,8
2006,4,3,20,30,16.900000000000002,0,0,8
2006,4,3,21,30,16.6,0,0,7
2006,4,3,22,30,16.400000000000002,0,0,1
2006,4,3,23,30,16,0,0,0
2006,4,4,0,30,15.700000000000001,0,0,3
2006,4,4,1,30,15.600000000000001,0,0,7
2006,4,4,2,30,15.5,0,0,7
2006,4,4,3,30,15.100000000000001,0,0,7
2006,4,4,4,30,14.8,0,0,7
2006,4,4,5,30,15.700000000000001,0,0,7
2006,4,4,6,30,18.400000000000002,4,96,4
2006,4,4,7,30,21.1,377,332,8
2006,4,4,8,30,23.1,810,590,0
2006,4,4,9,30,24.5,864,761,0
2006,4,4,10,30,25.5,905,880,0
2006,4,4,11,30,26,928,939,0
2006,4,4,12,30,25.900000000000002,929,925,0
2006,4,4,13,30,25.3,914,846,1
2006,4,4,14,30,24.200000000000003,861,700,1
2006,4,4,15,30,22.5,769,505,0
2006,4,4,16,30,20.400000000000002,607,287,1
2006,4,4,17,30,18.400000000000002,14,62,8
2006,4,4,18,30,17.2,0,0,7
2006,4,4,19,30,16.5,0,0,8
2006,4,4,20,30,15.8,0,0,1
2006,4,4,21,30,15,0,0,7
2006,4,4,22,30,13.8,0,0,4
2006,4,4,23,30,12.600000000000001,0,0,1
2006,4,5,0,30,11.5,0,0,4
2006,4,5,1,30,10.600000000000001,0,0,7
2006,4,5,2,30,10,0,0,7
2006,4,5,3,30,10,0,0,4
2006,4,5,4,30,10.200000000000001,0,0,7
2006,4,5,5,30,11.100000000000001,0,0,7
2006,4,5,6,30,12.5,19,99,8
2006,4,5,7,30,13.700000000000001,54,228,6
2006,4,5,8,30,14.600000000000001,42,296,7
2006,4,5,9,30,15.4,180,589,4
2006,4,5,10,30,15.8,1,204,7
2006,4,5,11,30,15.8,0,53,4
2006,4,5,12,30,15.8,1,361,4
2006,4,5,13,30,15.700000000000001,218,674,4
2006,4,5,14,30,15.100000000000001,824,711,1
2006,4,5,15,30,14.200000000000001,745,518,2
2006,4,5,16,30,12.9,637,303,1
2006,4,5,17,30,11.5,330,88,0
2006,4,5,18,30,10.600000000000001,0,0,1
2006,4,5,19,30,10.100000000000001,0,0,0
2006,4,5,20,30,9.8,0,0,0
2006,4,5,21,30,9.4,0,0,0
2006,4,5,22,30,8.9,0,0,0
2006,4,5,23,30,8.4,0,0,0
2006,4,6,0,30,8,0,0,0
2006,4,6,1,30,7.5,0,0,0
2006,4,6,2,30,6.9,0,0,0
2006,4,6,3,30,6.300000000000001,0,0,0
2006,4,6,4,30,6.2,0,0,0
2006,4,6,5,30,7.800000000000001,0,0,0
2006,4,6,6,30,11.200000000000001,542,175,1
2006,4,6,7,30,14.8,772,407,0
2006,4,6,8,30,17.8,878,624,0
2006,4,6,9,30,19.8,936,802,0
2006,4,6,10,30,21.5,963,922,0
2006,4,6,11,30,22.700000000000003,972,977,0
2006,4,6,12,30,23.6,970,964,0
2006,4,6,13,30,24,947,877,0
2006,4,6,14,30,23.900000000000002,910,733,0
2006,4,6,15,30,23.200000000000003,842,539,0
2006,4,6,16,30,21.1,719,316,0
2006,4,6,17,30,17.900000000000002,422,95,0
2006,4,6,18,30,15.600000000000001,0,0,0
2006,4,6,19,30,14.5,0,0,0
2006,4,6,20,30,13.700000000000001,0,0,0
2006,4,6,21,30,13.100000000000001,0,0,0
2006,4,6,22,30,12.8,0,0,0
2006,4,6,23,30,12.8,0,0,0
2006,4,7,0,30,12.5,0,0,1
2006,4,7,1,30,12.100000000000001,0,0,0
2006,4,7,2,30,12.100000000000001,0,0,0
2006,4,7,3,30,12.200000000000001,0,0,0
2006,4,7,4,30,12,0,0,3
2006,4,7,5,30,12.9,0,0,1
2006,4,7,6,30,15.5,560,180,0
2006,4,7,7,30,18.7,770,410,0
2006,4,7,8,30,21,872,627,0
2006,4,7,9,30,22.8,927,805,0
2006,4,7,10,30,24.3,959,927,0
2006,4,7,11,30,25.5,979,985,0
2006,4,7,12,30,26.1,976,971,0
2006,4,7,13,30,26.1,946,882,0
2006,4,7,14,30,25.400000000000002,907,737,0
2006,4,7,15,30,24.1,831,541,0
2006,4,7,16,30,21.6,690,315,0
2006,4,7,17,30,18.1,387,95,0
2006,4,7,18,30,15.3,0,0,0
2006,4,7,19,30,13.8,0,0,0
2006,4,7,20,30,12.600000000000001,0,0,0
2006,4,7,21,30,11.5,0,0,0
2006,4,7,22,30,10.4,0,0,0
2006,4,7,23,30,9.4,0,0,0
2006,4,8,0,30,8.6,0,0,0
2006,4,8,1,30,8.1,0,0,0
2006,4,8,2,30,7.9,0,0,0
2006,4,8,3,30,7.9,0,0,0
2006,4,8,4,30,8.200000000000001,0,0,0
2006,4,8,5,30,10.600000000000001,0,0,0
2006,4,8,6,30,15,580,187,0
2006,4,8,7,30,18.900000000000002,788,419,0
2006,4,8,8,30,21.8,888,637,0
2006,4,8,9,30,23.900000000000002,942,816,0
2006,4,8,10,30,25.6,968,935,0
2006,4,8,11,30,26.8,980,991,0
2006,4,8,12,30,27.400000000000002,975,976,0
2006,4,8,13,30,27.400000000000002,957,892,0
2006,4,8,14,30,26.900000000000002,920,746,0
2006,4,8,15,30,25.700000000000003,853,550,0
2006,4,8,16,30,23.200000000000003,727,324,0
2006,4,8,17,30,19.3,431,100,0
2006,4,8,18,30,16.1,0,0,0
2006,4,8,19,30,14.5,0,0,0
2006,4,8,20,30,13.3,0,0,0
2006,4,8,21,30,12.3,0,0,0
2006,4,8,22,30,11.4,0,0,0
2006,4,8,23,30,10.8,0,0,0
2006,4,9,0,30,10.3,0,0,0
2006,4,9,1,30,9.9,0,0,1
2006,4,9,2,30,9.5,0,0,0
2006,4,9,3,30,9.200000000000001,0,0,0
2006,4,9,4,30,9,0,0,0
2006,4,9,5,30,10.8,60,11,0
2006,4,9,6,30,14.4,583,194,0
2006,4,9,7,30,18.1,802,429,0
2006,4,9,8,30,21.5,902,650,0
2006,4,9,9,30,24,951,828,0
2006,4,9,10,30,25.6,979,951,0
2006,4,9,11,30,26.5,985,1002,0
2006,4,9,12,30,26.5,975,981,0
2006,4,9,13,30,25.900000000000002,951,895,0
2006,4,9,14,30,24.5,907,744,0
2006,4,9,15,30,22.200000000000003,831,545,0
2006,4,9,16,30,19.200000000000003,691,319,0
2006,4,9,17,30,15.8,390,98,0
2006,4,9,18,30,13.200000000000001,0,0,0
2006,4,9,19,30,11.9,0,0,0
2006,4,9,20,30,11.200000000000001,0,0,0
2006,4,9,21,30,10.9,0,0,0
2006,4,9,22,30,10.5,0,0,0
2006,4,9,23,30,10.100000000000001,0,0,0
2006,4,10,0,30,9.8,0,0,0
2006,4,10,1,30,9.600000000000001,0,0,0
2006,4,10,2,30,9.4,0,0,0
2006,4,10,3,30,9.200000000000001,0,0,0
2006,4,10,4,30,9,0,0,0
2006,4,10,5,30,10.100000000000001,66,13,0
2006,4,10,6,30,12.8,560,191,0
2006,4,10,7,30,16.1,757,417,0
2006,4,10,8,30,19,852,628,0
2006,4,10,9,30,20.900000000000002,904,802,0
2006,4,10,10,30,22.1,921,916,0
2006,4,10,11,30,22.8,927,967,0
2006,4,10,12,30,22.900000000000002,580,799,7
2006,4,10,13,30,22.5,873,862,0
2006,4,10,14,30,21.6,846,721,0
2006,4,10,15,30,20.200000000000003,794,535,0
2006,4,10,16,30,18.2,675,316,7
2006,4,10,17,30,15.8,407,101,0
2006,4,10,18,30,14,0,0,0
2006,4,10,19,30,13.100000000000001,0,0,0
2006,4,10,20,30,12.600000000000001,0,0,0
2006,4,10,21,30,12.3,0,0,0
2006,4,10,22,30,12.3,0,0,7
2006,4,10,23,30,12.3,0,0,7
2006,4,11,0,30,12.200000000000001,0,0,0
2006,4,11,1,30,11.5,0,0,0
2006,4,11,2,30,11.100000000000001,0,0,0
2006,4,11,3,30,11.200000000000001,0,0,1
2006,4,11,4,30,11.3,0,0,0
2006,4,11,5,30,12.100000000000001,66,14,0
2006,4,11,6,30,14.200000000000001,6,115,4
2006,4,11,7,30,16.8,10,203,4
2006,4,11,8,30,19.1,196,438,7
2006,4,11,9,30,21.200000000000003,469,657,8
2006,4,11,10,30,23.400000000000002,932,919,0
2006,4,11,11,30,24.8,940,970,0
2006,4,11,12,30,25.6,932,953,0
2006,4,11,13,30,25.900000000000002,909,867,0
2006,4,11,14,30,25.6,866,723,0
2006,4,11,15,30,24.6,790,532,0
2006,4,11,16,30,22.700000000000003,666,314,0
2006,4,11,17,30,19.6,397,101,0
2006,4,11,18,30,17.3,0,0,0
2006,4,11,19,30,16.7,0,0,0
2006,4,11,20,30,16.400000000000002,0,0,0
2006,4,11,21,30,16,0,0,0
2006,4,11,22,30,15.700000000000001,0,0,0
2006,4,11,23,30,15.5,0,0,0
2006,4,12,0,30,15.3,0,0,0
2006,4,12,1,30,15.100000000000001,0,0,0
2006,4,12,2,30,15,0,0,0
2006,4,12,3,30,14.8,0,0,0
2006,4,12,4,30,14.8,0,0,0
2006,4,12,5,30,16,126,18,0
2006,4,12,6,30,18.900000000000002,616,205,0
2006,4,12,7,30,21.900000000000002,801,435,0
2006,4,12,8,30,24.1,891,649,0
2006,4,12,9,30,25.8,943,827,0
2006,4,12,10,30,27.3,967,946,0
2006,4,12,11,30,28.3,978,1000,0
2006,4,12,12,30,28.900000000000002,977,985,0
2006,4,12,13,30,29.3,947,898,0
2006,4,12,14,30,29.1,920,754,0
2006,4,12,15,30,28.200000000000003,862,560,0
2006,4,12,16,30,25.700000000000003,755,338,0
2006,4,12,17,30,21.5,483,112,0
2006,4,12,18,30,18,0,0,0
2006,4,12,19,30,16.400000000000002,0,0,0
2006,4,12,20,30,15.5,0,0,0
2006,4,12,21,30,15,0,0,0
2006,4,12,22,30,14.700000000000001,0,0,0
2006,4,12,23,30,14.700000000000001,0,0,0
2006,4,13,0,30,15.200000000000001,0,0,0
2006,4,13,1,30,16.2,0,0,0
2006,4,13,2,30,17.3,0,0,0
2006,4,13,3,30,18.400000000000002,0,0,0
2006,4,13,4,30,18.900000000000002,0,0,0
2006,4,13,5,30,20.200000000000003,129,19,0
2006,4,13,6,30,23.700000000000003,592,205,0
2006,4,13,7,30,27.400000000000002,783,432,0
2006,4,13,8,30,29.8,873,644,0
2006,4,13,9,30,31.5,919,814,0
2006,4,13,10,30,32.6,950,933,0
2006,4,13,11,30,33.300000000000004,954,983,0
2006,4,13,12,30,33.6,946,965,1
2006,4,13,13,30,33.5,919,880,0
2006,4,13,14,30,32.800000000000004,613,728,2
2006,4,13,15,30,31.8,447,507,3
2006,4,13,16,30,29.400000000000002,641,317,0
2006,4,13,17,30,25.6,355,103,0
2006,4,13,18,30,23,0,0,0
2006,4,13,19,30,22.200000000000003,0,0,0
2006,4,13,20,30,21.6,0,0,0
2006,4,13,21,30,21,0,0,0
2006,4,13,22,30,20.5,0,0,0
2006,4,13,23,30,20.200000000000003,0,0,1
2006,4,14,0,30,19.6,0,0,7
2006,4,14,1,30,18.900000000000002,0,0,7
2006,4,14,2,30,18.3,0,0,7
2006,4,14,3,30,17.8,0,0,7
2006,4,14,4,30,17.3,0,0,7
2006,4,14,5,30,17.900000000000002,0,13,7
2006,4,14,6,30,19.700000000000003,18,129,7
2006,4,14,7,30,21.6,157,313,7
2006,4,14,8,30,23.400000000000002,45,327,8
2006,4,14,9,30,24.8,431,666,8
2006,4,14,10,30,25.200000000000003,404,739,8
2006,4,14,11,30,24.1,5,316,7
2006,4,14,12,30,22.3,0,244,4
2006,4,14,13,30,20.700000000000003,143,513,7
2006,4,14,14,30,19.400000000000002,75,364,6
2006,4,14,15,30,18,117,387,3
2006,4,14,16,30,16.5,21,195,3
2006,4,14,17,30,14.9,21,77,7
2006,4,14,18,30,13.8,0,0,0
2006,4,14,19,30,13.3,0,0,0
2006,4,14,20,30,13.100000000000001,0,0,0
2006,4,14,21,30,12.8,0,0,0
2006,4,14,22,30,12.600000000000001,0,0,0
2006,4,14,23,30,12.4,0,0,0
2006,4,15,0,30,12.100000000000001,0,0,0
2006,4,15,1,30,11.8,0,0,0
2006,4,15,2,30,11.600000000000001,0,0,0
2006,4,15,3,30,11.3,0,0,0
2006,4,15,4,30,11.3,0,0,0
2006,4,15,5,30,12.4,42,19,0
2006,4,15,6,30,14.3,453,196,0
2006,4,15,7,30,16.8,681,420,0
2006,4,15,8,30,19.5,804,633,0
2006,4,15,9,30,21.8,864,804,0
2006,4,15,10,30,23.400000000000002,881,919,0
2006,4,15,11,30,24.6,891,971,0
2006,4,15,12,30,25.1,891,955,0
2006,4,15,13,30,25.1,836,864,0
2006,4,15,14,30,24.400000000000002,827,729,0
2006,4,15,15,30,23.200000000000003,788,544,0
2006,4,15,16,30,21.200000000000003,677,328,0
2006,4,15,17,30,18.3,404,110,0
2006,4,15,18,30,15.8,0,0,0
2006,4,15,19,30,14.700000000000001,0,0,0
2006,4,15,20,30,13.700000000000001,0,0,0
2006,4,15,21,30,13,0,0,0
2006,4,15,22,30,12.5,0,0,0
2006,4,15,23,30,12,0,0,0
2006,4,16,0,30,11.600000000000001,0,0,0
2006,4,16,1,30,11.4,0,0,0
2006,4,16,2,30,11.100000000000001,0,0,0
2006,4,16,3,30,10.8,0,0,0
2006,4,16,4,30,10.8,0,0,0
2006,4,16,5,30,11.9,101,24,0
2006,4,16,6,30,14.4,543,211,0
2006,4,16,7,30,17.400000000000002,737,439,0
2006,4,16,8,30,20.400000000000002,839,653,0
2006,4,16,9,30,22.8,892,826,0
2006,4,16,10,30,24.5,924,944,0
2006,4,16,11,30,25.700000000000003,922,995,0
2006,4,16,12,30,26.1,917,978,0
2006,4,16,13,30,25.700000000000003,902,894,0
2006,4,16,14,30,24.3,864,746,0
2006,4,16,15,30,22.1,784,551,0
2006,4,16,16,30,19.6,670,331,0
2006,4,16,17,30,16.900000000000002,387,111,0
2006,4,16,18,30,14.8,0,0,0
2006,4,16,19,30,13.700000000000001,0,0,0
2006,4,16,20,30,13.100000000000001,0,0,0
2006,4,16,21,30,12.700000000000001,0,0,0
2006,4,16,22,30,12.3,0,0,0
2006,4,16,23,30,12,0,0,0
2006,4,17,0,30,11.700000000000001,0,0,0
2006,4,17,1,30,11.600000000000001,0,0,0
2006,4,17,2,30,11.600000000000001,0,0,0
2006,4,17,3,30,11.4,0,0,0
2006,4,17,4,30,11.100000000000001,0,0,0
2006,4,17,5,30,11.600000000000001,90,26,0
2006,4,17,6,30,13.4,524,216,0
2006,4,17,7,30,15.5,717,446,0
2006,4,17,8,30,17.900000000000002,815,658,0
2006,4,17,9,30,20.1,867,831,0
2006,4,17,10,30,22,925,953,0
2006,4,17,11,30,23.5,942,1007,0
2006,4,17,12,30,24.400000000000002,931,986,0
2006,4,17,13,30,24.6,903,897,0
2006,4,17,14,30,24.1,884,755,0
2006,4,17,15,30,23,814,561,0
2006,4,17,16,30,21.1,675,335,0
2006,4,17,17,30,17.8,384,114,0
2006,4,17,18,30,14.9,0,0,0
2006,4,17,19,30,13.5,0,0,0
2006,4,17,20,30,12.600000000000001,0,0,0
2006,4,17,21,30,12,0,0,0
2006,4,17,22,30,11.4,0,0,0
2006,4,17,23,30,11,0,0,0
2006,4,18,0,30,10.8,0,0,0
2006,4,18,1,30,10.600000000000001,0,0,0
2006,4,18,2,30,10.4,0,0,0
2006,4,18,3,30,10,0,0,0
2006,4,18,4,30,9.9,0,0,0
2006,4,18,5,30,11.9,138,30,0
2006,4,18,6,30,15.5,575,223,0
2006,4,18,7,30,18.5,748,450,0
2006,4,18,8,30,20.8,839,662,0
2006,4,18,9,30,22.8,890,834,0
2006,4,18,10,30,24.5,929,954,0
2006,4,18,11,30,25.900000000000002,938,1007,0
2006,4,18,12,30,26.700000000000003,933,989,0
2006,4,18,13,30,26.900000000000002,910,903,0
2006,4,18,14,30,26.6,874,757,0
2006,4,18,15,30,25.8,801,562,0
2006,4,18,16,30,23.900000000000002,665,337,0
2006,4,18,17,30,20.400000000000002,381,116,0
2006,4,18,18,30,17.7,0,0,0
2006,4,18,19,30,16.5,0,0,0
2006,4,18,20,30,15.600000000000001,0,0,0
2006,4,18,21,30,14.8,0,0,0
2006,4,18,22,30,14.100000000000001,0,0,0
2006,4,18,23,30,13.5,0,0,0
2006,4,19,0,30,13,0,0,0
2006,4,19,1,30,12.600000000000001,0,0,0
2006,4,19,2,30,12.200000000000001,0,0,0
2006,4,19,3,30,12,0,0,0
2006,4,19,4,30,12.4,0,0,0
2006,4,19,5,30,14.4,0,24,3
2006,4,19,6,30,17.8,513,222,8
2006,4,19,7,30,20.6,702,448,0
2006,4,19,8,30,23,805,660,0
2006,4,19,9,30,25.1,870,836,0
2006,4,19,10,30,27,931,960,0
2006,4,19,11,30,28.400000000000002,947,1014,0
2006,4,19,12,30,29.200000000000003,947,997,0
2006,4,19,13,30,29.6,925,911,0
2006,4,19,14,30,29.3,885,764,0
2006,4,19,15,30,28.400000000000002,813,568,0
2006,4,19,16,30,26.200000000000003,684,344,0
2006,4,19,17,30,22.3,412,121,0
2006,4,19,18,30,19.1,0,0,0
2006,4,19,19,30,17.8,0,0,0
2006,4,19,20,30,16.900000000000002,0,0,0
2006,4,19,21,30,16.2,0,0,0
2006,4,19,22,30,15.8,0,0,0
2006,4,19,23,30,15.600000000000001,0,0,0
2006,4,20,0,30,15.5,0,0,0
2006,4,20,1,30,15.200000000000001,0,0,0
2006,4,20,2,30,14.9,0,0,0
2006,4,20,3,30,14.600000000000001,0,0,0
2006,4,20,4,30,14.600000000000001,0,0,0
2006,4,20,5,30,16.6,171,36,0
2006,4,20,6,30,20.700000000000003,598,235,0
2006,4,20,7,30,24.5,777,466,0
2006,4,20,8,30,27.200000000000003,864,677,0
2006,4,20,9,30,29.1,915,849,1
2006,4,20,10,30,30.400000000000002,932,961,0
2006,4,20,11,30,31.1,707,987,2
2006,4,20,12,30,31.3,930,991,0
2006,4,20,13,30,31,912,906,0
2006,4,20,14,30,30.1,862,755,0
2006,4,20,15,30,29,490,550,3
2006,4,20,16,30,27.1,103,261,3
2006,4,20,17,30,23.900000000000002,22,95,3
2006,4,20,18,30,21.3,0,0,7
2006,4,20,19,30,20.1,0,0,4
2006,4,20,20,30,19.3,0,0,7
2006,4,20,21,30,18.900000000000002,0,0,7
2006,4,20,22,30,18.900000000000002,0,0,7
2006,4,20,23,30,19.200000000000003,0,0,7
2006,4,21,0,30,19.700000000000003,0,0,7
2006,4,21,1,30,20.1,0,0,3
2006,4,21,2,30,19.900000000000002,0,0,7
2006,4,21,3,30,19.5,0,0,6
2006,4,21,4,30,19.200000000000003,0,0,7
2006,4,21,5,30,19.5,2,29,7
2006,4,21,6,30,21.3,7,138,4
2006,4,21,7,30,23.900000000000002,188,335,8
2006,4,21,8,30,25.900000000000002,177,481,6
2006,4,21,9,30,27.5,295,645,6
2006,4,21,10,30,28.6,915,946,0
2006,4,21,11,30,29.1,927,997,0
2006,4,21,12,30,29.200000000000003,923,981,0
2006,4,21,13,30,28.900000000000002,895,895,0
2006,4,21,14,30,28.1,865,752,0
2006,4,21,15,30,26.6,801,561,0
2006,4,21,16,30,24.3,678,341,0
2006,4,21,17,30,21,419,123,0
2006,4,21,18,30,18.1,0,0,0
2006,4,21,19,30,16.6,0,0,0
2006,4,21,20,30,15.4,0,0,0
2006,4,21,21,30,14.3,0,0,0
2006,4,21,22,30,13.4,0,0,0
2006,4,21,23,30,12.700000000000001,0,0,0
2006,4,22,0,30,12.3,0,0,0
2006,4,22,1,30,11.9,0,0,0
2006,4,22,2,30,11.600000000000001,0,0,0
2006,4,22,3,30,11.3,0,0,0
2006,4,22,4,30,11.200000000000001,0,0,0
2006,4,22,5,30,12.100000000000001,164,40,0
2006,4,22,6,30,14.3,561,237,0
2006,4,22,7,30,17,743,465,0
2006,4,22,8,30,19.700000000000003,835,672,0
2006,4,22,9,30,21.8,888,843,0
2006,4,22,10,30,23.400000000000002,917,956,0
2006,4,22,11,30,24.1,931,1008,0
2006,4,22,12,30,24,927,987,0
2006,4,22,13,30,23.3,906,900,0
2006,4,22,14,30,22.1,867,755,0
2006,4,22,15,30,20.400000000000002,796,563,0
2006,4,22,16,30,18.3,668,343,0
2006,4,22,17,30,15.8,396,124,0
2006,4,22,18,30,13.9,0,0,0
2006,4,22,19,30,12.9,0,0,0
2006,4,22,20,30,12.100000000000001,0,0,0
2006,4,22,21,30,11.4,0,0,0
2006,4,22,22,30,10.8,0,0,0
2006,4,22,23,30,10.200000000000001,0,0,0
2006,4,23,0,30,9.700000000000001,0,0,0
2006,4,23,1,30,9.3,0,0,0
2006,4,23,2,30,9,0,0,0
2006,4,23,3,30,8.700000000000001,0,0,0
2006,4,23,4,30,8.8,0,0,0
2006,4,23,5,30,9.8,156,41,0
2006,4,23,6,30,11.700000000000001,551,239,0
2006,4,23,7,30,14,744,469,0
2006,4,23,8,30,16.5,841,681,0
2006,4,23,9,30,18.8,892,849,0
2006,4,23,10,30,20.700000000000003,919,962,0
2006,4,23,11,30,22,930,1011,0
2006,4,23,12,30,22.8,924,988,0
2006,4,23,13,30,22.8,880,896,0
2006,4,23,14,30,22.200000000000003,839,750,0
2006,4,23,15,30,21.1,766,558,0
2006,4,23,16,30,19.3,637,339,0
2006,4,23,17,30,16.900000000000002,376,124,0
2006,4,23,18,30,14.8,0,0,0
2006,4,23,19,30,13.600000000000001,0,0,0
2006,4,23,20,30,12.8,0,0,0
2006,4,23,21,30,12.100000000000001,0,0,0
2006,4,23,22,30,11.600000000000001,0,0,0
2006,4,23,23,30,11.3,0,0,0
2006,4,24,0,30,11.100000000000001,0,0,0
2006,4,24,1,30,10.8,0,0,0
2006,4,24,2,30,10.5,0,0,0
2006,4,24,3,30,10.100000000000001,0,0,0
2006,4,24,4,30,10.200000000000001,0,0,0
2006,4,24,5,30,11.8,164,44,0
2006,4,24,6,30,15,541,241,0
2006,4,24,7,30,18.2,737,468,0
2006,4,24,8,30,20.6,832,677,0
2006,4,24,9,30,22.6,884,846,0
2006,4,24,10,30,24.3,915,958,0
2006,4,24,11,30,25.5,926,1008,0
2006,4,24,12,30,26.3,923,990,0
2006,4,24,13,30,26.6,893,901,0
2006,4,24,14,30,26.400000000000002,858,757,0
2006,4,24,15,30,25.6,791,566,0
2006,4,24,16,30,24,676,348,0
2006,4,24,17,30,21.200000000000003,428,130,0
2006,4,24,18,30,18.5,0,0,0
2006,4,24,19,30,16.8,0,0,0
2006,4,24,20,30,15.600000000000001,0,0,0
2006,4,24,21,30,14.9,0,0,0
2006,4,24,22,30,14.4,0,0,0
2006,4,24,23,30,14.100000000000001,0,0,0
2006,4,25,0,30,13.8,0,0,0
2006,4,25,1,30,13.3,0,0,1
2006,4,25,2,30,12.8,0,0,3
2006,4,25,3,30,12.5,0,0,4
2006,4,25,4,30,12.8,0,0,1
2006,4,25,5,30,14.600000000000001,204,48,0
2006,4,25,6,30,18,570,245,0
2006,4,25,7,30,21,732,468,0
2006,4,25,8,30,23.1,815,672,0
2006,4,25,9,30,24.8,865,840,0
2006,4,25,10,30,26.200000000000003,898,955,0
2006,4,25,11,30,27.1,909,1005,0
2006,4,25,12,30,27.6,898,983,0
2006,4,25,13,30,27.6,865,895,1
2006,4,25,14,30,27.1,838,754,0
2006,4,25,15,30,25.900000000000002,774,562,0
2006,4,25,16,30,24,404,318,8
2006,4,25,17,30,20.900000000000002,400,129,1
2006,4,25,18,30,18.1,0,0,0
2006,4,25,19,30,16.7,0,0,0
2006,4,25,20,30,15.700000000000001,0,0,0
2006,4,25,21,30,15,0,0,0
2006,4,25,22,30,14.3,0,0,0
2006,4,25,23,30,13.600000000000001,0,0,0
2006,4,26,0,30,13,0,0,0
2006,4,26,1,30,12.600000000000001,0,0,0
2006,4,26,2,30,12.3,0,0,0
2006,4,26,3,30,12,0,0,0
2006,4,26,4,30,12,0,0,0
2006,4,26,5,30,13.200000000000001,196,49,0
2006,4,26,6,30,15.4,558,246,0
2006,4,26,7,30,17.900000000000002,728,470,0
2006,4,26,8,30,20.400000000000002,827,678,0
2006,4,26,9,30,22.5,880,846,0
2006,4,26,10,30,23.900000000000002,909,959,0
2006,4,26,11,30,24.8,921,1009,0
2006,4,26,12,30,25.1,917,990,0
2006,4,26,13,30,24.900000000000002,882,899,0
2006,4,26,14,30,24,839,754,0
2006,4,26,15,30,22.5,765,562,0
2006,4,26,16,30,20.400000000000002,639,345,0
2006,4,26,17,30,17.8,386,129,0
2006,4,26,18,30,15.600000000000001,0,0,0
2006,4,26,19,30,14.200000000000001,0,0,7
2006,4,26,20,30,13.3,0,0,7
2006,4,26,21,30,12.600000000000001,0,0,7
2006,4,26,22,30,12.200000000000001,0,0,7
2006,4,26,23,30,11.9,0,0,0
2006,4,27,0,30,11.700000000000001,0,0,0
2006,4,27,1,30,11.5,0,0,0
2006,4,27,2,30,11.5,0,0,0
2006,4,27,3,30,11.600000000000001,0,0,0
2006,4,27,4,30,11.700000000000001,0,0,0
2006,4,27,5,30,12.600000000000001,115,47,0
2006,4,27,6,30,14.4,427,235,0
2006,4,27,7,30,16.7,182,388,3
2006,4,27,8,30,19.6,693,650,0
2006,4,27,9,30,22.400000000000002,776,819,0
2006,4,27,10,30,24.6,826,936,0
2006,4,27,11,30,25.700000000000003,829,983,1
2006,4,27,12,30,26.1,525,865,8
2006,4,27,13,30,26,551,773,8
2006,4,27,14,30,25.6,186,539,6
2006,4,27,15,30,24.8,18,237,6
2006,4,27,16,30,23.200000000000003,3,103,7
2006,4,27,17,30,21,0,18,6
2006,4,27,18,30,19.200000000000003,0,0,6
2006,4,27,19,30,18.2,0,0,7
2006,4,27,20,30,17.400000000000002,0,0,6
2006,4,27,21,30,16.900000000000002,0,0,7
2006,4,27,22,30,16.5,0,0,7
2006,4,27,23,30,15.9,0,0,7
2006,4,28,0,30,15.3,0,0,7
2006,4,28,1,30,14.700000000000001,0,0,0
2006,4,28,2,30,14.200000000000001,0,0,0
2006,4,28,3,30,13.8,0,0,0
2006,4,28,4,30,13.9,0,0,0
2006,4,28,5,30,15.100000000000001,176,52,0
2006,4,28,6,30,17.400000000000002,535,247,0
2006,4,28,7,30,20.6,718,469,0
2006,4,28,8,30,24.3,819,674,0
2006,4,28,9,30,27.6,873,841,0
2006,4,28,10,30,30,911,956,0
2006,4,28,11,30,31.700000000000003,922,1005,0
2006,4,28,12,30,32.7,919,986,0
2006,4,28,13,30,32.9,891,899,0
2006,4,28,14,30,32.4,852,756,0
2006,4,28,15,30,31.200000000000003,784,567,0
2006,4,28,16,30,29,659,350,0
2006,4,28,17,30,25.400000000000002,408,134,0
2006,4,28,18,30,22,0,0,0
2006,4,28,19,30,20.200000000000003,0,0,0
2006,4,28,20,30,19.200000000000003,0,0,0
2006,4,28,21,30,18.5,0,0,0
2006,4,28,22,30,17.8,0,0,0
2006,4,28,23,30,17.1,0,0,0
2006,4,29,0,30,16.400000000000002,0,0,0
2006,4,29,1,30,15.8,0,0,0
2006,4,29,2,30,15.600000000000001,0,0,0
2006,4,29,3,30,15.8,0,0,0
2006,4,29,4,30,16.3,0,0,0
2006,4,29,5,30,18,201,55,0
2006,4,29,6,30,21.1,552,251,0
2006,4,29,7,30,23.900000000000002,719,470,0
2006,4,29,8,30,26.200000000000003,807,671,0
2006,4,29,9,30,28,856,833,0
2006,4,29,10,30,29.6,902,948,0
2006,4,29,11,30,30.900000000000002,910,994,0
2006,4,29,12,30,31.8,906,975,0
2006,4,29,13,30,32.4,904,896,0
2006,4,29,14,30,32.5,870,756,0
2006,4,29,15,30,31.8,808,568,0
2006,4,29,16,30,30.3,694,354,0
2006,4,29,17,30,27,464,139,0
2006,4,29,18,30,23.6,0,0,0
2006,4,29,19,30,21.8,0,0,0
2006,4,29,20,30,20.8,0,0,0
2006,4,29,21,30,20.1,0,0,0
2006,4,29,22,30,19.700000000000003,0,0,0
2006,4,29,23,30,19.3,0,0,0
2006,4,30,0,30,19,0,0,0
2006,4,30,1,30,18.7,0,0,0
2006,4,30,2,30,18.6,0,0,0
2006,4,30,3,30,18.7,0,0,0
2006,4,30,4,30,19.400000000000002,0,0,0
2006,4,30,5,30,21.400000000000002,262,60,0
2006,4,30,6,30,24.700000000000003,606,260,0
2006,4,30,7,30,28,764,481,0
2006,4,30,8,30,30.5,850,685,0
2006,4,30,9,30,32.2,899,850,0
2006,4,30,10,30,33.6,923,961,0
2006,4,30,11,30,34.6,933,1009,0
2006,4,30,12,30,35.1,927,988,0
2006,4,30,13,30,35.2,890,898,0
2006,4,30,14,30,34.800000000000004,855,755,0
2006,4,30,15,30,33.800000000000004,790,567,0
2006,4,30,16,30,32.1,672,352,0
2006,4,30,17,30,28.700000000000003,444,139,0
2006,4,30,18,30,25.3,0,0,0
2006,4,30,19,30,23.5,0,0,0
2006,4,30,20,30,22.200000000000003,0,0,0
2006,4,30,21,30,21.1,0,0,0
2006,4,30,22,30,20.5,0,0,0
2006,4,30,23,30,20.200000000000003,0,0,0
2006,5,1,0,30,20.200000000000003,0,0,0
2006,5,1,1,30,20.3,0,0,0
2006,5,1,2,30,20.3,0,0,0
2006,5,1,3,30,20.5,0,0,0
2006,5,1,4,30,21,0,0,0
2006,5,1,5,30,23,239,61,0
2006,5,1,6,30,26.400000000000002,576,259,0
2006,5,1,7,30,29.900000000000002,737,481,0
2006,5,1,8,30,32.300000000000004,822,684,0
2006,5,1,9,30,34,869,848,0
2006,5,1,10,30,35.300000000000004,899,959,0
2006,5,1,11,30,36,911,1008,0
2006,5,1,12,30,36.4,909,989,1
2006,5,1,13,30,36.2,430,806,3
2006,5,1,14,30,35.6,580,747,3
2006,5,1,15,30,34.5,473,550,3
2006,5,1,16,30,32.7,142,281,3
2006,5,1,17,30,29.3,46,114,3
2006,5,1,18,30,26,0,0,3
2006,5,1,19,30,24.1,0,0,0
2006,5,1,20,30,22.900000000000002,0,0,0
2006,5,1,21,30,21.900000000000002,0,0,0
2006,5,1,22,30,21.1,0,0,0
2006,5,1,23,30,20.400000000000002,0,0,0
2006,5,2,0,30,19.8,0,0,0
2006,5,2,1,30,19.400000000000002,0,0,0
2006,5,2,2,30,19.200000000000003,0,0,0
2006,5,2,3,30,19,0,0,0
2006,5,2,4,30,19.200000000000003,0,0,0
2006,5,2,5,30,21.400000000000002,234,63,0
2006,5,2,6,30,25.200000000000003,571,262,0
2006,5,2,7,30,28.900000000000002,733,484,0
2006,5,2,8,30,31.6,818,687,0
2006,5,2,9,30,33.300000000000004,865,852,0
2006,5,2,10,30,34.4,899,967,0
2006,5,2,11,30,35,910,1014,0
2006,5,2,12,30,35.2,907,995,0
2006,5,2,13,30,34.9,884,909,0
2006,5,2,14,30,34.1,851,767,0
2006,5,2,15,30,32.7,792,579,0
2006,5,2,16,30,30.5,681,363,0
2006,5,2,17,30,26.900000000000002,451,146,0
2006,5,2,18,30,23.400000000000002,0,0,0
2006,5,2,19,30,21.1,0,0,0
2006,5,2,20,30,19.6,0,0,0
2006,5,2,21,30,18.3,0,0,0
2006,5,2,22,30,17.400000000000002,0,0,0
2006,5,2,23,30,16.7,0,0,0
2006,5,3,0,30,16.1,0,0,0
2006,5,3,1,30,15.700000000000001,0,0,0
2006,5,3,2,30,15.600000000000001,0,0,0
2006,5,3,3,30,15.5,0,0,3
2006,5,3,4,30,16,0,0,0
2006,5,3,5,30,18.2,1,49,4
2006,5,3,6,30,21.6,30,189,4
2006,5,3,7,30,25.1,308,429,3
2006,5,3,8,30,28.3,849,700,0
2006,5,3,9,30,30.3,898,866,0
2006,5,3,10,30,31.700000000000003,918,974,0
2006,5,3,11,30,32.4,923,1018,0
2006,5,3,12,30,32.6,915,998,0
2006,5,3,13,30,32.1,896,911,0
2006,5,3,14,30,31,858,768,0
2006,5,3,15,30,29.200000000000003,793,579,0
2006,5,3,16,30,26.8,680,364,0
2006,5,3,17,30,23.6,450,148,0
2006,5,3,18,30,20.6,0,0,0
2006,5,3,19,30,18.6,0,0,0
2006,5,3,20,30,17.1,0,0,0
2006,5,3,21,30,16.2,0,0,7
2006,5,3,22,30,15.5,0,0,7
2006,5,3,23,30,14.9,0,0,7
2006,5,4,0,30,14.5,0,0,0
2006,5,4,1,30,14.100000000000001,0,0,0
2006,5,4,2,30,13.8,0,0,0
2006,5,4,3,30,13.5,0,0,0
2006,5,4,4,30,13.600000000000001,0,0,0
2006,5,4,5,30,14.8,257,69,0
2006,5,4,6,30,17.2,602,274,0
2006,5,4,7,30,20,765,499,0
2006,5,4,8,30,22.900000000000002,854,705,0
2006,5,4,9,30,25.3,907,873,0
2006,5,4,10,30,26.900000000000002,925,983,0
2006,5,4,11,30,27.700000000000003,935,1031,0
2006,5,4,12,30,27.8,924,1008,0
2006,5,4,13,30,27.1,892,920,0
2006,5,4,14,30,25.700000000000003,850,774,0
2006,5,4,15,30,23.8,783,584,0
2006,5,4,16,30,21.5,648,365,0
2006,5,4,17,30,18.8,402,147,0
2006,5,4,18,30,16.8,0,0,0
2006,5,4,19,30,15.700000000000001,0,0,0
2006,5,4,20,30,15.100000000000001,0,0,0
2006,5,4,21,30,14.9,0,0,0
2006,5,4,22,30,14.700000000000001,0,0,0
2006,5,4,23,30,14.5,0,0,0
2006,5,5,0,30,14.4,0,0,0
2006,5,5,1,30,14.4,0,0,0
2006,5,5,2,30,14.3,0,0,0
2006,5,5,3,30,14.200000000000001,0,0,0
2006,5,5,4,30,14.3,0,0,0
2006,5,5,5,30,15.3,101,61,0
2006,5,5,6,30,17.3,397,255,0
2006,5,5,7,30,20.1,587,472,0
2006,5,5,8,30,23.1,708,675,0
2006,5,5,9,30,25.900000000000002,788,840,0
2006,5,5,10,30,28.3,885,966,0
2006,5,5,11,30,29.8,897,1014,0
2006,5,5,12,30,30.700000000000003,897,998,0
2006,5,5,13,30,30.900000000000002,870,910,0
2006,5,5,14,30,30.6,840,772,0
2006,5,5,15,30,29.700000000000003,780,584,0
2006,5,5,16,30,28.1,630,365,0
2006,5,5,17,30,25,399,149,0
2006,5,5,18,30,21.8,0,0,0
2006,5,5,19,30,20.200000000000003,0,0,0
2006,5,5,20,30,19.200000000000003,0,0,0
2006,5,5,21,30,18.400000000000002,0,0,0
2006,5,5,22,30,17.6,0,0,0
2006,5,5,23,30,16.7,0,0,0
2006,5,6,0,30,15.9,0,0,0
2006,5,6,1,30,15.3,0,0,0
2006,5,6,2,30,14.9,0,0,0
2006,5,6,3,30,14.5,0,0,0
2006,5,6,4,30,14.700000000000001,0,0,0
2006,5,6,5,30,16.7,213,71,0
2006,5,6,6,30,20.1,531,271,0
2006,5,6,7,30,24.1,694,490,0
2006,5,6,8,30,27.200000000000003,785,692,0
2006,5,6,9,30,29,834,852,0
2006,5,6,10,30,30.200000000000003,905,971,0
2006,5,6,11,30,30.900000000000002,906,1014,0
2006,5,6,12,30,31.200000000000003,893,993,0
2006,5,6,13,30,31,883,909,0
2006,5,6,14,30,30.400000000000002,839,766,0
2006,5,6,15,30,29.200000000000003,762,577,0
2006,5,6,16,30,27.5,633,361,0
2006,5,6,17,30,24.6,395,148,0
2006,5,6,18,30,21.6,0,0,0
2006,5,6,19,30,19.900000000000002,0,0,0
2006,5,6,20,30,18.900000000000002,0,0,0
2006,5,6,21,30,18.1,0,0,0
2006,5,6,22,30,17.6,0,0,0
2006,5,6,23,30,17.1,0,0,0
2006,5,7,0,30,16.5,0,0,0
2006,5,7,1,30,16.1,0,0,0
2006,5,7,2,30,15.8,0,0,0
2006,5,7,3,30,15.600000000000001,0,0,0
2006,5,7,4,30,16.2,0,0,0
2006,5,7,5,30,19.1,208,71,0
2006,5,7,6,30,23.1,537,271,0
2006,5,7,7,30,26.5,707,492,0
2006,5,7,8,30,29,803,695,0
2006,5,7,9,30,30.700000000000003,863,861,0
2006,5,7,10,30,31.900000000000002,901,971,0
2006,5,7,11,30,32.800000000000004,913,1019,0
2006,5,7,12,30,33.300000000000004,905,996,0
2006,5,7,13,30,33.5,867,909,0
2006,5,7,14,30,33.300000000000004,822,766,0
2006,5,7,15,30,32.5,748,577,0
2006,5,7,16,30,31,602,360,0
2006,5,7,17,30,27.700000000000003,371,148,0
2006,5,7,18,30,24.1,0,0,0
2006,5,7,19,30,22.200000000000003,0,0,0
2006,5,7,20,30,21.1,0,0,0
2006,5,7,21,30,20.200000000000003,0,0,0
2006,5,7,22,30,19.5,0,0,0
2006,5,7,23,30,19,0,0,0
2006,5,8,0,30,18.6,0,0,0
2006,5,8,1,30,18.2,0,0,0
2006,5,8,2,30,18,0,0,0
2006,5,8,3,30,17.900000000000002,0,0,0
2006,5,8,4,30,18.5,0,0,0
2006,5,8,5,30,21.200000000000003,298,78,0
2006,5,8,6,30,25,601,278,0
2006,5,8,7,30,28.200000000000003,746,496,0
2006,5,8,8,30,30.6,823,694,0
2006,5,8,9,30,32.4,865,854,0
2006,5,8,10,30,33.800000000000004,895,967,0
2006,5,8,11,30,34.7,893,1013,0
2006,5,8,12,30,35.2,880,991,0
2006,5,8,13,30,35.300000000000004,885,911,0
2006,5,8,14,30,34.9,835,766,0
2006,5,8,15,30,33.800000000000004,760,578,0
2006,5,8,16,30,31.700000000000003,621,362,0
2006,5,8,17,30,28.200000000000003,371,149,0
2006,5,8,18,30,24.6,0,0,0
2006,5,8,19,30,22.3,0,0,0
2006,5,8,20,30,20.8,0,0,0
2006,5,8,21,30,19.6,0,0,0
2006,5,8,22,30,18.6,0,0,0
2006,5,8,23,30,17.7,0,0,0
2006,5,9,0,30,16.900000000000002,0,0,0
2006,5,9,1,30,16.2,0,0,0
2006,5,9,2,30,15.700000000000001,0,0,0
2006,5,9,3,30,15.3,0,0,0
2006,5,9,4,30,15.8,0,0,0
2006,5,9,5,30,18.2,234,76,0
2006,5,9,6,30,22,548,278,0
2006,5,9,7,30,25.8,703,497,0
2006,5,9,8,30,28.8,790,697,0
2006,5,9,9,30,31.1,843,860,0
2006,5,9,10,30,32.9,877,968,0
2006,5,9,11,30,34.1,889,1015,0
2006,5,9,12,30,34.9,886,996,0
2006,5,9,13,30,35.2,857,908,0
2006,5,9,14,30,34.9,818,766,0
2006,5,9,15,30,34,748,580,0
2006,5,9,16,30,32.4,627,366,0
2006,5,9,17,30,29.3,393,152,0
2006,5,9,18,30,26.3,0,0,0
2006,5,9,19,30,24.6,0,0,0
2006,5,9,20,30,23.400000000000002,0,0,0
2006,5,9,21,30,22.700000000000003,0,0,0
2006,5,9,22,30,22.6,0,0,0
2006,5,9,23,30,22.8,0,0,0
2006,5,10,0,30,22.8,0,0,0
2006,5,10,1,30,22.5,0,0,0
2006,5,10,2,30,22,0,0,0
2006,5,10,3,30,21.400000000000002,0,0,0
2006,5,10,4,30,21.1,0,0,0
2006,5,10,5,30,23.3,245,78,0
2006,5,10,6,30,27.400000000000002,555,279,0
2006,5,10,7,30,30.8,717,500,0
2006,5,10,8,30,33.4,811,704,0
2006,5,10,9,30,35.1,864,868,0
2006,5,10,10,30,36.300000000000004,900,982,0
2006,5,10,11,30,37.1,910,1029,0
2006,5,10,12,30,37.6,906,1008,0
2006,5,10,13,30,37.6,894,926,0
2006,5,10,14,30,37.2,861,784,0
2006,5,10,15,30,36.2,793,594,0
2006,5,10,16,30,34.5,680,379,0
2006,5,10,17,30,31.1,17,121,3
2006,5,10,18,30,27.8,0,0,3
2006,5,10,19,30,26.3,0,0,7
2006,5,10,20,30,25.700000000000003,0,0,7
2006,5,10,21,30,25.5,0,0,7
2006,5,10,22,30,25.400000000000002,0,0,8
2006,5,10,23,30,25.400000000000002,0,0,1
2006,5,11,0,30,25.5,0,0,3
2006,5,11,1,30,25.6,0,0,3
2006,5,11,2,30,25.3,0,0,0
2006,5,11,3,30,24.8,0,0,1
2006,5,11,4,30,24.700000000000003,0,0,0
2006,5,11,5,30,25.900000000000002,301,85,1
2006,5,11,6,30,28,247,260,3
2006,5,11,7,30,31,361,462,3
2006,5,11,8,30,34,677,698,8
2006,5,11,9,30,36,753,822,8
2006,5,11,10,30,37.300000000000004,823,959,1
2006,5,11,11,30,38.1,845,1008,0
2006,5,11,12,30,38.6,841,987,0
2006,5,11,13,30,38.7,859,913,0
2006,5,11,14,30,38.300000000000004,817,769,0
2006,5,11,15,30,37.2,749,582,0
2006,5,11,16,30,35.2,635,370,8
2006,5,11,17,30,31.6,417,157,0
2006,5,11,18,30,27.8,0,0,0
2006,5,11,19,30,25.900000000000002,0,0,0
2006,5,11,20,30,24.8,0,0,0
2006,5,11,21,30,24,0,0,0
2006,5,11,22,30,23.6,0,0,0
2006,5,11,23,30,23.3,0,0,1
2006,5,12,0,30,23,0,0,0
2006,5,12,1,30,22.700000000000003,0,0,0
2006,5,12,2,30,22.400000000000002,0,0,3
2006,5,12,3,30,22.5,0,0,3
2006,5,12,4,30,23.400000000000002,0,0,7
2006,5,12,5,30,25.6,20,67,7
2006,5,12,6,30,28.1,576,281,8
2006,5,12,7,30,31.1,714,494,8
2006,5,12,8,30,34.4,797,690,0
2006,5,12,9,30,36.6,849,851,0
2006,5,12,10,30,37.9,890,961,0
2006,5,12,11,30,38.5,902,1008,0
2006,5,12,12,30,38.5,898,988,0
2006,5,12,13,30,38.2,876,905,0
2006,5,12,14,30,37.5,839,765,0
2006,5,12,15,30,36.300000000000004,781,583,0
2006,5,12,16,30,34.4,427,348,8
2006,5,12,17,30,31.200000000000003,11,83,7
2006,5,12,18,30,28,0,5,7
2006,5,12,19,30,26.200000000000003,0,0,0
2006,5,12,20,30,25.200000000000003,0,0,0
2006,5,12,21,30,24.200000000000003,0,0,0
2006,5,12,22,30,22.8,0,0,3
2006,5,12,23,30,21.8,0,0,0
2006,5,13,0,30,21.3,0,0,0
2006,5,13,1,30,21.1,0,0,0
2006,5,13,2,30,20.6,0,0,0
2006,5,13,3,30,20.200000000000003,0,0,0
2006,5,13,4,30,20.900000000000002,0,0,0
2006,5,13,5,30,23.3,314,89,0
2006,5,13,6,30,27,609,294,0
2006,5,13,7,30,30.700000000000003,759,514,0
2006,5,13,8,30,33.7,838,715,0
2006,5,13,9,30,35.4,882,876,0
2006,5,13,10,30,36.4,895,982,0
2006,5,13,11,30,36.9,906,1028,1
2006,5,13,12,30,37.2,902,1007,0
2006,5,13,13,30,37.1,887,924,0
2006,5,13,14,30,36.7,852,781,0
2006,5,13,15,30,35.7,793,597,0
2006,5,13,16,30,34,668,380,0
2006,5,13,17,30,31,458,167,0
2006,5,13,18,30,27.900000000000002,38,11,0
2006,5,13,19,30,26.1,0,0,0
2006,5,13,20,30,24.700000000000003,0,0,0
2006,5,13,21,30,23.5,0,0,0
2006,5,13,22,30,22.8,0,0,0
2006,5,13,23,30,22.3,0,0,3
2006,5,14,0,30,22.1,0,0,0
2006,5,14,1,30,21.8,0,0,0
2006,5,14,2,30,21.3,0,0,0
2006,5,14,3,30,20.900000000000002,0,0,0
2006,5,14,4,30,21.5,0,0,0
2006,5,14,5,30,24.400000000000002,349,92,0
2006,5,14,6,30,28.1,628,294,0
2006,5,14,7,30,30.8,760,511,0
2006,5,14,8,30,32.800000000000004,833,708,0
2006,5,14,9,30,34.7,873,866,0
2006,5,14,10,30,36.300000000000004,905,975,0
2006,5,14,11,30,37.4,913,1021,0
2006,5,14,12,30,38.2,914,1004,0
2006,5,14,13,30,38.5,888,919,0
2006,5,14,14,30,38.2,855,780,0
2006,5,14,15,30,37.4,611,577,8
2006,5,14,16,30,35.800000000000004,331,349,2
2006,5,14,17,30,32.4,487,170,0
2006,5,14,18,30,28.700000000000003,0,6,3
2006,5,14,19,30,27,0,0,7
2006,5,14,20,30,26.5,0,0,7
2006,5,14,21,30,26.5,0,0,7
2006,5,14,22,30,26.5,0,0,7
2006,5,14,23,30,26.3,0,0,7
2006,5,15,0,30,25.8,0,0,7
2006,5,15,1,30,25.200000000000003,0,0,7
2006,5,15,2,30,24.700000000000003,0,0,7
2006,5,15,3,30,24.400000000000002,0,0,1
2006,5,15,4,30,24.400000000000002,0,0,7
2006,5,15,5,30,25.400000000000002,24,78,7
2006,5,15,6,30,27.400000000000002,230,261,8
2006,5,15,7,30,29.6,391,486,3
2006,5,15,8,30,31.6,525,642,8
2006,5,15,9,30,33.1,288,675,6
2006,5,15,10,30,34.1,414,805,7
2006,5,15,11,30,34.9,453,880,6
2006,5,15,12,30,35.5,736,961,8
2006,5,15,13,30,35.800000000000004,574,853,8
2006,5,15,14,30,35.800000000000004,321,622,7
2006,5,15,15,30,35.300000000000004,603,586,8
2006,5,15,16,30,33.800000000000004,672,385,0
2006,5,15,17,30,30.6,462,170,0
2006,5,15,18,30,27.6,45,12,0
2006,5,15,19,30,26.1,0,0,0
2006,5,15,20,30,25,0,0,0
2006,5,15,21,30,24.200000000000003,0,0,0
2006,5,15,22,30,23.5,0,0,0
2006,5,15,23,30,22.8,0,0,0
2006,5,16,0,30,22.200000000000003,0,0,0
2006,5,16,1,30,21.6,0,0,0
2006,5,16,2,30,21.1,0,0,0
2006,5,16,3,30,20.900000000000002,0,0,0
2006,5,16,4,30,21.700000000000003,0,0,0
2006,5,16,5,30,24.400000000000002,373,99,0
2006,5,16,6,30,28.3,654,308,0
2006,5,16,7,30,32.2,788,529,0
2006,5,16,8,30,35.2,858,728,0
2006,5,16,9,30,37,899,889,0
2006,5,16,10,30,38.400000000000006,924,995,0
2006,5,16,11,30,39.300000000000004,926,1038,0
2006,5,16,12,30,39.800000000000004,913,1014,0
2006,5,16,13,30,39.900000000000006,866,924,0
2006,5,16,14,30,39.400000000000006,814,780,0
2006,5,16,15,30,38.400000000000006,729,590,0
2006,5,16,16,30,36.5,598,377,0
2006,5,16,17,30,32.9,373,165,0
2006,5,16,18,30,29.700000000000003,22,10,0
2006,5,16,19,30,28.400000000000002,0,0,7
2006,5,16,20,30,27.6,0,0,3
2006,5,16,21,30,27,0,0,0
2006,5,16,22,30,26.6,0,0,0
2006,5,16,23,30,26.200000000000003,0,0,3
2006,5,17,0,30,25.5,0,0,7
2006,5,17,1,30,24.700000000000003,0,0,0
2006,5,17,2,30,24,0,0,0
2006,5,17,3,30,23.6,0,0,0
2006,5,17,4,30,24,0,0,0
2006,5,17,5,30,26.200000000000003,3,70,4
2006,5,17,6,30,29.400000000000002,162,242,8
2006,5,17,7,30,32.7,561,476,8
2006,5,17,8,30,35.6,658,667,0
2006,5,17,9,30,37.300000000000004,720,822,0
2006,5,17,10,30,38.5,819,941,0
2006,5,17,11,30,39.400000000000006,832,985,0
2006,5,17,12,30,39.800000000000004,831,967,0
2006,5,17,13,30,39.900000000000006,854,898,0
2006,5,17,14,30,39.5,823,764,0
2006,5,17,15,30,38.6,762,584,0
2006,5,17,16,30,37.1,657,378,0
2006,5,17,17,30,33.9,458,170,0
2006,5,17,18,30,30.3,57,14,0
2006,5,17,19,30,28.3,0,0,0
2006,5,17,20,30,27.3,0,0,0
2006,5,17,21,30,26.6,0,0,0
2006,5,17,22,30,25.900000000000002,0,0,0
2006,5,17,23,30,25.5,0,0,0
2006,5,18,0,30,25.200000000000003,0,0,0
2006,5,18,1,30,25.1,0,0,0
2006,5,18,2,30,25.1,0,0,0
2006,5,18,3,30,25.1,0,0,0
2006,5,18,4,30,25.5,0,0,0
2006,5,18,5,30,27.400000000000002,298,93,0
2006,5,18,6,30,30.400000000000002,566,289,0
2006,5,18,7,30,33.1,711,501,0
2006,5,18,8,30,35.5,795,697,0
2006,5,18,9,30,37.300000000000004,845,856,0
2006,5,18,10,30,38.6,885,967,0
2006,5,18,11,30,39.300000000000004,895,1013,0
2006,5,18,12,30,39.6,890,993,0
2006,5,18,13,30,39.5,840,904,0
2006,5,18,14,30,39,803,766,0
2006,5,18,15,30,37.9,741,585,0
2006,5,18,16,30,36.2,635,379,0
2006,5,18,17,30,33.1,439,171,0
2006,5,18,18,30,29.5,51,14,0
2006,5,18,19,30,27.5,0,0,0
2006,5,18,20,30,26.5,0,0,0
2006,5,18,21,30,25.8,0,0,0
2006,5,18,22,30,25.1,0,0,0
2006,5,18,23,30,24.3,0,0,0
2006,5,19,0,30,23.6,0,0,0
2006,5,19,1,30,23.3,0,0,0
2006,5,19,2,30,23.400000000000002,0,0,0
2006,5,19,3,30,24,0,0,0
2006,5,19,4,30,25.400000000000002,0,0,0
2006,5,19,5,30,27.900000000000002,366,101,0
2006,5,19,6,30,31.3,638,307,0
2006,5,19,7,30,34.2,772,525,0
2006,5,19,8,30,36.1,845,721,0
2006,5,19,9,30,37.4,891,882,0
2006,5,19,10,30,38.400000000000006,917,988,0
2006,5,19,11,30,38.900000000000006,927,1034,0
2006,5,19,12,30,39.1,922,1011,0
2006,5,19,13,30,38.800000000000004,909,928,0
2006,5,19,14,30,37.9,877,790,0
2006,5,19,15,30,36.4,822,608,0
2006,5,19,16,30,34.300000000000004,720,398,0
2006,5,19,17,30,31,520,182,0
2006,5,19,18,30,27.5,86,17,0
2006,5,19,19,30,25,0,0,0
2006,5,19,20,30,23.5,0,0,0
2006,5,19,21,30,22.400000000000002,0,0,0
2006,5,19,22,30,21.900000000000002,0,0,0
2006,5,19,23,30,21.900000000000002,0,0,0
2006,5,20,0,30,21.900000000000002,0,0,0
2006,5,20,1,30,21.700000000000003,0,0,0
2006,5,20,2,30,21.400000000000002,0,0,0
2006,5,20,3,30,21.200000000000003,0,0,0
2006,5,20,4,30,21.8,0,0,0
2006,5,20,5,30,24.400000000000002,418,105,0
2006,5,20,6,30,28.3,679,311,0
2006,5,20,7,30,31.700000000000003,774,522,0
2006,5,20,8,30,33.9,843,716,0
2006,5,20,9,30,35.4,887,875,0
2006,5,20,10,30,36.5,928,983,0
2006,5,20,11,30,37.1,936,1029,0
2006,5,20,12,30,37.300000000000004,930,1009,0
2006,5,20,13,30,37.1,910,927,0
2006,5,20,14,30,36.5,885,790,0
2006,5,20,15,30,35.5,837,610,0
2006,5,20,16,30,33.9,749,401,0
2006,5,20,17,30,31,575,188,0
2006,5,20,18,30,27.6,145,20,0
2006,5,20,19,30,25.400000000000002,0,0,0
2006,5,20,20,30,24.400000000000002,0,0,0
2006,5,20,21,30,23.8,0,0,0
2006,5,20,22,30,23.5,0,0,0
2006,5,20,23,30,23,0,0,0
2006,5,21,0,30,22.400000000000002,0,0,0
2006,5,21,1,30,21.900000000000002,0,0,0
2006,5,21,2,30,21.3,0,0,0
2006,5,21,3,30,20.900000000000002,0,0,7
2006,5,21,4,30,21.400000000000002,0,0,7
2006,5,21,5,30,23.900000000000002,378,103,8
2006,5,21,6,30,27.6,322,267,8
2006,5,21,7,30,30.700000000000003,770,521,1
2006,5,21,8,30,32.6,512,626,8
2006,5,21,9,30,33.7,744,840,8
2006,5,21,10,30,34.2,446,816,7
2006,5,21,11,30,34,689,942,8
2006,5,21,12,30,33.2,694,928,8
2006,5,21,13,30,32.1,503,784,8
2006,5,21,14,30,30.700000000000003,612,725,8
2006,5,21,15,30,28.8,381,500,8
2006,5,21,16,30,26.6,29,207,6
2006,5,21,17,30,24.3,4,78,6
2006,5,21,18,30,22.3,0,11,6
2006,5,21,19,30,21,0,0,6
2006,5,21,20,30,19.900000000000002,0,0,6
2006,5,21,21,30,18.900000000000002,0,0,6
2006,5,21,22,30,18.1,0,0,6
2006,5,21,23,30,17.5,0,0,6
2006,5,22,0,30,17.1,0,0,6
2006,5,22,1,30,16.7,0,0,9
2006,5,22,2,30,16.5,0,0,6
2006,5,22,3,30,16.5,0,0,9
2006,5,22,4,30,16.6,0,0,6
2006,5,22,5,30,16.900000000000002,2,51,6
2006,5,22,6,30,17.5,651,306,8
2006,5,22,7,30,18.7,796,522,0
2006,5,22,8,30,20.1,872,721,0
2006,5,22,9,30,20.900000000000002,908,879,0
2006,5,22,10,30,21.5,917,985,1
2006,5,22,11,30,22.6,925,1032,0
2006,5,22,12,30,23.900000000000002,932,1017,0
2006,5,22,13,30,24.8,923,938,0
2006,5,22,14,30,25.200000000000003,897,801,0
2006,5,22,15,30,24.8,850,620,0
2006,5,22,16,30,23.6,761,408,0
2006,5,22,17,30,21.5,594,194,0
2006,5,22,18,30,19.1,175,22,0
2006,5,22,19,30,17.400000000000002,0,0,0
2006,5,22,20,30,16.2,0,0,0
2006,5,22,21,30,15.3,0,0,0
2006,5,22,22,30,14.9,0,0,0
2006,5,22,23,30,14.600000000000001,0,0,0
2006,5,23,0,30,14.3,0,0,0
2006,5,23,1,30,14,0,0,0
2006,5,23,2,30,13.5,0,0,0
2006,5,23,3,30,13.100000000000001,0,0,0
2006,5,23,4,30,13.700000000000001,0,0,0
2006,5,23,5,30,16.400000000000002,480,114,0
2006,5,23,6,30,20.3,724,322,0
2006,5,23,7,30,23.700000000000003,844,539,0
2006,5,23,8,30,26.3,909,738,0
2006,5,23,9,30,28.700000000000003,945,897,0
2006,5,23,10,30,30.900000000000002,950,1002,0
2006,5,23,11,30,32.5,963,1049,0
2006,5,23,12,30,33.7,962,1031,0
2006,5,23,13,30,34.2,911,940,0
2006,5,23,14,30,34.300000000000004,892,805,0
2006,5,23,15,30,33.7,847,624,0
2006,5,23,16,30,32.5,756,414,0
2006,5,23,17,30,29.6,581,197,0
2006,5,23,18,30,26.3,161,23,0
2006,5,23,19,30,24.8,0,0,0
2006,5,23,20,30,24,0,0,0
2006,5,23,21,30,23,0,0,0
2006,5,23,22,30,22.1,0,0,0
2006,5,23,23,30,21.200000000000003,0,0,0
2006,5,24,0,30,20.3,0,0,0
2006,5,24,1,30,19.6,0,0,0
2006,5,24,2,30,19.1,0,0,0
2006,5,24,3,30,18.7,0,0,0
2006,5,24,4,30,19.6,0,0,0
2006,5,24,5,30,22.900000000000002,491,117,0
2006,5,24,6,30,27.400000000000002,736,329,0
2006,5,24,7,30,31.1,845,547,0
2006,5,24,8,30,33.5,910,746,0
2006,5,24,9,30,35.2,948,906,0
2006,5,24,10,30,36.6,957,1011,0
2006,5,24,11,30,37.6,962,1054,0
2006,5,24,12,30,38.2,959,1035,0
2006,5,24,13,30,38.400000000000006,952,953,0
2006,5,24,14,30,38,922,814,0
2006,5,24,15,30,37.1,870,631,0
2006,5,24,16,30,35.4,792,421,0
2006,5,24,17,30,32.300000000000004,620,202,0
2006,5,24,18,30,28.5,207,25,0
2006,5,24,19,30,26,0,0,0
2006,5,24,20,30,24.6,0,0,0
2006,5,24,21,30,23.5,0,0,0
2006,5,24,22,30,22.700000000000003,0,0,0
2006,5,24,23,30,22,0,0,0
2006,5,25,0,30,21.400000000000002,0,0,0
2006,5,25,1,30,20.900000000000002,0,0,0
2006,5,25,2,30,20.5,0,0,0
2006,5,25,3,30,20.1,0,0,0
2006,5,25,4,30,20.900000000000002,0,0,0
2006,5,25,5,30,23.8,474,117,0
2006,5,25,6,30,27.6,716,326,0
2006,5,25,7,30,31.1,832,545,0
2006,5,25,8,30,33.9,896,743,0
2006,5,25,9,30,35.800000000000004,933,902,0
2006,5,25,10,30,37.1,949,1007,0
2006,5,25,11,30,37.800000000000004,953,1049,0
2006,5,25,12,30,38.1,944,1027,0
2006,5,25,13,30,37.800000000000004,908,941,0
2006,5,25,14,30,37.1,869,800,0
2006,5,25,15,30,35.800000000000004,806,615,0
2006,5,25,16,30,33.9,679,401,0
2006,5,25,17,30,30.8,472,187,0
2006,5,25,18,30,27.400000000000002,75,21,0
2006,5,25,19,30,25,0,0,0
2006,5,25,20,30,23.200000000000003,0,0,0
2006,5,25,21,30,21.700000000000003,0,0,0
2006,5,25,22,30,20.6,0,0,0
2006,5,25,23,30,19.8,0,0,0
2006,5,26,0,30,19.200000000000003,0,0,0
2006,5,26,1,30,18.6,0,0,0
2006,5,26,2,30,18.1,0,0,0
2006,5,26,3,30,17.6,0,0,0
2006,5,26,4,30,18,0,0,0
2006,5,26,5,30,20.1,365,110,0
2006,5,26,6,30,23.5,645,319,0
2006,5,26,7,30,27.1,781,539,0
2006,5,26,8,30,29.900000000000002,856,739,0
2006,5,26,9,30,32,894,896,0
2006,5,26,10,30,33.300000000000004,911,999,0
2006,5,26,11,30,34.1,913,1041,0
2006,5,26,12,30,34.5,899,1015,0
2006,5,26,13,30,34.4,872,929,0
2006,5,26,14,30,33.5,825,786,0
2006,5,26,15,30,31.8,756,604,0
2006,5,26,16,30,29.1,639,393,0
2006,5,26,17,30,25.6,439,184,0
2006,5,26,18,30,22.5,71,22,0
2006,5,26,19,30,20.5,0,0,1
2006,5,26,20,30,19.3,0,0,7
2006,5,26,21,30,18.6,0,0,8
2006,5,26,22,30,18.1,0,0,7
2006,5,26,23,30,17.6,0,0,7
2006,5,27,0,30,17.1,0,0,7
2006,5,27,1,30,16.6,0,0,7
2006,5,27,2,30,16.3,0,0,4
2006,5,27,3,30,16.1,0,0,8
2006,5,27,4,30,16.2,0,0,0
2006,5,27,5,30,17.3,17,86,3
2006,5,27,6,30,19.3,620,312,1
2006,5,27,7,30,21.400000000000002,748,526,0
2006,5,27,8,30,23.5,826,723,2
2006,5,27,9,30,25.400000000000002,632,813,8
2006,5,27,10,30,26.900000000000002,889,988,0
2006,5,27,11,30,27.8,913,1039,0
2006,5,27,12,30,28,918,1025,0
2006,5,27,13,30,27.6,871,939,0
2006,5,27,14,30,26.900000000000002,852,806,0
2006,5,27,15,30,25.8,800,625,0
2006,5,27,16,30,24.3,712,417,0
2006,5,27,17,30,22.1,157,172,4
2006,5,27,18,30,19.6,152,27,0
2006,5,27,19,30,17.8,0,0,0
2006,5,27,20,30,16.8,0,0,0
2006,5,27,21,30,16,0,0,0
2006,5,27,22,30,15.100000000000001,0,0,0
2006,5,27,23,30,14.4,0,0,0
2006,5,28,0,30,13.700000000000001,0,0,0
2006,5,28,1,30,13,0,0,0
2006,5,28,2,30,12.5,0,0,0
2006,5,28,3,30,12.100000000000001,0,0,0
2006,5,28,4,30,13,0,0,0
2006,5,28,5,30,15.700000000000001,428,119,0
2006,5,28,6,30,19,698,333,0
2006,5,28,7,30,21.700000000000003,821,555,0
2006,5,28,8,30,23.900000000000002,893,757,0
2006,5,28,9,30,25.900000000000002,934,919,0
2006,5,28,10,30,27.5,955,1024,0
2006,5,28,11,30,28.900000000000002,963,1071,0
2006,5,28,12,30,29.700000000000003,954,1048,0
2006,5,28,13,30,30.1,938,966,0
2006,5,28,14,30,30,896,821,0
2006,5,28,15,30,29.200000000000003,835,636,1
2006,5,28,16,30,27.8,746,423,1
2006,5,28,17,30,25.6,122,166,3
2006,5,28,18,30,23,160,28,0
2006,5,28,19,30,21.200000000000003,0,0,0
2006,5,28,20,30,20,0,0,0
2006,5,28,21,30,19,0,0,0
2006,5,28,22,30,18.1,0,0,1
2006,5,28,23,30,17.5,0,0,4
2006,5,29,0,30,17,0,0,7
2006,5,29,1,30,16.6,0,0,7
2006,5,29,2,30,16.2,0,0,0
2006,5,29,3,30,15.700000000000001,0,0,0
2006,5,29,4,30,16.3,0,0,0
2006,5,29,5,30,19.1,441,119,0
2006,5,29,6,30,22.900000000000002,696,329,0
2006,5,29,7,30,25.900000000000002,819,548,0
2006,5,29,8,30,28.1,888,747,0
2006,5,29,9,30,29.700000000000003,928,908,0
2006,5,29,10,30,31.1,949,1016,0
2006,5,29,11,30,32.1,961,1064,0
2006,5,29,12,30,32.800000000000004,954,1045,0
2006,5,29,13,30,33.1,928,961,0
2006,5,29,14,30,33,898,823,0
2006,5,29,15,30,32.300000000000004,846,640,0
2006,5,29,16,30,30.900000000000002,760,428,0
2006,5,29,17,30,28,579,208,0
2006,5,29,18,30,24.400000000000002,161,30,0
2006,5,29,19,30,22.200000000000003,0,0,0
2006,5,29,20,30,20.700000000000003,0,0,0
2006,5,29,21,30,19.400000000000002,0,0,0
2006,5,29,22,30,18.400000000000002,0,0,0
2006,5,29,23,30,17.8,0,0,0
2006,5,30,0,30,17.3,0,0,0
2006,5,30,1,30,16.900000000000002,0,0,0
2006,5,30,2,30,16.6,0,0,0
2006,5,30,3,30,16.400000000000002,0,0,0
2006,5,30,4,30,17.5,0,0,0
2006,5,30,5,30,21,387,116,1
2006,5,30,6,30,25.400000000000002,646,324,0
2006,5,30,7,30,29,742,535,0
2006,5,30,8,30,31.6,825,735,0
2006,5,30,9,30,33.2,882,898,0
2006,5,30,10,30,34.5,940,1015,0
2006,5,30,11,30,35.300000000000004,950,1062,0
2006,5,30,12,30,35.800000000000004,951,1045,0
2006,5,30,13,30,36,916,959,0
2006,5,30,14,30,35.7,890,822,0
2006,5,30,15,30,35,836,639,0
2006,5,30,16,30,33.6,740,427,0
2006,5,30,17,30,30.400000000000002,553,207,0
2006,5,30,18,30,27.200000000000003,151,30,0
2006,5,30,19,30,25.6,0,0,0
2006,5,30,20,30,24.400000000000002,0,0,0
2006,5,30,21,30,22.900000000000002,0,0,0
2006,5,30,22,30,21.700000000000003,0,0,0
2006,5,30,23,30,20.900000000000002,0,0,0
2006,5,31,0,30,20.5,0,0,0
2006,5,31,1,30,20.200000000000003,0,0,0
2006,5,31,2,30,20.1,0,0,0
2006,5,31,3,30,19.900000000000002,0,0,0
2006,5,31,4,30,20.8,0,0,0
2006,5,31,5,30,24.400000000000002,390,117,0
2006,5,31,6,30,29.200000000000003,648,324,0
2006,5,31,7,30,32.7,779,543,0
2006,5,31,8,30,35,854,742,0
2006,5,31,9,30,36.6,898,902,0
2006,5,31,10,30,37.800000000000004,938,1014,0
2006,5,31,11,30,38.6,947,1061,0
2006,5,31,12,30,39,945,1044,0
2006,5,31,13,30,39.1,935,964,0
2006,5,31,14,30,38.7,905,827,0
2006,5,31,15,30,37.7,850,643,0
2006,5,31,16,30,36.2,755,429,0
2006,5,31,17,30,32.9,580,212,0
2006,5,31,18,30,29.200000000000003,182,32,0
2006,5,31,19,30,26.700000000000003,0,0,0
2006,5,31,20,30,25,0,0,0
2006,5,31,21,30,23.8,0,0,0
2006,5,31,22,30,23,0,0,0
2006,5,31,23,30,22.5,0,0,0
2006,6,1,0,30,22.200000000000003,0,0,0
2006,6,1,1,30,22,0,0,0
2006,6,1,2,30,22,0,0,0
2006,6,1,3,30,22.3,0,0,0
2006,6,1,4,30,23.5,0,0,0
2006,6,1,5,30,26.700000000000003,470,123,0
2006,6,1,6,30,30.900000000000002,716,334,0
2006,6,1,7,30,34.4,835,553,0
2006,6,1,8,30,36.800000000000004,901,752,0
2006,6,1,9,30,38.400000000000006,940,912,0
2006,6,1,10,30,39.5,954,1015,0
2006,6,1,11,30,40.300000000000004,961,1062,0
2006,6,1,12,30,40.6,956,1044,0
2006,6,1,13,30,40.5,917,955,0
2006,6,1,14,30,39.900000000000006,888,819,0
2006,6,1,15,30,38.800000000000004,835,637,0
2006,6,1,16,30,37.1,747,428,0
2006,6,1,17,30,33.7,576,212,0
2006,6,1,18,30,29.6,191,33,0
2006,6,1,19,30,27.1,0,0,0
2006,6,1,20,30,25.5,0,0,0
2006,6,1,21,30,24.400000000000002,0,0,0
2006,6,1,22,30,23.6,0,0,0
2006,6,1,23,30,23,0,0,0
2006,6,2,0,30,22.6,0,0,0
2006,6,2,1,30,22.400000000000002,0,0,0
2006,6,2,2,30,22.400000000000002,0,0,0
2006,6,2,3,30,22.5,0,0,0
2006,6,2,4,30,23.8,0,0,0
2006,6,2,5,30,27.400000000000002,409,118,0
2006,6,2,6,30,31.900000000000002,649,323,0
2006,6,2,7,30,35.4,768,536,0
2006,6,2,8,30,37.9,834,729,0
2006,6,2,9,30,39.5,875,886,0
2006,6,2,10,30,40.6,906,992,0
2006,6,2,11,30,41.400000000000006,915,1037,0
2006,6,2,12,30,41.7,911,1017,0
2006,6,2,13,30,41.7,899,939,0
2006,6,2,14,30,41.2,868,805,0
2006,6,2,15,30,40.1,557,624,2
2006,6,2,16,30,38.400000000000006,721,420,0
2006,6,2,17,30,35,547,208,0
2006,6,2,18,30,31,175,33,0
2006,6,2,19,30,28.5,0,0,0
2006,6,2,20,30,27.3,0,0,0
2006,6,2,21,30,26.400000000000002,0,0,0
2006,6,2,22,30,25.700000000000003,0,0,0
2006,6,2,23,30,25,0,0,0
2006,6,3,0,30,24.5,0,0,1
2006,6,3,1,30,24.1,0,0,3
2006,6,3,2,30,23.8,0,0,0
2006,6,3,3,30,23.6,0,0,0
2006,6,3,4,30,24.6,0,0,0
2006,6,3,5,30,27.8,420,119,0
2006,6,3,6,30,32.2,668,325,0
2006,6,3,7,30,36.300000000000004,792,540,0
2006,6,3,8,30,39.300000000000004,863,737,0
2006,6,3,9,30,41.1,903,895,0
2006,6,3,10,30,42.400000000000006,928,1002,0
2006,6,3,11,30,43.1,938,1049,0
2006,6,3,12,30,43.400000000000006,932,1029,0
2006,6,3,13,30,43.300000000000004,896,945,0
2006,6,3,14,30,42.800000000000004,869,811,0
2006,6,3,15,30,41.800000000000004,818,631,0
2006,6,3,16,30,40.2,728,424,0
2006,6,3,17,30,36.7,562,211,0
2006,6,3,18,30,32.5,185,34,0
2006,6,3,19,30,30.200000000000003,0,0,0
2006,6,3,20,30,29,0,0,0
2006,6,3,21,30,28.1,0,0,0
2006,6,3,22,30,27.400000000000002,0,0,0
2006,6,3,23,30,26.900000000000002,0,0,0
2006,6,4,0,30,26.400000000000002,0,0,0
2006,6,4,1,30,25.900000000000002,0,0,0
2006,6,4,2,30,25.6,0,0,0
2006,6,4,3,30,25.3,0,0,1
2006,6,4,4,30,26.200000000000003,0,0,0
2006,6,4,5,30,29.8,344,113,0
2006,6,4,6,30,34.4,605,314,0
2006,6,4,7,30,38.400000000000006,755,531,0
2006,6,4,8,30,41.2,842,729,0
2006,6,4,9,30,42.7,884,885,0
2006,6,4,10,30,43.6,900,989,0
2006,6,4,11,30,44.1,905,1033,0
2006,6,4,12,30,44.300000000000004,682,979,2
2006,6,4,13,30,44.1,889,936,1
2006,6,4,14,30,43.400000000000006,853,800,0
2006,6,4,15,30,42.2,796,622,0
2006,6,4,16,30,40.400000000000006,686,414,0
2006,6,4,17,30,37.2,514,205,0
2006,6,4,18,30,33.2,159,34,0
2006,6,4,19,30,30.400000000000002,0,0,0
2006,6,4,20,30,28.700000000000003,0,0,0
2006,6,4,21,30,27.400000000000002,0,0,3
2006,6,4,22,30,26.5,0,0,1
2006,6,4,23,30,25.8,0,0,0
2006,6,5,0,30,25.200000000000003,0,0,0
2006,6,5,1,30,24.6,0,0,0
2006,6,5,2,30,23.900000000000002,0,0,3
2006,6,5,3,30,23.400000000000002,0,0,1
2006,6,5,4,30,24.200000000000003,0,0,1
2006,6,5,5,30,27.3,432,121,1
2006,6,5,6,30,31.200000000000003,676,327,0
2006,6,5,7,30,34.9,794,540,0
2006,6,5,8,30,38,864,735,0
2006,6,5,9,30,40.1,906,894,0
2006,6,5,10,30,41.5,920,996,0
2006,6,5,11,30,42.2,926,1040,0
2006,6,5,12,30,42.2,918,1020,0
2006,6,5,13,30,41.900000000000006,900,940,0
2006,6,5,14,30,41.1,863,804,0
2006,6,5,15,30,39.900000000000006,803,624,0
2006,6,5,16,30,38.1,708,419,0
2006,6,5,17,30,35.300000000000004,532,208,0
2006,6,5,18,30,31.900000000000002,172,35,0
2006,6,5,19,30,29.200000000000003,0,0,0
2006,6,5,20,30,27.5,0,0,7
2006,6,5,21,30,26.400000000000002,0,0,7
2006,6,5,22,30,25.700000000000003,0,0,7
2006,6,5,23,30,25.200000000000003,0,0,7
2006,6,6,0,30,25,0,0,7
2006,6,6,1,30,24.6,0,0,8
2006,6,6,2,30,24.200000000000003,0,0,0
2006,6,6,3,30,24.1,0,0,1
2006,6,6,4,30,25.200000000000003,0,0,7
2006,6,6,5,30,27.700000000000003,1,38,7
2006,6,6,6,30,31.3,523,302,8
2006,6,6,7,30,34.7,4,162,6
2006,6,6,8,30,37,227,505,7
2006,6,6,9,30,38.5,534,742,8
2006,6,6,10,30,39.2,430,796,7
2006,6,6,11,30,38.7,142,665,6
2006,6,6,12,30,37.2,260,773,8
2006,6,6,13,30,35.800000000000004,492,830,8
2006,6,6,14,30,35.5,334,628,8
2006,6,6,15,30,35.6,700,595,0
2006,6,6,16,30,35.2,390,399,2
2006,6,6,17,30,33.300000000000004,497,203,8
2006,6,6,18,30,30.3,0,25,3
2006,6,6,19,30,28.1,0,0,3
2006,6,6,20,30,27,0,0,7
2006,6,6,21,30,26,0,0,3
2006,6,6,22,30,25,0,0,7
2006,6,6,23,30,24.1,0,0,7
2006,6,7,0,30,23.6,0,0,0
2006,6,7,1,30,23.5,0,0,0
2006,6,7,2,30,23.6,0,0,0
2006,6,7,3,30,23.8,0,0,0
2006,6,7,4,30,24.900000000000002,0,0,0
2006,6,7,5,30,27.400000000000002,307,110,0
2006,6,7,6,30,30.6,557,303,0
2006,6,7,7,30,33.5,695,511,0
2006,6,7,8,30,35.800000000000004,772,699,0
2006,6,7,9,30,37.5,818,853,0
2006,6,7,10,30,38.800000000000004,846,957,0
2006,6,7,11,30,39.5,851,1000,0
2006,6,7,12,30,39.800000000000004,717,919,8
2006,6,7,13,30,39.6,154,562,6
2006,6,7,14,30,38.900000000000006,210,514,6
2006,6,7,15,30,37.9,440,530,8
2006,6,7,16,30,36.4,629,402,2
2006,6,7,17,30,34.2,447,199,1
2006,6,7,18,30,31.400000000000002,116,33,0
2006,6,7,19,30,29.3,0,0,0
2006,6,7,20,30,28.1,0,0,0
2006,6,7,21,30,27.1,0,0,0
2006,6,7,22,30,26.1,0,0,0
2006,6,7,23,30,25.200000000000003,0,0,0
2006,6,8,0,30,24.5,0,0,0
2006,6,8,1,30,23.8,0,0,0
2006,6,8,2,30,23.200000000000003,0,0,0
2006,6,8,3,30,22.8,0,0,0
2006,6,8,4,30,23.5,0,0,0
2006,6,8,5,30,25.900000000000002,297,107,0
2006,6,8,6,30,29.1,545,300,0
2006,6,8,7,30,32.1,684,507,0
2006,6,8,8,30,34.1,764,697,0
2006,6,8,9,30,35.7,812,851,0
2006,6,8,10,30,37,848,957,0
2006,6,8,11,30,38,855,1001,0
2006,6,8,12,30,38.5,731,925,8
2006,6,8,13,30,38.5,1,186,6
2006,6,8,14,30,38.1,497,688,8
2006,6,8,15,30,37.2,558,595,8
2006,6,8,16,30,35.800000000000004,602,400,0
2006,6,8,17,30,33.7,426,198,0
2006,6,8,18,30,31,106,34,0
2006,6,8,19,30,28.700000000000003,0,0,0
2006,6,8,20,30,27.3,0,0,0
2006,6,8,21,30,26.200000000000003,0,0,0
2006,6,8,22,30,25.3,0,0,0
2006,6,8,23,30,24.5,0,0,0
2006,6,9,0,30,23.8,0,0,0
2006,6,9,1,30,23.200000000000003,0,0,0
2006,6,9,2,30,22.700000000000003,0,0,0
2006,6,9,3,30,22.400000000000002,0,0,0
2006,6,9,4,30,23.400000000000002,0,0,0
2006,6,9,5,30,26,333,112,0
2006,6,9,6,30,29.400000000000002,584,309,0
2006,6,9,7,30,32.5,716,517,0
2006,6,9,8,30,34.4,793,709,0
2006,6,9,9,30,35.800000000000004,839,864,0
2006,6,9,10,30,36.9,874,972,0
2006,6,9,11,30,37.5,888,1021,0
2006,6,9,12,30,37.9,887,1006,0
2006,6,9,13,30,37.800000000000004,882,934,0
2006,6,9,14,30,37.2,861,807,0
2006,6,9,15,30,35.9,813,633,0
2006,6,9,16,30,34,727,430,0
2006,6,9,17,30,31.1,565,219,0
2006,6,9,18,30,27.6,197,40,0
2006,6,9,19,30,24.8,0,0,0
2006,6,9,20,30,23,0,0,0
2006,6,9,21,30,21.6,0,0,0
2006,6,9,22,30,20.400000000000002,0,0,0
2006,6,9,23,30,19.6,0,0,0
2006,6,10,0,30,19.1,0,0,0
2006,6,10,1,30,18.6,0,0,0
2006,6,10,2,30,18.1,0,0,0
2006,6,10,3,30,17.7,0,0,0
2006,6,10,4,30,18.400000000000002,0,0,0
2006,6,10,5,30,21,393,120,0
2006,6,10,6,30,24.700000000000003,666,329,0
2006,6,10,7,30,29,803,548,0
2006,6,10,8,30,32.4,878,747,0
2006,6,10,9,30,34.6,921,908,0
2006,6,10,10,30,36.1,943,1013,0
2006,6,10,11,30,36.9,952,1061,0
2006,6,10,12,30,37.300000000000004,945,1043,0
2006,6,10,13,30,37.1,927,964,0
2006,6,10,14,30,36.6,896,827,0
2006,6,10,15,30,35.4,842,646,0
2006,6,10,16,30,33.7,753,438,0
2006,6,10,17,30,30.700000000000003,585,224,0
2006,6,10,18,30,27.1,211,42,0
2006,6,10,19,30,24.400000000000002,0,0,0
2006,6,10,20,30,22.8,0,0,0
2006,6,10,21,30,21.5,0,0,0
2006,6,10,22,30,20.400000000000002,0,0,0
2006,6,10,23,30,19.5,0,0,0
2006,6,11,0,30,18.8,0,0,0
2006,6,11,1,30,18.3,0,0,0
2006,6,11,2,30,18,0,0,0
2006,6,11,3,30,17.7,0,0,0
2006,6,11,4,30,18.8,0,0,0
2006,6,11,5,30,21.8,398,120,0
2006,6,11,6,30,25.5,657,328,0
2006,6,11,7,30,28.900000000000002,784,545,0
2006,6,11,8,30,31.700000000000003,851,743,0
2006,6,11,9,30,33.7,890,902,0
2006,6,11,10,30,35,936,1017,0
2006,6,11,11,30,35.7,939,1061,0
2006,6,11,12,30,36.1,930,1041,0
2006,6,11,13,30,36.2,914,963,0
2006,6,11,14,30,35.9,879,827,0
2006,6,11,15,30,34.800000000000004,818,645,0
2006,6,11,16,30,33.1,724,436,0
2006,6,11,17,30,30.1,548,221,0
2006,6,11,18,30,26.400000000000002,176,41,0
2006,6,11,19,30,23.700000000000003,0,0,0
2006,6,11,20,30,22.1,0,0,0
2006,6,11,21,30,20.900000000000002,0,0,0
2006,6,11,22,30,20,0,0,0
2006,6,11,23,30,19.1,0,0,0
2006,6,12,0,30,18.400000000000002,0,0,0
2006,6,12,1,30,17.8,0,0,0
2006,6,12,2,30,17.2,0,0,0
2006,6,12,3,30,16.6,0,0,0
2006,6,12,4,30,17.2,0,0,0
2006,6,12,5,30,19.3,447,125,0
2006,6,12,6,30,22.8,710,339,0
2006,6,12,7,30,26.900000000000002,837,560,0
2006,6,12,8,30,30.6,909,762,0
2006,6,12,9,30,33.300000000000004,946,919,0
2006,6,12,10,30,35.2,971,1030,0
2006,6,12,11,30,36.1,977,1074,0
2006,6,12,12,30,36.5,972,1055,0
2006,6,12,13,30,36.4,944,971,0
2006,6,12,14,30,35.800000000000004,915,835,0
2006,6,12,15,30,34.7,865,655,0
2006,6,12,16,30,32.9,781,447,0
2006,6,12,17,30,30,615,229,0
2006,6,12,18,30,26.3,257,45,0
2006,6,12,19,30,23.700000000000003,0,0,0
2006,6,12,20,30,22.3,0,0,0
2006,6,12,21,30,21.3,0,0,0
2006,6,12,22,30,20.8,0,0,0
2006,6,12,23,30,20.6,0,0,0
2006,6,13,0,30,20.5,0,0,3
2006,6,13,1,30,20.3,0,0,3
2006,6,13,2,30,20.1,0,0,7
2006,6,13,3,30,20,0,0,7
2006,6,13,4,30,21.200000000000003,0,0,7
2006,6,13,5,30,23.700000000000003,8,83,4
2006,6,13,6,30,26.8,141,253,3
2006,6,13,7,30,29.8,257,438,3
2006,6,13,8,30,32.300000000000004,802,712,1
2006,6,13,9,30,34.1,854,868,0
2006,6,13,10,30,35.2,910,983,0
2006,6,13,11,30,35.7,932,1035,0
2006,6,13,12,30,35.6,937,1024,0
2006,6,13,13,30,35,936,957,0
2006,6,13,14,30,33.9,923,834,0
2006,6,13,15,30,32.2,890,664,0
2006,6,13,16,30,30,824,460,0
2006,6,13,17,30,27.1,683,243,0
2006,6,13,18,30,24.1,336,51,0
2006,6,13,19,30,21.8,0,0,0
2006,6,13,20,30,20.6,0,0,0
2006,6,13,21,30,19.8,0,0,0
2006,6,13,22,30,19.1,0,0,0
2006,6,13,23,30,18.6,0,0,0
2006,6,14,0,30,18.1,0,0,0
2006,6,14,1,30,17.7,0,0,0
2006,6,14,2,30,17.400000000000002,0,0,0
2006,6,14,3,30,17.1,0,0,0
2006,6,14,4,30,18.1,0,0,0
2006,6,14,5,30,21.200000000000003,538,132,0
2006,6,14,6,30,25.3,761,343,0
2006,6,14,7,30,28.8,867,561,0
2006,6,14,8,30,31.3,921,755,0
2006,6,14,9,30,33.4,955,915,0
2006,6,14,10,30,35.2,961,1017,0
2006,6,14,11,30,36.6,966,1062,0
2006,6,14,12,30,37.5,958,1044,0
2006,6,14,13,30,37.800000000000004,937,964,0
2006,6,14,14,30,37.4,905,827,0
2006,6,14,15,30,36.2,854,647,0
2006,6,14,16,30,34.300000000000004,770,441,0
2006,6,14,17,30,31.3,611,228,0
2006,6,14,18,30,27.700000000000003,261,46,0
2006,6,14,19,30,25.200000000000003,0,0,0
2006,6,14,20,30,23.900000000000002,0,0,0
2006,6,14,21,30,22.900000000000002,0,0,0
2006,6,14,22,30,22.200000000000003,0,0,0
2006,6,14,23,30,21.6,0,0,0
2006,6,15,0,30,21.200000000000003,0,0,0
2006,6,15,1,30,20.900000000000002,0,0,0
2006,6,15,2,30,20.5,0,0,0
2006,6,15,3,30,20,0,0,0
2006,6,15,4,30,20.700000000000003,0,0,0
2006,6,15,5,30,23.1,433,119,0
2006,6,15,6,30,26.3,682,322,0
2006,6,15,7,30,29.3,801,534,0
2006,6,15,8,30,31.5,874,729,0
2006,6,15,9,30,33.4,915,886,0
2006,6,15,10,30,35,932,990,0
2006,6,15,11,30,36.1,942,1038,0
2006,6,15,12,30,36.7,937,1022,0
2006,6,15,13,30,36.800000000000004,920,948,0
2006,6,15,14,30,36.5,890,817,0
2006,6,15,15,30,35.7,839,642,0
2006,6,15,16,30,34.4,748,438,0
2006,6,15,17,30,31.900000000000002,596,227,0
2006,6,15,18,30,28.400000000000002,256,47,0
2006,6,15,19,30,26,0,0,0
2006,6,15,20,30,24.8,0,0,0
2006,6,15,21,30,23.900000000000002,0,0,0
2006,6,15,22,30,23.3,0,0,0
2006,6,15,23,30,23,0,0,0
2006,6,16,0,30,22.700000000000003,0,0,0
2006,6,16,1,30,22.5,0,0,0
2006,6,16,2,30,22.1,0,0,0
2006,6,16,3,30,21.700000000000003,0,0,0
2006,6,16,4,30,22.8,0,0,0
2006,6,16,5,30,26.3,464,122,0
2006,6,16,6,30,30.1,710,329,0
2006,6,16,7,30,32.7,827,545,0
2006,6,16,8,30,34.5,893,741,0
2006,6,16,9,30,36,930,901,0
2006,6,16,10,30,37.2,946,1008,0
2006,6,16,11,30,38.2,953,1056,0
2006,6,16,12,30,38.800000000000004,949,1042,0
2006,6,16,13,30,39,934,965,0
2006,6,16,14,30,38.900000000000006,903,832,0
2006,6,16,15,30,38.2,855,657,0
2006,6,16,16,30,36.9,763,448,0
2006,6,16,17,30,34,601,232,0
2006,6,16,18,30,30.400000000000002,243,47,0
2006,6,16,19,30,28.400000000000002,0,0,0
2006,6,16,20,30,27.5,0,0,0
2006,6,16,21,30,26.700000000000003,0,0,0
2006,6,16,22,30,26,0,0,0
2006,6,16,23,30,25.5,0,0,0
2006,6,17,0,30,25,0,0,0
2006,6,17,1,30,24.700000000000003,0,0,0
2006,6,17,2,30,24.5,0,0,0
2006,6,17,3,30,24.400000000000002,0,0,0
2006,6,17,4,30,25.6,0,0,0
2006,6,17,5,30,29.200000000000003,465,123,0
2006,6,17,6,30,33.5,703,328,0
2006,6,17,7,30,36.6,821,542,0
2006,6,17,8,30,38.7,888,738,0
2006,6,17,9,30,40.2,927,897,0
2006,6,17,10,30,41.300000000000004,944,1002,0
2006,6,17,11,30,42.1,952,1051,0
2006,6,17,12,30,42.6,949,1037,0
2006,6,17,13,30,42.6,924,959,0
2006,6,17,14,30,42.2,894,827,0
2006,6,17,15,30,41.300000000000004,839,648,0
2006,6,17,16,30,39.7,754,443,0
2006,6,17,17,30,36.6,592,229,0
2006,6,17,18,30,32.6,248,47,0
2006,6,17,19,30,30,0,0,0
2006,6,17,20,30,28.6,0,0,0
2006,6,17,21,30,27.5,0,0,0
2006,6,17,22,30,26.8,0,0,0
2006,6,17,23,30,26.400000000000002,0,0,0
2006,6,18,0,30,25.900000000000002,0,0,0
2006,6,18,1,30,25.400000000000002,0,0,0
2006,6,18,2,30,25,0,0,0
2006,6,18,3,30,24.6,0,0,0
2006,6,18,4,30,25.700000000000003,0,0,0
2006,6,18,5,30,28.900000000000002,430,118,0
2006,6,18,6,30,32.800000000000004,669,320,0
2006,6,18,7,30,36.4,790,531,0
2006,6,18,8,30,38.800000000000004,856,725,0
2006,6,18,9,30,40.5,895,882,0
2006,6,18,10,30,41.7,908,985,0
2006,6,18,11,30,42.400000000000006,915,1035,0
2006,6,18,12,30,42.6,911,1020,0
2006,6,18,13,30,42.400000000000006,906,947,0
2006,6,18,14,30,41.800000000000004,875,817,0
2006,6,18,15,30,40.7,823,643,0
2006,6,18,16,30,39,734,439,0
2006,6,18,17,30,36.1,580,229,0
2006,6,18,18,30,32.6,243,48,0
2006,6,18,19,30,29.900000000000002,0,0,0
2006,6,18,20,30,28.200000000000003,0,0,0
2006,6,18,21,30,26.900000000000002,0,0,0
2006,6,18,22,30,26.200000000000003,0,0,0
2006,6,18,23,30,25.700000000000003,0,0,0
2006,6,19,0,30,25.200000000000003,0,0,0
2006,6,19,1,30,24.700000000000003,0,0,0
2006,6,19,2,30,24.200000000000003,0,0,0
2006,6,19,3,30,23.700000000000003,0,0,0
2006,6,19,4,30,24.8,0,0,0
2006,6,19,5,30,27.700000000000003,444,119,0
2006,6,19,6,30,31.200000000000003,681,322,0
2006,6,19,7,30,34.5,799,533,0
2006,6,19,8,30,37,866,725,0
2006,6,19,9,30,39.1,904,880,0
2006,6,19,10,30,40.6,925,985,0
2006,6,19,11,30,41.400000000000006,932,1032,0
2006,6,19,12,30,41.800000000000004,927,1016,0
2006,6,19,13,30,41.7,903,939,0
2006,6,19,14,30,41.1,877,811,0
2006,6,19,15,30,39.900000000000006,831,638,0
2006,6,19,16,30,37.9,744,437,0
2006,6,19,17,30,35.2,598,229,0
2006,6,19,18,30,31.8,272,49,0
2006,6,19,19,30,28.900000000000002,0,0,0
2006,6,19,20,30,27,0,0,0
2006,6,19,21,30,25.8,0,0,0
2006,6,19,22,30,25.200000000000003,0,0,0
2006,6,19,23,30,24.8,0,0,0
2006,6,20,0,30,24.3,0,0,0
2006,6,20,1,30,23.8,0,0,0
2006,6,20,2,30,23.400000000000002,0,0,0
2006,6,20,3,30,23.200000000000003,0,0,0
2006,6,20,4,30,24.400000000000002,0,0,0
2006,6,20,5,30,27.8,519,125,0
2006,6,20,6,30,32,745,333,0
2006,6,20,7,30,35.4,858,548,0
2006,6,20,8,30,37.800000000000004,917,744,0
2006,6,20,9,30,39.5,952,903,0
2006,6,20,10,30,40.7,964,1010,0
2006,6,20,11,30,41.5,967,1056,0
2006,6,20,12,30,41.800000000000004,964,1043,0
2006,6,20,13,30,41.7,948,967,0
2006,6,20,14,30,41.1,918,835,0
2006,6,20,15,30,40.1,872,661,0
2006,6,20,16,30,38.400000000000006,787,454,0
2006,6,20,17,30,35.4,634,239,0
2006,6,20,18,30,31.400000000000002,287,51,0
2006,6,20,19,30,28.6,0,0,0
2006,6,20,20,30,26.900000000000002,0,0,0
2006,6,20,21,30,25.5,0,0,0
2006,6,20,22,30,24.6,0,0,0
2006,6,20,23,30,23.900000000000002,0,0,0
2006,6,21,0,30,23.6,0,0,0
2006,6,21,1,30,23.400000000000002,0,0,0
2006,6,21,2,30,23.3,0,0,0
2006,6,21,3,30,23.5,0,0,0
2006,6,21,4,30,24.8,0,0,0
2006,6,21,5,30,28,516,127,0
2006,6,21,6,30,32.1,755,340,0
2006,6,21,7,30,35.300000000000004,865,560,0
2006,6,21,8,30,37.5,923,756,0
2006,6,21,9,30,39.1,960,918,0
2006,6,21,10,30,40.300000000000004,978,1028,0
2006,6,21,11,30,41.1,986,1079,0
2006,6,21,12,30,41.5,979,1061,0
2006,6,21,13,30,41.5,960,983,0
2006,6,21,14,30,41.1,928,847,0
2006,6,21,15,30,40.2,881,670,0
2006,6,21,16,30,38.800000000000004,796,461,0
2006,6,21,17,30,35.7,638,242,0
2006,6,21,18,30,31.700000000000003,294,53,0
2006,6,21,19,30,29,0,0,0
2006,6,21,20,30,27.5,0,0,0
2006,6,21,21,30,26.400000000000002,0,0,0
2006,6,21,22,30,25.8,0,0,0
2006,6,21,23,30,25.5,0,0,0
2006,6,22,0,30,25.3,0,0,0
2006,6,22,1,30,25.400000000000002,0,0,0
2006,6,22,2,30,25.8,0,0,0
2006,6,22,3,30,26.5,0,0,0
2006,6,22,4,30,27.8,0,0,0
2006,6,22,5,30,30.700000000000003,438,120,0
2006,6,22,6,30,34.5,681,325,0
2006,6,22,7,30,37.5,812,542,0
2006,6,22,8,30,39.400000000000006,880,740,0
2006,6,22,9,30,40.800000000000004,916,897,0
2006,6,22,10,30,41.900000000000006,940,1007,0
2006,6,22,11,30,42.6,948,1057,0
2006,6,22,12,30,43,941,1041,0
2006,6,22,13,30,43,923,962,0
2006,6,22,14,30,42.6,892,831,0
2006,6,22,15,30,41.7,836,652,0
2006,6,22,16,30,40.2,753,447,0
2006,6,22,17,30,37.300000000000004,592,233,0
2006,6,22,18,30,33.6,248,50,0
2006,6,22,19,30,31.1,0,0,0
2006,6,22,20,30,29.6,0,0,0
2006,6,22,21,30,28.700000000000003,0,0,0
2006,6,22,22,30,28.200000000000003,0,0,0
2006,6,22,23,30,27.8,0,0,0
2006,6,23,0,30,27.400000000000002,0,0,0
2006,6,23,1,30,27,0,0,0
2006,6,23,2,30,26.900000000000002,0,0,0
2006,6,23,3,30,27,0,0,0
2006,6,23,4,30,27.900000000000002,0,0,0
2006,6,23,5,30,30.8,385,112,0
2006,6,23,6,30,34.7,621,308,0
2006,6,23,7,30,38.2,750,515,0
2006,6,23,8,30,40.5,813,704,0
2006,6,23,9,30,41.900000000000006,847,857,0
2006,6,23,10,30,42.900000000000006,865,960,0
2006,6,23,11,30,43.400000000000006,857,1005,0
2006,6,23,12,30,43.5,838,989,0
2006,6,23,13,30,43.400000000000006,302,764,3
2006,6,23,14,30,42.900000000000006,208,620,3
2006,6,23,15,30,42,514,573,8
2006,6,23,16,30,40.7,663,424,1
2006,6,23,17,30,38.1,489,219,1
2006,6,23,18,30,34.9,167,46,1
2006,6,23,19,30,33.1,0,0,7
2006,6,23,20,30,32.1,0,0,7
2006,6,23,21,30,31.3,0,0,7
2006,6,23,22,30,31,0,0,8
2006,6,23,23,30,30.700000000000003,0,0,7
2006,6,24,0,30,30.400000000000002,0,0,7
2006,6,24,1,30,30.3,0,0,7
2006,6,24,2,30,30.400000000000002,0,0,7
2006,6,24,3,30,30.3,0,0,0
2006,6,24,4,30,30.6,0,0,7
2006,6,24,5,30,32.7,0,61,3
2006,6,24,6,30,35.2,6,157,4
2006,6,24,7,30,36.800000000000004,214,388,8
2006,6,24,8,30,38.1,134,516,3
2006,6,24,9,30,39.6,716,818,0
2006,6,24,10,30,41.1,478,839,8
2006,6,24,11,30,42.300000000000004,623,938,8
2006,6,24,12,30,43.1,467,848,8
2006,6,24,13,30,43.5,170,611,8
2006,6,24,14,30,43.400000000000006,388,651,8
2006,6,24,15,30,42.7,551,601,8
2006,6,24,16,30,41.300000000000004,437,409,8
2006,6,24,17,30,38.7,13,145,2
2006,6,24,18,30,36,0,34,3
2006,6,24,19,30,34.300000000000004,0,0,7
2006,6,24,20,30,33.2,0,0,7
2006,6,24,21,30,32.300000000000004,0,0,7
2006,6,24,22,30,31.8,0,0,7
2006,6,24,23,30,31.3,0,0,7
2006,6,25,0,30,30.700000000000003,0,0,7
2006,6,25,1,30,30.200000000000003,0,0,8
2006,6,25,2,30,29.900000000000002,0,0,7
2006,6,25,3,30,30,0,0,7
2006,6,25,4,30,31,0,0,7
2006,6,25,5,30,33.7,0,14,8
2006,6,25,6,30,37.4,5,111,7
2006,6,25,7,30,40.400000000000006,159,361,8
2006,6,25,8,30,42.1,72,398,7
2006,6,25,9,30,43.1,297,676,7
2006,6,25,10,30,43.800000000000004,63,567,8
2006,6,25,11,30,44.400000000000006,293,767,7
2006,6,25,12,30,44.7,361,776,8
2006,6,25,13,30,44.6,220,624,8
2006,6,25,14,30,44.1,547,699,8
2006,6,25,15,30,43.1,737,613,1
2006,6,25,16,30,41.800000000000004,625,415,0
2006,6,25,17,30,39.400000000000006,65,158,8
2006,6,25,18,30,36.800000000000004,2,34,8
2006,6,25,19,30,34.9,0,0,7
2006,6,25,20,30,33.300000000000004,0,0,7
2006,6,25,21,30,32.1,0,0,8
2006,6,25,22,30,31.200000000000003,0,0,6
2006,6,25,23,30,30.6,0,0,6
2006,6,26,0,30,30.400000000000002,0,0,7
2006,6,26,1,30,30.5,0,0,7
2006,6,26,2,30,30.700000000000003,0,0,7
2006,6,26,3,30,30.700000000000003,0,0,7
2006,6,26,4,30,31.200000000000003,0,0,7
2006,6,26,5,30,32.9,6,70,7
2006,6,26,6,30,35.4,84,223,8
2006,6,26,7,30,37.6,64,296,7
2006,6,26,8,30,39.2,53,366,6
2006,6,26,9,30,40.300000000000004,223,612,7
2006,6,26,10,30,41.300000000000004,291,735,7
2006,6,26,11,30,41.800000000000004,496,868,8
2006,6,26,12,30,41.900000000000006,394,815,8
2006,6,26,13,30,41.6,452,853,3
2006,6,26,14,30,41.1,256,607,8
2006,6,26,15,30,40.2,331,533,8
2006,6,26,16,30,39.1,292,377,8
2006,6,26,17,30,37.1,312,200,0
2006,6,26,18,30,34.800000000000004,0,34,3
2006,6,26,19,30,33.300000000000004,0,0,8
2006,6,26,20,30,32.4,0,0,3
2006,6,26,21,30,31.8,0,0,8
2006,6,26,22,30,31.200000000000003,0,0,1
2006,6,26,23,30,30.700000000000003,0,0,7
2006,6,27,0,30,30.5,0,0,8
2006,6,27,1,30,30.3,0,0,7
2006,6,27,2,30,30.3,0,0,7
2006,6,27,3,30,30.6,0,0,7
2006,6,27,4,30,31.3,0,0,7
2006,6,27,5,30,32.5,0,9,7
2006,6,27,6,30,34.7,6,131,8
2006,6,27,7,30,37.5,70,331,7
2006,6,27,8,30,39.6,556,642,8
2006,6,27,9,30,40.900000000000006,287,694,7
2006,6,27,10,30,41.400000000000006,609,886,8
2006,6,27,11,30,41.2,302,773,8
2006,6,27,12,30,40.7,262,758,8
2006,6,27,13,30,40.1,508,845,8
2006,6,27,14,30,39.400000000000006,377,649,8
2006,6,27,15,30,38.800000000000004,122,467,3
2006,6,27,16,30,38.2,323,371,8
2006,6,27,17,30,36.6,218,200,8
2006,6,27,18,30,34,138,44,1
2006,6,27,19,30,32.1,0,0,1
2006,6,27,20,30,31.200000000000003,0,0,0
2006,6,27,21,30,30.8,0,0,0
2006,6,27,22,30,30.6,0,0,3
2006,6,27,23,30,30.400000000000002,0,0,3
2006,6,28,0,30,30.200000000000003,0,0,4
2006,6,28,1,30,30,0,0,4
2006,6,28,2,30,29.8,0,0,3
2006,6,28,3,30,29.5,0,0,3
2006,6,28,4,30,29.900000000000002,0,0,8
2006,6,28,5,30,31.700000000000003,30,85,3
2006,6,28,6,30,34,529,286,0
2006,6,28,7,30,35.9,659,486,0
2006,6,28,8,30,37.6,738,673,0
2006,6,28,9,30,39.1,783,824,0
2006,6,28,10,30,40.1,783,924,0
2006,6,28,11,30,40.5,662,910,8
2006,6,28,12,30,40.2,0,163,6
2006,6,28,13,30,39.7,333,725,8
2006,6,28,14,30,38.900000000000006,8,291,6
2006,6,28,15,30,38,365,537,8
2006,6,28,16,30,37.2,331,373,8
2006,6,28,17,30,35.9,398,208,0
2006,6,28,18,30,33.800000000000004,123,44,0
2006,6,28,19,30,31.900000000000002,0,0,0
2006,6,28,20,30,30.8,0,0,0
2006,6,28,21,30,29.900000000000002,0,0,0
2006,6,28,22,30,29.200000000000003,0,0,0
2006,6,28,23,30,28.6,0,0,0
2006,6,29,0,30,28.200000000000003,0,0,0
2006,6,29,1,30,27.900000000000002,0,0,0
2006,6,29,2,30,27.700000000000003,0,0,0
2006,6,29,3,30,27.700000000000003,0,0,1
2006,6,29,4,30,28.8,0,0,0
2006,6,29,5,30,31.700000000000003,312,100,1
2006,6,29,6,30,35.1,128,235,3
2006,6,29,7,30,37.6,312,388,8
2006,6,29,8,30,39.300000000000004,800,686,0
2006,6,29,9,30,40.7,841,839,0
2006,6,29,10,30,41.800000000000004,855,943,1
2006,6,29,11,30,42.400000000000006,681,948,2
2006,6,29,12,30,42.400000000000006,653,938,2
2006,6,29,13,30,42.1,839,909,0
2006,6,29,14,30,41.5,601,781,2
2006,6,29,15,30,40.6,721,611,0
2006,6,29,16,30,39.6,635,417,0
2006,6,29,17,30,37.800000000000004,480,217,0
2006,6,29,18,30,35.300000000000004,1,36,2
2006,6,29,19,30,33.1,0,0,1
2006,6,29,20,30,31.700000000000003,0,0,1
2006,6,29,21,30,30.5,0,0,1
2006,6,29,22,30,29.6,0,0,0
2006,6,29,23,30,29.1,0,0,3
2006,6,30,0,30,28.700000000000003,0,0,1
2006,6,30,1,30,28.3,0,0,1
2006,6,30,2,30,28.1,0,0,3
2006,6,30,3,30,27.900000000000002,0,0,3
2006,6,30,4,30,29.1,0,0,1
2006,6,30,5,30,32.1,357,102,0
2006,6,30,6,30,35.9,594,291,0
2006,6,30,7,30,38.900000000000006,718,494,0
2006,6,30,8,30,40.800000000000004,788,681,0
2006,6,30,9,30,42.400000000000006,829,835,0
2006,6,30,10,30,43.400000000000006,828,935,0
2006,6,30,11,30,43.900000000000006,822,982,0
2006,6,30,12,30,43.800000000000004,798,965,0
2006,6,30,13,30,43.300000000000004,797,898,0
2006,6,30,14,30,42.6,747,771,0
2006,6,30,15,30,41.6,679,604,1
2006,6,30,16,30,40.5,615,415,0
2006,6,30,17,30,38.7,464,216,0
2006,6,30,18,30,35.9,180,47,0
2006,6,30,19,30,33.6,0,0,0
2006,6,30,20,30,32.4,0,0,0
2006,6,30,21,30,31.5,0,0,0
2006,6,30,22,30,30.8,0,0,0
2006,6,30,23,30,30.200000000000003,0,0,0
2006,7,1,0,30,29.8,0,0,0
2006,7,1,1,30,29.5,0,0,0
2006,7,1,2,30,29.3,0,0,0
2006,7,1,3,30,29.200000000000003,0,0,0
2006,7,1,4,30,30.3,0,0,0
2006,7,1,5,30,33.300000000000004,302,98,0
2006,7,1,6,30,37.1,543,284,0
2006,7,1,7,30,40,692,489,0
2006,7,1,8,30,41.900000000000006,764,677,0
2006,7,1,9,30,43.300000000000004,805,831,0
2006,7,1,10,30,44.300000000000004,837,940,0
2006,7,1,11,30,44.900000000000006,838,988,0
2006,7,1,12,30,44.800000000000004,823,973,1
2006,7,1,13,30,44.300000000000004,333,721,7
2006,7,1,14,30,43.400000000000006,18,316,6
2006,7,1,15,30,42.300000000000004,72,341,7
2006,7,1,16,30,41,314,381,8
2006,7,1,17,30,39.2,7,106,8
2006,7,1,18,30,36.7,89,40,8
2006,7,1,19,30,34.7,0,0,1
2006,7,1,20,30,33.300000000000004,0,0,0
2006,7,1,21,30,32.300000000000004,0,0,0
2006,7,1,22,30,31.400000000000002,0,0,0
2006,7,1,23,30,30.6,0,0,0
2006,7,2,0,30,30,0,0,0
2006,7,2,1,30,29.5,0,0,0
2006,7,2,2,30,29.200000000000003,0,0,0
2006,7,2,3,30,29,0,0,0
2006,7,2,4,30,29.900000000000002,0,0,0
2006,7,2,5,30,32.7,265,94,0
2006,7,2,6,30,36.300000000000004,502,279,0
2006,7,2,7,30,39.300000000000004,658,484,0
2006,7,2,8,30,41.2,726,670,0
2006,7,2,9,30,42.6,761,821,0
2006,7,2,10,30,43.5,830,935,0
2006,7,2,11,30,44,829,981,1
2006,7,2,12,30,44.1,750,921,8
2006,7,2,13,30,43.7,3,278,6
2006,7,2,14,30,42.7,725,764,1
2006,7,2,15,30,41.400000000000006,0,91,6
2006,7,2,16,30,39.900000000000006,21,193,6
2006,7,2,17,30,38.2,56,155,8
2006,7,2,18,30,36.4,3,38,7
2006,7,2,19,30,34.800000000000004,0,0,7
2006,7,2,20,30,33.6,0,0,7
2006,7,2,21,30,32.7,0,0,7
2006,7,2,22,30,31.900000000000002,0,0,7
2006,7,2,23,30,31.3,0,0,7
2006,7,3,0,30,30.700000000000003,0,0,7
2006,7,3,1,30,30.1,0,0,3
2006,7,3,2,30,29.5,0,0,7
2006,7,3,3,30,28.900000000000002,0,0,7
2006,7,3,4,30,29.3,0,0,4
2006,7,3,5,30,31.1,5,57,7
2006,7,3,6,30,33.7,148,227,8
2006,7,3,7,30,36,617,471,1
2006,7,3,8,30,37.6,693,655,1
2006,7,3,9,30,38.900000000000006,437,701,8
2006,7,3,10,30,39.7,312,720,8
2006,7,3,11,30,39.900000000000006,14,410,7
2006,7,3,12,30,39.7,498,846,8
2006,7,3,13,30,39.7,96,559,6
2006,7,3,14,30,39.300000000000004,345,636,8
2006,7,3,15,30,38.400000000000006,25,298,8
2006,7,3,16,30,37.300000000000004,151,313,8
2006,7,3,17,30,35.7,0,10,7
2006,7,3,18,30,34,1,32,7
2006,7,3,19,30,32.7,0,0,7
2006,7,3,20,30,31.900000000000002,0,0,7
2006,7,3,21,30,31.3,0,0,8
2006,7,3,22,30,30.8,0,0,4
2006,7,3,23,30,30.400000000000002,0,0,4
2006,7,4,0,30,29.8,0,0,4
2006,7,4,1,30,29.1,0,0,4
2006,7,4,2,30,28.5,0,0,7
2006,7,4,3,30,28.1,0,0,3
2006,7,4,4,30,28.6,0,0,3
2006,7,4,5,30,30.400000000000002,0,27,4
2006,7,4,6,30,33.5,93,218,3
2006,7,4,7,30,36.5,599,339,8
2006,7,4,8,30,38.400000000000006,20,286,8
2006,7,4,9,30,39.7,113,523,4
2006,7,4,10,30,40.2,554,805,8
2006,7,4,11,30,40,714,927,8
2006,7,4,12,30,39.400000000000006,42,449,8
2006,7,4,13,30,38.900000000000006,6,282,7
2006,7,4,14,30,38.400000000000006,334,608,7
2006,7,4,15,30,37.7,89,381,7
2006,7,4,16,30,36.9,295,337,8
2006,7,4,17,30,35.5,499,216,0
2006,7,4,18,30,33.7,188,46,1
2006,7,4,19,30,32.2,0,0,0
2006,7,4,20,30,31.1,0,0,0
2006,7,4,21,30,30,0,0,0
2006,7,4,22,30,29,0,0,0
2006,7,4,23,30,28,0,0,0
2006,7,5,0,30,27.1,0,0,0
2006,7,5,1,30,26.400000000000002,0,0,0
2006,7,5,2,30,25.900000000000002,0,0,0
2006,7,5,3,30,25.700000000000003,0,0,0
2006,7,5,4,30,26.700000000000003,0,0,0
2006,7,5,5,30,29.5,346,96,0
2006,7,5,6,30,33,592,285,0
2006,7,5,7,30,35.9,730,489,0
2006,7,5,8,30,37.7,797,677,0
2006,7,5,9,30,39.1,839,832,0
2006,7,5,10,30,40.2,859,939,0
2006,7,5,11,30,40.900000000000006,869,989,0
2006,7,5,12,30,41.300000000000004,866,979,0
2006,7,5,13,30,41.2,817,901,0
2006,7,5,14,30,40.5,581,776,2
2006,7,5,15,30,39.400000000000006,581,588,8
2006,7,5,16,30,38.1,679,423,1
2006,7,5,17,30,36.300000000000004,513,219,0
2006,7,5,18,30,34.1,195,47,1
2006,7,5,19,30,32.2,0,0,0
2006,7,5,20,30,30.900000000000002,0,0,0
2006,7,5,21,30,29.8,0,0,0
2006,7,5,22,30,28.900000000000002,0,0,0
2006,7,5,23,30,28.1,0,0,0
2006,7,6,0,30,27.3,0,0,0
2006,7,6,1,30,26.700000000000003,0,0,0
2006,7,6,2,30,26.3,0,0,0
2006,7,6,3,30,26.1,0,0,0
2006,7,6,4,30,27.200000000000003,0,0,0
2006,7,6,5,30,30.1,365,97,0
2006,7,6,6,30,33.7,618,289,0
2006,7,6,7,30,36.5,747,495,0
2006,7,6,8,30,38.300000000000004,821,687,0
2006,7,6,9,30,39.7,861,844,0
2006,7,6,10,30,40.7,878,951,0
2006,7,6,11,30,41.300000000000004,885,1002,0
2006,7,6,12,30,41.5,881,992,1
2006,7,6,13,30,41.400000000000006,879,926,0
2006,7,6,14,30,41,852,802,0
2006,7,6,15,30,40.2,805,634,0
2006,7,6,16,30,38.900000000000006,738,438,0
2006,7,6,17,30,36.800000000000004,587,230,0
2006,7,6,18,30,33.9,262,50,0
2006,7,6,19,30,31.700000000000003,0,0,0
2006,7,6,20,30,30.3,0,0,3
2006,7,6,21,30,29.1,0,0,0
2006,7,6,22,30,28.1,0,0,0
2006,7,6,23,30,27.3,0,0,0
2006,7,7,0,30,26.700000000000003,0,0,0
2006,7,7,1,30,26.400000000000002,0,0,0
2006,7,7,2,30,26.3,0,0,0
2006,7,7,3,30,26.5,0,0,0
2006,7,7,4,30,27.900000000000002,0,0,0
2006,7,7,5,30,30.5,374,97,0
2006,7,7,6,30,34,619,289,0
2006,7,7,7,30,36.9,763,499,0
2006,7,7,8,30,38.7,826,689,0
2006,7,7,9,30,39.800000000000004,857,843,0
2006,7,7,10,30,40.6,851,942,0
2006,7,7,11,30,41.300000000000004,851,990,1
2006,7,7,12,30,41.7,400,782,7
2006,7,7,13,30,41.7,0,126,6
2006,7,7,14,30,41.2,2,195,6
2006,7,7,15,30,40.2,1,142,6
2006,7,7,16,30,38.900000000000006,33,268,2
2006,7,7,17,30,37.2,450,212,0
2006,7,7,18,30,35,131,43,1
2006,7,7,19,30,33.300000000000004,0,0,1
2006,7,7,20,30,32.6,0,0,0
2006,7,7,21,30,32.1,0,0,0
2006,7,7,22,30,31.3,0,0,0
2006,7,7,23,30,30.400000000000002,0,0,0
2006,7,8,0,30,29.6,0,0,0
2006,7,8,1,30,29,0,0,0
2006,7,8,2,30,28.5,0,0,0
2006,7,8,3,30,28.200000000000003,0,0,0
2006,7,8,4,30,29.1,0,0,0
2006,7,8,5,30,31.900000000000002,315,90,0
2006,7,8,6,30,35.4,583,281,0
2006,7,8,7,30,38,730,488,0
2006,7,8,8,30,39.800000000000004,804,679,0
2006,7,8,9,30,41.2,848,836,0
2006,7,8,10,30,42.300000000000004,869,944,0
2006,7,8,11,30,43.1,872,994,0
2006,7,8,12,30,43.300000000000004,862,981,0
2006,7,8,13,30,43,825,907,1
2006,7,8,14,30,42.1,558,772,2
2006,7,8,15,30,40.800000000000004,463,603,2
2006,7,8,16,30,39.400000000000006,616,413,0
2006,7,8,17,30,37.7,448,212,0
2006,7,8,18,30,35.800000000000004,145,43,0
2006,7,8,19,30,34.2,0,0,0
2006,7,8,20,30,32.9,0,0,0
2006,7,8,21,30,31.8,0,0,0
2006,7,8,22,30,30.900000000000002,0,0,0
2006,7,8,23,30,30.200000000000003,0,0,1
2006,7,9,0,30,29.700000000000003,0,0,3
2006,7,9,1,30,29.5,0,0,1
2006,7,9,2,30,29.400000000000002,0,0,3
2006,7,9,3,30,29.400000000000002,0,0,3
2006,7,9,4,30,30.1,0,0,1
2006,7,9,5,30,32.1,290,88,0
2006,7,9,6,30,35.1,548,275,0
2006,7,9,7,30,37.800000000000004,695,480,1
2006,7,9,8,30,39.5,768,669,0
2006,7,9,9,30,40.800000000000004,808,825,0
2006,7,9,10,30,41.800000000000004,840,934,0
2006,7,9,11,30,42,837,981,1
2006,7,9,12,30,41.6,655,934,2
2006,7,9,13,30,41,1,313,4
2006,7,9,14,30,40.300000000000004,315,601,8
2006,7,9,15,30,39.800000000000004,38,299,7
2006,7,9,16,30,39,424,418,2
2006,7,9,17,30,37.300000000000004,533,222,0
2006,7,9,18,30,34.9,228,47,0
2006,7,9,19,30,32.6,0,0,0
2006,7,9,20,30,31,0,0,0
2006,7,9,21,30,29.8,0,0,0
2006,7,9,22,30,28.900000000000002,0,0,0
2006,7,9,23,30,28.200000000000003,0,0,0
2006,7,10,0,30,27.6,0,0,0
2006,7,10,1,30,27.1,0,0,0
2006,7,10,2,30,26.700000000000003,0,0,0
2006,7,10,3,30,26.5,0,0,0
2006,7,10,4,30,27.6,0,0,0
2006,7,10,5,30,30.700000000000003,389,95,0
2006,7,10,6,30,34.7,641,290,0
2006,7,10,7,30,38.1,769,499,0
2006,7,10,8,30,40.2,837,692,0
2006,7,10,9,30,41.7,874,848,0
2006,7,10,10,30,42.7,895,956,0
2006,7,10,11,30,43.300000000000004,902,1008,0
2006,7,10,12,30,43.6,894,996,0
2006,7,10,13,30,43.400000000000006,828,916,0
2006,7,10,14,30,42.7,787,789,0
2006,7,10,15,30,41.5,727,619,0
2006,7,10,16,30,40,655,423,0
2006,7,10,17,30,37.6,495,219,0
2006,7,10,18,30,34.6,187,45,0
2006,7,10,19,30,32.300000000000004,0,0,0
2006,7,10,20,30,30.8,0,0,0
2006,7,10,21,30,29.6,0,0,0
2006,7,10,22,30,28.700000000000003,0,0,0
2006,7,10,23,30,28,0,0,0
2006,7,11,0,30,27.400000000000002,0,0,0
2006,7,11,1,30,26.900000000000002,0,0,0
2006,7,11,2,30,26.6,0,0,0
2006,7,11,3,30,26.3,0,0,0
2006,7,11,4,30,27.400000000000002,0,0,0
2006,7,11,5,30,30.400000000000002,362,92,0
2006,7,11,6,30,34.2,646,290,0
2006,7,11,7,30,37.4,803,508,0
2006,7,11,8,30,39.6,885,709,0
2006,7,11,9,30,41.1,937,876,0
2006,7,11,10,30,42.1,953,989,0
2006,7,11,11,30,42.7,970,1049,0
2006,7,11,12,30,42.800000000000004,969,1040,0
2006,7,11,13,30,42.5,956,968,0
2006,7,11,14,30,41.6,927,837,1
2006,7,11,15,30,40.300000000000004,878,660,0
2006,7,11,16,30,38.300000000000004,807,456,0
2006,7,11,17,30,35.5,669,242,0
2006,7,11,18,30,31.900000000000002,350,53,0
2006,7,11,19,30,29.3,0,0,0
2006,7,11,20,30,27.900000000000002,0,0,0
2006,7,11,21,30,26.8,0,0,0
2006,7,11,22,30,26,0,0,0
2006,7,11,23,30,25.400000000000002,0,0,0
2006,7,12,0,30,25,0,0,0
2006,7,12,1,30,24.6,0,0,0
2006,7,12,2,30,24.3,0,0,0
2006,7,12,3,30,24.200000000000003,0,0,0
2006,7,12,4,30,25.3,0,0,0
2006,7,12,5,30,28.6,504,102,0
2006,7,12,6,30,32.7,740,305,0
2006,7,12,7,30,36.2,839,518,0
2006,7,12,8,30,38.800000000000004,897,713,0
2006,7,12,9,30,40.800000000000004,931,872,0
2006,7,12,10,30,42.400000000000006,950,984,0
2006,7,12,11,30,43.400000000000006,958,1035,0
2006,7,12,12,30,43.800000000000004,955,1024,0
2006,7,12,13,30,43.800000000000004,928,949,0
2006,7,12,14,30,43.2,903,820,0
2006,7,12,15,30,42,861,649,0
2006,7,12,16,30,40.400000000000006,784,447,0
2006,7,12,17,30,37.5,641,234,0
2006,7,12,18,30,34,321,50,0
2006,7,12,19,30,31.700000000000003,0,0,0
2006,7,12,20,30,30.700000000000003,0,0,0
2006,7,12,21,30,30,0,0,0
2006,7,12,22,30,29.5,0,0,0
2006,7,12,23,30,29,0,0,0
2006,7,13,0,30,28.700000000000003,0,0,0
2006,7,13,1,30,28.5,0,0,0
2006,7,13,2,30,28.200000000000003,0,0,0
2006,7,13,3,30,28.1,0,0,0
2006,7,13,4,30,29.200000000000003,0,0,0
2006,7,13,5,30,32.300000000000004,416,92,0
2006,7,13,6,30,36.300000000000004,662,285,0
2006,7,13,7,30,39.5,782,492,0
2006,7,13,8,30,41.400000000000006,844,682,0
2006,7,13,9,30,42.900000000000006,883,840,0
2006,7,13,10,30,44.1,912,951,0
2006,7,13,11,30,44.900000000000006,921,1003,0
2006,7,13,12,30,45.300000000000004,916,993,0
2006,7,13,13,30,45.2,906,925,0
2006,7,13,14,30,44.7,877,801,0
2006,7,13,15,30,43.800000000000004,827,631,0
2006,7,13,16,30,42.2,751,433,0
2006,7,13,17,30,39.7,603,226,0
2006,7,13,18,30,36.4,279,46,0
2006,7,13,19,30,34,0,0,0
2006,7,13,20,30,32.4,0,0,0
2006,7,13,21,30,31.200000000000003,0,0,0
2006,7,13,22,30,30.200000000000003,0,0,0
2006,7,13,23,30,29.6,0,0,0
2006,7,14,0,30,29.200000000000003,0,0,0
2006,7,14,1,30,28.8,0,0,0
2006,7,14,2,30,28.6,0,0,0
2006,7,14,3,30,28.400000000000002,0,0,0
2006,7,14,4,30,29.400000000000002,0,0,0
2006,7,14,5,30,32.300000000000004,424,92,0
2006,7,14,6,30,36.2,678,288,0
2006,7,14,7,30,39.6,804,498,0
2006,7,14,8,30,41.900000000000006,870,693,0
2006,7,14,9,30,43.6,908,851,0
2006,7,14,10,30,44.900000000000006,906,956,0
2006,7,14,11,30,45.7,913,1007,0
2006,7,14,12,30,46.1,907,997,0
2006,7,14,13,30,46.1,854,917,0
2006,7,14,14,30,45.7,817,789,0
2006,7,14,15,30,44.800000000000004,759,619,0
2006,7,14,16,30,43.400000000000006,706,425,1
2006,7,14,17,30,40.900000000000006,549,219,0
2006,7,14,18,30,37.800000000000004,224,44,0
2006,7,14,19,30,35.6,0,0,0
2006,7,14,20,30,34.4,0,0,0
2006,7,14,21,30,33.5,0,0,0
2006,7,14,22,30,32.9,0,0,0
2006,7,14,23,30,32.300000000000004,0,0,0
2006,7,15,0,30,31.700000000000003,0,0,0
2006,7,15,1,30,31,0,0,0
2006,7,15,2,30,30.8,0,0,0
2006,7,15,3,30,30.900000000000002,0,0,0
2006,7,15,4,30,32,0,0,0
2006,7,15,5,30,35.1,385,87,0
2006,7,15,6,30,38.800000000000004,644,278,0
2006,7,15,7,30,41.5,733,479,0
2006,7,15,8,30,43.300000000000004,803,670,0
2006,7,15,9,30,44.7,841,824,0
2006,7,15,10,30,45.6,833,926,0
2006,7,15,11,30,46.2,829,974,0
2006,7,15,12,30,46.5,807,960,1
2006,7,15,13,30,46.400000000000006,839,901,0
2006,7,15,14,30,45.900000000000006,793,774,1
2006,7,15,15,30,44.900000000000006,724,605,0
2006,7,15,16,30,43.5,610,407,1
2006,7,15,17,30,41,201,191,8
2006,7,15,18,30,38.1,0,29,3
2006,7,15,19,30,36.1,0,0,0
2006,7,15,20,30,34.800000000000004,0,0,0
2006,7,15,21,30,33.7,0,0,0
2006,7,15,22,30,32.7,0,0,7
2006,7,15,23,30,31.8,0,0,1
2006,7,16,0,30,31.1,0,0,7
2006,7,16,1,30,30.6,0,0,4
2006,7,16,2,30,30.1,0,0,10
2006,7,16,3,30,29.8,0,0,4
2006,7,16,4,30,30.6,0,0,1
2006,7,16,5,30,32.800000000000004,185,73,0
2006,7,16,6,30,35.7,448,254,0
2006,7,16,7,30,38.6,137,361,3
2006,7,16,8,30,41,744,655,0
2006,7,16,9,30,42.900000000000006,804,815,0
2006,7,16,10,30,44.2,784,914,0
2006,7,16,11,30,44.900000000000006,796,966,0
2006,7,16,12,30,45.1,795,958,0
2006,7,16,13,30,45,806,895,0
2006,7,16,14,30,44.400000000000006,766,770,0
2006,7,16,15,30,43.300000000000004,705,602,1
2006,7,16,16,30,41.800000000000004,622,408,0
2006,7,16,17,30,39.300000000000004,455,206,0
2006,7,16,18,30,36.2,145,38,1
2006,7,16,19,30,34.1,0,0,7
2006,7,16,20,30,32.9,0,0,4
2006,7,16,21,30,32.1,0,0,7
2006,7,16,22,30,31.3,0,0,6
2006,7,16,23,30,30.700000000000003,0,0,6
2006,7,17,0,30,30.200000000000003,0,0,7
2006,7,17,1,30,29.8,0,0,3
2006,7,17,2,30,29.400000000000002,0,0,4
2006,7,17,3,30,29.1,0,0,7
2006,7,17,4,30,29.700000000000003,0,0,3
2006,7,17,5,30,31.400000000000002,162,70,0
2006,7,17,6,30,34.1,115,220,3
2006,7,17,7,30,37.2,109,349,3
2006,7,17,8,30,39.5,160,498,3
2006,7,17,9,30,41.1,207,630,3
2006,7,17,10,30,42.2,649,867,8
2006,7,17,11,30,42.6,441,806,8
2006,7,17,12,30,42.300000000000004,3,269,8
2006,7,17,13,30,41.5,434,747,8
2006,7,17,14,30,40.400000000000006,53,399,8
2006,7,17,15,30,39.1,9,287,4
2006,7,17,16,30,37.7,564,396,1
2006,7,17,17,30,36,399,199,0
2006,7,17,18,30,34.1,0,26,2
2006,7,17,19,30,32.7,0,0,1
2006,7,17,20,30,32,0,0,0
2006,7,17,21,30,31.700000000000003,0,0,0
2006,7,17,22,30,31.3,0,0,7
2006,7,17,23,30,30.8,0,0,4
2006,7,18,0,30,30.3,0,0,4
2006,7,18,1,30,29.900000000000002,0,0,3
2006,7,18,2,30,29.6,0,0,0
2006,7,18,3,30,29.400000000000002,0,0,4
2006,7,18,4,30,29.700000000000003,0,0,7
2006,7,18,5,30,31.8,226,73,0
2006,7,18,6,30,35,484,252,0
2006,7,18,7,30,37.6,618,451,0
2006,7,18,8,30,39.5,700,638,0
2006,7,18,9,30,40.800000000000004,751,794,0
2006,7,18,10,30,41.800000000000004,836,916,0
2006,7,18,11,30,42.5,852,970,0
2006,7,18,12,30,42.900000000000006,855,965,0
2006,7,18,13,30,42.800000000000004,839,896,0
2006,7,18,14,30,42.400000000000006,812,773,1
2006,7,18,15,30,41.6,763,607,0
2006,7,18,16,30,40.300000000000004,676,411,0
2006,7,18,17,30,38.300000000000004,518,209,0
2006,7,18,18,30,35.800000000000004,189,39,1
2006,7,18,19,30,33.9,0,0,0
2006,7,18,20,30,32.6,0,0,0
2006,7,18,21,30,31.700000000000003,0,0,0
2006,7,18,22,30,31,0,0,0
2006,7,18,23,30,30.400000000000002,0,0,0
2006,7,19,0,30,30,0,0,0
2006,7,19,1,30,29.700000000000003,0,0,0
2006,7,19,2,30,29.400000000000002,0,0,0
2006,7,19,3,30,29.1,0,0,7
2006,7,19,4,30,29.700000000000003,0,0,7
2006,7,19,5,30,31.700000000000003,11,55,7
2006,7,19,6,30,34.9,287,224,8
2006,7,19,7,30,37.7,400,388,8
2006,7,19,8,30,39.7,234,516,3
2006,7,19,9,30,41.300000000000004,841,812,0
2006,7,19,10,30,42.6,663,885,2
2006,7,19,11,30,43.5,405,839,2
2006,7,19,12,30,43.900000000000006,739,912,8
2006,7,19,13,30,43.800000000000004,695,852,8
2006,7,19,14,30,43.1,657,726,8
2006,7,19,15,30,42,572,590,8
2006,7,19,16,30,40.6,599,398,0
2006,7,19,17,30,38.6,431,199,0
2006,7,19,18,30,36.1,0,26,2
2006,7,19,19,30,34.2,0,0,1
2006,7,19,20,30,33.1,0,0,0
2006,7,19,21,30,32.300000000000004,0,0,0
2006,7,19,22,30,31.8,0,0,0
2006,7,19,23,30,31.400000000000002,0,0,0
2006,7,20,0,30,30.900000000000002,0,0,0
2006,7,20,1,30,30.5,0,0,1
2006,7,20,2,30,30.200000000000003,0,0,0
2006,7,20,3,30,30.200000000000003,0,0,0
2006,7,20,4,30,30.700000000000003,0,0,0
2006,7,20,5,30,32.300000000000004,207,69,0
2006,7,20,6,30,34.7,481,249,1
2006,7,20,7,30,36.9,628,450,0
2006,7,20,8,30,38.2,709,637,0
2006,7,20,9,30,38.7,752,792,0
2006,7,20,10,30,39,825,911,0
2006,7,20,11,30,39.5,698,887,8
2006,7,20,12,30,40.300000000000004,0,97,6
2006,7,20,13,30,41,641,819,8
2006,7,20,14,30,41.1,685,742,8
2006,7,20,15,30,40.6,777,607,0
2006,7,20,16,30,39.5,686,409,0
2006,7,20,17,30,37.5,527,207,0
2006,7,20,18,30,35.2,0,25,2
2006,7,20,19,30,33.800000000000004,0,0,2
2006,7,20,20,30,33,0,0,7
2006,7,20,21,30,32.4,0,0,7
2006,7,20,22,30,32,0,0,4
2006,7,20,23,30,31.700000000000003,0,0,3
2006,7,21,0,30,31.400000000000002,0,0,3
2006,7,21,1,30,31,0,0,3
2006,7,21,2,30,30.6,0,0,8
2006,7,21,3,30,30.3,0,0,3
2006,7,21,4,30,31.1,0,0,7
2006,7,21,5,30,33.7,2,36,7
2006,7,21,6,30,37.2,570,256,1
2006,7,21,7,30,40,708,460,1
2006,7,21,8,30,42,786,651,0
2006,7,21,9,30,43.5,833,808,0
2006,7,21,10,30,44.800000000000004,860,919,0
2006,7,21,11,30,45.5,869,973,0
2006,7,21,12,30,45.800000000000004,863,965,0
2006,7,21,13,30,45.6,819,889,0
2006,7,21,14,30,45.2,781,766,0
2006,7,21,15,30,44.6,721,597,0
2006,7,21,16,30,43.6,619,402,0
2006,7,21,17,30,41.7,453,200,0
2006,7,21,18,30,39.1,140,34,1
2006,7,21,19,30,37.2,0,0,1
2006,7,21,20,30,36.2,0,0,1
2006,7,21,21,30,35.5,0,0,1
2006,7,21,22,30,34.9,0,0,1
2006,7,21,23,30,34.300000000000004,0,0,1
2006,7,22,0,30,33.800000000000004,0,0,7
2006,7,22,1,30,33.4,0,0,1
2006,7,22,2,30,33.300000000000004,0,0,0
2006,7,22,3,30,33.2,0,0,4
2006,7,22,4,30,33.9,0,0,3
2006,7,22,5,30,36.300000000000004,4,53,3
2006,7,22,6,30,39.7,498,249,0
2006,7,22,7,30,42.400000000000006,444,439,8
2006,7,22,8,30,43.900000000000006,720,639,1
2006,7,22,9,30,44.7,770,795,0
2006,7,22,10,30,45.2,836,913,0
2006,7,22,11,30,45.7,853,968,0
2006,7,22,12,30,46.300000000000004,857,963,0
2006,7,22,13,30,46.900000000000006,865,900,0
2006,7,22,14,30,47.1,841,779,1
2006,7,22,15,30,46.6,795,612,0
2006,7,22,16,30,45.5,709,414,1
2006,7,22,17,30,43.300000000000004,5,116,2
2006,7,22,18,30,40.6,0,23,3
2006,7,22,19,30,38.800000000000004,0,0,4
2006,7,22,20,30,37.5,0,0,3
2006,7,22,21,30,36.4,0,0,3
2006,7,22,22,30,35.4,0,0,7
2006,7,22,23,30,34.4,0,0,7
2006,7,23,0,30,33.7,0,0,7
2006,7,23,1,30,33.2,0,0,7
2006,7,23,2,30,32.800000000000004,0,0,3
2006,7,23,3,30,32.5,0,0,3
2006,7,23,4,30,33.2,0,0,3
2006,7,23,5,30,35.5,0,34,4
2006,7,23,6,30,38.900000000000006,26,143,8
2006,7,23,7,30,41.800000000000004,76,323,4
2006,7,23,8,30,44,0,177,4
2006,7,23,9,30,45.400000000000006,370,647,8
2006,7,23,10,30,46.5,300,695,8
2006,7,23,11,30,47,672,916,8
2006,7,23,12,30,47.1,680,892,8
2006,7,23,13,30,46.6,761,874,0
2006,7,23,14,30,45.800000000000004,261,573,8
2006,7,23,15,30,44.7,628,577,8
2006,7,23,16,30,43.400000000000006,525,384,1
2006,7,23,17,30,41.400000000000006,360,188,1
2006,7,23,18,30,38.900000000000006,77,28,0
2006,7,23,19,30,36.9,0,0,1
2006,7,23,20,30,35.7,0,0,3
2006,7,23,21,30,35,0,0,7
2006,7,23,22,30,34.6,0,0,0
2006,7,23,23,30,34.2,0,0,0
2006,7,24,0,30,33.9,0,0,0
2006,7,24,1,30,33.5,0,0,1
2006,7,24,2,30,33.1,0,0,1
2006,7,24,3,30,32.5,0,0,7
2006,7,24,4,30,32.9,0,0,3
2006,7,24,5,30,35,174,61,1
2006,7,24,6,30,38.2,451,240,0
2006,7,24,7,30,40.800000000000004,592,440,0
2006,7,24,8,30,42.6,184,508,2
2006,7,24,9,30,43.800000000000004,489,713,8
2006,7,24,10,30,44.7,709,881,1
2006,7,24,11,30,45.1,569,889,8
2006,7,24,12,30,45.1,2,259,6
2006,7,24,13,30,44.900000000000006,3,259,6
2006,7,24,14,30,44.5,200,537,6
2006,7,24,15,30,43.900000000000006,285,463,8
2006,7,24,16,30,42.900000000000006,40,200,7
2006,7,24,17,30,41.300000000000004,42,140,8
2006,7,24,18,30,39.1,1,24,7
2006,7,24,19,30,37.5,0,0,7
2006,7,24,20,30,36.5,0,0,7
2006,7,24,21,30,35.7,0,0,7
2006,7,24,22,30,35,0,0,7
2006,7,24,23,30,34.300000000000004,0,0,7
2006,7,25,0,30,33.7,0,0,1
2006,7,25,1,30,33.1,0,0,3
2006,7,25,2,30,32.7,0,0,3
2006,7,25,3,30,32.4,0,0,7
2006,7,25,4,30,32.9,0,0,3
2006,7,25,5,30,35,6,48,7
2006,7,25,6,30,38.1,16,125,8
2006,7,25,7,30,40.800000000000004,625,442,7
2006,7,25,8,30,42.800000000000004,714,633,8
2006,7,25,9,30,44.400000000000006,638,788,8
2006,7,25,10,30,45.5,553,811,8
2006,7,25,11,30,46.2,708,919,8
2006,7,25,12,30,46.2,699,911,8
2006,7,25,13,30,45.900000000000006,2,235,6
2006,7,25,14,30,45.2,6,267,6
2006,7,25,15,30,44.2,127,410,6
2006,7,25,16,30,42.900000000000006,156,299,8
2006,7,25,17,30,40.6,92,165,8
2006,7,25,18,30,37.800000000000004,1,25,7
2006,7,25,19,30,35.800000000000004,0,0,3
2006,7,25,20,30,34.4,0,0,3
2006,7,25,21,30,33.2,0,0,8
2006,7,25,22,30,32.2,0,0,1
2006,7,25,23,30,31.400000000000002,0,0,7
2006,7,26,0,30,30.900000000000002,0,0,7
2006,7,26,1,30,30.700000000000003,0,0,7
2006,7,26,2,30,30.6,0,0,7
2006,7,26,3,30,30.5,0,0,6
2006,7,26,4,30,30.8,0,0,7
2006,7,26,5,30,31.900000000000002,1,37,7
2006,7,26,6,30,33.6,20,133,8
2006,7,26,7,30,35,1,104,8
2006,7,26,8,30,36,307,543,8
2006,7,26,9,30,36.800000000000004,619,759,1
2006,7,26,10,30,37.6,760,889,0
2006,7,26,11,30,38.300000000000004,775,943,0
2006,7,26,12,30,38.900000000000006,773,935,1
2006,7,26,13,30,39.400000000000006,558,836,8
2006,7,26,14,30,39.6,0,88,6
2006,7,26,15,30,39.2,1,146,6
2006,7,26,16,30,38.400000000000006,23,216,6
2006,7,26,17,30,37,10,119,6
2006,7,26,18,30,35.4,24,18,7
2006,7,26,19,30,34.2,0,0,7
2006,7,26,20,30,33.4,0,0,7
2006,7,26,21,30,32.800000000000004,0,0,8
2006,7,26,22,30,32.1,0,0,3
2006,7,26,23,30,31.5,0,0,3
2006,7,27,0,30,31.1,0,0,3
2006,7,27,1,30,30.8,0,0,4
2006,7,27,2,30,30.6,0,0,4
2006,7,27,3,30,30.400000000000002,0,0,7
2006,7,27,4,30,30.5,0,0,7
2006,7,27,5,30,31.400000000000002,2,45,7
2006,7,27,6,30,33.2,50,169,8
2006,7,27,7,30,35,492,420,1
2006,7,27,8,30,36.800000000000004,102,462,3
2006,7,27,9,30,38.400000000000006,486,724,8
2006,7,27,10,30,39.6,530,807,8
2006,7,27,11,30,40.5,594,869,8
2006,7,27,12,30,40.800000000000004,189,729,3
2006,7,27,13,30,40.5,593,833,8
2006,7,27,14,30,39.5,666,730,1
2006,7,27,15,30,38.300000000000004,277,481,8
2006,7,27,16,30,36.9,126,316,3
2006,7,27,17,30,35.300000000000004,308,176,0
2006,7,27,18,30,33.7,0,19,2
2006,7,27,19,30,32.4,0,0,1
2006,7,27,20,30,31.400000000000002,0,0,1
2006,7,27,21,30,30.5,0,0,1
2006,7,27,22,30,29.700000000000003,0,0,0
2006,7,27,23,30,29,0,0,0
2006,7,28,0,30,28.400000000000002,0,0,0
2006,7,28,1,30,27.700000000000003,0,0,0
2006,7,28,2,30,27.400000000000002,0,0,0
2006,7,28,3,30,27.200000000000003,0,0,0
2006,7,28,4,30,27.3,0,0,0
2006,7,28,5,30,28.5,155,56,0
2006,7,28,6,30,30.700000000000003,452,234,0
2006,7,28,7,30,33.5,616,437,0
2006,7,28,8,30,36,706,627,0
2006,7,28,9,30,37.800000000000004,753,783,0
2006,7,28,10,30,38.900000000000006,802,897,0
2006,7,28,11,30,39.6,803,947,0
2006,7,28,12,30,39.7,801,938,0
2006,7,28,13,30,39.400000000000006,748,862,0
2006,7,28,14,30,38.400000000000006,696,735,0
2006,7,28,15,30,37,612,565,0
2006,7,28,16,30,35.1,490,370,0
2006,7,28,17,30,33.300000000000004,300,174,0
2006,7,28,18,30,31.8,38,20,1
2006,7,28,19,30,31,0,0,1
2006,7,28,20,30,30.400000000000002,0,0,0
2006,7,28,21,30,29.8,0,0,0
2006,7,28,22,30,29.3,0,0,0
2006,7,28,23,30,28.8,0,0,0
2006,7,29,0,30,28.3,0,0,0
2006,7,29,1,30,27.900000000000002,0,0,0
2006,7,29,2,30,27.6,0,0,1
2006,7,29,3,30,27.200000000000003,0,0,0
2006,7,29,4,30,27.200000000000003,0,0,0
2006,7,29,5,30,27.900000000000002,166,55,1
2006,7,29,6,30,29.700000000000003,443,231,0
2006,7,29,7,30,31.6,593,431,0
2006,7,29,8,30,33.300000000000004,684,621,0
2006,7,29,9,30,34.7,745,780,0
2006,7,29,10,30,35.7,782,892,0
2006,7,29,11,30,36.5,802,947,1
2006,7,29,12,30,37,622,910,2
2006,7,29,13,30,37,623,828,8
2006,7,29,14,30,36.4,462,713,2
2006,7,29,15,30,35.4,219,479,2
2006,7,29,16,30,33.9,580,382,0
2006,7,29,17,30,32,398,181,0
2006,7,29,18,30,30.200000000000003,76,23,0
2006,7,29,19,30,28.8,0,0,0
2006,7,29,20,30,27.8,0,0,0
2006,7,29,21,30,26.900000000000002,0,0,3
2006,7,29,22,30,26.200000000000003,0,0,0
2006,7,29,23,30,25.8,0,0,1
2006,7,30,0,30,25.5,0,0,0
2006,7,30,1,30,25.200000000000003,0,0,0
2006,7,30,2,30,25,0,0,0
2006,7,30,3,30,24.8,0,0,0
2006,7,30,4,30,24.8,0,0,0
2006,7,30,5,30,25.900000000000002,225,57,0
2006,7,30,6,30,27.900000000000002,531,239,0
2006,7,30,7,30,30.400000000000002,679,445,0
2006,7,30,8,30,32.6,760,638,0
2006,7,30,9,30,34.5,811,798,0
2006,7,30,10,30,36,805,902,0
2006,7,30,11,30,37.2,820,956,0
2006,7,30,12,30,37.7,819,948,0
2006,7,30,13,30,37.6,808,879,0
2006,7,30,14,30,36.800000000000004,773,753,0
2006,7,30,15,30,35.6,717,584,0
2006,7,30,16,30,33.7,602,384,0
2006,7,30,17,30,31.3,420,182,0
2006,7,30,18,30,29.1,85,23,0
2006,7,30,19,30,27.700000000000003,0,0,0
2006,7,30,20,30,26.8,0,0,0
2006,7,30,21,30,26,0,0,0
2006,7,30,22,30,25.5,0,0,0
2006,7,30,23,30,25.1,0,0,0
2006,7,31,0,30,24.900000000000002,0,0,0
2006,7,31,1,30,24.8,0,0,0
2006,7,31,2,30,24.6,0,0,0
2006,7,31,3,30,24.400000000000002,0,0,0
2006,7,31,4,30,24.400000000000002,0,0,0
2006,7,31,5,30,25.3,253,58,0
2006,7,31,6,30,27.200000000000003,577,244,0
2006,7,31,7,30,29.3,725,452,0
2006,7,31,8,30,31.5,807,648,0
2006,7,31,9,30,33.4,859,810,0
2006,7,31,10,30,34.9,880,921,0
2006,7,31,11,30,36,893,976,0
2006,7,31,12,30,36.6,893,968,0
2006,7,31,13,30,36.5,880,899,0
2006,7,31,14,30,35.7,847,772,0
2006,7,31,15,30,34.4,793,601,0
2006,7,31,16,30,32.5,706,401,0
2006,7,31,17,30,30,534,193,0
2006,7,31,18,30,27.700000000000003,149,24,0
2006,7,31,19,30,26.1,0,0,0
2006,7,31,20,30,25,0,0,0
2006,7,31,21,30,24.400000000000002,0,0,0
2006,7,31,22,30,24,0,0,0
2006,7,31,23,30,23.8,0,0,0
2006,8,1,0,30,23.400000000000002,0,0,0
2006,8,1,1,30,23,0,0,0
2006,8,1,2,30,22.700000000000003,0,0,0
2006,8,1,3,30,22.400000000000002,0,0,0
2006,8,1,4,30,22.400000000000002,0,0,0
2006,8,1,5,30,23.700000000000003,320,61,0
2006,8,1,6,30,26.400000000000002,636,254,0
2006,8,1,7,30,29.400000000000002,778,469,0
2006,8,1,8,30,32,857,670,0
2006,8,1,9,30,34,903,835,0
2006,8,1,10,30,35.6,929,950,0
2006,8,1,11,30,36.7,940,1006,0
2006,8,1,12,30,37.300000000000004,939,997,0
2006,8,1,13,30,37.4,930,927,0
2006,8,1,14,30,36.9,902,797,0
2006,8,1,15,30,35.9,852,621,0
2006,8,1,16,30,34.1,775,417,0
2006,8,1,17,30,31.400000000000002,614,202,0
2006,8,1,18,30,28.5,213,25,0
2006,8,1,19,30,26.200000000000003,0,0,0
2006,8,1,20,30,24.6,0,0,0
2006,8,1,21,30,23.400000000000002,0,0,0
2006,8,1,22,30,22.6,0,0,0
2006,8,1,23,30,22,0,0,0
2006,8,2,0,30,21.5,0,0,0
2006,8,2,1,30,21.3,0,0,0
2006,8,2,2,30,21.1,0,0,0
2006,8,2,3,30,21,0,0,0
2006,8,2,4,30,21.700000000000003,0,0,0
2006,8,2,5,30,23.900000000000002,309,59,0
2006,8,2,6,30,27.5,630,253,0
2006,8,2,7,30,31,775,467,0
2006,8,2,8,30,33.5,847,665,0
2006,8,2,9,30,35.300000000000004,884,826,0
2006,8,2,10,30,36.7,907,939,0
2006,8,2,11,30,37.7,914,992,0
2006,8,2,12,30,38.300000000000004,909,981,0
2006,8,2,13,30,38.400000000000006,879,906,0
2006,8,2,14,30,38,846,777,0
2006,8,2,15,30,37,789,602,0
2006,8,2,16,30,35.6,703,400,0
2006,8,2,17,30,33.1,523,190,0
2006,8,2,18,30,30.3,119,21,0
2006,8,2,19,30,28.5,0,0,0
2006,8,2,20,30,27.200000000000003,0,0,0
2006,8,2,21,30,26.200000000000003,0,0,0
2006,8,2,22,30,25.5,0,0,0
2006,8,2,23,30,24.900000000000002,0,0,0
2006,8,3,0,30,24.400000000000002,0,0,0
2006,8,3,1,30,24,0,0,0
2006,8,3,2,30,23.700000000000003,0,0,0
2006,8,3,3,30,23.6,0,0,0
2006,8,3,4,30,24.200000000000003,0,0,0
2006,8,3,5,30,26.200000000000003,235,54,0
2006,8,3,6,30,29.5,567,242,0
2006,8,3,7,30,32.300000000000004,745,458,0
2006,8,3,8,30,34.1,825,657,0
2006,8,3,9,30,35.6,870,820,0
2006,8,3,10,30,36.800000000000004,894,935,0
2006,8,3,11,30,37.5,905,990,0
2006,8,3,12,30,38,903,981,0
2006,8,3,13,30,38,888,910,0
2006,8,3,14,30,37.6,854,780,1
2006,8,3,15,30,36.7,793,602,0
2006,8,3,16,30,35.2,699,397,0
2006,8,3,17,30,33,508,186,0
2006,8,3,18,30,30.400000000000002,101,20,0
2006,8,3,19,30,28.700000000000003,0,0,0
2006,8,3,20,30,27.700000000000003,0,0,0
2006,8,3,21,30,26.8,0,0,0
2006,8,3,22,30,26,0,0,0
2006,8,3,23,30,25.400000000000002,0,0,0
2006,8,4,0,30,24.900000000000002,0,0,0
2006,8,4,1,30,24.400000000000002,0,0,0
2006,8,4,2,30,23.900000000000002,0,0,0
2006,8,4,3,30,23.5,0,0,0
2006,8,4,4,30,23.400000000000002,0,0,0
2006,8,4,5,30,24.900000000000002,251,54,0
2006,8,4,6,30,27.8,603,248,0
2006,8,4,7,30,30.900000000000002,766,465,0
2006,8,4,8,30,33.300000000000004,857,671,0
2006,8,4,9,30,35,907,839,0
2006,8,4,10,30,36.300000000000004,937,958,0
2006,8,4,11,30,37.1,949,1014,0
2006,8,4,12,30,37.4,946,1006,0
2006,8,4,13,30,37.4,927,931,0
2006,8,4,14,30,36.800000000000004,893,798,0
2006,8,4,15,30,35.800000000000004,841,619,1
2006,8,4,16,30,34.300000000000004,745,408,0
2006,8,4,17,30,31.700000000000003,560,192,0
2006,8,4,18,30,28.900000000000002,122,20,0
2006,8,4,19,30,27.3,0,0,0
2006,8,4,20,30,26.1,0,0,0
2006,8,4,21,30,25.3,0,0,0
2006,8,4,22,30,24.700000000000003,0,0,0
2006,8,4,23,30,24.400000000000002,0,0,0
2006,8,5,0,30,24.200000000000003,0,0,0
2006,8,5,1,30,24,0,0,0
2006,8,5,2,30,23.8,0,0,0
2006,8,5,3,30,23.5,0,0,0
2006,8,5,4,30,23.6,0,0,0
2006,8,5,5,30,25.3,265,54,0
2006,8,5,6,30,28.700000000000003,627,251,0
2006,8,5,7,30,32.1,780,471,0
2006,8,5,8,30,34.6,862,674,0
2006,8,5,9,30,36.300000000000004,911,843,0
2006,8,5,10,30,37.5,939,959,0
2006,8,5,11,30,38.400000000000006,951,1015,0
2006,8,5,12,30,38.800000000000004,948,1004,0
2006,8,5,13,30,38.7,936,931,0
2006,8,5,14,30,38.2,904,797,0
2006,8,5,15,30,37.300000000000004,853,619,0
2006,8,5,16,30,35.7,770,410,0
2006,8,5,17,30,32.800000000000004,595,193,0
2006,8,5,18,30,29.700000000000003,158,19,0
2006,8,5,19,30,27.8,0,0,0
2006,8,5,20,30,26.700000000000003,0,0,0
2006,8,5,21,30,26.200000000000003,0,0,0
2006,8,5,22,30,25.8,0,0,0
2006,8,5,23,30,25.700000000000003,0,0,0
2006,8,6,0,30,25.5,0,0,0
2006,8,6,1,30,25.3,0,0,0
2006,8,6,2,30,25,0,0,0
2006,8,6,3,30,24.5,0,0,0
2006,8,6,4,30,24.5,0,0,0
2006,8,6,5,30,26.400000000000002,293,53,0
2006,8,6,6,30,30.1,632,246,0
2006,8,6,7,30,33.4,776,463,0
2006,8,6,8,30,35.7,856,665,0
2006,8,6,9,30,37.4,899,829,0
2006,8,6,10,30,38.5,927,946,0
2006,8,6,11,30,39.1,936,999,0
2006,8,6,12,30,39.400000000000006,935,991,0
2006,8,6,13,30,39.300000000000004,916,917,0
2006,8,6,14,30,38.6,888,786,0
2006,8,6,15,30,37.6,841,611,0
2006,8,6,16,30,36,769,406,0
2006,8,6,17,30,33.2,605,191,0
2006,8,6,18,30,30.1,178,18,0
2006,8,6,19,30,28,0,0,0
2006,8,6,20,30,26.700000000000003,0,0,0
2006,8,6,21,30,25.700000000000003,0,0,0
2006,8,6,22,30,25,0,0,0
2006,8,6,23,30,24.5,0,0,0
2006,8,7,0,30,24.1,0,0,0
2006,8,7,1,30,23.8,0,0,0
2006,8,7,2,30,23.400000000000002,0,0,0
2006,8,7,3,30,23.200000000000003,0,0,0
2006,8,7,4,30,23.6,0,0,0
2006,8,7,5,30,25.900000000000002,303,53,0
2006,8,7,6,30,29.6,659,251,0
2006,8,7,7,30,33.2,814,474,0
2006,8,7,8,30,35.9,894,681,0
2006,8,7,9,30,37.9,942,852,0
2006,8,7,10,30,39.2,962,969,0
2006,8,7,11,30,40.1,973,1026,0
2006,8,7,12,30,40.400000000000006,973,1017,0
2006,8,7,13,30,40.300000000000004,965,946,0
2006,8,7,14,30,39.7,937,812,0
2006,8,7,15,30,38.7,892,632,0
2006,8,7,16,30,37,806,418,0
2006,8,7,17,30,33.7,633,195,0
2006,8,7,18,30,30.200000000000003,179,17,0
2006,8,7,19,30,28.200000000000003,0,0,0
2006,8,7,20,30,26.900000000000002,0,0,0
2006,8,7,21,30,26.200000000000003,0,0,0
2006,8,7,22,30,25.8,0,0,0
2006,8,7,23,30,25.5,0,0,0
2006,8,8,0,30,25.200000000000003,0,0,0
2006,8,8,1,30,25.1,0,0,0
2006,8,8,2,30,25.1,0,0,0
2006,8,8,3,30,25.1,0,0,0
2006,8,8,4,30,25.6,0,0,0
2006,8,8,5,30,28,315,52,0
2006,8,8,6,30,31.8,658,248,0
2006,8,8,7,30,35.2,795,466,0
2006,8,8,8,30,37.800000000000004,868,668,0
2006,8,8,9,30,39.7,908,833,0
2006,8,8,10,30,41.1,702,914,2
2006,8,8,11,30,42,925,994,0
2006,8,8,12,30,42.6,919,982,1
2006,8,8,13,30,42.6,895,904,0
2006,8,8,14,30,42.1,860,771,0
2006,8,8,15,30,41.1,800,592,0
2006,8,8,16,30,39.5,720,389,0
2006,8,8,17,30,36.4,533,176,0
2006,8,8,18,30,33.2,95,14,0
2006,8,8,19,30,31.400000000000002,0,0,0
2006,8,8,20,30,30.3,0,0,0
2006,8,8,21,30,29.400000000000002,0,0,0
2006,8,8,22,30,28.700000000000003,0,0,0
2006,8,8,23,30,28.3,0,0,0
2006,8,9,0,30,28,0,0,0
2006,8,9,1,30,27.700000000000003,0,0,0
2006,8,9,2,30,27.5,0,0,0
2006,8,9,3,30,27.3,0,0,0
2006,8,9,4,30,27.8,0,0,0
2006,8,9,5,30,30.5,247,45,0
2006,8,9,6,30,34.4,585,230,0
2006,8,9,7,30,37.6,738,442,0
2006,8,9,8,30,39.800000000000004,817,640,0
2006,8,9,9,30,41.300000000000004,862,803,0
2006,8,9,10,30,42.400000000000006,889,916,0
2006,8,9,11,30,43.1,898,971,0
2006,8,9,12,30,43.400000000000006,890,959,1
2006,8,9,13,30,43.300000000000004,864,884,1
2006,8,9,14,30,42.7,821,751,0
2006,8,9,15,30,41.7,755,575,0
2006,8,9,16,30,40.2,674,374,0
2006,8,9,17,30,37.6,474,166,0
2006,8,9,18,30,34.800000000000004,63,11,0
2006,8,9,19,30,33,0,0,0
2006,8,9,20,30,31.900000000000002,0,0,0
2006,8,9,21,30,30.900000000000002,0,0,0
2006,8,9,22,30,30.200000000000003,0,0,0
2006,8,9,23,30,29.5,0,0,0
2006,8,10,0,30,29,0,0,0
2006,8,10,1,30,28.5,0,0,0
2006,8,10,2,30,28.200000000000003,0,0,3
2006,8,10,3,30,28.1,0,0,2
2006,8,10,4,30,28.5,0,0,0
2006,8,10,5,30,30.5,216,43,0
2006,8,10,6,30,33.9,552,224,0
2006,8,10,7,30,36.9,701,432,0
2006,8,10,8,30,39,785,627,0
2006,8,10,9,30,40.5,830,788,0
2006,8,10,10,30,41.6,847,898,0
2006,8,10,11,30,42,320,791,2
2006,8,10,12,30,41.800000000000004,713,896,8
2006,8,10,13,30,41.1,639,848,2
2006,8,10,14,30,40.1,581,734,2
2006,8,10,15,30,39,714,560,0
2006,8,10,16,30,37.800000000000004,582,357,0
2006,8,10,17,30,35.7,387,155,0
2006,8,10,18,30,33.300000000000004,36,9,0
2006,8,10,19,30,31.700000000000003,0,0,3
2006,8,10,20,30,30.5,0,0,0
2006,8,10,21,30,29.5,0,0,0
2006,8,10,22,30,28.700000000000003,0,0,0
2006,8,10,23,30,28.200000000000003,0,0,3
2006,8,11,0,30,27.8,0,0,0
2006,8,11,1,30,27.5,0,0,0
2006,8,11,2,30,27.200000000000003,0,0,0
2006,8,11,3,30,27,0,0,0
2006,8,11,4,30,27.3,0,0,1
2006,8,11,5,30,29.3,181,40,0
2006,8,11,6,30,32.5,509,218,0
2006,8,11,7,30,35.300000000000004,682,427,1
2006,8,11,8,30,37.4,769,623,1
2006,8,11,9,30,39,820,785,1
2006,8,11,10,30,40.1,858,899,0
2006,8,11,11,30,40.7,864,952,0
2006,8,11,12,30,40.900000000000006,856,941,0
2006,8,11,13,30,40.7,821,865,0
2006,8,11,14,30,40.300000000000004,787,737,0
2006,8,11,15,30,39.5,730,564,0
2006,8,11,16,30,38,653,366,0
2006,8,11,17,30,35.5,463,160,0
2006,8,11,18,30,32.7,0,0,1
2006,8,11,19,30,30.700000000000003,0,0,3
2006,8,11,20,30,29.3,0,0,7
2006,8,11,21,30,28.200000000000003,0,0,1
2006,8,11,22,30,27.400000000000002,0,0,0
2006,8,11,23,30,27,0,0,0
2006,8,12,0,30,26.6,0,0,0
2006,8,12,1,30,26.1,0,0,0
2006,8,12,2,30,25.5,0,0,0
2006,8,12,3,30,24.900000000000002,0,0,1
2006,8,12,4,30,25,0,0,2
2006,8,12,5,30,26.900000000000002,254,43,1
2006,8,12,6,30,30.200000000000003,602,230,0
2006,8,12,7,30,33.800000000000004,750,445,0
2006,8,12,8,30,36.7,829,646,0
2006,8,12,9,30,38.6,875,812,0
2006,8,12,10,30,40,904,926,0
2006,8,12,11,30,40.900000000000006,914,981,0
2006,8,12,12,30,41.2,912,970,0
2006,8,12,13,30,41,900,898,0
2006,8,12,14,30,40.300000000000004,873,768,0
2006,8,12,15,30,39,824,591,0
2006,8,12,16,30,37.1,731,382,0
2006,8,12,17,30,34,545,169,0
2006,8,12,18,30,30.700000000000003,0,0,0
2006,8,12,19,30,28.6,0,0,0
2006,8,12,20,30,27.200000000000003,0,0,0
2006,8,12,21,30,26.200000000000003,0,0,0
2006,8,12,22,30,25.6,0,0,0
2006,8,12,23,30,25.1,0,0,0
2006,8,13,0,30,24.8,0,0,0
2006,8,13,1,30,24.6,0,0,0
2006,8,13,2,30,24.400000000000002,0,0,0
2006,8,13,3,30,24.3,0,0,0
2006,8,13,4,30,24.8,0,0,0
2006,8,13,5,30,26.900000000000002,272,43,0
2006,8,13,6,30,30.6,636,235,0
2006,8,13,7,30,34.2,789,453,0
2006,8,13,8,30,36.800000000000004,872,659,0
2006,8,13,9,30,38.5,917,826,0
2006,8,13,10,30,39.7,941,942,1
2006,8,13,11,30,40.5,952,998,1
2006,8,13,12,30,40.900000000000006,951,988,0
2006,8,13,13,30,40.800000000000004,932,912,0
2006,8,13,14,30,40.300000000000004,903,778,0
2006,8,13,15,30,39.2,849,595,0
2006,8,13,16,30,37.4,756,384,0
2006,8,13,17,30,34.300000000000004,564,167,0
2006,8,13,18,30,31.1,0,0,0
2006,8,13,19,30,29.400000000000002,0,0,0
2006,8,13,20,30,28.5,0,0,0
2006,8,13,21,30,28.1,0,0,0
2006,8,13,22,30,27.900000000000002,0,0,0
2006,8,13,23,30,27.6,0,0,0
2006,8,14,0,30,27.400000000000002,0,0,0
2006,8,14,1,30,27.1,0,0,0
2006,8,14,2,30,26.6,0,0,0
2006,8,14,3,30,26,0,0,0
2006,8,14,4,30,25.700000000000003,0,0,0
2006,8,14,5,30,27.5,239,40,0
2006,8,14,6,30,31,629,231,0
2006,8,14,7,30,34.300000000000004,779,448,0
2006,8,14,8,30,36.800000000000004,862,652,0
2006,8,14,9,30,38.5,907,818,0
2006,8,14,10,30,39.800000000000004,936,934,0
2006,8,14,11,30,40.5,948,990,0
2006,8,14,12,30,40.900000000000006,946,979,0
2006,8,14,13,30,40.7,932,904,0
2006,8,14,14,30,40,899,769,0
2006,8,14,15,30,38.7,844,588,0
2006,8,14,16,30,36.9,755,379,0
2006,8,14,17,30,33.7,562,163,0
2006,8,14,18,30,30.5,0,0,0
2006,8,14,19,30,28.5,0,0,0
2006,8,14,20,30,27.200000000000003,0,0,0
2006,8,14,21,30,26.3,0,0,0
2006,8,14,22,30,25.5,0,0,0
2006,8,14,23,30,24.900000000000002,0,0,0
2006,8,15,0,30,24.5,0,0,0
2006,8,15,1,30,24.1,0,0,0
2006,8,15,2,30,23.8,0,0,0
2006,8,15,3,30,23.5,0,0,0
2006,8,15,4,30,23.8,0,0,0
2006,8,15,5,30,26,284,40,0
2006,8,15,6,30,29.900000000000002,644,229,0
2006,8,15,7,30,33.6,789,444,0
2006,8,15,8,30,36.2,865,645,0
2006,8,15,9,30,37.800000000000004,909,811,0
2006,8,15,10,30,38.900000000000006,925,923,0
2006,8,15,11,30,39.5,937,979,0
2006,8,15,12,30,39.6,935,968,0
2006,8,15,13,30,39.300000000000004,913,893,0
2006,8,15,14,30,38.6,889,764,0
2006,8,15,15,30,37.2,844,587,0
2006,8,15,16,30,35.300000000000004,759,379,0
2006,8,15,17,30,32.300000000000004,572,163,0
2006,8,15,18,30,29.3,0,0,0
2006,8,15,19,30,27.200000000000003,0,0,0
2006,8,15,20,30,25.900000000000002,0,0,0
2006,8,15,21,30,24.900000000000002,0,0,0
2006,8,15,22,30,24.400000000000002,0,0,0
2006,8,15,23,30,24,0,0,0
2006,8,16,0,30,23.700000000000003,0,0,0
2006,8,16,1,30,23.3,0,0,0
2006,8,16,2,30,22.8,0,0,0
2006,8,16,3,30,22.400000000000002,0,0,0
2006,8,16,4,30,22.700000000000003,0,0,0
2006,8,16,5,30,25.1,297,40,0
2006,8,16,6,30,29.200000000000003,678,237,0
2006,8,16,7,30,32.7,833,463,0
2006,8,16,8,30,35.4,910,671,0
2006,8,16,9,30,37.300000000000004,956,845,0
2006,8,16,10,30,38.5,975,963,0
2006,8,16,11,30,39.1,984,1018,0
2006,8,16,12,30,39.300000000000004,981,1007,0
2006,8,16,13,30,39.1,969,932,0
2006,8,16,14,30,38.400000000000006,935,791,0
2006,8,16,15,30,37.2,882,605,0
2006,8,16,16,30,35.300000000000004,783,387,0
2006,8,16,17,30,31.900000000000002,584,164,0
2006,8,16,18,30,28.400000000000002,0,0,0
2006,8,16,19,30,26.3,0,0,0
2006,8,16,20,30,24.8,0,0,0
2006,8,16,21,30,23.5,0,0,0
2006,8,16,22,30,22.6,0,0,0
2006,8,16,23,30,21.8,0,0,0
2006,8,17,0,30,21.3,0,0,0
2006,8,17,1,30,20.900000000000002,0,0,0
2006,8,17,2,30,20.700000000000003,0,0,0
2006,8,17,3,30,20.700000000000003,0,0,0
2006,8,17,4,30,21.400000000000002,0,0,0
2006,8,17,5,30,24.5,346,41,0
2006,8,17,6,30,29,722,245,0
2006,8,17,7,30,32.9,854,472,0
2006,8,17,8,30,35.7,923,680,0
2006,8,17,9,30,37.300000000000004,960,849,0
2006,8,17,10,30,38.5,977,963,0
2006,8,17,11,30,39.300000000000004,981,1016,0
2006,8,17,12,30,39.5,975,1001,0
2006,8,17,13,30,39.400000000000006,957,920,0
2006,8,17,14,30,38.7,925,781,0
2006,8,17,15,30,37.4,874,596,0
2006,8,17,16,30,35.5,781,381,0
2006,8,17,17,30,32.300000000000004,1,56,2
2006,8,17,18,30,29.1,0,0,1
2006,8,17,19,30,27.6,0,0,0
2006,8,17,20,30,26.8,0,0,0
2006,8,17,21,30,26.1,0,0,0
2006,8,17,22,30,25.5,0,0,0
2006,8,17,23,30,25.1,0,0,0
2006,8,18,0,30,24.6,0,0,0
2006,8,18,1,30,24.3,0,0,0
2006,8,18,2,30,24.1,0,0,0
2006,8,18,3,30,24.1,0,0,0
2006,8,18,4,30,24.5,0,0,0
2006,8,18,5,30,26.900000000000002,256,35,0
2006,8,18,6,30,30.8,638,225,0
2006,8,18,7,30,34.2,804,447,0
2006,8,18,8,30,36.5,883,651,0
2006,8,18,9,30,38.1,930,821,0
2006,8,18,10,30,39.300000000000004,947,936,0
2006,8,18,11,30,40.1,957,991,0
2006,8,18,12,30,40.6,956,979,0
2006,8,18,13,30,40.7,931,900,0
2006,8,18,14,30,40.2,900,764,0
2006,8,18,15,30,39.2,841,579,0
2006,8,18,16,30,37.5,745,367,0
2006,8,18,17,30,34.4,535,150,0
2006,8,18,18,30,31.200000000000003,0,0,0
2006,8,18,19,30,29.3,0,0,0
2006,8,18,20,30,28,0,0,0
2006,8,18,21,30,26.900000000000002,0,0,0
2006,8,18,22,30,26,0,0,0
2006,8,18,23,30,25.400000000000002,0,0,0
2006,8,19,0,30,25,0,0,0
2006,8,19,1,30,24.6,0,0,0
2006,8,19,2,30,24.200000000000003,0,0,0
2006,8,19,3,30,24,0,0,0
2006,8,19,4,30,24.200000000000003,0,0,0
2006,8,19,5,30,26.900000000000002,252,34,0
2006,8,19,6,30,31.1,640,225,0
2006,8,19,7,30,34.7,797,446,0
2006,8,19,8,30,37.1,878,652,0
2006,8,19,9,30,38.7,922,822,0
2006,8,19,10,30,39.900000000000006,943,938,0
2006,8,19,11,30,40.6,953,992,0
2006,8,19,12,30,40.900000000000006,952,980,0
2006,8,19,13,30,40.800000000000004,936,904,0
2006,8,19,14,30,40.1,905,767,0
2006,8,19,15,30,38.900000000000006,850,582,0
2006,8,19,16,30,37,753,368,0
2006,8,19,17,30,33.6,543,149,0
2006,8,19,18,30,30.200000000000003,0,0,0
2006,8,19,19,30,28.3,0,0,0
2006,8,19,20,30,26.8,0,0,0
2006,8,19,21,30,25.6,0,0,0
2006,8,19,22,30,24.8,0,0,0
2006,8,19,23,30,24.3,0,0,0
2006,8,20,0,30,24,0,0,0
2006,8,20,1,30,23.8,0,0,0
2006,8,20,2,30,23.700000000000003,0,0,0
2006,8,20,3,30,23.700000000000003,0,0,0
2006,8,20,4,30,24.200000000000003,0,0,0
2006,8,20,5,30,26.6,284,35,0
2006,8,20,6,30,30.6,676,231,0
2006,8,20,7,30,34.5,829,456,0
2006,8,20,8,30,37.4,906,665,0
2006,8,20,9,30,39.400000000000006,944,833,0
2006,8,20,10,30,40.7,966,951,0
2006,8,20,11,30,41.6,975,1006,0
2006,8,20,12,30,41.900000000000006,969,990,0
2006,8,20,13,30,41.900000000000006,951,911,0
2006,8,20,14,30,41.300000000000004,920,773,0
2006,8,20,15,30,40.2,864,586,0
2006,8,20,16,30,38.300000000000004,767,369,0
2006,8,20,17,30,34.4,554,148,0
2006,8,20,18,30,30.8,0,0,0
2006,8,20,19,30,29.200000000000003,0,0,0
2006,8,20,20,30,28.400000000000002,0,0,0
2006,8,20,21,30,28.1,0,0,0
2006,8,20,22,30,28.1,0,0,0
2006,8,20,23,30,28.1,0,0,0
2006,8,21,0,30,27.900000000000002,0,0,0
2006,8,21,1,30,27.8,0,0,0
2006,8,21,2,30,27.8,0,0,0
2006,8,21,3,30,27.900000000000002,0,0,0
2006,8,21,4,30,28.1,0,0,0
2006,8,21,5,30,29.8,210,30,0
2006,8,21,6,30,33.300000000000004,589,212,0
2006,8,21,7,30,36.7,750,426,0
2006,8,21,8,30,39.300000000000004,829,626,0
2006,8,21,9,30,41,871,787,0
2006,8,21,10,30,42.1,899,901,0
2006,8,21,11,30,42.800000000000004,909,953,0
2006,8,21,12,30,43.2,905,941,0
2006,8,21,13,30,43.2,893,866,0
2006,8,21,14,30,42.800000000000004,861,733,1
2006,8,21,15,30,41.900000000000006,803,553,1
2006,8,21,16,30,40.2,701,345,0
2006,8,21,17,30,36.9,484,134,0
2006,8,21,18,30,33.800000000000004,0,0,0
2006,8,21,19,30,32.800000000000004,0,0,0
2006,8,21,20,30,32.300000000000004,0,0,0
2006,8,21,21,30,32.1,0,0,0
2006,8,21,22,30,31.6,0,0,0
2006,8,21,23,30,30.8,0,0,0
2006,8,22,0,30,29.900000000000002,0,0,0
2006,8,22,1,30,29,0,0,0
2006,8,22,2,30,28.3,0,0,0
2006,8,22,3,30,28,0,0,0
2006,8,22,4,30,28.1,0,0,0
2006,8,22,5,30,29.8,98,24,0
2006,8,22,6,30,32.9,486,195,0
2006,8,22,7,30,36.1,678,405,0
2006,8,22,8,30,38.7,769,602,0
2006,8,22,9,30,40.6,817,764,0
2006,8,22,10,30,41.7,816,869,0
2006,8,22,11,30,42.2,650,846,8
2006,8,22,12,30,42.300000000000004,1,187,6
2006,8,22,13,30,41.800000000000004,185,562,6
2006,8,22,14,30,40.800000000000004,351,564,8
2006,8,22,15,30,39.5,425,473,8
2006,8,22,16,30,37.9,231,272,8
2006,8,22,17,30,36,13,84,8
2006,8,22,18,30,34.300000000000004,0,0,2
2006,8,22,19,30,33.2,0,0,2
2006,8,22,20,30,32.300000000000004,0,0,3
2006,8,22,21,30,31.6,0,0,0
2006,8,22,22,30,30.900000000000002,0,0,0
2006,8,22,23,30,30.400000000000002,0,0,0
2006,8,23,0,30,29.900000000000002,0,0,0
2006,8,23,1,30,29.8,0,0,0
2006,8,23,2,30,30,0,0,0
2006,8,23,3,30,30.3,0,0,0
2006,8,23,4,30,30.400000000000002,0,0,0
2006,8,23,5,30,31.3,58,21,0
2006,8,23,6,30,33.2,390,184,0
2006,8,23,7,30,35.1,584,389,0
2006,8,23,8,30,36.5,684,583,0
2006,8,23,9,30,37.300000000000004,743,744,0
2006,8,23,10,30,37.6,777,855,0
2006,8,23,11,30,37.5,669,873,8
2006,8,23,12,30,37.2,654,859,8
2006,8,23,13,30,37.2,409,655,8
2006,8,23,14,30,37.4,416,571,8
2006,8,23,15,30,37.300000000000004,314,425,8
2006,8,23,16,30,36.300000000000004,586,317,1
2006,8,23,17,30,34.300000000000004,353,116,0
2006,8,23,18,30,32.300000000000004,0,0,1
2006,8,23,19,30,31.5,0,0,0
2006,8,23,20,30,31.1,0,0,0
2006,8,23,21,30,30.700000000000003,0,0,0
2006,8,23,22,30,30.200000000000003,0,0,0
2006,8,23,23,30,29.6,0,0,0
2006,8,24,0,30,28.900000000000002,0,0,0
2006,8,24,1,30,28.3,0,0,0
2006,8,24,2,30,28,0,0,0
2006,8,24,3,30,27.700000000000003,0,0,0
2006,8,24,4,30,27.8,0,0,0
2006,8,24,5,30,29.900000000000002,162,24,0
2006,8,24,6,30,33.7,565,202,0
2006,8,24,7,30,36.800000000000004,742,417,0
2006,8,24,8,30,38.800000000000004,830,619,0
2006,8,24,9,30,40.400000000000006,879,785,0
2006,8,24,10,30,41.5,903,898,0
2006,8,24,11,30,42.2,913,950,0
2006,8,24,12,30,42.5,910,937,0
2006,8,24,13,30,42.2,890,858,0
2006,8,24,14,30,41.300000000000004,855,722,0
2006,8,24,15,30,39.900000000000006,794,540,0
2006,8,24,16,30,37.800000000000004,692,332,0
2006,8,24,17,30,34.9,468,123,0
2006,8,24,18,30,32.1,0,0,0
2006,8,24,19,30,30.1,0,0,0
2006,8,24,20,30,28.700000000000003,0,0,0
2006,8,24,21,30,27.8,0,0,0
2006,8,24,22,30,27.1,0,0,0
2006,8,24,23,30,26.5,0,0,0
2006,8,25,0,30,25.900000000000002,0,0,0
2006,8,25,1,30,25.400000000000002,0,0,0
2006,8,25,2,30,24.900000000000002,0,0,0
2006,8,25,3,30,24.5,0,0,0
2006,8,25,4,30,24.5,0,0,0
2006,8,25,5,30,26.8,223,26,0
2006,8,25,6,30,30.6,629,210,0
2006,8,25,7,30,33.800000000000004,782,427,0
2006,8,25,8,30,36.2,862,630,0
2006,8,25,9,30,38.1,908,797,0
2006,8,25,10,30,39.400000000000006,933,911,0
2006,8,25,11,30,40.1,943,964,0
2006,8,25,12,30,40.400000000000006,942,951,0
2006,8,25,13,30,40.2,924,873,0
2006,8,25,14,30,39.300000000000004,893,735,0
2006,8,25,15,30,37.800000000000004,839,553,0
2006,8,25,16,30,35.5,729,339,0
2006,8,25,17,30,32.4,500,124,0
2006,8,25,18,30,29.5,0,0,0
2006,8,25,19,30,27.6,0,0,0
2006,8,25,20,30,26.3,0,0,0
2006,8,25,21,30,25.5,0,0,0
2006,8,25,22,30,24.700000000000003,0,0,0
2006,8,25,23,30,24,0,0,0
2006,8,26,0,30,23.3,0,0,0
2006,8,26,1,30,22.8,0,0,0
2006,8,26,2,30,22.200000000000003,0,0,0
2006,8,26,3,30,21.8,0,0,0
2006,8,26,4,30,21.700000000000003,0,0,0
2006,8,26,5,30,23.900000000000002,254,26,0
2006,8,26,6,30,28,684,220,0
2006,8,26,7,30,32.1,835,446,0
2006,8,26,8,30,35.300000000000004,914,656,0
2006,8,26,9,30,37.300000000000004,957,828,0
2006,8,26,10,30,38.800000000000004,975,942,0
2006,8,26,11,30,39.7,985,996,0
2006,8,26,12,30,40.1,984,982,0
2006,8,26,13,30,40,970,901,0
2006,8,26,14,30,39.400000000000006,940,759,0
2006,8,26,15,30,38.1,885,570,0
2006,8,26,16,30,36,788,352,0
2006,8,26,17,30,32.2,561,129,0
2006,8,26,18,30,28.700000000000003,0,0,0
2006,8,26,19,30,27,0,0,0
2006,8,26,20,30,26,0,0,0
2006,8,26,21,30,25.200000000000003,0,0,0
2006,8,26,22,30,24.700000000000003,0,0,0
2006,8,26,23,30,24.400000000000002,0,0,0
2006,8,27,0,30,24.1,0,0,0
2006,8,27,1,30,23.8,0,0,0
2006,8,27,2,30,23.5,0,0,0
2006,8,27,3,30,23.3,0,0,0
2006,8,27,4,30,23.5,0,0,0
2006,8,27,5,30,26.200000000000003,242,24,0
2006,8,27,6,30,30.8,667,216,0
2006,8,27,7,30,34.9,834,443,0
2006,8,27,8,30,37.800000000000004,912,654,0
2006,8,27,9,30,39.6,954,825,0
2006,8,27,10,30,40.900000000000006,974,942,0
2006,8,27,11,30,41.7,982,995,0
2006,8,27,12,30,42.2,978,981,0
2006,8,27,13,30,42.2,946,896,0
2006,8,27,14,30,41.7,907,750,0
2006,8,27,15,30,40.7,844,559,0
2006,8,27,16,30,38.6,739,340,0
2006,8,27,17,30,35.2,490,120,0
2006,8,27,18,30,32.800000000000004,0,0,0
2006,8,27,19,30,32,0,0,0
2006,8,27,20,30,31.3,0,0,0
2006,8,27,21,30,30.700000000000003,0,0,0
2006,8,27,22,30,30.400000000000002,0,0,0
2006,8,27,23,30,30.1,0,0,0
2006,8,28,0,30,29.6,0,0,0
2006,8,28,1,30,28.900000000000002,0,0,0
2006,8,28,2,30,28.3,0,0,0
2006,8,28,3,30,27.900000000000002,0,0,0
2006,8,28,4,30,27.8,0,0,0
2006,8,28,5,30,29.400000000000002,108,20,0
2006,8,28,6,30,33.2,537,200,0
2006,8,28,7,30,37.300000000000004,792,434,0
2006,8,28,8,30,40,879,644,0
2006,8,28,9,30,41.5,928,816,0
2006,8,28,10,30,42.6,954,932,0
2006,8,28,11,30,43.300000000000004,964,985,0
2006,8,28,12,30,43.6,961,970,0
2006,8,28,13,30,43.6,942,887,0
2006,8,28,14,30,43.2,903,742,0
2006,8,28,15,30,42.2,839,552,0
2006,8,28,16,30,39.900000000000006,721,331,0
2006,8,28,17,30,36.1,466,114,0
2006,8,28,18,30,33.4,0,0,0
2006,8,28,19,30,32.300000000000004,0,0,0
2006,8,28,20,30,31.1,0,0,0
2006,8,28,21,30,30.1,0,0,0
2006,8,28,22,30,29.700000000000003,0,0,0
2006,8,28,23,30,29.6,0,0,0
2006,8,29,0,30,29.700000000000003,0,0,0
2006,8,29,1,30,29.700000000000003,0,0,0
2006,8,29,2,30,29.900000000000002,0,0,0
2006,8,29,3,30,30,0,0,0
2006,8,29,4,30,30.400000000000002,0,0,0
2006,8,29,5,30,31.8,158,20,0
2006,8,29,6,30,34.7,600,203,0
2006,8,29,7,30,38.1,778,426,0
2006,8,29,8,30,40.6,862,631,0
2006,8,29,9,30,42,909,800,0
2006,8,29,10,30,43,932,914,0
2006,8,29,11,30,43.5,937,963,0
2006,8,29,12,30,43.800000000000004,928,945,0
2006,8,29,13,30,43.6,901,860,0
2006,8,29,14,30,43,858,717,0
2006,8,29,15,30,41.900000000000006,790,530,0
2006,8,29,16,30,39.800000000000004,663,314,0
2006,8,29,17,30,36.300000000000004,404,104,0
2006,8,29,18,30,33.2,0,0,0
2006,8,29,19,30,31.700000000000003,0,0,0
2006,8,29,20,30,30.8,0,0,0
2006,8,29,21,30,30.400000000000002,0,0,0
2006,8,29,22,30,30.3,0,0,0
2006,8,29,23,30,30.1,0,0,0
2006,8,30,0,30,29.700000000000003,0,0,0
2006,8,30,1,30,29.200000000000003,0,0,0
2006,8,30,2,30,28.8,0,0,0
2006,8,30,3,30,28.5,0,0,0
2006,8,30,4,30,28.400000000000002,0,0,0
2006,8,30,5,30,30,103,17,0
2006,8,30,6,30,33.4,555,194,0
2006,8,30,7,30,36.9,743,414,0
2006,8,30,8,30,39.300000000000004,838,620,0
2006,8,30,9,30,40.900000000000006,890,788,0
2006,8,30,10,30,42.1,928,906,0
2006,8,30,11,30,42.800000000000004,939,958,0
2006,8,30,12,30,43.1,936,942,0
2006,8,30,13,30,42.900000000000006,918,861,0
2006,8,30,14,30,42.300000000000004,880,719,0
2006,8,30,15,30,41.1,815,531,0
2006,8,30,16,30,39,700,316,0
2006,8,30,17,30,35.300000000000004,443,103,0
2006,8,30,18,30,32.1,0,0,0
2006,8,30,19,30,30.6,0,0,0
2006,8,30,20,30,29.400000000000002,0,0,0
2006,8,30,21,30,28.400000000000002,0,0,0
2006,8,30,22,30,27.5,0,0,0
2006,8,30,23,30,26.8,0,0,0
2006,8,31,0,30,26.3,0,0,0
2006,8,31,1,30,26,0,0,0
2006,8,31,2,30,25.8,0,0,0
2006,8,31,3,30,25.8,0,0,0
2006,8,31,4,30,26.1,0,0,0
2006,8,31,5,30,28.200000000000003,148,17,0
2006,8,31,6,30,32.1,586,193,0
2006,8,31,7,30,35.7,754,410,0
2006,8,31,8,30,38.300000000000004,835,611,0
2006,8,31,9,30,40,876,775,0
2006,8,31,10,30,41.2,896,886,0
2006,8,31,11,30,42,898,932,0
2006,8,31,12,30,42.400000000000006,886,914,0
2006,8,31,13,30,42.300000000000004,841,826,0
2006,8,31,14,30,41.7,780,683,1
2006,8,31,15,30,40.400000000000006,693,498,0
2006,8,31,16,30,38.6,549,288,0
2006,8,31,17,30,36,273,88,0
2006,8,31,18,30,33.5,0,0,0
2006,8,31,19,30,32,0,0,0
2006,8,31,20,30,30.700000000000003,0,0,0
2006,8,31,21,30,29.6,0,0,0
2006,8,31,22,30,28.700000000000003,0,0,0
2006,8,31,23,30,28.1,0,0,0
2006,9,1,0,30,27.700000000000003,0,0,0
2006,9,1,1,30,27.400000000000002,0,0,0
2006,9,1,2,30,27.3,0,0,0
2006,9,1,3,30,27.3,0,0,0
2006,9,1,4,30,27.5,0,0,0
2006,9,1,5,30,29.5,79,15,0
2006,9,1,6,30,33.2,501,182,0
2006,9,1,7,30,36.6,685,394,0
2006,9,1,8,30,39.1,778,594,0
2006,9,1,9,30,40.7,829,757,0
2006,9,1,10,30,41.900000000000006,882,874,1
2006,9,1,11,30,42.7,699,900,2
2006,9,1,12,30,42.900000000000006,867,903,0
2006,9,1,13,30,42.6,835,819,0
2006,9,1,14,30,41.7,775,676,0
2006,9,1,15,30,40.6,687,490,0
2006,9,1,16,30,39.1,538,281,0
2006,9,1,17,30,36.5,258,83,0
2006,9,1,18,30,34.1,0,0,0
2006,9,1,19,30,32.6,0,0,0
2006,9,1,20,30,31.6,0,0,0
2006,9,1,21,30,30.700000000000003,0,0,0
2006,9,1,22,30,30.1,0,0,0
2006,9,1,23,30,29.5,0,0,0
2006,9,2,0,30,29.1,0,0,0
2006,9,2,1,30,28.6,0,0,1
2006,9,2,2,30,28.1,0,0,1
2006,9,2,3,30,27.8,0,0,0
2006,9,2,4,30,27.700000000000003,0,0,0
2006,9,2,5,30,29.6,76,14,1
2006,9,2,6,30,33.4,502,181,0
2006,9,2,7,30,37.1,740,402,0
2006,9,2,8,30,39.800000000000004,829,605,0
2006,9,2,9,30,41.400000000000006,873,769,0
2006,9,2,10,30,42.6,892,879,1
2006,9,2,11,30,43.2,737,883,8
2006,9,2,12,30,43.400000000000006,266,647,8
2006,9,2,13,30,43.1,630,815,2
2006,9,2,14,30,42.400000000000006,521,613,8
2006,9,2,15,30,41.300000000000004,33,250,8
2006,9,2,16,30,39.5,0,16,6
2006,9,2,17,30,36.9,19,65,7
2006,9,2,18,30,34.7,0,0,0
2006,9,2,19,30,33.800000000000004,0,0,1
2006,9,2,20,30,33,0,0,4
2006,9,2,21,30,32.1,0,0,0
2006,9,2,22,30,31.1,0,0,0
2006,9,2,23,30,30.3,0,0,3
2006,9,3,0,30,29.700000000000003,0,0,1
2006,9,3,1,30,29.400000000000002,0,0,0
2006,9,3,2,30,29.3,0,0,1
2006,9,3,3,30,28.900000000000002,0,0,0
2006,9,3,4,30,28.1,0,0,0
2006,9,3,5,30,28.8,26,11,0
2006,9,3,6,30,31.3,389,166,0
2006,9,3,7,30,33.800000000000004,628,376,0
2006,9,3,8,30,36,732,574,0
2006,9,3,9,30,37.7,791,736,0
2006,9,3,10,30,39.2,852,853,0
2006,9,3,11,30,40.2,721,861,8
2006,9,3,12,30,40.6,718,848,8
2006,9,3,13,30,40.6,677,776,8
2006,9,3,14,30,39.900000000000006,743,656,2
2006,9,3,15,30,38.800000000000004,416,421,8
2006,9,3,16,30,37.4,16,142,8
2006,9,3,17,30,35.4,166,70,0
2006,9,3,18,30,33.7,0,0,0
2006,9,3,19,30,32.800000000000004,0,0,0
2006,9,3,20,30,31.900000000000002,0,0,0
2006,9,3,21,30,31.200000000000003,0,0,0
2006,9,3,22,30,30.8,0,0,0
2006,9,3,23,30,30.400000000000002,0,0,0
2006,9,4,0,30,29.900000000000002,0,0,0
2006,9,4,1,30,29.3,0,0,0
2006,9,4,2,30,28.6,0,0,0
2006,9,4,3,30,28,0,0,0
2006,9,4,4,30,27.5,0,0,0
2006,9,4,5,30,28.6,18,9,0
2006,9,4,6,30,31.200000000000003,367,163,0
2006,9,4,7,30,33.800000000000004,696,384,0
2006,9,4,8,30,35.800000000000004,786,581,0
2006,9,4,9,30,37.300000000000004,835,742,0
2006,9,4,10,30,38.5,872,854,0
2006,9,4,11,30,39.2,743,859,8
2006,9,4,12,30,39.400000000000006,735,845,8
2006,9,4,13,30,39.1,682,762,8
2006,9,4,14,30,38.5,800,662,1
2006,9,4,15,30,37.800000000000004,591,457,8
2006,9,4,16,30,36.9,23,140,8
2006,9,4,17,30,34.9,4,55,2
2006,9,4,18,30,33.1,0,0,0
2006,9,4,19,30,32.4,0,0,0
2006,9,4,20,30,32,0,0,0
2006,9,4,21,30,31.700000000000003,0,0,0
2006,9,4,22,30,31.400000000000002,0,0,0
2006,9,4,23,30,31.1,0,0,0
2006,9,5,0,30,30.6,0,0,0
2006,9,5,1,30,29.8,0,0,0
2006,9,5,2,30,29,0,0,0
2006,9,5,3,30,28.200000000000003,0,0,0
2006,9,5,4,30,27.8,0,0,0
2006,9,5,5,30,29.1,64,11,0
2006,9,5,6,30,32,497,171,0
2006,9,5,7,30,34.300000000000004,712,383,0
2006,9,5,8,30,36.1,805,582,0
2006,9,5,9,30,37.5,856,744,0
2006,9,5,10,30,38.6,886,855,0
2006,9,5,11,30,39.300000000000004,896,905,0
2006,9,5,12,30,39.800000000000004,891,887,0
2006,9,5,13,30,39.800000000000004,881,808,0
2006,9,5,14,30,39.5,841,668,0
2006,9,5,15,30,38.7,772,485,0
2006,9,5,16,30,37.4,657,277,1
2006,9,5,17,30,35.300000000000004,371,76,1
2006,9,5,18,30,33.5,0,0,0
2006,9,5,19,30,32.5,0,0,0
2006,9,5,20,30,31.6,0,0,0
2006,9,5,21,30,30.900000000000002,0,0,0
2006,9,5,22,30,30.3,0,0,0
2006,9,5,23,30,29.900000000000002,0,0,0
2006,9,6,0,30,29.6,0,0,0
2006,9,6,1,30,29.400000000000002,0,0,0
2006,9,6,2,30,29.3,0,0,0
2006,9,6,3,30,29.1,0,0,0
2006,9,6,4,30,28.8,0,0,0
2006,9,6,5,30,29.700000000000003,0,0,0
2006,9,6,6,30,32.4,510,171,0
2006,9,6,7,30,35.2,697,381,0
2006,9,6,8,30,37.1,792,580,0
2006,9,6,9,30,38.5,844,743,0
2006,9,6,10,30,39.6,876,853,0
2006,9,6,11,30,40.400000000000006,729,853,8
2006,9,6,12,30,40.6,0,95,7
2006,9,6,13,30,40.300000000000004,0,132,6
2006,9,6,14,30,39.400000000000006,0,38,6
2006,9,6,15,30,38.2,684,465,1
2006,9,6,16,30,36.800000000000004,520,257,1
2006,9,6,17,30,34.800000000000004,226,65,0
2006,9,6,18,30,32.9,0,0,0
2006,9,6,19,30,31.700000000000003,0,0,1
2006,9,6,20,30,30.700000000000003,0,0,0
2006,9,6,21,30,30.1,0,0,8
2006,9,6,22,30,29.6,0,0,4
2006,9,6,23,30,29.200000000000003,0,0,1
2006,9,7,0,30,28.8,0,0,0
2006,9,7,1,30,28.200000000000003,0,0,1
2006,9,7,2,30,27.6,0,0,1
2006,9,7,3,30,27,0,0,0
2006,9,7,4,30,26.700000000000003,0,0,0
2006,9,7,5,30,27.400000000000002,0,0,0
2006,9,7,6,30,29.8,464,169,0
2006,9,7,7,30,32.800000000000004,697,386,0
2006,9,7,8,30,35.300000000000004,797,588,0
2006,9,7,9,30,37.1,852,753,0
2006,9,7,10,30,38.6,881,865,0
2006,9,7,11,30,39.6,891,914,1
2006,9,7,12,30,40.1,881,893,0
2006,9,7,13,30,40.1,597,794,2
2006,9,7,14,30,39.5,609,645,8
2006,9,7,15,30,38.2,473,452,8
2006,9,7,16,30,36.2,26,181,3
2006,9,7,17,30,33.5,177,60,0
2006,9,7,18,30,31,0,0,0
2006,9,7,19,30,29.400000000000002,0,0,0
2006,9,7,20,30,28.200000000000003,0,0,0
2006,9,7,21,30,27.3,0,0,0
2006,9,7,22,30,26.5,0,0,0
2006,9,7,23,30,26,0,0,0
2006,9,8,0,30,25.6,0,0,0
2006,9,8,1,30,25.200000000000003,0,0,0
2006,9,8,2,30,24.900000000000002,0,0,0
2006,9,8,3,30,24.6,0,0,0
2006,9,8,4,30,24.400000000000002,0,0,0
2006,9,8,5,30,25.200000000000003,0,0,0
2006,9,8,6,30,27.8,504,171,0
2006,9,8,7,30,31.3,705,387,0
2006,9,8,8,30,34.300000000000004,806,591,0
2006,9,8,9,30,36.1,859,755,0
2006,9,8,10,30,37.4,901,870,0
2006,9,8,11,30,38.2,910,917,0
2006,9,8,12,30,38.5,904,898,1
2006,9,8,13,30,38.300000000000004,891,815,0
2006,9,8,14,30,37.6,851,672,0
2006,9,8,15,30,36.2,781,483,0
2006,9,8,16,30,34.1,641,268,0
2006,9,8,17,30,31.200000000000003,334,66,0
2006,9,8,18,30,28.6,0,0,0
2006,9,8,19,30,26.900000000000002,0,0,0
2006,9,8,20,30,25.700000000000003,0,0,0
2006,9,8,21,30,24.8,0,0,0
2006,9,8,22,30,24,0,0,0
2006,9,8,23,30,23.400000000000002,0,0,0
2006,9,9,0,30,22.700000000000003,0,0,0
2006,9,9,1,30,22.1,0,0,0
2006,9,9,2,30,21.6,0,0,0
2006,9,9,3,30,21.3,0,0,0
2006,9,9,4,30,21.200000000000003,0,0,0
2006,9,9,5,30,22.8,0,0,0
2006,9,9,6,30,26.1,585,178,0
2006,9,9,7,30,29.700000000000003,773,397,0
2006,9,9,8,30,32.4,864,603,0
2006,9,9,9,30,34,913,770,0
2006,9,9,10,30,35.2,936,881,0
2006,9,9,11,30,36,947,930,0
2006,9,9,12,30,36.4,941,908,0
2006,9,9,13,30,36.2,924,823,0
2006,9,9,14,30,35.5,887,678,0
2006,9,9,15,30,34.1,824,489,0
2006,9,9,16,30,32,705,274,0
2006,9,9,17,30,29,401,67,0
2006,9,9,18,30,26.400000000000002,0,0,0
2006,9,9,19,30,24.8,0,0,0
2006,9,9,20,30,23.6,0,0,0
2006,9,9,21,30,22.700000000000003,0,0,0
2006,9,9,22,30,21.900000000000002,0,0,0
2006,9,9,23,30,21.400000000000002,0,0,0
2006,9,10,0,30,21.1,0,0,0
2006,9,10,1,30,20.900000000000002,0,0,0
2006,9,10,2,30,20.700000000000003,0,0,0
2006,9,10,3,30,20.700000000000003,0,0,0
2006,9,10,4,30,20.8,0,0,0
2006,9,10,5,30,22.400000000000002,0,0,0
2006,9,10,6,30,25.700000000000003,618,180,0
2006,9,10,7,30,29.400000000000002,798,401,0
2006,9,10,8,30,32.4,882,606,0
2006,9,10,9,30,34.300000000000004,928,773,0
2006,9,10,10,30,35.7,942,882,0
2006,9,10,11,30,36.6,953,931,0
2006,9,10,12,30,37.1,947,909,0
2006,9,10,13,30,37.2,919,821,0
2006,9,10,14,30,36.9,878,675,0
2006,9,10,15,30,35.9,801,481,0
2006,9,10,16,30,34,676,266,0
2006,9,10,17,30,30.900000000000002,347,60,0
2006,9,10,18,30,28.700000000000003,0,0,0
2006,9,10,19,30,28,0,0,0
2006,9,10,20,30,27.3,0,0,0
2006,9,10,21,30,26.700000000000003,0,0,0
2006,9,10,22,30,26.3,0,0,0
2006,9,10,23,30,26,0,0,0
2006,9,11,0,30,25.700000000000003,0,0,0
2006,9,11,1,30,25.200000000000003,0,0,0
2006,9,11,2,30,24.6,0,0,0
2006,9,11,3,30,24,0,0,0
2006,9,11,4,30,23.6,0,0,0
2006,9,11,5,30,25.1,0,0,0
2006,9,11,6,30,28.700000000000003,518,165,0
2006,9,11,7,30,32.6,743,384,0
2006,9,11,8,30,35.300000000000004,834,585,0
2006,9,11,9,30,36.9,883,749,0
2006,9,11,10,30,38,914,859,0
2006,9,11,11,30,38.800000000000004,922,906,0
2006,9,11,12,30,39.300000000000004,916,886,0
2006,9,11,13,30,39.300000000000004,887,797,0
2006,9,11,14,30,38.800000000000004,843,653,0
2006,9,11,15,30,37.800000000000004,765,464,0
2006,9,11,16,30,35.9,623,251,0
2006,9,11,17,30,33.4,284,53,0
2006,9,11,18,30,31.400000000000002,0,0,0
2006,9,11,19,30,30.1,0,0,0
2006,9,11,20,30,29,0,0,0
2006,9,11,21,30,28,0,0,0
2006,9,11,22,30,27.200000000000003,0,0,0
2006,9,11,23,30,26.700000000000003,0,0,0
2006,9,12,0,30,26.200000000000003,0,0,0
2006,9,12,1,30,25.8,0,0,1
2006,9,12,2,30,25.5,0,0,1
2006,9,12,3,30,25.3,0,0,0
2006,9,12,4,30,25.3,0,0,0
2006,9,12,5,30,26.8,0,0,0
2006,9,12,6,30,30.1,492,161,0
2006,9,12,7,30,33.7,718,376,0
2006,9,12,8,30,36.6,43,319,2
2006,9,12,9,30,38.300000000000004,868,741,0
2006,9,12,10,30,39.5,896,852,0
2006,9,12,11,30,40.300000000000004,903,898,0
2006,9,12,12,30,40.5,894,877,0
2006,9,12,13,30,40.300000000000004,854,787,0
2006,9,12,14,30,39.6,804,641,0
2006,9,12,15,30,38.5,116,337,3
2006,9,12,16,30,36.300000000000004,46,175,3
2006,9,12,17,30,33.1,222,48,0
2006,9,12,18,30,30.8,0,0,0
2006,9,12,19,30,29.900000000000002,0,0,0
2006,9,12,20,30,29.200000000000003,0,0,0
2006,9,12,21,30,28.8,0,0,0
2006,9,12,22,30,28.700000000000003,0,0,0
2006,9,12,23,30,28.5,0,0,0
2006,9,13,0,30,28.3,0,0,0
2006,9,13,1,30,28.3,0,0,0
2006,9,13,2,30,28.5,0,0,0
2006,9,13,3,30,28.700000000000003,0,0,3
2006,9,13,4,30,28.700000000000003,0,0,0
2006,9,13,5,30,29,0,0,0
2006,9,13,6,30,30.8,402,151,0
2006,9,13,7,30,33.1,661,363,0
2006,9,13,8,30,35.1,760,561,0
2006,9,13,9,30,36.800000000000004,813,722,0
2006,9,13,10,30,38.1,839,832,0
2006,9,13,11,30,39,845,877,0
2006,9,13,12,30,39.400000000000006,832,854,0
2006,9,13,13,30,39.2,834,774,0
2006,9,13,14,30,38.6,780,629,0
2006,9,13,15,30,37.5,690,440,0
2006,9,13,16,30,35.5,475,226,0
2006,9,13,17,30,32.6,150,40,0
2006,9,13,18,30,30.3,0,0,0
2006,9,13,19,30,29.1,0,0,0
2006,9,13,20,30,28,0,0,0
2006,9,13,21,30,26.900000000000002,0,0,0
2006,9,13,22,30,25.8,0,0,0
2006,9,13,23,30,24.900000000000002,0,0,0
2006,9,14,0,30,24.1,0,0,0
2006,9,14,1,30,23.400000000000002,0,0,0
2006,9,14,2,30,22.8,0,0,0
2006,9,14,3,30,22.3,0,0,0
2006,9,14,4,30,21.900000000000002,0,0,0
2006,9,14,5,30,22.6,0,0,0
2006,9,14,6,30,24.900000000000002,325,141,8
2006,9,14,7,30,28,106,284,3
2006,9,14,8,30,31,75,391,3
2006,9,14,9,30,33.2,427,679,2
2006,9,14,10,30,34.6,1,310,3
2006,9,14,11,30,35.4,164,648,3
2006,9,14,12,30,35.6,822,851,1
2006,9,14,13,30,35.1,749,755,2
2006,9,14,14,30,34,717,615,0
2006,9,14,15,30,32,654,432,1
2006,9,14,16,30,29.1,556,231,0
2006,9,14,17,30,25.8,229,42,0
2006,9,14,18,30,23.200000000000003,0,0,0
2006,9,14,19,30,21.900000000000002,0,0,0
2006,9,14,20,30,21.3,0,0,0
2006,9,14,21,30,20.700000000000003,0,0,0
2006,9,14,22,30,20.1,0,0,0
2006,9,14,23,30,19.5,0,0,0
2006,9,15,0,30,18.900000000000002,0,0,0
2006,9,15,1,30,18.400000000000002,0,0,7
2006,9,15,2,30,18.1,0,0,7
2006,9,15,3,30,17.8,0,0,0
2006,9,15,4,30,17.6,0,0,0
2006,9,15,5,30,18,0,0,0
2006,9,15,6,30,19.6,486,156,0
2006,9,15,7,30,22.1,714,375,0
2006,9,15,8,30,24.700000000000003,832,584,0
2006,9,15,9,30,26.900000000000002,899,754,0
2006,9,15,10,30,28.5,948,872,0
2006,9,15,11,30,29.400000000000002,967,925,0
2006,9,15,12,30,29.5,966,906,0
2006,9,15,13,30,29.1,950,817,0
2006,9,15,14,30,28.1,911,669,0
2006,9,15,15,30,26.700000000000003,830,470,0
2006,9,15,16,30,24.6,681,248,1
2006,9,15,17,30,22.3,308,44,0
2006,9,15,18,30,20.400000000000002,0,0,0
2006,9,15,19,30,19.1,0,0,0
2006,9,15,20,30,18.1,0,0,0
2006,9,15,21,30,17.3,0,0,0
2006,9,15,22,30,16.5,0,0,0
2006,9,15,23,30,15.8,0,0,0
2006,9,16,0,30,15.200000000000001,0,0,0
2006,9,16,1,30,14.700000000000001,0,0,0
2006,9,16,2,30,14.4,0,0,0
2006,9,16,3,30,14.100000000000001,0,0,0
2006,9,16,4,30,13.9,0,0,0
2006,9,16,5,30,15,0,0,0
2006,9,16,6,30,18.400000000000002,595,169,0
2006,9,16,7,30,22.200000000000003,804,395,0
2006,9,16,8,30,25.200000000000003,897,606,0
2006,9,16,9,30,27.3,945,776,0
2006,9,16,10,30,29,959,887,0
2006,9,16,11,30,30.400000000000002,971,938,0
2006,9,16,12,30,31.3,967,915,0
2006,9,16,13,30,31.700000000000003,936,821,0
2006,9,16,14,30,31.5,895,669,0
2006,9,16,15,30,30.6,823,472,0
2006,9,16,16,30,28.200000000000003,676,247,0
2006,9,16,17,30,24.900000000000002,274,41,0
2006,9,16,18,30,22.6,0,0,0
2006,9,16,19,30,21.3,0,0,0
2006,9,16,20,30,20.200000000000003,0,0,0
2006,9,16,21,30,19.200000000000003,0,0,0
2006,9,16,22,30,18.400000000000002,0,0,0
2006,9,16,23,30,17.8,0,0,0
2006,9,17,0,30,17.400000000000002,0,0,0
2006,9,17,1,30,17.2,0,0,0
2006,9,17,2,30,17,0,0,0
2006,9,17,3,30,16.900000000000002,0,0,0
2006,9,17,4,30,16.900000000000002,0,0,0
2006,9,17,5,30,18.6,0,0,0
2006,9,17,6,30,22.8,606,169,0
2006,9,17,7,30,26.700000000000003,813,397,0
2006,9,17,8,30,29.200000000000003,905,609,0
2006,9,17,9,30,31.200000000000003,951,780,0
2006,9,17,10,30,32.7,973,893,0
2006,9,17,11,30,33.9,978,939,0
2006,9,17,12,30,34.6,969,914,0
2006,9,17,13,30,34.800000000000004,948,822,0
2006,9,17,14,30,34.4,905,668,0
2006,9,17,15,30,33.4,825,467,0
2006,9,17,16,30,30.700000000000003,670,241,0
2006,9,17,17,30,27.700000000000003,247,37,0
2006,9,17,18,30,26.3,0,0,0
2006,9,17,19,30,25.700000000000003,0,0,0
2006,9,17,20,30,25.1,0,0,0
2006,9,17,21,30,24.400000000000002,0,0,0
2006,9,17,22,30,23.700000000000003,0,0,0
2006,9,17,23,30,22.8,0,0,0
2006,9,18,0,30,21.900000000000002,0,0,0
2006,9,18,1,30,21.200000000000003,0,0,0
2006,9,18,2,30,20.700000000000003,0,0,0
2006,9,18,3,30,20.3,0,0,0
2006,9,18,4,30,20,0,0,0
2006,9,18,5,30,21.200000000000003,0,0,0
2006,9,18,6,30,24.900000000000002,583,162,0
2006,9,18,7,30,28.8,791,386,0
2006,9,18,8,30,31.200000000000003,885,595,0
2006,9,18,9,30,32.9,934,763,0
2006,9,18,10,30,34.2,958,875,0
2006,9,18,11,30,35.1,966,921,0
2006,9,18,12,30,35.5,958,897,0
2006,9,18,13,30,35.6,934,804,0
2006,9,18,14,30,35.2,890,652,0
2006,9,18,15,30,34.1,808,454,0
2006,9,18,16,30,31.5,661,233,0
2006,9,18,17,30,28.3,238,33,0
2006,9,18,18,30,26.700000000000003,0,0,0
2006,9,18,19,30,26.3,0,0,0
2006,9,18,20,30,25.900000000000002,0,0,0
2006,9,18,21,30,25.3,0,0,0
2006,9,18,22,30,24.700000000000003,0,0,0
2006,9,18,23,30,24.3,0,0,0
2006,9,19,0,30,23.900000000000002,0,0,0
2006,9,19,1,30,23.3,0,0,0
2006,9,19,2,30,22.8,0,0,0
2006,9,19,3,30,22.5,0,0,0
2006,9,19,4,30,22.200000000000003,0,0,0
2006,9,19,5,30,22.900000000000002,0,0,0
2006,9,19,6,30,25.8,573,160,0
2006,9,19,7,30,29.700000000000003,771,381,0
2006,9,19,8,30,32.5,869,589,0
2006,9,19,9,30,34.300000000000004,920,757,0
2006,9,19,10,30,35.6,954,871,0
2006,9,19,11,30,36.4,964,917,0
2006,9,19,12,30,36.800000000000004,955,889,0
2006,9,19,13,30,36.6,917,794,0
2006,9,19,14,30,35.800000000000004,875,643,0
2006,9,19,15,30,34.300000000000004,793,444,0
2006,9,19,16,30,31.6,637,224,0
2006,9,19,17,30,28.1,231,30,0
2006,9,19,18,30,25.5,0,0,0
2006,9,19,19,30,24,0,0,0
2006,9,19,20,30,22.8,0,0,0
2006,9,19,21,30,22.3,0,0,0
2006,9,19,22,30,21.900000000000002,0,0,0
2006,9,19,23,30,21.3,0,0,0
2006,9,20,0,30,20.700000000000003,0,0,0
2006,9,20,1,30,20,0,0,0
2006,9,20,2,30,19.3,0,0,0
2006,9,20,3,30,18.8,0,0,0
2006,9,20,4,30,18.2,0,0,0
2006,9,20,5,30,19.3,0,0,0
2006,9,20,6,30,22.5,626,162,0
2006,9,20,7,30,26,818,385,0
2006,9,20,8,30,28.8,908,593,0
2006,9,20,9,30,30.900000000000002,950,758,0
2006,9,20,10,30,32.4,968,868,0
2006,9,20,11,30,33.2,969,909,0
2006,9,20,12,30,33.6,958,883,0
2006,9,20,13,30,33.4,933,791,0
2006,9,20,14,30,32.800000000000004,887,638,0
2006,9,20,15,30,31.6,805,441,0
2006,9,20,16,30,29.200000000000003,646,221,0
2006,9,20,17,30,25.700000000000003,214,27,0
2006,9,20,18,30,23.200000000000003,0,0,0
2006,9,20,19,30,21.900000000000002,0,0,0
2006,9,20,20,30,21.1,0,0,0
2006,9,20,21,30,20.400000000000002,0,0,0
2006,9,20,22,30,19.900000000000002,0,0,0
2006,9,20,23,30,19.700000000000003,0,0,0
2006,9,21,0,30,19.400000000000002,0,0,0
2006,9,21,1,30,19.1,0,0,1
2006,9,21,2,30,18.7,0,0,1
2006,9,21,3,30,18.5,0,0,0
2006,9,21,4,30,18.3,0,0,0
2006,9,21,5,30,19.3,0,0,0
2006,9,21,6,30,22.5,573,153,0
2006,9,21,7,30,26.5,781,372,0
2006,9,21,8,30,29.8,873,576,0
2006,9,21,9,30,32.1,923,741,0
2006,9,21,10,30,33.800000000000004,945,848,0
2006,9,21,11,30,35.1,953,892,0
2006,9,21,12,30,35.800000000000004,945,867,0
2006,9,21,13,30,35.800000000000004,916,775,0
2006,9,21,14,30,35.1,864,621,0
2006,9,21,15,30,33.4,774,426,0
2006,9,21,16,30,30.400000000000002,597,208,0
2006,9,21,17,30,26.6,164,22,0
2006,9,21,18,30,23.8,0,0,0
2006,9,21,19,30,22,0,0,0
2006,9,21,20,30,20.700000000000003,0,0,0
2006,9,21,21,30,19.8,0,0,0
2006,9,21,22,30,19,0,0,0
2006,9,21,23,30,18.2,0,0,0
2006,9,22,0,30,17.5,0,0,0
2006,9,22,1,30,17,0,0,0
2006,9,22,2,30,16.6,0,0,0
2006,9,22,3,30,16.3,0,0,0
2006,9,22,4,30,16.2,0,0,0
2006,9,22,5,30,16.7,0,0,0
2006,9,22,6,30,18.8,447,139,0
2006,9,22,7,30,22.200000000000003,673,350,0
2006,9,22,8,30,25.400000000000002,784,552,0
2006,9,22,9,30,28,849,717,0
2006,9,22,10,30,29.8,918,836,0
2006,9,22,11,30,31,929,882,0
2006,9,22,12,30,31.700000000000003,928,861,0
2006,9,22,13,30,31.700000000000003,907,771,0
2006,9,22,14,30,31.1,861,621,0
2006,9,22,15,30,29.700000000000003,773,425,0
2006,9,22,16,30,27.200000000000003,585,205,0
2006,9,22,17,30,23.900000000000002,117,20,0
2006,9,22,18,30,21.6,0,0,0
2006,9,22,19,30,20.400000000000002,0,0,0
2006,9,22,20,30,19.400000000000002,0,0,0
2006,9,22,21,30,18.5,0,0,0
2006,9,22,22,30,17.8,0,0,0
2006,9,22,23,30,17.2,0,0,0
2006,9,23,0,30,16.8,0,0,0
2006,9,23,1,30,16.400000000000002,0,0,0
2006,9,23,2,30,16,0,0,0
2006,9,23,3,30,15.600000000000001,0,0,0
2006,9,23,4,30,15.3,0,0,0
2006,9,23,5,30,16.400000000000002,0,0,0
2006,9,23,6,30,19.3,564,149,0
2006,9,23,7,30,22.6,781,368,0
2006,9,23,8,30,25.400000000000002,876,574,0
2006,9,23,9,30,27.6,924,739,0
2006,9,23,10,30,29.3,946,848,0
2006,9,23,11,30,30.6,952,891,0
2006,9,23,12,30,31.200000000000003,946,866,0
2006,9,23,13,30,31.3,918,772,0
2006,9,23,14,30,30.8,869,619,0
2006,9,23,15,30,29.8,782,422,0
2006,9,23,16,30,27.200000000000003,612,203,0
2006,9,23,17,30,23.900000000000002,138,18,0
2006,9,23,18,30,22.1,0,0,0
2006,9,23,19,30,21.3,0,0,0
2006,9,23,20,30,20.5,0,0,0
2006,9,23,21,30,19.900000000000002,0,0,0
2006,9,23,22,30,19.3,0,0,0
2006,9,23,23,30,18.8,0,0,0
2006,9,24,0,30,18.2,0,0,0
2006,9,24,1,30,17.7,0,0,0
2006,9,24,2,30,17.1,0,0,0
2006,9,24,3,30,16.5,0,0,0
2006,9,24,4,30,15.9,0,0,0
2006,9,24,5,30,16.900000000000002,0,0,0
2006,9,24,6,30,20.400000000000002,554,147,0
2006,9,24,7,30,24.3,771,367,0
2006,9,24,8,30,27.5,870,574,0
2006,9,24,9,30,29.900000000000002,922,739,0
2006,9,24,10,30,31.5,952,848,0
2006,9,24,11,30,32.5,960,891,0
2006,9,24,12,30,33.1,954,865,0
2006,9,24,13,30,33.2,931,771,0
2006,9,24,14,30,32.800000000000004,885,618,0
2006,9,24,15,30,31.8,800,420,0
2006,9,24,16,30,29.200000000000003,627,200,0
2006,9,24,17,30,26.400000000000002,144,16,0
2006,9,24,18,30,25,0,0,0
2006,9,24,19,30,24.200000000000003,0,0,0
2006,9,24,20,30,23.3,0,0,0
2006,9,24,21,30,22.6,0,0,0
2006,9,24,22,30,22,0,0,0
2006,9,24,23,30,21.6,0,0,0
2006,9,25,0,30,21.200000000000003,0,0,0
2006,9,25,1,30,20.8,0,0,0
2006,9,25,2,30,20.400000000000002,0,0,0
2006,9,25,3,30,20,0,0,0
2006,9,25,4,30,19.700000000000003,0,0,0
2006,9,25,5,30,20.5,0,0,0
2006,9,25,6,30,23.900000000000002,515,139,0
2006,9,25,7,30,28.1,757,358,0
2006,9,25,8,30,31.3,855,561,0
2006,9,25,9,30,33.5,906,725,0
2006,9,25,10,30,34.9,930,832,0
2006,9,25,11,30,35.800000000000004,937,875,0
2006,9,25,12,30,36.300000000000004,929,848,0
2006,9,25,13,30,36.4,906,753,0
2006,9,25,14,30,36,854,601,0
2006,9,25,15,30,34.9,758,404,0
2006,9,25,16,30,32.2,579,188,0
2006,9,25,17,30,29.3,95,13,0
2006,9,25,18,30,27.900000000000002,0,0,0
2006,9,25,19,30,27.1,0,0,0
2006,9,25,20,30,26.6,0,0,0
2006,9,25,21,30,26.3,0,0,0
2006,9,25,22,30,26.200000000000003,0,0,0
2006,9,25,23,30,26,0,0,0
2006,9,26,0,30,25.8,0,0,0
2006,9,26,1,30,25.400000000000002,0,0,0
2006,9,26,2,30,25,0,0,0
2006,9,26,3,30,24.700000000000003,0,0,0
2006,9,26,4,30,24.400000000000002,0,0,0
2006,9,26,5,30,24.700000000000003,0,0,0
2006,9,26,6,30,26.900000000000002,484,134,0
2006,9,26,7,30,30.700000000000003,717,347,0
2006,9,26,8,30,33.800000000000004,828,551,0
2006,9,26,9,30,35.7,884,714,0
2006,9,26,10,30,37,924,824,0
2006,9,26,11,30,37.800000000000004,933,866,0
2006,9,26,12,30,38.2,924,837,0
2006,9,26,13,30,38.2,896,744,0
2006,9,26,14,30,37.6,845,591,0
2006,9,26,15,30,36.4,755,396,0
2006,9,26,16,30,33.5,575,183,0
2006,9,26,17,30,30,0,0,0
2006,9,26,18,30,27.8,0,0,0
2006,9,26,19,30,26.5,0,0,0
2006,9,26,20,30,25.5,0,0,0
2006,9,26,21,30,24.900000000000002,0,0,0
2006,9,26,22,30,24.5,0,0,0
2006,9,26,23,30,24.200000000000003,0,0,0
2006,9,27,0,30,23.900000000000002,0,0,0
2006,9,27,1,30,23.700000000000003,0,0,0
2006,9,27,2,30,23.700000000000003,0,0,0
2006,9,27,3,30,23.8,0,0,0
2006,9,27,4,30,24,0,0,0
2006,9,27,5,30,24.900000000000002,0,0,0
2006,9,27,6,30,27.900000000000002,544,137,0
2006,9,27,7,30,32,767,352,0
2006,9,27,8,30,35.2,863,554,0
2006,9,27,9,30,37.2,910,715,0
2006,9,27,10,30,38.5,927,820,0
2006,9,27,11,30,39.400000000000006,932,859,0
2006,9,27,12,30,39.800000000000004,924,832,0
2006,9,27,13,30,39.6,894,736,0
2006,9,27,14,30,38.900000000000006,842,585,0
2006,9,27,15,30,37.5,750,392,0
2006,9,27,16,30,34.7,1,75,2
2006,9,27,17,30,31.400000000000002,0,0,3
2006,9,27,18,30,29.6,0,0,0
2006,9,27,19,30,28.3,0,0,0
2006,9,27,20,30,27.400000000000002,0,0,0
2006,9,27,21,30,26.8,0,0,1
2006,9,27,22,30,26.5,0,0,0
2006,9,27,23,30,26.400000000000002,0,0,0
2006,9,28,0,30,26.200000000000003,0,0,0
2006,9,28,1,30,25.6,0,0,0
2006,9,28,2,30,24.900000000000002,0,0,0
2006,9,28,3,30,24.400000000000002,0,0,0
2006,9,28,4,30,24.200000000000003,0,0,1
2006,9,28,5,30,24.6,0,0,0
2006,9,28,6,30,27.5,551,138,1
2006,9,28,7,30,31.8,780,357,0
2006,9,28,8,30,35.300000000000004,880,562,0
2006,9,28,9,30,37.5,932,726,0
2006,9,28,10,30,38.900000000000006,697,823,2
2006,9,28,11,30,39.6,708,861,2
2006,9,28,12,30,39.800000000000004,589,729,8
2006,9,28,13,30,39.300000000000004,430,603,8
2006,9,28,14,30,38.1,257,438,8
2006,9,28,15,30,36.300000000000004,224,290,8
2006,9,28,16,30,33.800000000000004,190,148,8
2006,9,28,17,30,31.400000000000002,0,0,1
2006,9,28,18,30,29.6,0,0,7
2006,9,28,19,30,28.200000000000003,0,0,7
2006,9,28,20,30,27.1,0,0,7
2006,9,28,21,30,26.200000000000003,0,0,7
2006,9,28,22,30,25.700000000000003,0,0,7
2006,9,28,23,30,25.200000000000003,0,0,7
2006,9,29,0,30,24.700000000000003,0,0,7
2006,9,29,1,30,24.3,0,0,0
2006,9,29,2,30,24,0,0,0
2006,9,29,3,30,23.8,0,0,3
2006,9,29,4,30,23.900000000000002,0,0,3
2006,9,29,5,30,24.700000000000003,0,0,3
2006,9,29,6,30,27.200000000000003,1,67,3
2006,9,29,7,30,30.8,54,238,3
2006,9,29,8,30,34.2,135,406,2
2006,9,29,9,30,36.800000000000004,899,720,0
2006,9,29,10,30,38.5,928,826,0
2006,9,29,11,30,39.400000000000006,937,868,0
2006,9,29,12,30,39.7,928,839,0
2006,9,29,13,30,39.400000000000006,891,741,2
2006,9,29,14,30,38.6,829,583,1
2006,9,29,15,30,37.2,453,351,8
2006,9,29,16,30,34.4,148,146,8
2006,9,29,17,30,31.3,0,0,3
2006,9,29,18,30,29.400000000000002,0,0,7
2006,9,29,19,30,27.900000000000002,0,0,8
2006,9,29,20,30,26.6,0,0,7
2006,9,29,21,30,25.6,0,0,0
2006,9,29,22,30,24.900000000000002,0,0,0
2006,9,29,23,30,24.6,0,0,1
2006,9,30,0,30,24.6,0,0,1
2006,9,30,1,30,24.6,0,0,0
2006,9,30,2,30,24.5,0,0,0
2006,9,30,3,30,24.3,0,0,0
2006,9,30,4,30,24,0,0,0
2006,9,30,5,30,24.3,0,0,0
2006,9,30,6,30,27,469,126,0
2006,9,30,7,30,30.900000000000002,715,340,0
2006,9,30,8,30,34,823,541,0
2006,9,30,9,30,36.2,882,705,0
2006,9,30,10,30,37.7,924,814,1
2006,9,30,11,30,38.400000000000006,484,701,8
2006,9,30,12,30,38.6,456,670,8
2006,9,30,13,30,38.2,635,663,8
2006,9,30,14,30,37.1,302,425,8
2006,9,30,15,30,35,64,231,6
2006,9,30,16,30,32.2,66,89,7
2006,9,30,17,30,29.900000000000002,0,0,7
2006,9,30,18,30,28.400000000000002,0,0,7
2006,9,30,19,30,27.400000000000002,0,0,7
2006,9,30,20,30,26.6,0,0,7
2006,9,30,21,30,26,0,0,0
2006,9,30,22,30,25.6,0,0,7
2006,9,30,23,30,25.200000000000003,0,0,7
2006,10,1,0,30,24.8,0,0,7
2006,10,1,1,30,24.6,0,0,8
2006,10,1,2,30,24.5,0,0,8
2006,10,1,3,30,24.5,0,0,7
2006,10,1,4,30,24.5,0,0,7
2006,10,1,5,30,25,0,0,7
2006,10,1,6,30,26.700000000000003,0,17,7
2006,10,1,7,30,29.700000000000003,118,234,7
2006,10,1,8,30,32.4,366,423,8
2006,10,1,9,30,33.4,593,609,8
2006,10,1,10,30,33.9,681,728,8
2006,10,1,11,30,35.6,697,773,8
2006,10,1,12,30,36.9,696,752,8
2006,10,1,13,30,36.7,324,535,8
2006,10,1,14,30,35.5,84,308,8
2006,10,1,15,30,33.7,33,198,8
2006,10,1,16,30,31.3,230,144,7
2006,10,1,17,30,28.8,0,0,8
2006,10,1,18,30,27,0,0,7
2006,10,1,19,30,26,0,0,7
2006,10,1,20,30,25.400000000000002,0,0,7
2006,10,1,21,30,24.900000000000002,0,0,7
2006,10,1,22,30,24.6,0,0,7
2006,10,1,23,30,24.200000000000003,0,0,7
2006,10,2,0,30,23.8,0,0,7
2006,10,2,1,30,23.5,0,0,7
2006,10,2,2,30,23.200000000000003,0,0,7
2006,10,2,3,30,22.900000000000002,0,0,7
2006,10,2,4,30,22.5,0,0,8
2006,10,2,5,30,23.1,0,0,7
2006,10,2,6,30,25.3,163,107,7
2006,10,2,7,30,28.400000000000002,54,225,3
2006,10,2,8,30,30.900000000000002,151,382,3
2006,10,2,9,30,32.5,81,425,3
2006,10,2,10,30,33.6,387,661,2
2006,10,2,11,30,34.1,316,594,7
2006,10,2,12,30,34.300000000000004,0,23,7
2006,10,2,13,30,34.1,363,546,7
2006,10,2,14,30,33.4,283,451,2
2006,10,2,15,30,32.2,642,344,0
2006,10,2,16,30,30.1,475,145,0
2006,10,2,17,30,27.700000000000003,0,0,0
2006,10,2,18,30,25.900000000000002,0,0,0
2006,10,2,19,30,24.6,0,0,0
2006,10,2,20,30,23.5,0,0,0
2006,10,2,21,30,22.700000000000003,0,0,0
2006,10,2,22,30,22.1,0,0,0
2006,10,2,23,30,21.700000000000003,0,0,0
2006,10,3,0,30,21.200000000000003,0,0,0
2006,10,3,1,30,20.8,0,0,0
2006,10,3,2,30,20.5,0,0,0
2006,10,3,3,30,20.200000000000003,0,0,0
2006,10,3,4,30,20,0,0,0
2006,10,3,5,30,20.900000000000002,0,0,0
2006,10,3,6,30,23.6,492,118,0
2006,10,3,7,30,27.3,736,326,0
2006,10,3,8,30,30.3,839,524,0
2006,10,3,9,30,32.300000000000004,897,685,0
2006,10,3,10,30,33.7,911,786,0
2006,10,3,11,30,34.6,924,828,0
2006,10,3,12,30,34.9,915,799,0
2006,10,3,13,30,34.6,554,610,8
2006,10,3,14,30,33.7,444,503,2
2006,10,3,15,30,32.4,498,335,8
2006,10,3,16,30,29.8,585,153,0
2006,10,3,17,30,26.900000000000002,0,0,0
2006,10,3,18,30,24.900000000000002,0,0,0
2006,10,3,19,30,23.5,0,0,0
2006,10,3,20,30,22.3,0,0,0
2006,10,3,21,30,21.6,0,0,0
2006,10,3,22,30,21,0,0,0
2006,10,3,23,30,20.5,0,0,0
2006,10,4,0,30,20,0,0,0
2006,10,4,1,30,19.8,0,0,7
2006,10,4,2,30,19.700000000000003,0,0,7
2006,10,4,3,30,19.700000000000003,0,0,7
2006,10,4,4,30,19.6,0,0,7
2006,10,4,5,30,19.8,0,0,7
2006,10,4,6,30,21.200000000000003,87,95,7
2006,10,4,7,30,23.3,204,238,8
2006,10,4,8,30,26.200000000000003,136,348,7
2006,10,4,9,30,28.900000000000002,162,485,7
2006,10,4,10,30,30.6,372,605,7
2006,10,4,11,30,31.8,325,623,7
2006,10,4,12,30,32.5,766,779,8
2006,10,4,13,30,32.4,934,723,0
2006,10,4,14,30,31.8,881,566,1
2006,10,4,15,30,30.8,360,295,7
2006,10,4,16,30,28,0,53,3
2006,10,4,17,30,25,0,0,1
2006,10,4,18,30,23.8,0,0,7
2006,10,4,19,30,23.1,0,0,7
2006,10,4,20,30,22.400000000000002,0,0,7
2006,10,4,21,30,21.900000000000002,0,0,7
2006,10,4,22,30,21.5,0,0,7
2006,10,4,23,30,21.1,0,0,7
2006,10,5,0,30,20.700000000000003,0,0,7
2006,10,5,1,30,20.3,0,0,7
2006,10,5,2,30,19.900000000000002,0,0,7
2006,10,5,3,30,19.5,0,0,7
2006,10,5,4,30,19,0,0,6
2006,10,5,5,30,19.200000000000003,0,0,6
2006,10,5,6,30,21.200000000000003,0,8,6
2006,10,5,7,30,24.6,12,133,7
2006,10,5,8,30,27.400000000000002,10,187,7
2006,10,5,9,30,29,28,321,7
2006,10,5,10,30,30.1,418,603,7
2006,10,5,11,30,30.5,3,225,6
2006,10,5,12,30,30.400000000000002,4,229,6
2006,10,5,13,30,30.200000000000003,340,532,8
2006,10,5,14,30,29.200000000000003,235,391,8
2006,10,5,15,30,27.700000000000003,408,325,2
2006,10,5,16,30,25.5,115,113,7
2006,10,5,17,30,22.900000000000002,0,0,7
2006,10,5,18,30,21.1,0,0,0
2006,10,5,19,30,20,0,0,0
2006,10,5,20,30,19.1,0,0,0
2006,10,5,21,30,18.400000000000002,0,0,0
2006,10,5,22,30,17.6,0,0,0
2006,10,5,23,30,16.8,0,0,0
2006,10,6,0,30,16.3,0,0,0
2006,10,6,1,30,15.700000000000001,0,0,0
2006,10,6,2,30,15.4,0,0,0
2006,10,6,3,30,15.100000000000001,0,0,0
2006,10,6,4,30,14.600000000000001,0,0,0
2006,10,6,5,30,14.600000000000001,0,0,0
2006,10,6,6,30,15.700000000000001,503,117,0
2006,10,6,7,30,17.900000000000002,770,336,0
2006,10,6,8,30,20.6,887,543,0
2006,10,6,9,30,22.700000000000003,939,704,0
2006,10,6,10,30,24.200000000000003,961,807,0
2006,10,6,11,30,25,966,844,0
2006,10,6,12,30,25.1,955,810,0
2006,10,6,13,30,24.700000000000003,934,713,0
2006,10,6,14,30,23.700000000000003,877,555,0
2006,10,6,15,30,22.3,776,356,0
2006,10,6,16,30,20.3,566,142,0
2006,10,6,17,30,18.2,0,0,0
2006,10,6,18,30,16.7,0,0,0
2006,10,6,19,30,15.700000000000001,0,0,0
2006,10,6,20,30,15,0,0,0
2006,10,6,21,30,14.600000000000001,0,0,0
2006,10,6,22,30,14.600000000000001,0,0,0
2006,10,6,23,30,14.5,0,0,0
2006,10,7,0,30,14.200000000000001,0,0,0
2006,10,7,1,30,14,0,0,0
2006,10,7,2,30,13.700000000000001,0,0,0
2006,10,7,3,30,13.5,0,0,0
2006,10,7,4,30,13.100000000000001,0,0,0
2006,10,7,5,30,13.4,0,0,0
2006,10,7,6,30,15.3,446,111,0
2006,10,7,7,30,18.6,731,324,0
2006,10,7,8,30,21.8,851,527,0
2006,10,7,9,30,24.1,907,688,0
2006,10,7,10,30,25.900000000000002,937,793,0
2006,10,7,11,30,27.1,950,832,0
2006,10,7,12,30,27.8,942,801,0
2006,10,7,13,30,27.900000000000002,912,703,0
2006,10,7,14,30,27.5,857,546,0
2006,10,7,15,30,26.400000000000002,756,349,1
2006,10,7,16,30,24,528,135,0
2006,10,7,17,30,21.200000000000003,0,0,0
2006,10,7,18,30,19.200000000000003,0,0,0
2006,10,7,19,30,18,0,0,0
2006,10,7,20,30,17.3,0,0,0
2006,10,7,21,30,16.7,0,0,0
2006,10,7,22,30,16.2,0,0,0
2006,10,7,23,30,16,0,0,0
2006,10,8,0,30,15.8,0,0,0
2006,10,8,1,30,15.5,0,0,0
2006,10,8,2,30,15.3,0,0,0
2006,10,8,3,30,15,0,0,4
2006,10,8,4,30,14.700000000000001,0,0,7
2006,10,8,5,30,15.200000000000001,0,0,0
2006,10,8,6,30,18,461,108,0
2006,10,8,7,30,22,462,294,7
2006,10,8,8,30,25.1,547,510,2
2006,10,8,9,30,27.3,896,679,0
2006,10,8,10,30,28.700000000000003,927,784,0
2006,10,8,11,30,29.6,932,819,0
2006,10,8,12,30,30,921,788,0
2006,10,8,13,30,30,892,690,0
2006,10,8,14,30,29.400000000000002,833,534,0
2006,10,8,15,30,28.3,720,337,1
2006,10,8,16,30,25.8,472,125,0
2006,10,8,17,30,23.400000000000002,0,0,0
2006,10,8,18,30,22,0,0,0
2006,10,8,19,30,20.8,0,0,0
2006,10,8,20,30,19.900000000000002,0,0,0
2006,10,8,21,30,19.200000000000003,0,0,0
2006,10,8,22,30,18.5,0,0,0
2006,10,8,23,30,17.7,0,0,0
2006,10,9,0,30,17,0,0,0
2006,10,9,1,30,16.3,0,0,0
2006,10,9,2,30,15.700000000000001,0,0,0
2006,10,9,3,30,15.4,0,0,0
2006,10,9,4,30,15.3,0,0,0
2006,10,9,5,30,15.8,0,0,0
2006,10,9,6,30,18.6,436,104,0
2006,10,9,7,30,22.900000000000002,711,315,0
2006,10,9,8,30,26.6,830,516,0
2006,10,9,9,30,29.1,887,674,0
2006,10,9,10,30,30.400000000000002,919,778,0
2006,10,9,11,30,31.3,929,817,0
2006,10,9,12,30,31.700000000000003,920,785,0
2006,10,9,13,30,31.6,883,684,0
2006,10,9,14,30,30.900000000000002,816,526,0
2006,10,9,15,30,29.5,692,327,0
2006,10,9,16,30,26.5,443,119,0
2006,10,9,17,30,23.200000000000003,0,0,0
2006,10,9,18,30,21.200000000000003,0,0,0
2006,10,9,19,30,19.8,0,0,0
2006,10,9,20,30,18.8,0,0,0
2006,10,9,21,30,18,0,0,0
2006,10,9,22,30,17.3,0,0,0
2006,10,9,23,30,16.7,0,0,0
2006,10,10,0,30,16.1,0,0,0
2006,10,10,1,30,15.700000000000001,0,0,7
2006,10,10,2,30,15.3,0,0,7
2006,10,10,3,30,15.100000000000001,0,0,7
2006,10,10,4,30,15.100000000000001,0,0,7
2006,10,10,5,30,15.3,0,0,7
2006,10,10,6,30,16.6,0,7,7
2006,10,10,7,30,19,2,73,7
2006,10,10,8,30,21.8,2,113,7
2006,10,10,9,30,24.5,154,429,7
2006,10,10,10,30,26.6,578,675,8
2006,10,10,11,30,27.900000000000002,768,779,8
2006,10,10,12,30,28.6,747,750,8
2006,10,10,13,30,28.700000000000003,713,658,8
2006,10,10,14,30,28.200000000000003,597,494,8
2006,10,10,15,30,26.900000000000002,720,328,1
2006,10,10,16,30,24,489,120,0
2006,10,10,17,30,20.8,0,0,0
2006,10,10,18,30,19,0,0,0
2006,10,10,19,30,17.900000000000002,0,0,0
2006,10,10,20,30,17,0,0,0
2006,10,10,21,30,16.3,0,0,0
2006,10,10,22,30,15.8,0,0,0
2006,10,10,23,30,15.600000000000001,0,0,0
2006,10,11,0,30,15.600000000000001,0,0,0
2006,10,11,1,30,15.600000000000001,0,0,0
2006,10,11,2,30,15.600000000000001,0,0,0
2006,10,11,3,30,15.4,0,0,0
2006,10,11,4,30,15.200000000000001,0,0,0
2006,10,11,5,30,15.5,0,0,0
2006,10,11,6,30,18.2,476,103,0
2006,10,11,7,30,22.3,742,314,0
2006,10,11,8,30,25.700000000000003,855,515,0
2006,10,11,9,30,28,912,675,0
2006,10,11,10,30,29.5,937,778,0
2006,10,11,11,30,30.5,945,815,0
2006,10,11,12,30,31.200000000000003,933,782,0
2006,10,11,13,30,31.3,899,682,0
2006,10,11,14,30,30.8,836,524,0
2006,10,11,15,30,29.400000000000002,715,325,0
2006,10,11,16,30,26.5,489,117,0
2006,10,11,17,30,23.8,0,0,0
2006,10,11,18,30,22.900000000000002,0,0,0
2006,10,11,19,30,22.3,0,0,0
2006,10,11,20,30,21.8,0,0,0
2006,10,11,21,30,21.200000000000003,0,0,0
2006,10,11,22,30,20.700000000000003,0,0,0
2006,10,11,23,30,20.200000000000003,0,0,0
2006,10,12,0,30,19.700000000000003,0,0,0
2006,10,12,1,30,19.200000000000003,0,0,0
2006,10,12,2,30,18.7,0,0,0
2006,10,12,3,30,18.3,0,0,0
2006,10,12,4,30,18,0,0,0
2006,10,12,5,30,18,0,0,0
2006,10,12,6,30,19.5,415,96,0
2006,10,12,7,30,22.8,697,304,0
2006,10,12,8,30,26.3,822,504,0
2006,10,12,9,30,28.6,880,661,0
2006,10,12,10,30,30,935,769,0
2006,10,12,11,30,30.8,941,803,0
2006,10,12,12,30,31.200000000000003,930,769,0
2006,10,12,13,30,31,894,670,0
2006,10,12,14,30,30.400000000000002,832,513,0
2006,10,12,15,30,29,718,317,0
2006,10,12,16,30,25.900000000000002,455,109,0
2006,10,12,17,30,22.8,0,0,0
2006,10,12,18,30,21.1,0,0,0
2006,10,12,19,30,19.6,0,0,0
2006,10,12,20,30,18.3,0,0,0
2006,10,12,21,30,17.5,0,0,0
2006,10,12,22,30,17,0,0,0
2006,10,12,23,30,16.7,0,0,1
2006,10,13,0,30,17,0,0,1
2006,10,13,1,30,17.3,0,0,3
2006,10,13,2,30,17.3,0,0,0
2006,10,13,3,30,17.2,0,0,0
2006,10,13,4,30,16.900000000000002,0,0,0
2006,10,13,5,30,17,0,0,0
2006,10,13,6,30,18.400000000000002,425,93,0
2006,10,13,7,30,21.200000000000003,30,189,3
2006,10,13,8,30,24.1,30,270,2
2006,10,13,9,30,26.3,193,489,2
2006,10,13,10,30,27.400000000000002,654,740,2
2006,10,13,11,30,27.900000000000002,944,796,0
2006,10,13,12,30,27.900000000000002,664,752,2
2006,10,13,13,30,27.400000000000002,618,654,2
2006,10,13,14,30,26.3,126,366,2
2006,10,13,15,30,24.8,727,313,0
2006,10,13,16,30,22.3,468,106,0
2006,10,13,17,30,19.8,0,0,0
2006,10,13,18,30,18.400000000000002,0,0,0
2006,10,13,19,30,17.6,0,0,0
2006,10,13,20,30,16.900000000000002,0,0,0
2006,10,13,21,30,16.3,0,0,0
2006,10,13,22,30,15.9,0,0,0
2006,10,13,23,30,15.5,0,0,0
2006,10,14,0,30,15.100000000000001,0,0,0
2006,10,14,1,30,14.9,0,0,8
2006,10,14,2,30,14.700000000000001,0,0,4
2006,10,14,3,30,14.600000000000001,0,0,0
2006,10,14,4,30,14.5,0,0,0
2006,10,14,5,30,14.600000000000001,0,0,0
2006,10,14,6,30,15.5,328,86,0
2006,10,14,7,30,16.8,601,281,0
2006,10,14,8,30,18.2,395,444,10
2006,10,14,9,30,19.5,92,432,2
2006,10,14,10,30,20.5,323,576,7
2006,10,14,11,30,21.3,150,563,4
2006,10,14,12,30,21.900000000000002,82,462,4
2006,10,14,13,30,22.200000000000003,0,209,4
2006,10,14,14,30,22,177,347,8
2006,10,14,15,30,21.3,0,66,4
2006,10,14,16,30,19.700000000000003,1,59,4
2006,10,14,17,30,18.1,0,0,0
2006,10,14,18,30,17.1,0,0,0
2006,10,14,19,30,16.6,0,0,0
2006,10,14,20,30,16.2,0,0,0
2006,10,14,21,30,15.9,0,0,0
2006,10,14,22,30,15.600000000000001,0,0,0
2006,10,14,23,30,15.3,0,0,0
2006,10,15,0,30,15,0,0,0
2006,10,15,1,30,14.8,0,0,0
2006,10,15,2,30,14.600000000000001,0,0,0
2006,10,15,3,30,14.3,0,0,0
2006,10,15,4,30,14.200000000000001,0,0,0
2006,10,15,5,30,14.4,0,0,0
2006,10,15,6,30,15.700000000000001,306,83,0
2006,10,15,7,30,18,598,280,0
2006,10,15,8,30,20.8,743,474,0
2006,10,15,9,30,23.6,825,632,0
2006,10,15,10,30,25.700000000000003,859,733,0
2006,10,15,11,30,27.200000000000003,873,768,0
2006,10,15,12,30,28.1,870,735,0
2006,10,15,13,30,28.400000000000002,895,647,0
2006,10,15,14,30,27.900000000000002,836,493,0
2006,10,15,15,30,26.5,102,220,2
2006,10,15,16,30,23.5,484,99,0
2006,10,15,17,30,20.5,0,0,7
2006,10,15,18,30,18.900000000000002,0,0,0
2006,10,15,19,30,17.900000000000002,0,0,0
2006,10,15,20,30,17.3,0,0,0
2006,10,15,21,30,16.6,0,0,0
2006,10,15,22,30,16,0,0,0
2006,10,15,23,30,15.700000000000001,0,0,0
2006,10,16,0,30,15.4,0,0,0
2006,10,16,1,30,14.9,0,0,0
2006,10,16,2,30,14.600000000000001,0,0,0
2006,10,16,3,30,14.3,0,0,0
2006,10,16,4,30,14.100000000000001,0,0,0
2006,10,16,5,30,14.4,0,0,0
2006,10,16,6,30,16,356,83,0
2006,10,16,7,30,18.8,650,282,0
2006,10,16,8,30,21.900000000000002,783,476,0
2006,10,16,9,30,24.6,854,632,0
2006,10,16,10,30,26.5,900,737,0
2006,10,16,11,30,27.6,911,772,0
2006,10,16,12,30,28.1,903,741,0
2006,10,16,13,30,27.700000000000003,865,641,0
2006,10,16,14,30,26.6,797,486,1
2006,10,16,15,30,24.8,669,292,1
2006,10,16,16,30,22,377,91,0
2006,10,16,17,30,19.5,0,0,0
2006,10,16,18,30,18.2,0,0,0
2006,10,16,19,30,17.400000000000002,0,0,0
2006,10,16,20,30,16.7,0,0,0
2006,10,16,21,30,16.1,0,0,0
2006,10,16,22,30,15.8,0,0,0
2006,10,16,23,30,15.4,0,0,0
2006,10,17,0,30,15.100000000000001,0,0,0
2006,10,17,1,30,14.8,0,0,0
2006,10,17,2,30,14.5,0,0,0
2006,10,17,3,30,14.3,0,0,0
2006,10,17,4,30,14.200000000000001,0,0,0
2006,10,17,5,30,14.200000000000001,0,0,0
2006,10,17,6,30,15.200000000000001,358,84,0
2006,10,17,7,30,17.400000000000002,723,293,0
2006,10,17,8,30,20.1,860,494,0
2006,10,17,9,30,22.400000000000002,921,651,0
2006,10,17,10,30,24.1,946,753,0
2006,10,17,11,30,25.200000000000003,954,788,0
2006,10,17,12,30,25.8,943,754,0
2006,10,17,13,30,25.8,916,653,0
2006,10,17,14,30,25.400000000000002,856,496,0
2006,10,17,15,30,24.200000000000003,738,299,0
2006,10,17,16,30,21.5,464,93,0
2006,10,17,17,30,18.8,0,0,0
2006,10,17,18,30,17.3,0,0,0
2006,10,17,19,30,16.2,0,0,1
2006,10,17,20,30,15.5,0,0,0
2006,10,17,21,30,14.8,0,0,3
2006,10,17,22,30,14.200000000000001,0,0,1
2006,10,17,23,30,13.700000000000001,0,0,4
2006,10,18,0,30,13.5,0,0,3
2006,10,18,1,30,13.200000000000001,0,0,0
2006,10,18,2,30,12.9,0,0,0
2006,10,18,3,30,12.700000000000001,0,0,0
2006,10,18,4,30,12.4,0,0,0
2006,10,18,5,30,12.600000000000001,0,0,0
2006,10,18,6,30,14.8,484,88,0
2006,10,18,7,30,18.2,776,297,0
2006,10,18,8,30,20.8,897,500,0
2006,10,18,9,30,22.6,953,660,0
2006,10,18,10,30,24,970,761,0
2006,10,18,11,30,24.900000000000002,976,796,0
2006,10,18,12,30,25.5,963,762,0
2006,10,18,13,30,25.6,925,659,0
2006,10,18,14,30,25.200000000000003,862,500,0
2006,10,18,15,30,24,740,300,1
2006,10,18,16,30,20.8,467,92,0
2006,10,18,17,30,17.8,0,0,0
2006,10,18,18,30,16.7,0,0,0
2006,10,18,19,30,15.9,0,0,0
2006,10,18,20,30,15.200000000000001,0,0,0
2006,10,18,21,30,14.5,0,0,0
2006,10,18,22,30,13.9,0,0,0
2006,10,18,23,30,13.4,0,0,0
2006,10,19,0,30,13,0,0,0
2006,10,19,1,30,12.9,0,0,0
2006,10,19,2,30,12.9,0,0,0
2006,10,19,3,30,13,0,0,0
2006,10,19,4,30,13.200000000000001,0,0,0
2006,10,19,5,30,13.8,0,0,0
2006,10,19,6,30,16.6,470,85,0
2006,10,19,7,30,20.700000000000003,762,292,0
2006,10,19,8,30,23.6,877,490,0
2006,10,19,9,30,25.5,934,649,0
2006,10,19,10,30,27,960,750,0
2006,10,19,11,30,28.1,963,782,0
2006,10,19,12,30,28.8,953,748,0
2006,10,19,13,30,29,923,647,0
2006,10,19,14,30,28.6,862,490,0
2006,10,19,15,30,27.1,744,292,1
2006,10,19,16,30,24.1,468,87,0
2006,10,19,17,30,21.8,0,0,0
2006,10,19,18,30,20.900000000000002,0,0,0
2006,10,19,19,30,19.8,0,0,0
2006,10,19,20,30,18.900000000000002,0,0,0
2006,10,19,21,30,18.2,0,0,0
2006,10,19,22,30,17.7,0,0,0
2006,10,19,23,30,17.3,0,0,0
2006,10,20,0,30,17,0,0,0
2006,10,20,1,30,16.900000000000002,0,0,0
2006,10,20,2,30,16.8,0,0,0
2006,10,20,3,30,16.7,0,0,0
2006,10,20,4,30,16.5,0,0,0
2006,10,20,5,30,16.8,0,0,0
2006,10,20,6,30,19.400000000000002,437,79,0
2006,10,20,7,30,23.5,735,281,0
2006,10,20,8,30,26.900000000000002,853,476,0
2006,10,20,9,30,29.3,911,632,0
2006,10,20,10,30,30.900000000000002,937,731,0
2006,10,20,11,30,32,946,765,0
2006,10,20,12,30,32.6,936,731,0
2006,10,20,13,30,32.7,908,632,0
2006,10,20,14,30,32.1,850,479,0
2006,10,20,15,30,30.400000000000002,729,283,0
2006,10,20,16,30,27,450,82,0
2006,10,20,17,30,24.3,0,0,0
2006,10,20,18,30,23.200000000000003,0,0,0
2006,10,20,19,30,22.400000000000002,0,0,0
2006,10,20,20,30,21.6,0,0,0
2006,10,20,21,30,21.1,0,0,0
2006,10,20,22,30,20.700000000000003,0,0,0
2006,10,20,23,30,20.3,0,0,0
2006,10,21,0,30,20,0,0,0
2006,10,21,1,30,19.700000000000003,0,0,0
2006,10,21,2,30,19.200000000000003,0,0,0
2006,10,21,3,30,18.400000000000002,0,0,1
2006,10,21,4,30,17.400000000000002,0,0,0
2006,10,21,5,30,16.6,0,0,0
2006,10,21,6,30,18.5,405,76,0
2006,10,21,7,30,22.1,719,280,0
2006,10,21,8,30,25.400000000000002,846,477,0
2006,10,21,9,30,28.1,906,634,0
2006,10,21,10,30,29.900000000000002,931,734,0
2006,10,21,11,30,30.8,934,767,0
2006,10,21,12,30,31.200000000000003,920,732,0
2006,10,21,13,30,31.1,898,635,0
2006,10,21,14,30,30.400000000000002,831,477,0
2006,10,21,15,30,28.5,698,279,0
2006,10,21,16,30,25,401,78,0
2006,10,21,17,30,22.1,0,0,0
2006,10,21,18,30,20.6,0,0,0
2006,10,21,19,30,19.400000000000002,0,0,0
2006,10,21,20,30,18.400000000000002,0,0,0
2006,10,21,21,30,17.5,0,0,0
2006,10,21,22,30,16.900000000000002,0,0,0
2006,10,21,23,30,16.3,0,0,0
2006,10,22,0,30,15.9,0,0,0
2006,10,22,1,30,15.600000000000001,0,0,0
2006,10,22,2,30,15.5,0,0,0
2006,10,22,3,30,15.3,0,0,0
2006,10,22,4,30,15.200000000000001,0,0,0
2006,10,22,5,30,15.3,0,0,0
2006,10,22,6,30,17.900000000000002,434,76,0
2006,10,22,7,30,22.200000000000003,744,281,0
2006,10,22,8,30,25.6,869,480,0
2006,10,22,9,30,27.900000000000002,930,638,0
2006,10,22,10,30,29.5,957,738,0
2006,10,22,11,30,30.5,963,772,0
2006,10,22,12,30,30.900000000000002,952,737,0
2006,10,22,13,30,30.8,927,637,0
2006,10,22,14,30,30.200000000000003,861,477,0
2006,10,22,15,30,28.3,736,280,0
2006,10,22,16,30,25.200000000000003,426,76,0
2006,10,22,17,30,23.200000000000003,0,0,0
2006,10,22,18,30,22.700000000000003,0,0,0
2006,10,22,19,30,22,0,0,0
2006,10,22,20,30,21.200000000000003,0,0,0
2006,10,22,21,30,20.6,0,0,0
2006,10,22,22,30,20,0,0,0
2006,10,22,23,30,19.6,0,0,0
2006,10,23,0,30,19.3,0,0,0
2006,10,23,1,30,19,0,0,0
2006,10,23,2,30,18.8,0,0,1
2006,10,23,3,30,18.5,0,0,1
2006,10,23,4,30,18.3,0,0,1
2006,10,23,5,30,18.3,0,0,1
2006,10,23,6,30,20.1,408,72,1
2006,10,23,7,30,23.8,726,272,0
2006,10,23,8,30,27.200000000000003,850,467,0
2006,10,23,9,30,29.3,911,623,0
2006,10,23,10,30,30.8,507,583,8
2006,10,23,11,30,31.8,385,587,8
2006,10,23,12,30,32.2,221,489,7
2006,10,23,13,30,32.1,692,592,8
2006,10,23,14,30,31.400000000000002,605,440,8
2006,10,23,15,30,29.5,152,197,8
2006,10,23,16,30,26.400000000000002,12,49,7
2006,10,23,17,30,24.3,0,0,0
2006,10,23,18,30,23.700000000000003,0,0,0
2006,10,23,19,30,23.3,0,0,0
2006,10,23,20,30,22.900000000000002,0,0,3
2006,10,23,21,30,22.5,0,0,7
2006,10,23,22,30,22.200000000000003,0,0,7
2006,10,23,23,30,22,0,0,7
2006,10,24,0,30,21.8,0,0,4
2006,10,24,1,30,21.400000000000002,0,0,7
2006,10,24,2,30,20.900000000000002,0,0,8
2006,10,24,3,30,20.3,0,0,8
2006,10,24,4,30,19.700000000000003,0,0,7
2006,10,24,5,30,19.5,0,0,7
2006,10,24,6,30,20.5,4,40,7
2006,10,24,7,30,22.8,651,256,0
2006,10,24,8,30,25.5,782,444,0
2006,10,24,9,30,27.6,845,595,0
2006,10,24,10,30,28.900000000000002,890,694,0
2006,10,24,11,30,29.700000000000003,899,727,0
2006,10,24,12,30,30.1,886,692,0
2006,10,24,13,30,30,851,594,0
2006,10,24,14,30,29.5,778,441,0
2006,10,24,15,30,28.1,635,251,0
2006,10,24,16,30,24.900000000000002,307,61,0
2006,10,24,17,30,21.900000000000002,0,0,0
2006,10,24,18,30,20.6,0,0,0
2006,10,24,19,30,19.8,0,0,0
2006,10,24,20,30,19.3,0,0,0
2006,10,24,21,30,18.8,0,0,0
2006,10,24,22,30,18.400000000000002,0,0,0
2006,10,24,23,30,18,0,0,0
2006,10,25,0,30,17.7,0,0,0
2006,10,25,1,30,17.3,0,0,0
2006,10,25,2,30,16.900000000000002,0,0,0
2006,10,25,3,30,16.6,0,0,0
2006,10,25,4,30,16.400000000000002,0,0,0
2006,10,25,5,30,16.400000000000002,0,0,0
2006,10,25,6,30,18.1,310,63,1
2006,10,25,7,30,21.400000000000002,614,253,0
2006,10,25,8,30,24.6,763,446,0
2006,10,25,9,30,27.200000000000003,835,601,0
2006,10,25,10,30,28.6,888,705,0
2006,10,25,11,30,29.1,889,736,0
2006,10,25,12,30,29.1,867,701,0
2006,10,25,13,30,28.700000000000003,843,605,0
2006,10,25,14,30,27.8,770,450,0
2006,10,25,15,30,25.900000000000002,627,257,1
2006,10,25,16,30,22.1,289,62,0
2006,10,25,17,30,18.7,0,0,0
2006,10,25,18,30,17.1,0,0,0
2006,10,25,19,30,16,0,0,0
2006,10,25,20,30,15.200000000000001,0,0,0
2006,10,25,21,30,14.600000000000001,0,0,0
2006,10,25,22,30,14.100000000000001,0,0,0
2006,10,25,23,30,13.5,0,0,0
2006,10,26,0,30,13,0,0,0
2006,10,26,1,30,12.3,0,0,0
2006,10,26,2,30,11.8,0,0,0
2006,10,26,3,30,11.4,0,0,0
2006,10,26,4,30,11.100000000000001,0,0,0
2006,10,26,5,30,11.200000000000001,0,0,0
2006,10,26,6,30,13.4,404,67,0
2006,10,26,7,30,17.3,745,272,0
2006,10,26,8,30,20.6,875,472,0
2006,10,26,9,30,23,937,631,0
2006,10,26,10,30,24.700000000000003,966,732,0
2006,10,26,11,30,26,973,766,0
2006,10,26,12,30,26.8,963,731,1
2006,10,26,13,30,27,930,628,0
2006,10,26,14,30,26.6,866,468,0
2006,10,26,15,30,24.6,733,268,0
2006,10,26,16,30,20.8,393,64,0
2006,10,26,17,30,18,0,0,0
2006,10,26,18,30,17,0,0,0
2006,10,26,19,30,16.1,0,0,0
2006,10,26,20,30,15.3,0,0,0
2006,10,26,21,30,14.5,0,0,0
2006,10,26,22,30,13.9,0,0,0
2006,10,26,23,30,13.5,0,0,0
2006,10,27,0,30,13.100000000000001,0,0,0
2006,10,27,1,30,12.700000000000001,0,0,0
2006,10,27,2,30,12.4,0,0,0
2006,10,27,3,30,12.200000000000001,0,0,0
2006,10,27,4,30,12,0,0,0
2006,10,27,5,30,12,0,0,0
2006,10,27,6,30,14.8,420,65,1
2006,10,27,7,30,19.3,763,271,0
2006,10,27,8,30,22.700000000000003,890,470,0
2006,10,27,9,30,25.3,950,629,0
2006,10,27,10,30,27.200000000000003,966,728,0
2006,10,27,11,30,28.5,974,762,0
2006,10,27,12,30,29.400000000000002,962,726,0
2006,10,27,13,30,29.700000000000003,927,623,0
2006,10,27,14,30,29.200000000000003,857,463,0
2006,10,27,15,30,27,718,263,0
2006,10,27,16,30,23.400000000000002,349,60,0
2006,10,27,17,30,21.3,0,0,0
2006,10,27,18,30,20.3,0,0,0
2006,10,27,19,30,19.400000000000002,0,0,0
2006,10,27,20,30,18.6,0,0,0
2006,10,27,21,30,17.900000000000002,0,0,0
2006,10,27,22,30,17.3,0,0,0
2006,10,27,23,30,16.7,0,0,0
2006,10,28,0,30,16.400000000000002,0,0,0
2006,10,28,1,30,16,0,0,0
2006,10,28,2,30,15.700000000000001,0,0,0
2006,10,28,3,30,15.600000000000001,0,0,0
2006,10,28,4,30,15.5,0,0,0
2006,10,28,5,30,15.8,0,0,3
2006,10,28,6,30,17.6,2,41,3
2006,10,28,7,30,21.200000000000003,18,161,3
2006,10,28,8,30,24.6,837,457,0
2006,10,28,9,30,27,900,611,0
2006,10,28,10,30,29,947,714,0
2006,10,28,11,30,30.400000000000002,959,748,0
2006,10,28,12,30,30.900000000000002,946,709,0
2006,10,28,13,30,30.8,917,609,0
2006,10,28,14,30,30.200000000000003,853,452,0
2006,10,28,15,30,28,717,255,0
2006,10,28,16,30,24.900000000000002,380,58,0
2006,10,28,17,30,23,0,0,0
2006,10,28,18,30,22.1,0,0,0
2006,10,28,19,30,21.200000000000003,0,0,0
2006,10,28,20,30,20.5,0,0,0
2006,10,28,21,30,19.700000000000003,0,0,0
2006,10,28,22,30,18.8,0,0,0
2006,10,28,23,30,17.900000000000002,0,0,0
2006,10,29,0,30,17.2,0,0,0
2006,10,29,1,30,16.6,0,0,0
2006,10,29,2,30,15.9,0,0,0
2006,10,29,3,30,15.3,0,0,0
2006,10,29,4,30,14.8,0,0,0
2006,10,29,5,30,14.5,0,0,0
2006,10,29,6,30,16.3,381,58,0
2006,10,29,7,30,20.200000000000003,713,256,0
2006,10,29,8,30,24,853,454,0
2006,10,29,9,30,26.900000000000002,918,611,0
2006,10,29,10,30,28.5,958,713,0
2006,10,29,11,30,29.400000000000002,966,747,0
2006,10,29,12,30,29.8,954,711,0
2006,10,29,13,30,29.6,916,608,0
2006,10,29,14,30,28.8,835,446,0
2006,10,29,15,30,26.3,681,248,0
2006,10,29,16,30,22.3,274,50,0
2006,10,29,17,30,19,0,0,0
2006,10,29,18,30,17.3,0,0,0
2006,10,29,19,30,16,0,0,0
2006,10,29,20,30,15.100000000000001,0,0,0
2006,10,29,21,30,14.4,0,0,0
2006,10,29,22,30,13.9,0,0,0
2006,10,29,23,30,13.5,0,0,0
2006,10,30,0,30,13.3,0,0,0
2006,10,30,1,30,13,0,0,0
2006,10,30,2,30,12.700000000000001,0,0,0
2006,10,30,3,30,12.3,0,0,0
2006,10,30,4,30,12,0,0,0
2006,10,30,5,30,11.8,0,0,0
2006,10,30,6,30,13.4,306,53,0
2006,10,30,7,30,16.8,684,250,0
2006,10,30,8,30,20.5,840,448,0
2006,10,30,9,30,23.900000000000002,913,606,0
2006,10,30,10,30,26.1,944,706,0
2006,10,30,11,30,27.400000000000002,952,740,0
2006,10,30,12,30,27.8,939,703,0
2006,10,30,13,30,27.700000000000003,890,596,0
2006,10,30,14,30,26.900000000000002,815,438,0
2006,10,30,15,30,25,666,242,0
2006,10,30,16,30,21.700000000000003,337,51,1
2006,10,30,17,30,18.7,0,0,0
2006,10,30,18,30,16.900000000000002,0,0,0
2006,10,30,19,30,15.700000000000001,0,0,0
2006,10,30,20,30,15.100000000000001,0,0,0
2006,10,30,21,30,14.5,0,0,0
2006,10,30,22,30,13.5,0,0,7
2006,10,30,23,30,12.600000000000001,0,0,7
2006,10,31,0,30,12.200000000000001,0,0,7
2006,10,31,1,30,12,0,0,7
2006,10,31,2,30,11.700000000000001,0,0,7
2006,10,31,3,30,11.5,0,0,0
2006,10,31,4,30,11.4,0,0,0
2006,10,31,5,30,11.600000000000001,0,0,0
2006,10,31,6,30,13.4,226,47,0
2006,10,31,7,30,16.900000000000002,642,240,0
2006,10,31,8,30,20.3,803,434,0
2006,10,31,9,30,23,883,591,0
2006,10,31,10,30,24.900000000000002,914,690,0
2006,10,31,11,30,26.3,920,721,0
2006,10,31,12,30,27.1,907,685,0
2006,10,31,13,30,27.3,906,589,0
2006,10,31,14,30,26.700000000000003,834,433,0
2006,10,31,15,30,25,689,239,0
2006,10,31,16,30,21.900000000000002,333,48,0
2006,10,31,17,30,19.3,0,0,0
2006,10,31,18,30,17.900000000000002,0,0,0
2006,10,31,19,30,17,0,0,0
2006,10,31,20,30,16.3,0,0,0
2006,10,31,21,30,15.8,0,0,0
2006,10,31,22,30,15.100000000000001,0,0,0
2006,10,31,23,30,14.4,0,0,0
2006,11,1,0,30,14.100000000000001,0,0,0
2006,11,1,1,30,13.8,0,0,0
2006,11,1,2,30,13.5,0,0,0
2006,11,1,3,30,13.3,0,0,0
2006,11,1,4,30,13.200000000000001,0,0,0
2006,11,1,5,30,13.200000000000001,0,0,7
2006,11,1,6,30,14.700000000000001,5,34,7
2006,11,1,7,30,17.6,651,235,1
2006,11,1,8,30,20.3,122,312,3
2006,11,1,9,30,22.700000000000003,438,467,8
2006,11,1,10,30,25,630,613,8
2006,11,1,11,30,27,620,697,2
2006,11,1,12,30,28.200000000000003,893,671,0
2006,11,1,13,30,28.5,860,571,0
2006,11,1,14,30,28.1,784,417,1
2006,11,1,15,30,26.1,621,226,0
2006,11,1,16,30,22.6,280,44,0
2006,11,1,17,30,20.400000000000002,0,0,0
2006,11,1,18,30,20,0,0,0
2006,11,1,19,30,19.900000000000002,0,0,0
2006,11,1,20,30,19.8,0,0,3
2006,11,1,21,30,19.700000000000003,0,0,0
2006,11,1,22,30,19.400000000000002,0,0,0
2006,11,1,23,30,19.200000000000003,0,0,3
2006,11,2,0,30,19.1,0,0,8
2006,11,2,1,30,18.7,0,0,7
2006,11,2,2,30,18.3,0,0,7
2006,11,2,3,30,18,0,0,4
2006,11,2,4,30,17.8,0,0,7
2006,11,2,5,30,17.7,0,0,7
2006,11,2,6,30,18.5,3,30,7
2006,11,2,7,30,20.700000000000003,20,149,4
2006,11,2,8,30,23.6,124,307,3
2006,11,2,9,30,26.200000000000003,854,567,0
2006,11,2,10,30,28.200000000000003,898,666,0
2006,11,2,11,30,29.3,315,573,2
2006,11,2,12,30,29.900000000000002,242,522,2
2006,11,2,13,30,30,877,569,0
2006,11,2,14,30,29.400000000000002,802,415,0
2006,11,2,15,30,27.200000000000003,650,226,0
2006,11,2,16,30,23.400000000000002,245,40,0
2006,11,2,17,30,21.1,0,0,0
2006,11,2,18,30,20.3,0,0,0
2006,11,2,19,30,19.6,0,0,0
2006,11,2,20,30,18.8,0,0,0
2006,11,2,21,30,18.1,0,0,0
2006,11,2,22,30,17.5,0,0,7
2006,11,2,23,30,16.900000000000002,0,0,7
2006,11,3,0,30,16.6,0,0,3
2006,11,3,1,30,16.400000000000002,0,0,3
2006,11,3,2,30,16.3,0,0,7
2006,11,3,3,30,16.3,0,0,7
2006,11,3,4,30,16.3,0,0,0
2006,11,3,5,30,16.1,0,0,0
2006,11,3,6,30,17.5,298,43,0
2006,11,3,7,30,20.8,667,227,0
2006,11,3,8,30,24.200000000000003,812,415,0
2006,11,3,9,30,27.1,887,567,0
2006,11,3,10,30,28.900000000000002,905,660,0
2006,11,3,11,30,29.900000000000002,509,567,8
2006,11,3,12,30,30.200000000000003,388,509,7
2006,11,3,13,30,29.8,612,531,8
2006,11,3,14,30,28.6,145,282,8
2006,11,3,15,30,26.8,10,94,7
2006,11,3,16,30,24.200000000000003,241,38,1
2006,11,3,17,30,21.8,0,0,0
2006,11,3,18,30,20,0,0,0
2006,11,3,19,30,18.7,0,0,0
2006,11,3,20,30,17.8,0,0,0
2006,11,3,21,30,17,0,0,0
2006,11,3,22,30,16.400000000000002,0,0,0
2006,11,3,23,30,15.9,0,0,0
2006,11,4,0,30,15.5,0,0,0
2006,11,4,1,30,15.200000000000001,0,0,0
2006,11,4,2,30,15,0,0,0
2006,11,4,3,30,14.8,0,0,0
2006,11,4,4,30,14.5,0,0,0
2006,11,4,5,30,14.4,0,0,0
2006,11,4,6,30,16.2,277,41,0
2006,11,4,7,30,19.900000000000002,670,226,0
2006,11,4,8,30,23.400000000000002,819,415,0
2006,11,4,9,30,26,889,567,0
2006,11,4,10,30,27.700000000000003,920,664,0
2006,11,4,11,30,28.6,927,696,0
2006,11,4,12,30,29.1,912,660,0
2006,11,4,13,30,29,869,560,1
2006,11,4,14,30,28.3,797,407,0
2006,11,4,15,30,26.1,646,218,0
2006,11,4,16,30,22.5,269,37,0
2006,11,4,17,30,19.8,0,0,0
2006,11,4,18,30,18.8,0,0,0
2006,11,4,19,30,18.1,0,0,0
2006,11,4,20,30,17.5,0,0,0
2006,11,4,21,30,16.900000000000002,0,0,0
2006,11,4,22,30,16.5,0,0,0
2006,11,4,23,30,16.3,0,0,0
2006,11,5,0,30,16.2,0,0,0
2006,11,5,1,30,16,0,0,0
2006,11,5,2,30,15.700000000000001,0,0,0
2006,11,5,3,30,15.4,0,0,1
2006,11,5,4,30,15.200000000000001,0,0,3
2006,11,5,5,30,15.100000000000001,0,0,0
2006,11,5,6,30,16.900000000000002,302,40,1
2006,11,5,7,30,20.700000000000003,3,111,3
2006,11,5,8,30,24.200000000000003,280,308,8
2006,11,5,9,30,26.700000000000003,351,436,8
2006,11,5,10,30,28.400000000000002,723,635,8
2006,11,5,11,30,29.700000000000003,519,583,8
2006,11,5,12,30,30.5,716,629,8
2006,11,5,13,30,30.6,565,539,2
2006,11,5,14,30,30,290,312,8
2006,11,5,15,30,27.5,191,176,3
2006,11,5,16,30,24.700000000000003,1,24,7
2006,11,5,17,30,22.900000000000002,0,0,7
2006,11,5,18,30,21.3,0,0,7
2006,11,5,19,30,20.1,0,0,3
2006,11,5,20,30,19.400000000000002,0,0,1
2006,11,5,21,30,18.7,0,0,1
2006,11,5,22,30,18.2,0,0,3
2006,11,5,23,30,17.900000000000002,0,0,3
2006,11,6,0,30,17.6,0,0,1
2006,11,6,1,30,17.3,0,0,0
2006,11,6,2,30,17,0,0,0
2006,11,6,3,30,16.7,0,0,0
2006,11,6,4,30,16.400000000000002,0,0,3
2006,11,6,5,30,16.3,0,0,3
2006,11,6,6,30,18.400000000000002,236,35,0
2006,11,6,7,30,22.400000000000002,661,215,0
2006,11,6,8,30,26,813,401,0
2006,11,6,9,30,28.700000000000003,885,552,0
2006,11,6,10,30,30.400000000000002,918,649,0
2006,11,6,11,30,31.6,922,681,0
2006,11,6,12,30,32.300000000000004,905,646,0
2006,11,6,13,30,32.4,869,548,0
2006,11,6,14,30,31.900000000000002,789,396,0
2006,11,6,15,30,29.5,627,209,0
2006,11,6,16,30,26.200000000000003,271,34,0
2006,11,6,17,30,24.1,0,0,0
2006,11,6,18,30,22.8,0,0,3
2006,11,6,19,30,21.700000000000003,0,0,3
2006,11,6,20,30,20.900000000000002,0,0,0
2006,11,6,21,30,20.400000000000002,0,0,0
2006,11,6,22,30,20.1,0,0,0
2006,11,6,23,30,19.8,0,0,3
2006,11,7,0,30,19.700000000000003,0,0,1
2006,11,7,1,30,19.6,0,0,0
2006,11,7,2,30,19.5,0,0,0
2006,11,7,3,30,19.400000000000002,0,0,7
2006,11,7,4,30,19.400000000000002,0,0,7
2006,11,7,5,30,19.5,0,0,0
2006,11,7,6,30,21.3,224,33,0
2006,11,7,7,30,25.1,674,213,0
2006,11,7,8,30,29.1,819,397,0
2006,11,7,9,30,31.8,890,547,0
2006,11,7,10,30,33.7,914,641,0
2006,11,7,11,30,34.9,926,675,0
2006,11,7,12,30,35.5,915,641,0
2006,11,7,13,30,35.5,893,546,0
2006,11,7,14,30,34.800000000000004,823,396,0
2006,11,7,15,30,32.1,20,135,2
2006,11,7,16,30,28.5,295,33,0
2006,11,7,17,30,26.6,0,0,0
2006,11,7,18,30,25.6,0,0,0
2006,11,7,19,30,24.700000000000003,0,0,0
2006,11,7,20,30,24,0,0,0
2006,11,7,21,30,23.3,0,0,0
2006,11,7,22,30,22.6,0,0,0
2006,11,7,23,30,22,0,0,0
2006,11,8,0,30,21.6,0,0,0
2006,11,8,1,30,21.400000000000002,0,0,0
2006,11,8,2,30,21.200000000000003,0,0,0
2006,11,8,3,30,21,0,0,0
2006,11,8,4,30,20.8,0,0,0
2006,11,8,5,30,20.5,0,0,0
2006,11,8,6,30,21.5,298,33,0
2006,11,8,7,30,24.6,679,211,0
2006,11,8,8,30,28.5,824,397,0
2006,11,8,9,30,31.200000000000003,894,547,0
2006,11,8,10,30,32.9,927,644,0
2006,11,8,11,30,33.800000000000004,937,677,0
2006,11,8,12,30,34.2,929,645,0
2006,11,8,13,30,33.800000000000004,894,549,0
2006,11,8,14,30,32.7,820,397,0
2006,11,8,15,30,29.8,667,209,0
2006,11,8,16,30,25.6,268,30,0
2006,11,8,17,30,22.5,0,0,0
2006,11,8,18,30,20.8,0,0,0
2006,11,8,19,30,19.6,0,0,0
2006,11,8,20,30,18.6,0,0,0
2006,11,8,21,30,17.7,0,0,0
2006,11,8,22,30,16.900000000000002,0,0,0
2006,11,8,23,30,16.2,0,0,0
2006,11,9,0,30,15.600000000000001,0,0,0
2006,11,9,1,30,15.100000000000001,0,0,0
2006,11,9,2,30,14.700000000000001,0,0,0
2006,11,9,3,30,14.3,0,0,0
2006,11,9,4,30,13.8,0,0,0
2006,11,9,5,30,13.5,0,0,0
2006,11,9,6,30,15.100000000000001,292,33,0
2006,11,9,7,30,18.5,716,219,0
2006,11,9,8,30,22.3,877,415,0
2006,11,9,9,30,25.6,943,570,0
2006,11,9,10,30,27.3,975,669,0
2006,11,9,11,30,28.200000000000003,983,703,0
2006,11,9,12,30,28.6,972,668,0
2006,11,9,13,30,28.5,938,568,0
2006,11,9,14,30,27.8,868,411,0
2006,11,9,15,30,25.200000000000003,718,218,0
2006,11,9,16,30,21.3,299,31,0
2006,11,9,17,30,18.5,0,0,0
2006,11,9,18,30,17.1,0,0,0
2006,11,9,19,30,16,0,0,0
2006,11,9,20,30,15.100000000000001,0,0,0
2006,11,9,21,30,14.4,0,0,0
2006,11,9,22,30,13.9,0,0,0
2006,11,9,23,30,13.5,0,0,0
2006,11,10,0,30,13.200000000000001,0,0,0
2006,11,10,1,30,13,0,0,0
2006,11,10,2,30,12.700000000000001,0,0,0
2006,11,10,3,30,12.3,0,0,0
2006,11,10,4,30,11.8,0,0,0
2006,11,10,5,30,11.600000000000001,0,0,0
2006,11,10,6,30,13.5,279,30,0
2006,11,10,7,30,17.2,691,211,0
2006,11,10,8,30,20.6,840,401,0
2006,11,10,9,30,23.3,909,553,0
2006,11,10,10,30,25,937,650,0
2006,11,10,11,30,26,949,686,0
2006,11,10,12,30,26.5,931,651,0
2006,11,10,13,30,26.400000000000002,887,550,0
2006,11,10,14,30,25.8,805,395,0
2006,11,10,15,30,23.5,636,205,0
2006,11,10,16,30,20.3,171,26,0
2006,11,10,17,30,18.2,0,0,3
2006,11,10,18,30,17.3,0,0,7
2006,11,10,19,30,16.8,0,0,3
2006,11,10,20,30,16.400000000000002,0,0,7
2006,11,10,21,30,16.6,0,0,7
2006,11,10,22,30,17.1,0,0,7
2006,11,10,23,30,17.6,0,0,7
2006,11,11,0,30,17.400000000000002,0,0,0
2006,11,11,1,30,17.2,0,0,7
2006,11,11,2,30,17.400000000000002,0,0,3
2006,11,11,3,30,17.2,0,0,3
2006,11,11,4,30,16.2,0,0,7
2006,11,11,5,30,15.3,0,0,7
2006,11,11,6,30,15.700000000000001,1,17,7
2006,11,11,7,30,18.2,1,90,4
2006,11,11,8,30,21.5,50,214,7
2006,11,11,9,30,24,204,389,7
2006,11,11,10,30,24.900000000000002,470,526,7
2006,11,11,11,30,25.400000000000002,650,616,8
2006,11,11,12,30,25.8,149,457,4
2006,11,11,13,30,25.3,413,437,8
2006,11,11,14,30,23.900000000000002,543,361,8
2006,11,11,15,30,21.6,598,192,0
2006,11,11,16,30,18.7,0,13,3
2006,11,11,17,30,16.3,0,0,0
2006,11,11,18,30,14.700000000000001,0,0,0
2006,11,11,19,30,13.700000000000001,0,0,0
2006,11,11,20,30,13.3,0,0,0
2006,11,11,21,30,13.100000000000001,0,0,0
2006,11,11,22,30,12.9,0,0,0
2006,11,11,23,30,12.4,0,0,2
2006,11,12,0,30,11.700000000000001,0,0,0
2006,11,12,1,30,11.3,0,0,0
2006,11,12,2,30,11.100000000000001,0,0,3
2006,11,12,3,30,11.200000000000001,0,0,0
2006,11,12,4,30,11.3,0,0,0
2006,11,12,5,30,11.700000000000001,0,0,0
2006,11,12,6,30,12.9,0,14,3
2006,11,12,7,30,15.100000000000001,37,127,7
2006,11,12,8,30,17.6,47,198,8
2006,11,12,9,30,19.8,865,535,1
2006,11,12,10,30,21.200000000000003,910,633,0
2006,11,12,11,30,22.200000000000003,925,669,0
2006,11,12,12,30,22.900000000000002,625,630,2
2006,11,12,13,30,23.1,565,525,2
2006,11,12,14,30,22.6,820,391,0
2006,11,12,15,30,20.400000000000002,659,202,0
2006,11,12,16,30,16.900000000000002,221,25,0
2006,11,12,17,30,14.600000000000001,0,0,0
2006,11,12,18,30,13.8,0,0,0
2006,11,12,19,30,13.200000000000001,0,0,0
2006,11,12,20,30,12.9,0,0,0
2006,11,12,21,30,12.700000000000001,0,0,0
2006,11,12,22,30,12.8,0,0,0
2006,11,12,23,30,12.5,0,0,8
2006,11,13,0,30,11.9,0,0,0
2006,11,13,1,30,11.600000000000001,0,0,7
2006,11,13,2,30,11.8,0,0,7
2006,11,13,3,30,12.200000000000001,0,0,6
2006,11,13,4,30,12.5,0,0,6
2006,11,13,5,30,12.8,0,0,6
2006,11,13,6,30,13.8,0,14,7
2006,11,13,7,30,16.5,19,97,7
2006,11,13,8,30,20.1,785,372,0
2006,11,13,9,30,23.400000000000002,865,520,0
2006,11,13,10,30,25.8,903,616,1
2006,11,13,11,30,27.3,623,636,2
2006,11,13,12,30,27.900000000000002,901,615,0
2006,11,13,13,30,27.900000000000002,864,519,0
2006,11,13,14,30,27.1,787,372,0
2006,11,13,15,30,24.8,623,189,0
2006,11,13,16,30,21.400000000000002,207,22,0
2006,11,13,17,30,19.3,0,0,0
2006,11,13,18,30,18.2,0,0,0
2006,11,13,19,30,17.2,0,0,1
2006,11,13,20,30,16.6,0,0,0
2006,11,13,21,30,16.1,0,0,4
2006,11,13,22,30,15.700000000000001,0,0,7
2006,11,13,23,30,15.3,0,0,7
2006,11,14,0,30,14.8,0,0,7
2006,11,14,1,30,14.3,0,0,7
2006,11,14,2,30,13.8,0,0,7
2006,11,14,3,30,13.4,0,0,7
2006,11,14,4,30,13.200000000000001,0,0,7
2006,11,14,5,30,13.3,0,0,7
2006,11,14,6,30,14.4,1,13,7
2006,11,14,7,30,16.5,598,182,0
2006,11,14,8,30,19.1,759,359,0
2006,11,14,9,30,21.8,843,505,0
2006,11,14,10,30,24.1,868,597,0
2006,11,14,11,30,25.700000000000003,880,629,0
2006,11,14,12,30,26.5,873,600,0
2006,11,14,13,30,26.5,809,502,0
2006,11,14,14,30,25.900000000000002,728,358,0
2006,11,14,15,30,23.900000000000002,33,131,2
2006,11,14,16,30,21,204,22,0
2006,11,14,17,30,19,0,0,0
2006,11,14,18,30,17.900000000000002,0,0,0
2006,11,14,19,30,17.1,0,0,0
2006,11,14,20,30,16.400000000000002,0,0,0
2006,11,14,21,30,15.700000000000001,0,0,0
2006,11,14,22,30,15,0,0,0
2006,11,14,23,30,14.3,0,0,0
2006,11,15,0,30,13.700000000000001,0,0,0
2006,11,15,1,30,13.3,0,0,0
2006,11,15,2,30,13,0,0,0
2006,11,15,3,30,12.8,0,0,0
2006,11,15,4,30,12.600000000000001,0,0,0
2006,11,15,5,30,12.5,0,0,0
2006,11,15,6,30,14,235,21,0
2006,11,15,7,30,18,688,196,0
2006,11,15,8,30,21.8,849,385,0
2006,11,15,9,30,24.200000000000003,923,538,0
2006,11,15,10,30,25.8,954,635,0
2006,11,15,11,30,26.8,956,665,0
2006,11,15,12,30,27.3,943,632,0
2006,11,15,13,30,27.200000000000003,900,534,0
2006,11,15,14,30,26.5,813,379,0
2006,11,15,15,30,24,642,192,0
2006,11,15,16,30,21.200000000000003,192,21,0
2006,11,15,17,30,20.200000000000003,0,0,0
2006,11,15,18,30,19.5,0,0,0
2006,11,15,19,30,18.5,0,0,0
2006,11,15,20,30,17.6,0,0,0
2006,11,15,21,30,17,0,0,0
2006,11,15,22,30,16.400000000000002,0,0,0
2006,11,15,23,30,16,0,0,0
2006,11,16,0,30,15.9,0,0,0
2006,11,16,1,30,16,0,0,0
2006,11,16,2,30,16.1,0,0,0
2006,11,16,3,30,16.3,0,0,0
2006,11,16,4,30,16.5,0,0,0
2006,11,16,5,30,16.8,0,0,0
2006,11,16,6,30,17.8,242,19,0
2006,11,16,7,30,20.400000000000002,700,192,0
2006,11,16,8,30,23.6,856,379,0
2006,11,16,9,30,26.700000000000003,928,531,0
2006,11,16,10,30,29.3,965,632,0
2006,11,16,11,30,31.1,976,666,0
2006,11,16,12,30,32.1,965,633,0
2006,11,16,13,30,32.2,930,536,0
2006,11,16,14,30,31.1,850,381,0
2006,11,16,15,30,27.400000000000002,689,194,0
2006,11,16,16,30,23.6,242,21,0
2006,11,16,17,30,22.1,0,0,0
2006,11,16,18,30,21.6,0,0,0
2006,11,16,19,30,21.200000000000003,0,0,0
2006,11,16,20,30,20.700000000000003,0,0,0
2006,11,16,21,30,20.3,0,0,0
2006,11,16,22,30,19.900000000000002,0,0,0
2006,11,16,23,30,19.5,0,0,0
2006,11,17,0,30,19.3,0,0,0
2006,11,17,1,30,19,0,0,0
2006,11,17,2,30,18.8,0,0,0
2006,11,17,3,30,18.8,0,0,0
2006,11,17,4,30,19,0,0,0
2006,11,17,5,30,19.200000000000003,0,0,0
2006,11,17,6,30,19.700000000000003,197,17,0
2006,11,17,7,30,21.5,648,181,1
2006,11,17,8,30,24.5,811,363,0
2006,11,17,9,30,27,887,512,0
2006,11,17,10,30,29,921,608,0
2006,11,17,11,30,30.5,930,642,0
2006,11,17,12,30,31.3,914,607,0
2006,11,17,13,30,31.5,873,511,0
2006,11,17,14,30,30.8,793,363,0
2006,11,17,15,30,27.8,630,182,0
2006,11,17,16,30,24.200000000000003,207,19,0
2006,11,17,17,30,22.6,0,0,0
2006,11,17,18,30,22,0,0,0
2006,11,17,19,30,21.400000000000002,0,0,0
2006,11,17,20,30,20.900000000000002,0,0,0
2006,11,17,21,30,20.5,0,0,0
2006,11,17,22,30,20.3,0,0,0
2006,11,17,23,30,20,0,0,0
2006,11,18,0,30,19.6,0,0,0
2006,11,18,1,30,19.400000000000002,0,0,0
2006,11,18,2,30,19.400000000000002,0,0,0
2006,11,18,3,30,19.3,0,0,0
2006,11,18,4,30,18.8,0,0,4
2006,11,18,5,30,18,0,0,0
2006,11,18,6,30,18.1,152,14,0
2006,11,18,7,30,20.700000000000003,627,174,1
2006,11,18,8,30,24.3,796,356,0
2006,11,18,9,30,26.900000000000002,877,506,0
2006,11,18,10,30,28.8,920,604,0
2006,11,18,11,30,30,934,640,0
2006,11,18,12,30,30.400000000000002,924,610,0
2006,11,18,13,30,30.3,889,515,0
2006,11,18,14,30,29.6,815,367,1
2006,11,18,15,30,26.8,656,185,1
2006,11,18,16,30,23.5,203,18,0
2006,11,18,17,30,21.900000000000002,0,0,0
2006,11,18,18,30,20.6,0,0,0
2006,11,18,19,30,19.400000000000002,0,0,0
2006,11,18,20,30,18.6,0,0,0
2006,11,18,21,30,18.1,0,0,0
2006,11,18,22,30,17.6,0,0,0
2006,11,18,23,30,17,0,0,0
2006,11,19,0,30,16.5,0,0,0
2006,11,19,1,30,15.9,0,0,0
2006,11,19,2,30,15.3,0,0,0
2006,11,19,3,30,14.8,0,0,0
2006,11,19,4,30,14.200000000000001,0,0,0
2006,11,19,5,30,13.8,0,0,0
2006,11,19,6,30,15.200000000000001,174,14,0
2006,11,19,7,30,19,654,178,0
2006,11,19,8,30,22.900000000000002,824,363,0
2006,11,19,9,30,25.900000000000002,895,512,0
2006,11,19,10,30,28.1,928,609,0
2006,11,19,11,30,29.400000000000002,935,642,0
2006,11,19,12,30,29.900000000000002,921,610,0
2006,11,19,13,30,29.8,880,514,0
2006,11,19,14,30,29,797,365,0
2006,11,19,15,30,26.3,620,181,0
2006,11,19,16,30,23.200000000000003,139,17,0
2006,11,19,17,30,21.700000000000003,0,0,0
2006,11,19,18,30,20.8,0,0,0
2006,11,19,19,30,20.200000000000003,0,0,0
2006,11,19,20,30,19.700000000000003,0,0,0
2006,11,19,21,30,19.1,0,0,0
2006,11,19,22,30,18.6,0,0,0
2006,11,19,23,30,18.2,0,0,0
2006,11,20,0,30,17.6,0,0,0
2006,11,20,1,30,17,0,0,0
2006,11,20,2,30,16.3,0,0,0
2006,11,20,3,30,15.700000000000001,0,0,0
2006,11,20,4,30,15.100000000000001,0,0,0
2006,11,20,5,30,14.700000000000001,0,0,0
2006,11,20,6,30,15.600000000000001,0,0,0
2006,11,20,7,30,19.1,628,173,0
2006,11,20,8,30,23.1,808,358,0
2006,11,20,9,30,25.700000000000003,890,509,0
2006,11,20,10,30,27.8,928,607,0
2006,11,20,11,30,29.5,940,641,0
2006,11,20,12,30,30.3,930,610,0
2006,11,20,13,30,30.3,890,514,0
2006,11,20,14,30,29.400000000000002,810,365,0
2006,11,20,15,30,26.400000000000002,636,181,0
2006,11,20,16,30,23.200000000000003,161,16,0
2006,11,20,17,30,22.1,0,0,0
2006,11,20,18,30,21.700000000000003,0,0,0
2006,11,20,19,30,21.5,0,0,0
2006,11,20,20,30,21.200000000000003,0,0,0
2006,11,20,21,30,21.1,0,0,0
2006,11,20,22,30,20.900000000000002,0,0,0
2006,11,20,23,30,20.8,0,0,0
2006,11,21,0,30,20.700000000000003,0,0,0
2006,11,21,1,30,20.5,0,0,0
2006,11,21,2,30,20.200000000000003,0,0,0
2006,11,21,3,30,19.700000000000003,0,0,0
2006,11,21,4,30,19.1,0,0,0
2006,11,21,5,30,18.5,0,0,0
2006,11,21,6,30,18.6,0,0,0
2006,11,21,7,30,20.700000000000003,615,168,0
2006,11,21,8,30,23.900000000000002,797,352,0
2006,11,21,9,30,26.5,881,502,0
2006,11,21,10,30,28.200000000000003,921,600,0
2006,11,21,11,30,29.200000000000003,932,635,0
2006,11,21,12,30,29.6,920,603,0
2006,11,21,13,30,29.400000000000002,880,507,0
2006,11,21,14,30,28.400000000000002,791,358,0
2006,11,21,15,30,25.400000000000002,280,156,8
2006,11,21,16,30,21.8,0,8,7
2006,11,21,17,30,19.900000000000002,0,0,1
2006,11,21,18,30,19.200000000000003,0,0,7
2006,11,21,19,30,18.7,0,0,7
2006,11,21,20,30,18.2,0,0,0
2006,11,21,21,30,17.900000000000002,0,0,1
2006,11,21,22,30,17.7,0,0,0
2006,11,21,23,30,17.6,0,0,0
2006,11,22,0,30,17.7,0,0,0
2006,11,22,1,30,17.7,0,0,0
2006,11,22,2,30,17.7,0,0,0
2006,11,22,3,30,17.8,0,0,3
2006,11,22,4,30,18.1,0,0,7
2006,11,22,5,30,18.3,0,0,8
2006,11,22,6,30,18.7,0,0,7
2006,11,22,7,30,19.700000000000003,12,88,7
2006,11,22,8,30,21.1,84,227,7
2006,11,22,9,30,22.6,401,411,8
2006,11,22,10,30,24.400000000000002,604,586,2
2006,11,22,11,30,26.3,946,641,0
2006,11,22,12,30,27.400000000000002,629,600,2
2006,11,22,13,30,27.6,549,447,8
2006,11,22,14,30,26.400000000000002,806,362,1
2006,11,22,15,30,23.6,100,136,2
2006,11,22,16,30,21,0,7,7
2006,11,22,17,30,19.900000000000002,0,0,7
2006,11,22,18,30,19.3,0,0,6
2006,11,22,19,30,18.900000000000002,0,0,7
2006,11,22,20,30,18.5,0,0,7
2006,11,22,21,30,18.2,0,0,7
2006,11,22,22,30,17.900000000000002,0,0,7
2006,11,22,23,30,17.5,0,0,7
2006,11,23,0,30,17,0,0,7
2006,11,23,1,30,16.5,0,0,7
2006,11,23,2,30,16.1,0,0,7
2006,11,23,3,30,15.8,0,0,7
2006,11,23,4,30,15.600000000000001,0,0,7
2006,11,23,5,30,15.5,0,0,7
2006,11,23,6,30,16,0,0,7
2006,11,23,7,30,18,8,70,7
2006,11,23,8,30,21.1,562,322,8
2006,11,23,9,30,23.900000000000002,446,405,8
2006,11,23,10,30,25.6,561,511,8
2006,11,23,11,30,26.6,345,476,8
2006,11,23,12,30,26.900000000000002,547,508,8
2006,11,23,13,30,26.900000000000002,385,394,8
2006,11,23,14,30,26.3,0,86,4
2006,11,23,15,30,24,4,98,4
2006,11,23,16,30,21.5,0,7,7
2006,11,23,17,30,20.200000000000003,0,0,7
2006,11,23,18,30,19.200000000000003,0,0,8
2006,11,23,19,30,18.3,0,0,7
2006,11,23,20,30,17.7,0,0,7
2006,11,23,21,30,17.2,0,0,7
2006,11,23,22,30,16.8,0,0,7
2006,11,23,23,30,16.400000000000002,0,0,7
2006,11,24,0,30,16.1,0,0,7
2006,11,24,1,30,15.600000000000001,0,0,0
2006,11,24,2,30,15.200000000000001,0,0,0
2006,11,24,3,30,14.9,0,0,0
2006,11,24,4,30,14.5,0,0,0
2006,11,24,5,30,14.200000000000001,0,0,0
2006,11,24,6,30,14.4,0,0,0
2006,11,24,7,30,16.2,599,157,0
2006,11,24,8,30,19.1,794,341,0
2006,11,24,9,30,21.8,882,492,0
2006,11,24,10,30,23.6,928,593,0
2006,11,24,11,30,24.700000000000003,943,629,0
2006,11,24,12,30,25.200000000000003,934,600,0
2006,11,24,13,30,25.1,895,506,0
2006,11,24,14,30,24.400000000000002,815,358,0
2006,11,24,15,30,22,640,176,0
2006,11,24,16,30,18.7,146,14,0
2006,11,24,17,30,16.6,0,0,0
2006,11,24,18,30,15.200000000000001,0,0,0
2006,11,24,19,30,14.100000000000001,0,0,0
2006,11,24,20,30,13.3,0,0,0
2006,11,24,21,30,12.700000000000001,0,0,0
2006,11,24,22,30,12.200000000000001,0,0,0
2006,11,24,23,30,11.700000000000001,0,0,0
2006,11,25,0,30,11.3,0,0,0
2006,11,25,1,30,10.9,0,0,0
2006,11,25,2,30,10.5,0,0,0
2006,11,25,3,30,10.200000000000001,0,0,0
2006,11,25,4,30,9.9,0,0,0
2006,11,25,5,30,9.600000000000001,0,0,0
2006,11,25,6,30,10.4,0,0,0
2006,11,25,7,30,13,159,127,8
2006,11,25,8,30,16.2,781,336,0
2006,11,25,9,30,18.6,874,487,0
2006,11,25,10,30,20.200000000000003,920,587,0
2006,11,25,11,30,21.200000000000003,933,623,0
2006,11,25,12,30,21.6,922,593,0
2006,11,25,13,30,21.6,884,500,0
2006,11,25,14,30,20.900000000000002,799,352,0
2006,11,25,15,30,18.7,621,172,0
2006,11,25,16,30,15.700000000000001,131,13,0
2006,11,25,17,30,13.700000000000001,0,0,0
2006,11,25,18,30,12.4,0,0,0
2006,11,25,19,30,11.4,0,0,0
2006,11,25,20,30,10.8,0,0,0
2006,11,25,21,30,10.3,0,0,0
2006,11,25,22,30,9.9,0,0,0
2006,11,25,23,30,9.700000000000001,0,0,0
2006,11,26,0,30,9.1,0,0,0
2006,11,26,1,30,8.4,0,0,0
2006,11,26,2,30,8,0,0,0
2006,11,26,3,30,7.7,0,0,0
2006,11,26,4,30,7.6000000000000005,0,0,0
2006,11,26,5,30,7.6000000000000005,0,0,0
2006,11,26,6,30,8.8,0,0,0
2006,11,26,7,30,11.5,596,152,0
2006,11,26,8,30,14.9,794,335,0
2006,11,26,9,30,17.5,882,485,0
2006,11,26,10,30,19.1,916,583,0
2006,11,26,11,30,20,930,619,0
2006,11,26,12,30,20.5,920,590,0
2006,11,26,13,30,20.5,874,496,0
2006,11,26,14,30,19.700000000000003,794,351,0
2006,11,26,15,30,17.5,613,170,0
2006,11,26,16,30,14.3,124,13,0
2006,11,26,17,30,12.4,0,0,0
2006,11,26,18,30,11.700000000000001,0,0,7
2006,11,26,19,30,11.600000000000001,0,0,7
2006,11,26,20,30,11.5,0,0,6
2006,11,26,21,30,11.3,0,0,0
2006,11,26,22,30,11.100000000000001,0,0,7
2006,11,26,23,30,10.9,0,0,7
2006,11,27,0,30,10.600000000000001,0,0,7
2006,11,27,1,30,10.100000000000001,0,0,7
2006,11,27,2,30,9.8,0,0,7
2006,11,27,3,30,9.700000000000001,0,0,8
2006,11,27,4,30,9.4,0,0,0
2006,11,27,5,30,9,0,0,0
2006,11,27,6,30,9.600000000000001,0,0,0
2006,11,27,7,30,11.200000000000001,522,141,0
2006,11,27,8,30,13.100000000000001,723,317,0
2006,11,27,9,30,14.8,828,466,0
2006,11,27,10,30,16.400000000000002,868,563,1
2006,11,27,11,30,17.400000000000002,706,585,8
2006,11,27,12,30,17.7,275,423,8
2006,11,27,13,30,17.3,538,473,2
2006,11,27,14,30,16.2,560,333,8
2006,11,27,15,30,14.4,591,165,0
2006,11,27,16,30,12.5,0,0,0
2006,11,27,17,30,11.3,0,0,0
2006,11,27,18,30,10.8,0,0,0
2006,11,27,19,30,10.600000000000001,0,0,0
2006,11,27,20,30,10.4,0,0,0
2006,11,27,21,30,10.3,0,0,0
2006,11,27,22,30,10.5,0,0,0
2006,11,27,23,30,10.8,0,0,0
2006,11,28,0,30,10.9,0,0,0
2006,11,28,1,30,10.9,0,0,0
2006,11,28,2,30,10.700000000000001,0,0,0
2006,11,28,3,30,10.3,0,0,0
2006,11,28,4,30,9.9,0,0,0
2006,11,28,5,30,9.5,0,0,0
2006,11,28,6,30,9.9,0,0,0
2006,11,28,7,30,11.200000000000001,584,146,0
2006,11,28,8,30,12.9,787,329,0
2006,11,28,9,30,14.8,884,481,0
2006,11,28,10,30,16.6,922,580,0
2006,11,28,11,30,18,939,618,0
2006,11,28,12,30,18.6,936,592,0
2006,11,28,13,30,18.7,898,500,0
2006,11,28,14,30,17.900000000000002,821,355,0
2006,11,28,15,30,15.600000000000001,646,173,0
2006,11,28,16,30,12.5,0,0,0
2006,11,28,17,30,10.4,0,0,0
2006,11,28,18,30,9.3,0,0,0
2006,11,28,19,30,8.5,0,0,0
2006,11,28,20,30,7.7,0,0,0
2006,11,28,21,30,6.800000000000001,0,0,0
2006,11,28,22,30,6,0,0,0
2006,11,28,23,30,5.5,0,0,0
2006,11,29,0,30,5.2,0,0,0
2006,11,29,1,30,5.2,0,0,0
2006,11,29,2,30,5.300000000000001,0,0,0
2006,11,29,3,30,5.300000000000001,0,0,0
2006,11,29,4,30,5,0,0,0
2006,11,29,5,30,4.7,0,0,0
2006,11,29,6,30,5.4,0,0,0
2006,11,29,7,30,7.2,648,152,0
2006,11,29,8,30,9.1,835,338,0
2006,11,29,9,30,10.600000000000001,923,497,0
2006,11,29,10,30,11.600000000000001,956,598,0
2006,11,29,11,30,12.3,965,636,0
2006,11,29,12,30,12.700000000000001,951,606,0
2006,11,29,13,30,12.8,901,510,0
2006,11,29,14,30,12.3,810,360,0
2006,11,29,15,30,10.8,613,174,1
2006,11,29,16,30,8.5,0,0,0
2006,11,29,17,30,7,0,0,0
2006,11,29,18,30,6.5,0,0,0
2006,11,29,19,30,6,0,0,0
2006,11,29,20,30,5.4,0,0,0
2006,11,29,21,30,4.9,0,0,0
2006,11,29,22,30,4.4,0,0,0
2006,11,29,23,30,3.9000000000000004,0,0,0
2006,11,30,0,30,3.4000000000000004,0,0,0
2006,11,30,1,30,3.1,0,0,0
2006,11,30,2,30,2.9000000000000004,0,0,0
2006,11,30,3,30,2.7,0,0,0
2006,11,30,4,30,2.5,0,0,0
2006,11,30,5,30,2.5,0,0,0
2006,11,30,6,30,3.7,0,0,0
2006,11,30,7,30,6.5,629,146,1
2006,11,30,8,30,9,826,330,0
2006,11,30,9,30,11,912,483,0
2006,11,30,10,30,12.8,935,581,0
2006,11,30,11,30,14.100000000000001,944,619,0
2006,11,30,12,30,15.100000000000001,922,585,0
2006,11,30,13,30,15.700000000000001,904,497,0
2006,11,30,14,30,15.4,828,352,0
2006,11,30,15,30,13.100000000000001,652,171,1
2006,11,30,16,30,10.3,0,0,0
2006,11,30,17,30,9,0,0,0
2006,11,30,18,30,8.4,0,0,0
2006,11,30,19,30,7.800000000000001,0,0,0
2006,11,30,20,30,7.1000000000000005,0,0,0
2006,11,30,21,30,6.5,0,0,0
2006,11,30,22,30,6,0,0,0
2006,11,30,23,30,5.6000000000000005,0,0,0
2006,12,1,0,30,5.5,0,0,0
2006,12,1,1,30,5.4,0,0,0
2006,12,1,2,30,5.5,0,0,0
2006,12,1,3,30,5.7,0,0,0
2006,12,1,4,30,5.9,0,0,0
2006,12,1,5,30,6.1000000000000005,0,0,0
2006,12,1,6,30,7.300000000000001,0,0,0
2006,12,1,7,30,10.700000000000001,610,140,1
2006,12,1,8,30,14.700000000000001,807,322,0
2006,12,1,9,30,18.1,893,473,0
2006,12,1,10,30,20.8,931,572,0
2006,12,1,11,30,22.6,943,610,0
2006,12,1,12,30,23.5,932,582,0
2006,12,1,13,30,23.6,900,492,0
2006,12,1,14,30,22.5,823,349,0
2006,12,1,15,30,19.1,649,169,0
2006,12,1,16,30,15.600000000000001,0,0,0
2006,12,1,17,30,14,0,0,0
2006,12,1,18,30,12.9,0,0,0
2006,12,1,19,30,12.200000000000001,0,0,3
2006,12,1,20,30,11.700000000000001,0,0,0
2006,12,1,21,30,11.200000000000001,0,0,0
2006,12,1,22,30,10.700000000000001,0,0,0
2006,12,1,23,30,10.3,0,0,0
2006,12,2,0,30,9.9,0,0,0
2006,12,2,1,30,9.600000000000001,0,0,0
2006,12,2,2,30,9.4,0,0,0
2006,12,2,3,30,9.200000000000001,0,0,0
2006,12,2,4,30,8.8,0,0,0
2006,12,2,5,30,8.4,0,0,0
2006,12,2,6,30,9.1,0,0,0
2006,12,2,7,30,11.8,612,140,0
2006,12,2,8,30,15.200000000000001,825,327,0
2006,12,2,9,30,18,916,482,0
2006,12,2,10,30,20.1,957,585,0
2006,12,2,11,30,21.3,980,630,0
2006,12,2,12,30,21.8,967,602,0
2006,12,2,13,30,21.700000000000003,923,504,0
2006,12,2,14,30,20.700000000000003,840,357,0
2006,12,2,15,30,17.400000000000002,658,174,0
2006,12,2,16,30,13.3,0,0,0
2006,12,2,17,30,11.200000000000001,0,0,0
2006,12,2,18,30,10.3,0,0,0
2006,12,2,19,30,9.5,0,0,0
2006,12,2,20,30,8.9,0,0,0
2006,12,2,21,30,8.4,0,0,0
2006,12,2,22,30,7.9,0,0,0
2006,12,2,23,30,7.300000000000001,0,0,0
2006,12,3,0,30,6.800000000000001,0,0,0
2006,12,3,1,30,6.300000000000001,0,0,0
2006,12,3,2,30,5.800000000000001,0,0,0
2006,12,3,3,30,5.300000000000001,0,0,0
2006,12,3,4,30,4.9,0,0,0
2006,12,3,5,30,4.7,0,0,0
2006,12,3,6,30,5.7,0,0,0
2006,12,3,7,30,8.700000000000001,656,144,0
2006,12,3,8,30,12,853,331,0
2006,12,3,9,30,14.3,937,487,0
2006,12,3,10,30,16.2,950,586,0
2006,12,3,11,30,17.5,951,623,0
2006,12,3,12,30,18.3,941,601,0
2006,12,3,13,30,18.3,860,502,0
2006,12,3,14,30,17.6,756,351,0
2006,12,3,15,30,14.700000000000001,547,167,1
2006,12,3,16,30,11,0,0,0
2006,12,3,17,30,9.1,0,0,0
2006,12,3,18,30,8.3,0,0,0
2006,12,3,19,30,7.7,0,0,0
2006,12,3,20,30,7.300000000000001,0,0,0
2006,12,3,21,30,7,0,0,0
2006,12,3,22,30,6.7,0,0,0
2006,12,3,23,30,6.4,0,0,0
2006,12,4,0,30,6.1000000000000005,0,0,0
2006,12,4,1,30,5.800000000000001,0,0,0
2006,12,4,2,30,5.5,0,0,0
2006,12,4,3,30,5.300000000000001,0,0,0
2006,12,4,4,30,5.2,0,0,0
2006,12,4,5,30,5.1000000000000005,0,0,0
2006,12,4,6,30,6.2,0,0,0
2006,12,4,7,30,9.8,648,140,1
2006,12,4,8,30,13.8,849,328,0
2006,12,4,9,30,16.7,937,484,0
2006,12,4,10,30,18.900000000000002,981,588,0
2006,12,4,11,30,20.400000000000002,995,628,0
2006,12,4,12,30,21.400000000000002,984,601,0
2006,12,4,13,30,21.700000000000003,950,510,0
2006,12,4,14,30,20.8,875,363,0
2006,12,4,15,30,17.8,708,179,0
2006,12,4,16,30,14.9,0,0,0
2006,12,4,17,30,13.4,0,0,0
2006,12,4,18,30,12.4,0,0,0
2006,12,4,19,30,11.600000000000001,0,0,0
2006,12,4,20,30,11.100000000000001,0,0,0
2006,12,4,21,30,10.700000000000001,0,0,0
2006,12,4,22,30,10.3,0,0,0
2006,12,4,23,30,10.100000000000001,0,0,0
2006,12,5,0,30,10,0,0,0
2006,12,5,1,30,10,0,0,0
2006,12,5,2,30,10,0,0,0
2006,12,5,3,30,10,0,0,0
2006,12,5,4,30,10.100000000000001,0,0,0
2006,12,5,5,30,10.3,0,0,0
2006,12,5,6,30,11,0,0,0
2006,12,5,7,30,13.5,1,63,3
2006,12,5,8,30,17.2,846,324,0
2006,12,5,9,30,20.200000000000003,935,481,0
2006,12,5,10,30,22.1,970,584,0
2006,12,5,11,30,23.400000000000002,983,624,0
2006,12,5,12,30,23.900000000000002,973,598,0
2006,12,5,13,30,23.900000000000002,933,506,0
2006,12,5,14,30,22.5,853,359,0
2006,12,5,15,30,19.5,676,176,0
2006,12,5,16,30,16.900000000000002,0,0,0
2006,12,5,17,30,15.700000000000001,0,0,0
2006,12,5,18,30,14.3,0,0,0
2006,12,5,19,30,13.100000000000001,0,0,0
2006,12,5,20,30,12.3,0,0,0
2006,12,5,21,30,11.8,0,0,0
2006,12,5,22,30,11.3,0,0,0
2006,12,5,23,30,10.9,0,0,0
2006,12,6,0,30,10.5,0,0,0
2006,12,6,1,30,10.3,0,0,0
2006,12,6,2,30,10.200000000000001,0,0,0
2006,12,6,3,30,10.100000000000001,0,0,0
2006,12,6,4,30,10,0,0,1
2006,12,6,5,30,9.9,0,0,1
2006,12,6,6,30,10.8,0,0,1
2006,12,6,7,30,14.200000000000001,1,61,3
2006,12,6,8,30,18.6,21,186,3
2006,12,6,9,30,22,919,472,0
2006,12,6,10,30,24.400000000000002,968,576,0
2006,12,6,11,30,25.8,973,611,0
2006,12,6,12,30,26.3,963,586,0
2006,12,6,13,30,26.200000000000003,921,496,0
2006,12,6,14,30,24.700000000000003,842,352,0
2006,12,6,15,30,21.400000000000002,667,172,0
2006,12,6,16,30,18.3,0,0,0
2006,12,6,17,30,16.6,0,0,0
2006,12,6,18,30,15.200000000000001,0,0,0
2006,12,6,19,30,14.100000000000001,0,0,0
2006,12,6,20,30,13.3,0,0,1
2006,12,6,21,30,12.700000000000001,0,0,0
2006,12,6,22,30,12.200000000000001,0,0,0
2006,12,6,23,30,11.8,0,0,1
2006,12,7,0,30,11.5,0,0,0
2006,12,7,1,30,11.4,0,0,0
2006,12,7,2,30,11.4,0,0,0
2006,12,7,3,30,11.5,0,0,0
2006,12,7,4,30,11.700000000000001,0,0,0
2006,12,7,5,30,11.700000000000001,0,0,0
2006,12,7,6,30,12.5,0,0,0
2006,12,7,7,30,15.8,598,125,0
2006,12,7,8,30,19.900000000000002,807,305,0
2006,12,7,9,30,22.8,896,456,0
2006,12,7,10,30,24.8,931,557,0
2006,12,7,11,30,25.900000000000002,949,601,0
2006,12,7,12,30,26.3,936,575,0
2006,12,7,13,30,26.1,888,486,0
2006,12,7,14,30,24.8,804,344,0
2006,12,7,15,30,21.700000000000003,621,166,0
2006,12,7,16,30,18.8,0,0,0
2006,12,7,17,30,17.5,0,0,0
2006,12,7,18,30,16.6,0,0,0
2006,12,7,19,30,15.9,0,0,0
2006,12,7,20,30,15.5,0,0,0
2006,12,7,21,30,15,0,0,0
2006,12,7,22,30,14.5,0,0,0
2006,12,7,23,30,13.9,0,0,0
2006,12,8,0,30,13.3,0,0,0
2006,12,8,1,30,12.5,0,0,0
2006,12,8,2,30,11.8,0,0,0
2006,12,8,3,30,11.5,0,0,0
2006,12,8,4,30,11.4,0,0,0
2006,12,8,5,30,11.200000000000001,0,0,0
2006,12,8,6,30,11.600000000000001,0,0,0
2006,12,8,7,30,14.200000000000001,507,117,0
2006,12,8,8,30,17.400000000000002,734,295,0
2006,12,8,9,30,19.5,828,446,0
2006,12,8,10,30,21.200000000000003,888,550,0
2006,12,8,11,30,22.400000000000002,902,591,0
2006,12,8,12,30,22.900000000000002,889,566,0
2006,12,8,13,30,22.8,863,479,1
2006,12,8,14,30,21.900000000000002,774,338,1
2006,12,8,15,30,18.7,577,162,1
2006,12,8,16,30,15.200000000000001,0,0,0
2006,12,8,17,30,14,0,0,0
2006,12,8,18,30,13.4,0,0,0
2006,12,8,19,30,13,0,0,0
2006,12,8,20,30,12.700000000000001,0,0,0
2006,12,8,21,30,12.3,0,0,0
2006,12,8,22,30,11.8,0,0,0
2006,12,8,23,30,11.4,0,0,0
2006,12,9,0,30,11.200000000000001,0,0,0
2006,12,9,1,30,11,0,0,0
2006,12,9,2,30,10.5,0,0,0
2006,12,9,3,30,10.100000000000001,0,0,0
2006,12,9,4,30,10.100000000000001,0,0,0
2006,12,9,5,30,10,0,0,0
2006,12,9,6,30,10.600000000000001,0,0,0
2006,12,9,7,30,13.100000000000001,553,116,0
2006,12,9,8,30,16.8,774,292,0
2006,12,9,9,30,19.900000000000002,869,443,0
2006,12,9,10,30,21.6,910,543,0
2006,12,9,11,30,22.5,924,584,0
2006,12,9,12,30,22.8,909,558,0
2006,12,9,13,30,22.6,873,473,0
2006,12,9,14,30,21.5,786,333,0
2006,12,9,15,30,18.7,607,161,0
2006,12,9,16,30,15.600000000000001,0,0,0
2006,12,9,17,30,14.100000000000001,0,0,0
2006,12,9,18,30,13.5,0,0,0
2006,12,9,19,30,12.9,0,0,0
2006,12,9,20,30,12.600000000000001,0,0,0
2006,12,9,21,30,12.200000000000001,0,0,0
2006,12,9,22,30,11.9,0,0,0
2006,12,9,23,30,11.8,0,0,1
2006,12,10,0,30,11.4,0,0,7
2006,12,10,1,30,11.100000000000001,0,0,1
2006,12,10,2,30,10.8,0,0,0
2006,12,10,3,30,10.600000000000001,0,0,0
2006,12,10,4,30,10.3,0,0,0
2006,12,10,5,30,9.8,0,0,0
2006,12,10,6,30,10,0,0,0
2006,12,10,7,30,11.100000000000001,493,111,0
2006,12,10,8,30,12.5,719,285,0
2006,12,10,9,30,14.200000000000001,831,437,0
2006,12,10,10,30,16.1,881,539,0
2006,12,10,11,30,17.400000000000002,896,579,0
2006,12,10,12,30,18,883,554,0
2006,12,10,13,30,17.900000000000002,828,466,1
2006,12,10,14,30,17.2,742,328,1
2006,12,10,15,30,15.100000000000001,554,158,0
2006,12,10,16,30,12.5,0,0,0
2006,12,10,17,30,11,0,0,0
2006,12,10,18,30,10.200000000000001,0,0,0
2006,12,10,19,30,9.8,0,0,0
2006,12,10,20,30,9.8,0,0,0
2006,12,10,21,30,9.8,0,0,0
2006,12,10,22,30,9.700000000000001,0,0,0
2006,12,10,23,30,9.5,0,0,0
2006,12,11,0,30,9.200000000000001,0,0,0
2006,12,11,1,30,9,0,0,0
2006,12,11,2,30,8.5,0,0,0
2006,12,11,3,30,8,0,0,0
2006,12,11,4,30,7.6000000000000005,0,0,0
2006,12,11,5,30,7.300000000000001,0,0,0
2006,12,11,6,30,8,0,0,0
2006,12,11,7,30,10.200000000000001,528,111,0
2006,12,11,8,30,13.3,759,288,0
2006,12,11,9,30,16.3,860,439,0
2006,12,11,10,30,18.5,916,543,0
2006,12,11,11,30,19.6,938,588,1
2006,12,11,12,30,20.1,931,565,0
2006,12,11,13,30,20.1,899,481,0
2006,12,11,14,30,19.400000000000002,821,342,0
2006,12,11,15,30,16.8,643,167,0
2006,12,11,16,30,14.200000000000001,0,0,0
2006,12,11,17,30,13.200000000000001,0,0,3
2006,12,11,18,30,12.5,0,0,0
2006,12,11,19,30,11.700000000000001,0,0,0
2006,12,11,20,30,10.9,0,0,0
2006,12,11,21,30,10.200000000000001,0,0,0
2006,12,11,22,30,9.700000000000001,0,0,0
2006,12,11,23,30,9.200000000000001,0,0,0
2006,12,12,0,30,8.9,0,0,0
2006,12,12,1,30,8.8,0,0,0
2006,12,12,2,30,8.8,0,0,0
2006,12,12,3,30,8.8,0,0,0
2006,12,12,4,30,9.1,0,0,7
2006,12,12,5,30,9.4,0,0,7
2006,12,12,6,30,10,0,0,7
2006,12,12,7,30,12.100000000000001,0,37,4
2006,12,12,8,30,15.4,292,223,7
2006,12,12,9,30,18.2,844,434,0
2006,12,12,10,30,20.200000000000003,887,535,0
2006,12,12,11,30,21,270,425,7
2006,12,12,12,30,20.900000000000002,158,363,7
2006,12,12,13,30,21,162,318,7
2006,12,12,14,30,20.6,90,238,10
2006,12,12,15,30,18.1,21,97,8
2006,12,12,16,30,15.8,0,0,0
2006,12,12,17,30,14.8,0,0,8
2006,12,12,18,30,14.100000000000001,0,0,7
2006,12,12,19,30,13.5,0,0,0
2006,12,12,20,30,12.9,0,0,0
2006,12,12,21,30,12.3,0,0,0
2006,12,12,22,30,11.9,0,0,0
2006,12,12,23,30,11.5,0,0,0
2006,12,13,0,30,11,0,0,0
2006,12,13,1,30,10.5,0,0,0
2006,12,13,2,30,9.9,0,0,0
2006,12,13,3,30,9.4,0,0,8
2006,12,13,4,30,9.1,0,0,1
2006,12,13,5,30,8.9,0,0,1
2006,12,13,6,30,9.700000000000001,0,0,0
2006,12,13,7,30,12.8,483,104,0
2006,12,13,8,30,16.6,721,277,0
2006,12,13,9,30,19.6,822,426,0
2006,12,13,10,30,21.900000000000002,268,386,8
2006,12,13,11,30,23.400000000000002,380,453,7
2006,12,13,12,30,24.200000000000003,368,433,7
2006,12,13,13,30,24.3,106,328,3
2006,12,13,14,30,23.400000000000002,37,212,4
2006,12,13,15,30,20.6,565,158,0
2006,12,13,16,30,18.1,0,4,3
2006,12,13,17,30,16.8,0,0,3
2006,12,13,18,30,15.8,0,0,7
2006,12,13,19,30,15.200000000000001,0,0,7
2006,12,13,20,30,15,0,0,7
2006,12,13,21,30,15.100000000000001,0,0,7
2006,12,13,22,30,15.3,0,0,7
2006,12,13,23,30,15.3,0,0,7
2006,12,14,0,30,15,0,0,1
2006,12,14,1,30,14.700000000000001,0,0,7
2006,12,14,2,30,14.600000000000001,0,0,1
2006,12,14,3,30,14.4,0,0,7
2006,12,14,4,30,14.200000000000001,0,0,7
2006,12,14,5,30,14.100000000000001,0,0,8
2006,12,14,6,30,14.8,0,0,0
2006,12,14,7,30,17.2,467,101,0
2006,12,14,8,30,20.3,708,272,0
2006,12,14,9,30,23.200000000000003,813,422,0
2006,12,14,10,30,25.8,191,399,3
2006,12,14,11,30,27.400000000000002,104,390,3
2006,12,14,12,30,28.200000000000003,348,419,8
2006,12,14,13,30,28.200000000000003,830,464,0
2006,12,14,14,30,26.700000000000003,752,330,0
2006,12,14,15,30,23.1,568,161,0
2006,12,14,16,30,20,116,13,1
2006,12,14,17,30,19,0,0,7
2006,12,14,18,30,18.6,0,0,7
2006,12,14,19,30,18.2,0,0,7
2006,12,14,20,30,17.8,0,0,3
2006,12,14,21,30,17.3,0,0,1
2006,12,14,22,30,16.7,0,0,0
2006,12,14,23,30,16.1,0,0,0
2006,12,15,0,30,15.600000000000001,0,0,4
2006,12,15,1,30,15.200000000000001,0,0,4
2006,12,15,2,30,15.100000000000001,0,0,4
2006,12,15,3,30,15,0,0,1
2006,12,15,4,30,14.9,0,0,4
2006,12,15,5,30,14.700000000000001,0,0,4
2006,12,15,6,30,14.600000000000001,0,0,4
2006,12,15,7,30,16.1,3,64,4
2006,12,15,8,30,19.3,4,123,4
2006,12,15,9,30,22.3,21,234,4
2006,12,15,10,30,24.6,873,533,1
2006,12,15,11,30,26.1,569,515,8
2006,12,15,12,30,26.700000000000003,360,439,8
2006,12,15,13,30,26.6,129,348,3
2006,12,15,14,30,24.700000000000003,390,311,3
2006,12,15,15,30,20.900000000000002,13,110,3
2006,12,15,16,30,17.400000000000002,87,13,0
2006,12,15,17,30,15.600000000000001,0,0,7
2006,12,15,18,30,14.600000000000001,0,0,7
2006,12,15,19,30,13.9,0,0,7
2006,12,15,20,30,13.200000000000001,0,0,7
2006,12,15,21,30,12.5,0,0,7
2006,12,15,22,30,11.9,0,0,7
2006,12,15,23,30,11.5,0,0,7
2006,12,16,0,30,11.200000000000001,0,0,7
2006,12,16,1,30,10.700000000000001,0,0,7
2006,12,16,2,30,10.200000000000001,0,0,7
2006,12,16,3,30,10,0,0,7
2006,12,16,4,30,9.9,0,0,7
2006,12,16,5,30,9.700000000000001,0,0,7
2006,12,16,6,30,10.200000000000001,0,0,7
2006,12,16,7,30,11.8,16,68,7
2006,12,16,8,30,13.5,0,92,4
2006,12,16,9,30,14.700000000000001,291,326,8
2006,12,16,10,30,15.3,413,440,7
2006,12,16,11,30,15.200000000000001,184,394,7
2006,12,16,12,30,14.700000000000001,250,406,7
2006,12,16,13,30,14.100000000000001,64,247,7
2006,12,16,14,30,13.200000000000001,88,221,7
2006,12,16,15,30,11.8,44,115,8
2006,12,16,16,30,10.5,0,7,8
2006,12,16,17,30,9.600000000000001,0,0,7
2006,12,16,18,30,9.1,0,0,1
2006,12,16,19,30,9,0,0,1
2006,12,16,20,30,9,0,0,4
2006,12,16,21,30,9.1,0,0,0
2006,12,16,22,30,9,0,0,0
2006,12,16,23,30,8.5,0,0,0
2006,12,17,0,30,7.9,0,0,0
2006,12,17,1,30,7.2,0,0,0
2006,12,17,2,30,6.300000000000001,0,0,0
2006,12,17,3,30,5.300000000000001,0,0,0
2006,12,17,4,30,4.6000000000000005,0,0,0
2006,12,17,5,30,4,0,0,0
2006,12,17,6,30,4.6000000000000005,0,0,0
2006,12,17,7,30,6.7,528,102,0
2006,12,17,8,30,9.1,766,280,0
2006,12,17,9,30,11.100000000000001,872,435,0
2006,12,17,10,30,12.700000000000001,893,538,0
2006,12,17,11,30,13.700000000000001,921,584,0
2006,12,17,12,30,14.200000000000001,922,566,0
2006,12,17,13,30,14.100000000000001,878,482,1
2006,12,17,14,30,13.4,803,345,1
2006,12,17,15,30,11.4,632,172,1
2006,12,17,16,30,9.1,160,16,1
2006,12,17,17,30,7.7,0,0,0
2006,12,17,18,30,6.800000000000001,0,0,0
2006,12,17,19,30,5.9,0,0,1
2006,12,17,20,30,5.1000000000000005,0,0,2
2006,12,17,21,30,4.5,0,0,1
2006,12,17,22,30,3.9000000000000004,0,0,1
2006,12,17,23,30,3.5,0,0,1
2006,12,18,0,30,3.3000000000000003,0,0,1
2006,12,18,1,30,3.1,0,0,0
2006,12,18,2,30,2.9000000000000004,0,0,1
2006,12,18,3,30,2.8000000000000003,0,0,0
2006,12,18,4,30,2.7,0,0,1
2006,12,18,5,30,2.6,0,0,1
2006,12,18,6,30,3.4000000000000004,0,0,1
2006,12,18,7,30,5.7,518,100,0
2006,12,18,8,30,8.5,758,277,0
2006,12,18,9,30,10.5,859,431,0
2006,12,18,10,30,11.600000000000001,907,534,0
2006,12,18,11,30,12,922,580,0
2006,12,18,12,30,12,909,560,0
2006,12,18,13,30,11.600000000000001,870,478,0
2006,12,18,14,30,10.8,786,341,0
2006,12,18,15,30,9,609,170,0
2006,12,18,16,30,6.800000000000001,145,15,0
2006,12,18,17,30,5.5,0,0,1
2006,12,18,18,30,4.800000000000001,0,0,0
2006,12,18,19,30,4.2,0,0,0
2006,12,18,20,30,3.9000000000000004,0,0,0
2006,12,18,21,30,3.6,0,0,0
2006,12,18,22,30,3.4000000000000004,0,0,0
2006,12,18,23,30,3.3000000000000003,0,0,1
2006,12,19,0,30,3.1,0,0,1
2006,12,19,1,30,3,0,0,1
2006,12,19,2,30,2.9000000000000004,0,0,4
2006,12,19,3,30,2.9000000000000004,0,0,8
2006,12,19,4,30,3.3000000000000003,0,0,4
2006,12,19,5,30,3.8000000000000003,0,0,4
2006,12,19,6,30,4.5,0,0,7
2006,12,19,7,30,6.5,424,93,0
2006,12,19,8,30,9.1,703,268,0
2006,12,19,9,30,11,829,425,0
2006,12,19,10,30,12.3,888,534,0
2006,12,19,11,30,13,911,581,0
2006,12,19,12,30,13.3,907,563,0
2006,12,19,13,30,13,858,482,0
2006,12,19,14,30,12.200000000000001,775,345,0
2006,12,19,15,30,9.700000000000001,596,172,0
2006,12,19,16,30,6.9,160,16,0
2006,12,19,17,30,5.9,0,0,0
2006,12,19,18,30,5.5,0,0,0
2006,12,19,19,30,5.2,0,0,1
2006,12,19,20,30,4.800000000000001,0,0,0
2006,12,19,21,30,4.5,0,0,1
2006,12,19,22,30,4.3,0,0,0
2006,12,19,23,30,4.2,0,0,0
2006,12,20,0,30,4.1000000000000005,0,0,0
2006,12,20,1,30,4.1000000000000005,0,0,0
2006,12,20,2,30,4,0,0,0
2006,12,20,3,30,4,0,0,4
2006,12,20,4,30,4,0,0,4
2006,12,20,5,30,4.1000000000000005,0,0,0
2006,12,20,6,30,4.800000000000001,0,0,1
2006,12,20,7,30,7.2,14,61,7
2006,12,20,8,30,10.4,20,167,3
2006,12,20,9,30,12.700000000000001,848,428,1
2006,12,20,10,30,14.4,906,536,0
2006,12,20,11,30,15.700000000000001,640,581,2
2006,12,20,12,30,16.5,925,566,0
2006,12,20,13,30,16.6,893,485,0
2006,12,20,14,30,15.700000000000001,818,350,0
2006,12,20,15,30,12.600000000000001,655,177,0
2006,12,20,16,30,9.5,202,17,0
2006,12,20,17,30,8.1,0,0,0
2006,12,20,18,30,7.300000000000001,0,0,0
2006,12,20,19,30,6.7,0,0,0
2006,12,20,20,30,6.2,0,0,0
2006,12,20,21,30,5.800000000000001,0,0,1
2006,12,20,22,30,5.6000000000000005,0,0,1
2006,12,20,23,30,5.4,0,0,0
2006,12,21,0,30,5.1000000000000005,0,0,0
2006,12,21,1,30,4.9,0,0,0
2006,12,21,2,30,4.7,0,0,1
2006,12,21,3,30,4.800000000000001,0,0,1
2006,12,21,4,30,4.9,0,0,1
2006,12,21,5,30,5.1000000000000005,0,0,1
2006,12,21,6,30,6.1000000000000005,0,0,1
2006,12,21,7,30,8.9,508,95,0
2006,12,21,8,30,12.5,762,274,0
2006,12,21,9,30,15.3,217,307,8
2006,12,21,10,30,17.400000000000002,911,536,0
2006,12,21,11,30,18.8,930,584,0
2006,12,21,12,30,19.6,908,562,0
2006,12,21,13,30,19.6,646,464,8
2006,12,21,14,30,17.900000000000002,55,200,8
2006,12,21,15,30,15,184,144,8
2006,12,21,16,30,13,0,10,7
2006,12,21,17,30,12.100000000000001,0,0,7
2006,12,21,18,30,11.3,0,0,0
2006,12,21,19,30,10.600000000000001,0,0,1
2006,12,21,20,30,10.3,0,0,7
2006,12,21,21,30,10.100000000000001,0,0,7
2006,12,21,22,30,9.8,0,0,7
2006,12,21,23,30,9.4,0,0,7
2006,12,22,0,30,8.8,0,0,7
2006,12,22,1,30,8.3,0,0,8
2006,12,22,2,30,7.7,0,0,4
2006,12,22,3,30,7.4,0,0,4
2006,12,22,4,30,7.4,0,0,1
2006,12,22,5,30,7.5,0,0,1
2006,12,22,6,30,7.9,0,0,3
2006,12,22,7,30,9.4,363,85,0
2006,12,22,8,30,11.4,632,254,0
2006,12,22,9,30,13.4,792,412,0
2006,12,22,10,30,15.200000000000001,359,443,2
2006,12,22,11,30,16.5,267,456,4
2006,12,22,12,30,17.2,588,546,2
2006,12,22,13,30,17.3,856,476,0
2006,12,22,14,30,16.8,774,342,1
2006,12,22,15,30,14.600000000000001,600,172,0
2006,12,22,16,30,11.9,130,17,0
2006,12,22,17,30,10.600000000000001,0,0,0
2006,12,22,18,30,10.200000000000001,0,0,0
2006,12,22,19,30,10.100000000000001,0,0,0
2006,12,22,20,30,10,0,0,0
2006,12,22,21,30,9.600000000000001,0,0,0
2006,12,22,22,30,9.1,0,0,0
2006,12,22,23,30,8.700000000000001,0,0,0
2006,12,23,0,30,8.3,0,0,0
2006,12,23,1,30,8.1,0,0,0
2006,12,23,2,30,7.800000000000001,0,0,0
2006,12,23,3,30,7.4,0,0,0
2006,12,23,4,30,7,0,0,1
2006,12,23,5,30,6.800000000000001,0,0,1
2006,12,23,6,30,7.5,0,0,1
2006,12,23,7,30,10,515,94,0
2006,12,23,8,30,13.200000000000001,764,272,0
2006,12,23,9,30,15.9,870,428,0
2006,12,23,10,30,17.900000000000002,915,536,0
2006,12,23,11,30,19.400000000000002,936,585,0
2006,12,23,12,30,20.200000000000003,929,569,0
2006,12,23,13,30,20.3,877,486,0
2006,12,23,14,30,19.200000000000003,805,352,0
2006,12,23,15,30,16.1,643,180,0
2006,12,23,16,30,13,176,20,0
2006,12,23,17,30,11.700000000000001,0,0,0
2006,12,23,18,30,10.9,0,0,0
2006,12,23,19,30,10.3,0,0,1
2006,12,23,20,30,9.9,0,0,7
2006,12,23,21,30,9.600000000000001,0,0,8
2006,12,23,22,30,9.4,0,0,0
2006,12,23,23,30,9.200000000000001,0,0,0
2006,12,24,0,30,9.200000000000001,0,0,0
2006,12,24,1,30,9.1,0,0,0
2006,12,24,2,30,8.9,0,0,0
2006,12,24,3,30,8.5,0,0,0
2006,12,24,4,30,8.1,0,0,0
2006,12,24,5,30,7.7,0,0,1
2006,12,24,6,30,8.200000000000001,0,0,7
2006,12,24,7,30,11.3,5,49,7
2006,12,24,8,30,15.4,18,133,6
2006,12,24,9,30,18.6,869,422,1
2006,12,24,10,30,20.900000000000002,916,529,0
2006,12,24,11,30,22.200000000000003,935,578,0
2006,12,24,12,30,22.8,923,560,1
2006,12,24,13,30,22.700000000000003,245,348,8
2006,12,24,14,30,21.5,439,322,3
2006,12,24,15,30,18.3,168,143,8
2006,12,24,16,30,15.3,203,20,0
2006,12,24,17,30,13.600000000000001,0,0,0
2006,12,24,18,30,12.5,0,0,0
2006,12,24,19,30,11.8,0,0,0
2006,12,24,20,30,11.4,0,0,0
2006,12,24,21,30,11.100000000000001,0,0,0
2006,12,24,22,30,10.9,0,0,0
2006,12,24,23,30,10.9,0,0,4
2006,12,25,0,30,10.700000000000001,0,0,0
2006,12,25,1,30,10.4,0,0,4
2006,12,25,2,30,10,0,0,0
2006,12,25,3,30,9.600000000000001,0,0,0
2006,12,25,4,30,9.200000000000001,0,0,0
2006,12,25,5,30,8.700000000000001,0,0,0
2006,12,25,6,30,9,0,0,0
2006,12,25,7,30,11.8,463,87,0
2006,12,25,8,30,15.5,729,262,0
2006,12,25,9,30,18.1,839,417,0
2006,12,25,10,30,20.200000000000003,891,525,1
2006,12,25,11,30,21.900000000000002,606,564,3
2006,12,25,12,30,22.900000000000002,190,424,10
2006,12,25,13,30,23.1,327,375,7
2006,12,25,14,30,21.900000000000002,56,199,8
2006,12,25,15,30,19,0,93,3
2006,12,25,16,30,16.6,202,22,0
2006,12,25,17,30,16,0,0,0
2006,12,25,18,30,15.700000000000001,0,0,0
2006,12,25,19,30,15.5,0,0,0
2006,12,25,20,30,15.100000000000001,0,0,0
2006,12,25,21,30,14.600000000000001,0,0,0
2006,12,25,22,30,14.200000000000001,0,0,0
2006,12,25,23,30,14.100000000000001,0,0,1
2006,12,26,0,30,14.3,0,0,0
2006,12,26,1,30,14.200000000000001,0,0,0
2006,12,26,2,30,14.100000000000001,0,0,8
2006,12,26,3,30,14.3,0,0,7
2006,12,26,4,30,14.4,0,0,7
2006,12,26,5,30,14.100000000000001,0,0,7
2006,12,26,6,30,14.200000000000001,0,0,7
2006,12,26,7,30,15.8,25,64,7
2006,12,26,8,30,18.8,96,171,8
2006,12,26,9,30,21.900000000000002,94,256,7
2006,12,26,10,30,24.6,105,316,7
2006,12,26,11,30,26.3,183,380,7
2006,12,26,12,30,26.900000000000002,4,146,7
2006,12,26,13,30,26.400000000000002,140,303,7
2006,12,26,14,30,24.1,140,229,8
2006,12,26,15,30,20.700000000000003,13,92,8
2006,12,26,16,30,18.3,1,14,7
2006,12,26,17,30,17,0,0,7
2006,12,26,18,30,16.1,0,0,7
2006,12,26,19,30,15.5,0,0,7
2006,12,26,20,30,14.9,0,0,7
2006,12,26,21,30,14.200000000000001,0,0,7
2006,12,26,22,30,13.4,0,0,0
2006,12,26,23,30,12.9,0,0,7
2006,12,27,0,30,12.600000000000001,0,0,8
2006,12,27,1,30,12,0,0,7
2006,12,27,2,30,11.3,0,0,0
2006,12,27,3,30,10.200000000000001,0,0,0
2006,12,27,4,30,9.200000000000001,0,0,1
2006,12,27,5,30,9,0,0,1
2006,12,27,6,30,10.100000000000001,0,0,8
2006,12,27,7,30,12.100000000000001,399,80,0
2006,12,27,8,30,13.9,0,76,3
2006,12,27,9,30,15.100000000000001,818,411,1
2006,12,27,10,30,15.9,886,525,1
2006,12,27,11,30,16,626,528,7
2006,12,27,12,30,15.200000000000001,17,213,8
2006,12,27,13,30,14.3,423,396,8
2006,12,27,14,30,13.600000000000001,0,15,6
2006,12,27,15,30,12.600000000000001,420,165,1
2006,12,27,16,30,11.3,31,18,0
2006,12,27,17,30,10.200000000000001,0,0,0
2006,12,27,18,30,9.5,0,0,0
2006,12,27,19,30,8.8,0,0,0
2006,12,27,20,30,8.200000000000001,0,0,0
2006,12,27,21,30,7.6000000000000005,0,0,0
2006,12,27,22,30,7.2,0,0,0
2006,12,27,23,30,7,0,0,0
2006,12,28,0,30,7.2,0,0,7
2006,12,28,1,30,7.4,0,0,0
2006,12,28,2,30,7.4,0,0,0
2006,12,28,3,30,7.300000000000001,0,0,0
2006,12,28,4,30,7.2,0,0,0
2006,12,28,5,30,7.2,0,0,0
2006,12,28,6,30,7.800000000000001,0,0,0
2006,12,28,7,30,9.200000000000001,431,84,0
2006,12,28,8,30,10.8,714,261,0
2006,12,28,9,30,12.200000000000001,823,418,0
2006,12,28,10,30,13.3,868,527,0
2006,12,28,11,30,14.200000000000001,865,572,0
2006,12,28,12,30,14.700000000000001,839,555,0
2006,12,28,13,30,14.9,823,482,0
2006,12,28,14,30,14.600000000000001,732,349,0
2006,12,28,15,30,13,542,179,0
2006,12,28,16,30,10.8,112,22,0
2006,12,28,17,30,9.5,0,0,0
2006,12,28,18,30,8.8,0,0,0
2006,12,28,19,30,8.200000000000001,0,0,0
2006,12,28,20,30,7.9,0,0,0
2006,12,28,21,30,7.6000000000000005,0,0,0
2006,12,28,22,30,7.2,0,0,0
2006,12,28,23,30,6.7,0,0,0
2006,12,29,0,30,6.5,0,0,0
2006,12,29,1,30,6.4,0,0,0
2006,12,29,2,30,6.5,0,0,0
2006,12,29,3,30,6.5,0,0,0
2006,12,29,4,30,6.5,0,0,0
2006,12,29,5,30,6.5,0,0,0
2006,12,29,6,30,7.300000000000001,0,0,0
2006,12,29,7,30,9.700000000000001,490,87,0
2006,12,29,8,30,12.600000000000001,751,264,0
2006,12,29,9,30,15.200000000000001,857,422,0
2006,12,29,10,30,17,902,534,0
2006,12,29,11,30,18.2,921,586,0
2006,12,29,12,30,18.7,917,573,0
2006,12,29,13,30,18.7,893,497,0
2006,12,29,14,30,17.900000000000002,823,364,0
2006,12,29,15,30,15.100000000000001,675,194,1
2006,12,29,16,30,12.200000000000001,264,27,0
2006,12,29,17,30,11.100000000000001,0,0,0
2006,12,29,18,30,10.5,0,0,0
2006,12,29,19,30,9.9,0,0,0
2006,12,29,20,30,9.4,0,0,0
2006,12,29,21,30,9.200000000000001,0,0,7
2006,12,29,22,30,9,0,0,4
2006,12,29,23,30,8.700000000000001,0,0,8
2006,12,30,0,30,8.5,0,0,0
2006,12,30,1,30,8.200000000000001,0,0,0
2006,12,30,2,30,7.9,0,0,0
2006,12,30,3,30,7.7,0,0,0
2006,12,30,4,30,7.5,0,0,0
2006,12,30,5,30,7.300000000000001,0,0,0
2006,12,30,6,30,7.9,0,0,0
2006,12,30,7,30,10.9,548,90,0
2006,12,30,8,30,14.8,801,272,0
2006,12,30,9,30,18,905,434,0
2006,12,30,10,30,20.400000000000002,945,546,0
2006,12,30,11,30,21.8,965,599,0
2006,12,30,12,30,22.5,962,587,0
2006,12,30,13,30,22.400000000000002,936,510,0
2006,12,30,14,30,20.900000000000002,871,377,0
2006,12,30,15,30,17.400000000000002,725,203,0
2006,12,30,16,30,14.100000000000001,336,31,0
2006,12,30,17,30,12.700000000000001,0,0,0
2006,12,30,18,30,11.8,0,0,0
2006,12,30,19,30,11.3,0,0,0
2006,12,30,20,30,10.9,0,0,0
2006,12,30,21,30,10.600000000000001,0,0,0
2006,12,30,22,30,10.5,0,0,0
2006,12,30,23,30,10.5,0,0,0
2006,12,31,0,30,10.5,0,0,0
2006,12,31,1,30,10.3,0,0,0
2006,12,31,2,30,10.100000000000001,0,0,0
2006,12,31,3,30,10,0,0,0
2006,12,31,4,30,9.600000000000001,0,0,0
2006,12,31,5,30,9.1,0,0,0
2006,12,31,6,30,9.1,0,0,0
2006,12,31,7,30,10.700000000000001,486,85,0
2006,12,31,8,30,13.3,750,262,0
2006,12,31,9,30,15.8,861,420,0
2006,12,31,10,30,17.900000000000002,916,533,0
2006,12,31,11,30,19.5,940,588,1
2006,12,31,12,30,20.3,399,454,8
2006,12,31,13,30,20.3,97,291,7
2006,12,31,14,30,19.200000000000003,296,284,8
2006,12,31,15,30,16.2,91,140,8
2006,12,31,16,30,14.200000000000001,1,17,7
2006,12,31,17,30,13.5,0,0,3
2006,12,31,18,30,13.200000000000001,0,0,4
2006,12,31,19,30,12.700000000000001,0,0,0
2006,12,31,20,30,12.3,0,0,0
2006,12,31,21,30,12,0,0,0
2006,12,31,22,30,12.100000000000001,0,0,0
2006,12,31,23,30,12.3,0,0,0
